ano,ali_densidade,ali_modularidade,ali_clustering,ali_centralizacao_grau,ali_betw_media,ali_betw_max,com_densidade,com_modularidade,com_clustering,com_centralizacao_grau,com_betw_media,com_betw_max,disp_densidade,disp_modularidade,disp_clustering,disp_centralizacao_grau,disp_betw_media,disp_betw_max,dipl_densidade,dipl_modularidade,dipl_clustering,dipl_centralizacao_grau,dipl_betw_media,dipl_betw_max,jaccard_ali_com,jaccard_ali_disp,jaccard_ali_dipl,jaccard_com_disp,jaccard_com_dipl,jaccard_disp_dipl,overlap_medio_3c,overlap_medio_4c,n_estados,churn_entradas,churn_saidas,churn_total,cinc_hhi,cinc_lider_share,dipl_imputado,d_ali_densidade,d_ali_modularidade,d_ali_clustering,d_ali_centralizacao_grau,d_ali_betw_media,d_ali_betw_max,d_com_densidade,d_com_modularidade,d_com_clustering,d_com_centralizacao_grau,d_com_betw_media,d_com_betw_max,d_disp_densidade,d_disp_modularidade,d_disp_clustering,d_disp_centralizacao_grau,d_disp_betw_media,d_disp_betw_max,d_dipl_densidade,d_dipl_modularidade,d_dipl_clustering,d_dipl_centralizacao_grau,d_dipl_betw_media,d_dipl_betw_max,y1_proxy,y1_proxy_cens,y3_proxy,y3_proxy_cens,y5_proxy,y5_proxy_cens,y1_war,y1_war_cens,y3_war,y3_war_cens,y5_war,y5_war_cens
1890,0.13636363636363635,0.0,0.3194444444444444,0.2727272727272727,0.010606060606060605,0.07272727272727272,0.803030303030303,0.10541143308978604,0.8786736411736412,0.23636363636363636,0.019696969696969695,0.05114718614718615,0.09090909090909091,0.2083333333333333,0.13888888888888887,0.21818181818181817,0.02121212121212121,0.10909090909090909,0.9696969696969697,0.0,0.9727272727272727,0.03636363636363636,0.0030303030303030294,0.00404040404040404,0.14814814814814814,0.07142857142857142,0.140625,0.09259259259259259,0.828125,0.109375,1.2363636363636363,2.078125,12,0.0,0.0,0.0,0.12825635878511524,0.18336686163827232,1,0.0,0.0,0.0,0.0,0.0,0.0,0.0,0.007132242852146295,0.022300384800384765,0.0,-3.469446951953614e-18,0.0001731601731601723,-0.015151515151515152,-0.010416666666666713,0.013888888888888867,-0.09090909090909091,0.0045454545454545435,-0.018181818181818174,0.0,0.0,0.0,0.0,0.0,0.0,0,0,1,0,1,0,0,0,0,0,1,0
1891,0.1282051282051282,0.15289256198347112,0.28205128205128205,0.24242424242424243,0.009324009324009324,0.06060606060606061,0.7692307692307693,0.1257636564513212,0.8657342657342657,0.2727272727272727,0.020979020979020976,0.06116522366522366,0.05128205128205128,0.40625,0.0,0.13636363636363635,0.004662004662004662,0.030303030303030304,0.9696969696969697,0.0,0.9727272727272727,0.03636363636363636,0.0030303030303030294,0.00404040404040404,0.12903225806451613,0.07692307692307693,0.140625,0.06666666666666667,0.828125,0.109375,1.1935483870967742,2.078125,13,1.0,0.0,1.0,0.1253429382589634,0.18017783781867305,1,-0.00815850815850816,0.15289256198347112,-0.03739316239316237,-0.030303030303030276,-0.001282051282051281,-0.012121212121212116,-0.03379953379953371,0.020352223361535166,-0.012939375439375511,0.03636363636363635,0.001282051282051281,0.01001803751803751,-0.03962703962703963,0.1979166666666667,-0.13888888888888887,-0.08181818181818182,-0.016550116550116546,-0.07878787878787878,0.0,0.0,0.0,0.0,0.0,0.0,0,0,1,0,1,0,0,0,1,0,1,0
1892,0.13636363636363635,0.090702947845805,0.3611111111111111,0.2727272727272727,0.0030303030303030303,0.01818181818181818,0.803030303030303,0.13211320676027807,0.880976430976431,0.23636363636363636,0.019696969696969695,0.05396103896103895,0.030303030303030304,0.5,0.0,0.07272727272727272,0.0,0.0,0.9696969696969697,0.0,0.9727272727272727,0.03636363636363636,0.0030303030303030294,0.00404040404040404,0.12727272727272726,0.1,0.140625,0.03773584905660377,0.828125,0.109375,1.1636363636363636,2.078125,12,0.0,1.0,1.0,0.12902893949261815,0.17734806296322325,1,0.00815850815850816,-0.06218961413766612,0.07905982905982906,0.030303030303030276,-0.006293706293706293,-0.04242424242424243,0.03379953379953371,0.0063495503089568694,0.015242165242165262,-0.03636363636363635,-0.001282051282051281,-0.007204184704184706,-0.020979020979020976,0.09375,0.0,-0.06363636363636363,-0.004662004662004662,-0.030303030303030304,0.0,0.0,0.0,0.0,0.0,0.0,1,0,1,0,1,0,0,0,1,0,1,0
1893,0.1282051282051282,0.31039999999999995,0.28205128205128205,0.24242424242424243,0.009324009324009324,0.06060606060606061,0.8076923076923077,0.12494301494519636,0.895066045066045,0.22727272727272727,0.017482517482517487,0.048665223665223675,0.038461538461538464,0.375,0.0,0.15151515151515152,0.0011655011655011655,0.015151515151515152,0.9696969696969697,0.0,0.9727272727272727,0.03636363636363636,0.0030303030303030294,0.00404040404040404,0.140625,0.08333333333333333,0.140625,0.047619047619047616,0.828125,0.109375,1.1875,2.078125,13,1.0,0.0,1.0,0.12534315751297517,0.17251342804137088,1,-0.00815850815850816,0.21969705215419494,-0.07905982905982906,-0.030303030303030276,0.006293706293706293,0.04242424242424243,0.004662004662004726,-0.007170191815081717,0.014089614089614066,-0.009090909090909094,-0.002214452214452208,-0.005295815295815277,0.00815850815850816,-0.125,0.0,0.0787878787878788,0.0011655011655011655,0.015151515151515152,0.0,0.0,0.0,0.0,0.0,0.0,1,0,1,0,1,0,1,0,1,0,1,0
1894,0.13636363636363635,0.27777777777777773,0.3611111111111111,0.2727272727272727,0.0030303030303030303,0.01818181818181818,0.6818181818181818,0.12664305526661862,0.8171296296296297,0.2727272727272727,0.015151515151515152,0.04562770562770563,0.045454545454545456,0.5,0.0,0.16363636363636364,0.0015151515151515152,0.01818181818181818,0.9696969696969697,0.0,0.9727272727272727,0.03636363636363636,0.0030303030303030294,0.00404040404040404,0.17391304347826086,0.0,0.140625,0.02127659574468085,0.676923076923077,0.046875,1.1875,1.8615384615384616,12,0.0,1.0,1.0,0.12670783922929554,0.18182097808826966,0,0.00815850815850816,-0.03262222222222222,0.07905982905982906,0.030303030303030276,-0.006293706293706293,-0.04242424242424243,-0.12587412587412594,0.0017000403214222637,-0.07793641543641538,0.04545454545454544,-0.0023310023310023353,-0.003037518037518047,0.006993006993006992,0.125,0.0,0.012121212121212116,0.00034965034965034965,0.003030303030303029,0.0,0.0,0.0,0.0,0.0,0.0,0,0,1,0,1,0,0,0,1,0,1,0
1895,0.13636363636363635,0.27777777777777773,0.3611111111111111,0.2727272727272727,0.0030303030303030303,0.01818181818181818,0.803030303030303,0.09681374878074356,0.890909090909091,0.23636363636363636,0.019696969696969695,0.05277056277056277,0.12121212121212122,0.4012345679012345,0.0,0.2909090909090909,0.07878787878787878,0.36363636363636365,0.9696969696969697,0.0,0.9727272727272727,0.03636363636363636,0.0030303030303030294,0.00404040404040404,0.14814814814814814,0.0,0.140625,0.1509433962264151,0.676923076923077,0.046875,1.2962962962962963,1.8615384615384616,12,0.0,0.0,0.0,0.12650361290880532,0.17548695908419873,1,0.0,0.0,0.0,0.0,0.0,0.0,0.12121212121212122,-0.029829306485875062,0.07377946127946133,-0.03636363636363635,0.0045454545454545435,0.007142857142857145,0.07575757575757576,-0.09876543209876548,0.0,0.12727272727272726,0.07727272727272727,0.34545454545454546,0.0,0.0,0.0,0.0,0.0,0.0,1,0,1,0,1,0,0,0,1,0,1,0
1896,0.10606060606060606,0.4628099173553719,0.27777777777777773,0.2,0.0030303030303030303,0.01818181818181818,0.8181818181818182,0.10420609660595148,0.9103956228956229,0.21818181818181817,0.018181818181818174,0.06461038961038959,0.12121212121212122,0.3828125,0.0,0.2909090909090909,0.07878787878787878,0.36363636363636365,0.9696969696969697,0.0,0.9727272727272727,0.03636363636363636,0.0030303030303030294,0.00404040404040404,0.10909090909090909,0.0,0.140625,0.14814814814814814,0.676923076923077,0.046875,1.2545454545454546,1.8615384615384616,12,0.0,0.0,0.0,0.12636715858645306,0.18372826261410322,1,-0.03030303030303029,0.18503213957759418,-0.08333333333333337,-0.0727272727272727,0.0,0.0,0.015151515151515249,0.007392347825207923,0.01948653198653194,-0.018181818181818188,-0.0015151515151515214,0.011839826839826817,0.0,-0.018422067901234518,0.0,0.0,0.0,0.0,0.0,0.0,0.0,0.0,0.0,0.0,0,0,1,0,1,0,1,0,1,0,1,0
1897,0.10606060606060606,0.4628099173553719,0.27777777777777773,0.2,0.0030303030303030303,0.01818181818181818,0.8484848484848485,0.10125768368883764,0.9161195286195286,0.18181818181818182,0.01515151515151515,0.04199134199134198,0.22727272727272727,0.28892733564013845,0.2333333333333333,0.38181818181818183,0.09545454545454546,0.3878787878787878,0.9696969696969697,0.0,0.9727272727272727,0.03636363636363636,0.0030303030303030294,0.00404040404040404,0.125,0.0,0.140625,0.24561403508771928,0.676923076923077,0.046875,1.368421052631579,1.8615384615384616,12,0.0,0.0,0.0,0.12554221064219018,0.17866198433023148,1,0.0,0.0,0.0,0.0,0.0,0.0,0.030303030303030276,-0.0029484129171138407,0.005723905723905687,-0.03636363636363635,-0.003030303030303024,-0.022619047619047608,0.10606060606060605,-0.09388516435986155,0.2333333333333333,0.09090909090909094,0.016666666666666677,0.024242424242424176,0.0,0.0,0.0,0.0,0.0,0.0,1,0,1,0,1,0,1,0,1,0,1,0
1898,0.07575757575757576,0.48,0.25,0.12727272727272726,0.0015151515151515152,0.01818181818181818,0.8636363636363636,0.1011083785503033,0.9294612794612794,0.16363636363636364,0.013636363636363634,0.03787878787878787,0.21212121212121213,0.1869806094182825,0.17777777777777778,0.4,0.043939393939393945,0.28484848484848485,0.9696969696969697,0.0,0.9727272727272727,0.03636363636363636,0.0030303030303030294,0.00404040404040404,0.08771929824561403,0.05555555555555555,0.140625,0.2033898305084746,0.676923076923077,0.046875,1.2881355932203389,1.8615384615384616,12,0.0,0.0,0.0,0.13057923855913944,0.20863059147568144,1,-0.030303030303030304,0.01719008264462807,-0.027777777777777735,-0.07272727272727275,-0.0015151515151515152,0.0,0.015151515151515138,-0.00014930513853433913,0.013341750841750821,-0.018181818181818188,-0.0015151515151515162,-0.004112554112554109,-0.015151515151515138,-0.10194672622185594,-0.055555555555555525,0.018181818181818188,-0.051515151515151514,-0.10303030303030297,0.0,0.0,0.0,0.0,0.0,0.0,0,0,1,0,1,0,0,0,1,0,1,0
1899,0.07575757575757576,0.48,0.25,0.12727272727272726,0.0015151515151515152,0.01818181818181818,0.8333333333333334,0.10648156243644177,0.9064814814814816,0.2,0.016666666666666663,0.04491341991341991,0.24242424242424243,0.163265306122449,0.23055555555555554,0.36363636363636365,0.03939393939393939,0.203030303030303,0.9696969696969697,0.0,0.9727272727272727,0.03636363636363636,0.0030303030303030294,0.00404040404040404,0.09090909090909091,0.05,0.078125,0.22413793103448276,0.859375,0.25,1.3103448275862069,2.1875,12,0.0,0.0,0.0,0.13111894332582913,0.1962850918985596,0,0.0,0.0,0.0,0.0,0.0,0.0,-0.030303030303030276,0.005373183886138472,-0.022979797979797878,0.036363636363636376,0.003030303030303029,0.007034632034632039,0.030303030303030304,-0.023715303295833517,0.05277777777777776,-0.036363636363636376,-0.004545454545454554,-0.08181818181818185,0.0,0.0,0.0,0.0,0.0,0.0,1,0,1,0,1,0,1,0,1,0,1,0
1900,0.07575757575757576,0.48,0.25,0.12727272727272726,0.0015151515151515152,0.01818181818181818,0.8181818181818182,0.11224201255796223,0.8965067340067341,0.21818181818181817,0.01818181818181818,0.04863636363636364,0.25757575757575757,0.14959999999999998,0.3452380952380952,0.5636363636363636,0.07424242424242423,0.5515151515151515,0.9696969696969697,0.0,0.9727272727272727,0.03636363636363636,0.0030303030303030294,0.00404040404040404,0.09259259259259259,0.047619047619047616,0.078125,0.18333333333333332,0.859375,0.25,1.2666666666666666,2.1875,12,0.0,0.0,0.0,0.13422667086324477,0.1986643121272973,1,0.0,0.0,0.0,0.0,0.0,0.0,-0.015151515151515138,0.005760450121520461,-0.00997474747474747,0.01818181818181816,0.001515151515151518,0.003722943722943725,0.015151515151515138,-0.013665306122449011,0.11468253968253964,0.19999999999999996,0.034848484848484844,0.3484848484848485,0.0,0.0,0.0,0.0,0.0,0.0,0,0,1,0,1,0,0,0,0,0,1,0
1901,0.06060606060606061,0.375,0.25,0.14545454545454545,0.0,0.0,0.8181818181818182,0.11161365678780125,0.8982323232323233,0.21818181818181817,0.018181818181818177,0.04560606060606061,0.15151515151515152,0.12152777777777779,0.33928571428571425,0.6909090909090909,0.03939393939393939,0.4727272727272727,0.9696969696969697,0.0,0.9727272727272727,0.03636363636363636,0.0030303030303030294,0.00404040404040404,0.07407407407407407,0.0,0.078125,0.10344827586206896,0.859375,0.25,1.1724137931034482,2.1875,12,0.0,0.0,0.0,0.1369638945644328,0.2142292920562168,1,-0.015151515151515152,-0.10499999999999998,0.0,0.018181818181818188,-0.0015151515151515152,-0.01818181818181818,0.0,-0.0006283557701609876,0.0017255892255891858,0.0,-3.469446951953614e-18,-0.003030303030303029,-0.10606060606060605,-0.028072222222222193,-0.005952380952380931,0.12727272727272732,-0.034848484848484844,-0.0787878787878788,0.0,0.0,0.0,0.0,0.0,0.0,0,0,1,0,1,0,0,0,1,0,1,0
1902,0.09090909090909091,0.437618147448015,0.19444444444444445,0.21818181818181817,0.010606060606060605,0.07272727272727272,0.7727272727272727,0.11011677987652338,0.8836459836459837,0.2727272727272727,0.02272727272727272,0.06636363636363636,0.21212121212121213,0.21875,0.43154761904761907,0.6181818181818182,0.056060606060606054,0.509090909090909,0.9696969696969697,0.0,0.9727272727272727,0.03636363636363636,0.0030303030303030294,0.00404040404040404,0.11764705882352941,0.0,0.078125,0.18181818181818182,0.859375,0.25,1.290909090909091,2.1875,12,0.0,0.0,0.0,0.13670177836407088,0.2201387054413222,1,0.030303030303030304,0.06261814744801503,-0.05555555555555555,0.07272727272727272,0.010606060606060605,0.07272727272727272,-0.045454545454545525,-0.0014968769112778668,-0.014586339586339592,0.054545454545454536,0.0045454545454545435,0.020757575757575752,0.06060606060606061,0.09722222222222221,0.09226190476190482,-0.07272727272727275,0.016666666666666663,0.03636363636363632,0.0,0.0,0.0,0.0,0.0,0.0,1,0,1,0,1,0,0,0,1,0,1,0
1903,0.09090909090909091,0.437618147448015,0.19444444444444445,0.21818181818181817,0.010606060606060605,0.07272727272727272,0.803030303030303,0.09834871833043979,0.8985690235690237,0.23636363636363636,0.019696969696969695,0.05772727272727273,0.09090909090909091,0.46875,0.0,0.21818181818181817,0.00909090909090909,0.05454545454545454,0.9696969696969697,0.0,0.9727272727272727,0.03636363636363636,0.0030303030303030294,0.00404040404040404,0.11320754716981132,0.0,0.078125,0.11320754716981132,0.859375,0.25,1.2264150943396226,2.1875,12,0.0,0.0,0.0,0.13469821260299472,0.2237165365511073,1,0.0,0.0,0.0,0.0,0.0,0.0,0.030303030303030276,-0.011768061546083591,0.014923039923040005,-0.03636363636363635,-0.0030303030303030255,-0.00863636363636363,-0.12121212121212122,0.25,-0.43154761904761907,-0.4,-0.04696969696969697,-0.4545454545454545,0.0,0.0,0.0,0.0,0.0,0.0,0,0,0,0,0,0,1,0,1,0,1,0
1904,0.10256410256410256,0.3593964334705074,0.1282051282051282,0.17424242424242425,0.011655011655011652,0.06818181818181818,0.7692307692307693,0.09619693510076271,0.8928127428127428,0.2727272727272727,0.020979020979020976,0.07741702741702741,0.11538461538461539,0.40082644628099173,0.0,0.25757575757575757,0.08624708624708624,0.3787878787878788,0.9487179487179487,0.0,0.9566433566433568,0.06060606060606061,0.004662004662004662,0.006565656565656566,0.13333333333333333,0.0625,0.10810810810810811,0.15,0.8108108108108109,0.12162162162162163,1.2833333333333334,2.0405405405405403,13,1.0,0.0,1.0,0.1273367182562752,0.21474060011639112,0,0.011655011655011649,-0.0782217139775076,-0.06623931623931625,-0.04393939393939392,0.0010489510489510474,-0.004545454545454547,-0.03379953379953371,-0.0021517832296770734,-0.005756280756280874,0.03636363636363635,0.001282051282051281,0.01968975468975468,0.02447552447552448,-0.06792355371900827,0.0,0.0393939393939394,0.07715617715617715,0.3242424242424242,-0.020979020979021046,0.0,-0.016083916083915906,0.024242424242424246,0.0016317016317016326,0.002525252525252526,0,0,0,0,1,0,0,0,0,0,1,0
1905,0.13636363636363635,0.2559833506763788,0.16666666666666666,0.16363636363636364,0.013636363636363636,0.07878787878787878,0.8939393939393939,0.09276470463774808,0.9185305435305434,0.12727272727272726,0.010606060606060607,0.018722943722943725,0.19696969696969696,0.31777777777777777,0.16944444444444443,0.3090909090909091,0.06969696969696969,0.2545454545454545,0.9487179487179487,0.0,0.9566433566433568,0.06060606060606061,0.004662004662004662,0.006565656565656566,0.15254237288135594,0.047619047619047616,0.10810810810810811,0.2,0.8108108108108109,0.12162162162162163,1.35,2.0405405405405403,12,0.0,1.0,1.0,0.13710545251372303,0.22561768221774495,1,0.03379953379953379,-0.10341308279412864,0.038461538461538464,-0.010606060606060619,0.0019813519813519833,0.010606060606060605,0.12470862470862465,-0.003432230463014635,0.02571780071780061,-0.14545454545454545,-0.01037296037296037,-0.05869408369408369,0.08158508158508157,-0.08304866850321396,0.16944444444444443,0.051515151515151514,-0.016550116550116553,-0.12424242424242427,0.0,0.0,0.0,0.0,0.0,0.0,0,0,0,0,1,0,0,0,0,0,1,0
1906,0.10256410256410256,0.3593964334705074,0.1282051282051282,0.17424242424242425,0.011655011655011652,0.06818181818181818,0.8205128205128205,0.09774718411955052,0.8901320901320902,0.21212121212121213,0.01631701631701632,0.03650793650793652,0.1282051282051282,0.28099173553719003,0.258974358974359,0.3409090909090909,0.047785547785547784,0.25757575757575757,0.9487179487179487,0.0,0.9566433566433568,0.06060606060606061,0.004662004662004662,0.006565656565656566,0.125,0.058823529411764705,0.10810810810810811,0.12121212121212122,0.8108108108108109,0.12162162162162163,1.2424242424242424,2.0405405405405403,13,1.0,0.0,1.0,0.13154260498383738,0.22891042164212638,1,-0.03379953379953379,0.10341308279412864,-0.038461538461538464,0.010606060606060619,-0.0019813519813519833,-0.010606060606060605,-0.07342657342657344,0.004982479481802443,-0.02839845339845326,0.08484848484848487,0.005710955710955713,0.017784992784992792,-0.06876456876456877,-0.036786042240587735,0.08952991452991457,0.0318181818181818,-0.021911421911421904,0.00303030303030305,0.0,0.0,0.0,0.0,0.0,0.0,0,0,1,0,1,0,0,0,1,0,1,0
1907,0.1282051282051282,0.3376932223543401,0.24358974358974358,0.24242424242424243,0.03263403263403263,0.1893939393939394,0.8333333333333334,0.0936438314523135,0.8936674436674437,0.19696969696969696,0.015151515151515154,0.03225108225108225,0.10256410256410256,0.3641975308641975,0.0,0.3712121212121212,0.06526806526806526,0.33333333333333337,0.9487179487179487,0.0,0.9566433566433568,0.06060606060606061,0.004662004662004662,0.006565656565656566,0.15384615384615385,0.0,0.10810810810810811,0.10606060606060606,0.8108108108108109,0.12162162162162163,1.2575757575757576,2.0405405405405403,13,0.0,0.0,0.0,0.1341517184966428,0.23201633946008746,1,0.025641025641025633,-0.021703211116167354,0.11538461538461539,0.06818181818181818,0.02097902097902098,0.12121212121212122,0.012820512820512886,-0.00410335266723702,0.0035353535353535026,-0.015151515151515166,-0.001165501165501166,-0.0042568542568542644,-0.025641025641025633,0.08320579532700745,-0.258974358974359,0.03030303030303033,0.01748251748251748,0.0757575757575758,0.0,0.0,0.0,0.0,0.0,0.0,0,0,1,0,1,0,0,0,1,0,1,0
1908,0.14102564102564102,0.3577777777777778,0.24358974358974358,0.22727272727272727,0.05477855477855478,0.25,0.7692307692307693,0.10528888394427449,0.8674880674880675,0.2727272727272727,0.020979020979020976,0.051082251082251076,0.05128205128205128,0.5,0.0,0.13636363636363635,0.002331002331002331,0.015151515151515152,0.9487179487179487,0.0,0.9566433566433568,0.06060606060606061,0.004662004662004662,0.006565656565656566,0.18333333333333332,0.0,0.10810810810810811,0.06666666666666667,0.8108108108108109,0.12162162162162163,1.25,2.0405405405405403,13,0.0,0.0,0.0,0.12881107444125126,0.20895300443948084,1,0.01282051282051283,0.020084555423437733,0.0,-0.015151515151515166,0.02214452214452215,0.06060606060606061,-0.0641025641025641,0.011645052491960989,-0.026179376179376157,0.07575757575757575,0.005827505827505823,0.018831168831168824,-0.05128205128205128,0.13580246913580252,0.0,-0.23484848484848486,-0.06293706293706293,-0.31818181818181823,0.0,0.0,0.0,0.0,0.0,0.0,1,0,1,0,1,0,1,0,1,0,1,0
1909,0.14102564102564102,0.4107142857142857,0.38461538461538464,0.22727272727272727,0.05477855477855478,0.24242424242424243,0.7948717948717948,0.0867904828837209,0.8802253302253302,0.24242424242424243,0.018648018648018648,0.043055555555555555,0.02564102564102564,0.4444444444444444,0.0,0.06818181818181818,0.0,0.0,0.9487179487179487,0.0,0.9566433566433568,0.06060606060606061,0.004662004662004662,0.006565656565656566,0.1774193548387097,0.0,0.14864864864864866,0.03225806451612903,0.8378378378378378,0.02702702702702703,1.2096774193548387,2.0135135135135136,13,0.0,0.0,0.0,0.13289170299172737,0.2316694071223179,0,0.0,0.05293650793650789,0.14102564102564105,0.0,0.0,-0.007575757575757569,0.02564102564102555,-0.018498401060553588,0.012737262737262722,-0.030303030303030276,-0.0023310023310023284,-0.008026695526695521,-0.02564102564102564,-0.05555555555555558,0.0,-0.06818181818181818,-0.002331002331002331,-0.015151515151515152,0.0,0.0,0.0,0.0,0.0,0.0,0,0,1,0,1,0,0,0,1,0,1,0
1910,0.15384615384615385,0.39179548156956,0.3333333333333333,0.21212121212121213,0.04312354312354313,0.18181818181818182,0.8205128205128205,0.08530212523279398,0.8883061383061382,0.21212121212121213,0.016317016317016316,0.033784271284271285,0.038461538461538464,0.5,0.0,0.15151515151515152,0.0011655011655011655,0.015151515151515152,0.9487179487179487,0.0,0.9566433566433568,0.06060606060606061,0.004662004662004662,0.006565656565656566,0.1875,0.0,0.14864864864864866,0.046875,0.8378378378378378,0.02702702702702703,1.234375,2.0135135135135136,13,0.0,0.0,0.0,0.1333540292181507,0.23321691146562837,1,0.01282051282051283,-0.018918804144725687,-0.05128205128205132,-0.015151515151515138,-0.011655011655011656,-0.06060606060606061,0.02564102564102566,-0.0014883576509269192,0.008080808080808022,-0.030303030303030304,-0.002331002331002332,-0.00927128427128427,0.012820512820512824,0.05555555555555558,0.0,0.08333333333333334,0.0011655011655011655,0.015151515151515152,0.0,0.0,0.0,0.0,0.0,0.0,1,0,1,0,1,0,1,0,1,0,1,0
1911,0.14102564102564102,0.37436224489795916,0.3333333333333333,0.22727272727272727,0.026806526806526808,0.15151515151515152,0.8205128205128205,0.08937769446513212,0.8883061383061382,0.21212121212121213,0.016317016317016316,0.033784271284271285,0.10256410256410256,0.41975308641975306,0.0,0.2727272727272727,0.013986013986013986,0.11363636363636365,0.9487179487179487,0.0,0.9566433566433568,0.06060606060606061,0.004662004662004662,0.006565656565656566,0.171875,0.11764705882352941,0.14864864864864866,0.125,0.8378378378378378,0.02702702702702703,1.296875,2.0135135135135136,13,0.0,0.0,0.0,0.13066711191054955,0.22849633194340155,1,-0.01282051282051283,-0.01743323667160085,0.0,0.015151515151515138,-0.01631701631701632,-0.030303030303030304,0.0,0.004075569232338136,0.0,0.0,0.0,0.0,0.0641025641025641,-0.08024691358024694,0.0,0.12121212121212119,0.01282051282051282,0.0984848484848485,0.0,0.0,0.0,0.0,0.0,0.0,1,0,1,0,1,0,1,0,1,0,1,0
1912,0.14102564102564102,0.37436224489795916,0.3333333333333333,0.22727272727272727,0.026806526806526808,0.15151515151515152,0.8846153846153846,0.08050088879864575,0.9175213675213675,0.13636363636363635,0.010489510489510493,0.01848845598845599,0.10256410256410256,0.3854166666666667,0.0,0.2727272727272727,0.04312354312354313,0.23484848484848486,0.9487179487179487,0.0,0.9566433566433568,0.06060606060606061,0.004662004662004662,0.006565656565656566,0.15942028985507245,0.11764705882352941,0.14864864864864866,0.11594202898550725,0.8378378378378378,0.02702702702702703,1.2753623188405796,2.0135135135135136,13,0.0,0.0,0.0,0.1314390242497295,0.2333039751992778,1,0.0,0.0,0.0,0.0,0.0,0.0,0.0641025641025641,-0.008876805666486368,0.029215229215229233,-0.07575757575757577,-0.005827505827505823,-0.015295815295815293,0.0,-0.03433641975308638,0.0,0.0,0.029137529137529143,0.12121212121212122,0.0,0.0,0.0,0.0,0.0,0.0,1,0,1,0,1,0,1,0,1,0,1,0
1913,0.12087912087912088,0.37436224489795916,0.3095238095238095,0.21794871794871795,0.02106227106227106,0.1282051282051282,0.8351648351648352,0.08313019616294705,0.8968309468309468,0.19230769230769232,0.013736263736263734,0.02808302808302808,0.12087912087912088,0.37111111111111117,0.10714285714285714,0.21794871794871795,0.03937728937728937,0.20512820512820512,0.9487179487179487,0.0,0.9566433566433568,0.06060606060606061,0.004662004662004662,0.006565656565656566,0.14473684210526316,0.1,0.14864864864864866,0.14473684210526316,0.8378378378378378,0.02702702702702703,1.2894736842105263,2.0135135135135136,14,1.0,0.0,1.0,0.1291826124426484,0.23373357930606484,1,-0.020146520146520144,0.0,-0.023809523809523836,-0.009324009324009314,-0.0057442557442557475,-0.023310023310023326,-0.049450549450549386,0.002629307364301295,-0.020690420690420708,0.055944055944055965,0.003246753246753241,0.009594572094572089,0.01831501831501832,-0.014305555555555516,0.10714285714285714,-0.054778554778554756,-0.003746253746253758,-0.02972027972027974,0.0,0.0,0.0,0.0,0.0,0.0,1,0,1,0,1,0,1,0,1,0,1,0
1914,0.18181818181818182,0.36865234375,0.3055555555555555,0.21818181818181817,0.05757575757575758,0.2727272727272727,0.09090909090909091,0.42807584963950374,0.13888888888888887,0.21818181818181817,0.00909090909090909,0.05454545454545454,0.30303030303030304,0.1345486111111111,0.09444444444444444,0.2909090909090909,0.04393939393939394,0.1227272727272727,0.9696969696969697,0.0,0.9727272727272727,0.03636363636363636,0.0030303030303030294,0.00404040404040404,0.058823529411764705,0.10344827586206896,0.1875,0.13043478260869565,0.09375,0.2923076923076923,1.2258064516129032,1.5692307692307692,12,0.0,2.0,2.0,0.1345130896280819,0.21867879979980628,0,0.06093906093906094,-0.005709901147959162,-0.003968253968253954,0.00023310023310021966,0.036513486513486515,0.1445221445221445,-0.7442557442557443,0.3449456534765567,-0.7579420579420579,0.025874125874125853,-0.004645354645354644,0.026462426462426462,0.18215118215118214,-0.23656250000000006,-0.012698412698412695,0.07296037296037294,0.004562104562104569,-0.08240093240093242,0.020979020979021046,0.0,0.016083916083915906,-0.024242424242424246,-0.0016317016317016326,-0.002525252525252526,1,0,1,0,1,0,0,0,0,0,1,0
1915,0.3055555555555556,0.1998810232004758,0.6370370370370371,0.4107142857142857,0.047619047619047616,0.2857142857142857,0.1111111111111111,-2.220446049250313e-16,0.2592592592592593,0.3392857142857143,0.007936507936507936,0.07142857142857142,0.3611111111111111,0.1796875,0.0,0.5,0.1111111111111111,0.47619047619047616,0.9696969696969697,0.0,0.9727272727272727,0.03636363636363636,0.0030303030303030294,0.00404040404040404,0.07142857142857142,0.09090909090909091,0.1875,0.13333333333333333,0.09375,0.2923076923076923,1.2173913043478262,1.5692307692307692,9,0.0,3.0,3.0,0.14649039736905098,0.23394127690270908,1,0.12373737373737376,-0.1687713205495242,0.33148148148148154,0.19253246753246753,-0.009956709956709962,0.012987012987012991,0.020202020202020193,-0.42807584963950396,0.12037037037037043,0.12110389610389613,-0.0011544011544011544,0.016883116883116882,0.058080808080808066,0.045138888888888895,-0.09444444444444444,0.2090909090909091,0.06717171717171716,0.3534632034632035,0.0,0.0,0.0,0.0,0.0,0.0,1,0,1,0,1,0,0,0,1,0,1,0
1916,0.25,0.19753086419753085,0.48148148148148145,0.32142857142857145,0.007936507936507936,0.03571428571428571,0.08333333333333333,2.220446049250313e-16,0.0,0.21428571428571427,0.015873015873015872,0.07142857142857142,0.3611111111111111,0.21604938271604934,0.0,0.5,0.1111111111111111,0.47619047619047616,0.9696969696969697,0.0,0.9727272727272727,0.03636363636363636,0.0030303030303030294,0.00404040404040404,0.09090909090909091,0.0,0.1875,0.06666666666666667,0.09375,0.2923076923076923,1.0869565217391304,1.5692307692307692,9,0.0,0.0,0.0,0.15275622365724323,0.24380716650889858,1,-0.05555555555555558,-0.0023501590029449404,-0.1555555555555556,-0.08928571428571425,-0.03968253968253968,-0.25,-0.027777777777777776,4.440892098500626e-16,-0.2592592592592593,-0.12500000000000003,0.007936507936507936,0.0,0.0,0.03636188271604934,0.0,0.0,0.0,0.0,0.0,0.0,0.0,0.0,0.0,0.0,0,0,1,0,1,0,0,0,1,0,1,0
1917,0.2,0.19753086419753085,0.4333333333333333,0.3055555555555556,0.005555555555555555,0.027777777777777776,0.08888888888888889,0.4791832860818219,0.0,0.16666666666666666,0.01111111111111111,0.05555555555555555,0.4,0.20486111111111108,0.275,0.6111111111111112,0.07777777777777777,0.4722222222222222,0.9696969696969697,0.0,0.9727272727272727,0.03636363636363636,0.0030303030303030294,0.00404040404040404,0.08333333333333333,0.038461538461538464,0.1875,0.1,0.09375,0.2923076923076923,1.1071428571428572,1.5692307692307692,10,1.0,0.0,1.0,0.15181926696214473,0.2523637494065225,1,-0.04999999999999999,0.0,-0.04814814814814816,-0.015873015873015872,-0.002380952380952381,-0.007936507936507936,0.005555555555555564,0.4791832860818217,0.0,-0.047619047619047616,-0.004761904761904762,-0.015873015873015872,0.03888888888888892,-0.011188271604938266,0.275,0.11111111111111116,-0.03333333333333334,-0.003968253968253954,0.0,0.0,0.0,0.0,0.0,0.0,0,0,1,0,1,0,1,0,1,0,1,0
1918,0.1111111111111111,0.31999999999999995,0.23333333333333334,0.2777777777777778,0.005555555555555555,0.05555555555555555,0.044444444444444446,0.0,0.0,0.2222222222222222,0.0027777777777777775,0.027777777777777776,0.4666666666666667,0.1186556927297667,0.5464285714285715,0.5277777777777778,0.04166666666666665,0.13359788359788358,0.9696969696969697,0.0,0.9727272727272727,0.03636363636363636,0.0030303030303030294,0.00404040404040404,0.0,0.0,0.1875,0.09523809523809523,0.09375,0.2923076923076923,1.0769230769230769,1.5692307692307692,10,1.0,1.0,2.0,0.18114785307422082,0.3168461764607279,1,-0.0888888888888889,0.1224691358024691,-0.19999999999999996,-0.02777777777777779,0.0,0.027777777777777776,-0.044444444444444446,-0.4791832860818219,0.0,0.05555555555555555,-0.008333333333333331,-0.027777777777777776,0.06666666666666665,-0.08620541838134438,0.27142857142857146,-0.08333333333333337,-0.036111111111111115,-0.3386243386243386,0.0,0.0,0.0,0.0,0.0,0.0,1,0,1,0,1,0,1,0,1,0,1,0
1919,0.01818181818181818,0.0,0.0,0.1,0.0,0.0,0.43636363636363634,0.12579243415085245,0.7284992784992784,0.6888888888888889,0.06262626262626263,0.4666666666666667,0.32727272727272727,0.17626953125,0.6219336219336219,0.7,0.08888888888888889,0.48888888888888893,0.9696969696969697,0.0,0.9727272727272727,0.03636363636363636,0.0030303030303030294,0.00404040404040404,0.041666666666666664,0.0,0.1875,0.3125,0.09375,0.2923076923076923,1.34375,1.5692307692307692,11,2.0,1.0,3.0,0.22017602213500892,0.41494943391692524,1,-0.09292929292929292,-0.31999999999999995,-0.23333333333333334,-0.17777777777777778,-0.005555555555555555,-0.05555555555555555,0.3919191919191919,0.12579243415085245,0.7284992784992784,0.4666666666666667,0.05984848484848485,0.4388888888888889,-0.1393939393939394,0.0576138385202333,0.07550505050505041,0.17222222222222217,0.04722222222222224,0.3552910052910053,0.0,0.0,0.0,0.0,0.0,0.0,0,0,0,0,0,0,1,0,1,0,1,0
1920,0.02564102564102564,0.5,0.0,0.06818181818181818,0.0,0.0,0.7948717948717948,0.027754414679511057,0.8802253302253302,0.24242424242424243,0.018648018648018648,0.05335497835497836,0.2564102564102564,0.24227481919789615,0.517948717948718,0.6818181818181818,0.08041958041958042,0.5151515151515151,0.6794871794871795,0.032751868992524025,0.7787157287157288,0.2803030303030303,0.015151515151515154,0.03629148629148629,0.03225806451612903,0.0,0.03773584905660377,0.28125,0.6428571428571429,0.1774193548387097,1.3125,1.9027777777777777,13,2.0,0.0,2.0,0.16216469547403922,0.31181264174395856,0,0.007459207459207459,0.5,0.0,-0.03181818181818183,0.0,0.0,0.3585081585081585,-0.09803801947134139,0.1517260517260518,-0.44646464646464645,-0.04397824397824398,-0.4133116883116883,-0.07086247086247088,0.06600528794789615,-0.1039849039849039,-0.018181818181818188,-0.008469308469308476,0.02626262626262621,-0.2902097902097902,0.032751868992524025,-0.19401154401154386,0.2439393939393939,0.012121212121212125,0.03225108225108225,0,0,0,0,0,0,0,0,0,0,0,0
1921,0.10256410256410256,0.3166089965397924,0.25384615384615383,0.3712121212121212,0.008158508158508158,0.10606060606060606,0.7948717948717948,0.08428917309512365,0.8638750138750139,0.24242424242424243,0.018648018648018648,0.046518759018759015,0.21794871794871795,0.23959094229364497,0.4355921855921856,0.6287878787878788,0.0909090909090909,0.6287878787878788,0.6794871794871795,0.032751868992524025,0.7787157287157288,0.2803030303030303,0.015151515151515154,0.03629148629148629,0.12903225806451613,0.0,0.03773584905660377,0.234375,0.6428571428571429,0.1774193548387097,1.359375,1.9027777777777777,13,0.0,0.0,0.0,0.15077864077051328,0.27521556312684536,1,0.07692307692307693,-0.1833910034602076,0.25384615384615383,0.30303030303030304,0.008158508158508158,0.10606060606060606,0.0,0.0565347584156126,-0.016350316350316363,0.0,0.0,-0.006836219336219342,-0.038461538461538436,-0.0026838769042511756,-0.0823565323565324,-0.05303030303030298,0.010489510489510481,0.11363636363636365,0.0,0.0,0.0,0.0,0.0,0.0,0,0,0,0,0,0,0,0,0,0,0,0
1922,0.10256410256410256,0.22193877551020397,0.25384615384615383,0.3712121212121212,0.008158508158508158,0.10606060606060606,0.8205128205128205,0.05633496683830263,0.8487845487845488,0.21212121212121213,0.016317016317016316,0.031463443963443964,0.1794871794871795,0.24426020408163263,0.4957875457875458,0.5757575757575758,0.039627039627039624,0.3484848484848485,0.6794871794871795,0.032751868992524025,0.7787157287157288,0.2803030303030303,0.015151515151515154,0.03629148629148629,0.125,0.0,0.03773584905660377,0.2,0.6428571428571429,0.1774193548387097,1.323076923076923,1.9027777777777777,13,1.0,1.0,2.0,0.15232932630444562,0.27899740208706286,1,0.0,-0.09467022102958844,0.0,0.0,0.0,0.0,0.02564102564102566,-0.027954206256821025,-0.015090465090465077,-0.030303030303030304,-0.002331002331002332,-0.01505531505531505,-0.038461538461538464,0.004669261787987655,0.060195360195360204,-0.05303030303030298,-0.05128205128205127,-0.2803030303030303,0.0,0.0,0.0,0.0,0.0,0.0,0,0,0,0,0,0,0,0,0,0,0,0
1923,0.10256410256410256,0.22193877551020397,0.25384615384615383,0.3712121212121212,0.008158508158508158,0.10606060606060606,0.8333333333333334,0.047514909413161346,0.8839937839937839,0.19696969696969696,0.015151515151515148,0.03367003367003366,0.10256410256410256,0.4260204081632653,0.0,0.3712121212121212,0.05827505827505827,0.33333333333333337,0.6794871794871795,0.032751868992524025,0.7787157287157288,0.2803030303030303,0.015151515151515154,0.03629148629148629,0.12307692307692308,0.0,0.03773584905660377,0.12307692307692308,0.6428571428571429,0.1774193548387097,1.2461538461538462,1.9027777777777777,13,0.0,0.0,0.0,0.15615461239011197,0.2961988293907319,1,0.0,0.0,0.0,0.0,0.0,0.0,0.012820512820512886,-0.008820057425141282,0.035209235209235135,-0.015151515151515166,-0.0011655011655011677,0.0022065897065896983,-0.07692307692307693,0.18176020408163268,-0.4957875457875458,-0.20454545454545459,0.018648018648018648,-0.015151515151515138,0.0,0.0,0.0,0.0,0.0,0.0,0,0,0,0,0,0,0,0,0,0,0,0
1924,0.1282051282051282,0.271484375,0.24615384615384617,0.4393939393939394,0.026806526806526808,0.25757575757575757,0.9358974358974359,0.06749765664927308,0.9362859362859363,0.07575757575757576,0.005827505827505829,0.007744107744107745,0.0641025641025641,0.4444444444444444,0.0,0.2196969696969697,0.004662004662004662,0.045454545454545456,0.6794871794871795,0.032751868992524025,0.7787157287157288,0.2803030303030303,0.015151515151515154,0.03629148629148629,0.136986301369863,0.0,0.03773584905660377,0.0684931506849315,0.6428571428571429,0.1774193548387097,1.2054794520547945,1.9027777777777777,13,0.0,0.0,0.0,0.149601090676285,0.2785433598442211,1,0.025641025641025633,0.04954559948979603,-0.007692307692307665,0.06818181818181818,0.018648018648018648,0.1515151515151515,0.10256410256410253,0.019982747236111736,0.05229215229215234,-0.1212121212121212,-0.00932400932400932,-0.025925925925925918,-0.038461538461538464,0.018424036281179113,0.0,-0.15151515151515152,-0.05361305361305361,-0.2878787878787879,0.0,0.0,0.0,0.0,0.0,0.0,0,0,0,0,1,0,0,0,0,0,1,0
1925,0.23076923076923078,0.11917009602194784,0.5120879120879122,0.5151515151515151,0.020979020979020976,0.20454545454545456,0.8974358974358975,0.07814380229705135,0.916977466977467,0.12121212121212122,0.009324009324009324,0.015271765271765271,0.07692307692307693,0.5,0.0,0.10606060606060606,0.009324009324009324,0.030303030303030304,0.9615384615384616,0.0,0.9619269619269619,0.045454545454545456,0.003496503496503496,0.004407713498622589,0.23943661971830985,0.14285714285714285,0.24,0.08571428571428572,0.8589743589743589,0.08,1.323943661971831,2.1666666666666665,13,0.0,0.0,0.0,0.1508770930260531,0.2880936439830332,0,0.10256410256410259,-0.15231427897805216,0.265934065934066,0.07575757575757575,-0.005827505827505831,-0.05303030303030301,-0.038461538461538436,0.010646145647778271,-0.0193084693084693,0.045454545454545456,0.003496503496503495,0.007527657527657526,0.01282051282051283,0.05555555555555558,0.0,-0.11363636363636363,0.004662004662004662,-0.015151515151515152,0.28205128205128205,-0.032751868992524025,0.18321123321123312,-0.2348484848484848,-0.011655011655011658,-0.0318837727928637,0,0,0,0,1,0,0,0,0,0,1,0
1926,0.2564102564102564,0.13319444444444445,0.4633699633699634,0.48484848484848486,0.05011655011655011,0.2727272727272727,0.8076923076923077,0.10310415544768298,0.8689310689310689,0.22727272727272727,0.017482517482517484,0.03510702260702261,0.11538461538461539,0.21487603305785125,0.315018315018315,0.553030303030303,0.022144522144522148,0.2878787878787879,0.9615384615384616,0.0,0.9619269619269619,0.045454545454545456,0.003496503496503496,0.004407713498622589,0.27692307692307694,0.03571428571428571,0.24,0.1076923076923077,0.8589743589743589,0.08,1.373134328358209,2.1666666666666665,13,0.0,0.0,0.0,0.15582973783505472,0.2895540077534794,1,0.025641025641025605,0.014024348422496613,-0.04871794871794877,-0.030303030303030276,0.029137529137529136,0.06818181818181815,-0.08974358974358976,0.024960353150631623,-0.0480463980463981,0.10606060606060605,0.00815850815850816,0.019835257335257338,0.038461538461538464,-0.28512396694214875,0.315018315018315,0.4469696969696969,0.012820512820512824,0.25757575757575757,0.0,0.0,0.0,0.0,0.0,0.0,0,0,1,0,1,0,0,0,1,0,1,0
1927,0.2564102564102564,0.13319444444444445,0.4633699633699634,0.48484848484848486,0.05011655011655011,0.2727272727272727,0.9871794871794872,0.06772961738746931,0.9871794871794872,0.015151515151515152,0.0011655011655011655,0.0013774104683195593,0.15384615384615385,0.16115702479338845,0.4340659340659341,0.6060606060606061,0.027972027972027972,0.34090909090909094,0.9615384615384616,0.0,0.9619269619269619,0.045454545454545456,0.003496503496503496,0.004407713498622589,0.2597402597402597,0.10344827586206896,0.24,0.15584415584415584,0.8589743589743589,0.08,1.4155844155844155,2.1666666666666665,13,0.0,0.0,0.0,0.14467619857395134,0.27131371693832157,1,0.0,0.0,0.0,0.0,0.0,0.0,0.17948717948717952,-0.035374538060213664,0.11824841824841836,-0.2121212121212121,-0.01631701631701632,-0.03372961213870305,0.038461538461538464,-0.0537190082644628,0.11904761904761907,0.053030303030303094,0.0058275058275058245,0.05303030303030304,0.0,0.0,0.0,0.0,0.0,0.0,0,0,1,0,1,0,0,0,1,0,1,0
1928,0.26373626373626374,0.22183641975308638,0.5468820861678004,0.5,0.046703296703296704,0.26282051282051283,0.9120879120879121,0.07986544981046036,0.9391275391275391,0.10256410256410256,0.007326007326007326,0.01393051393051393,0.13186813186813187,0.16115702479338845,0.4030612244897959,0.5641025641025641,0.021978021978021976,0.28846153846153844,0.9615384615384616,0.0,0.9619269619269619,0.045454545454545456,0.003496503496503496,0.004407713498622589,0.2891566265060241,0.09090909090909091,0.24,0.13095238095238096,0.8589743589743589,0.08,1.4166666666666667,2.1666666666666665,14,1.0,0.0,1.0,0.14470339470028007,0.27567684694942896,1,0.0073260073260073555,0.08864197530864193,0.08351212279783704,0.015151515151515138,-0.0034132534132534087,-0.009906759906759877,-0.07509157509157516,0.012135832422991044,-0.04805194805194812,0.08741258741258741,0.00616050616050616,0.01255310346219437,-0.021978021978021983,0.0,-0.031004709576138156,-0.04195804195804198,-0.005994005994005996,-0.0524475524475525,0.0,0.0,0.0,0.0,0.0,0.0,1,0,1,0,1,0,1,0,1,0,1,0
1929,0.26373626373626374,0.22183641975308638,0.5468820861678004,0.5,0.046703296703296704,0.26282051282051283,0.9120879120879121,0.07073894270521541,0.9506327006327007,0.10256410256410256,0.007326007326007327,0.016122766122766124,0.10989010989010989,0.20408163265306123,0.2602040816326531,0.5,0.016483516483516484,0.21153846153846154,0.9615384615384616,0.0,0.9619269619269619,0.045454545454545456,0.003496503496503496,0.004407713498622589,0.2891566265060241,0.0967741935483871,0.24,0.12048192771084337,0.8589743589743589,0.08,1.4096385542168675,2.1666666666666665,14,0.0,0.0,0.0,0.14568723839980838,0.2748186210212234,1,0.0,0.0,0.0,0.0,0.0,0.0,0.0,-0.009126507105244944,0.011505161505161565,0.0,8.673617379884035e-19,0.0021922521922521938,-0.021978021978021983,0.04292460785967278,-0.14285714285714285,-0.0641025641025641,-0.005494505494505492,-0.0769230769230769,0.0,0.0,0.0,0.0,0.0,0.0,0,0,1,0,1,0,0,0,1,0,1,0
1930,0.25274725274725274,0.23179924618131312,0.5357142857142857,0.5128205128205128,0.048534798534798536,0.30128205128205127,0.7362637362637363,0.1322309063818667,0.8234527377384521,0.3076923076923077,0.021978021978021973,0.05760073260073259,0.02197802197802198,0.0,0.0,0.15384615384615385,0.0009157509157509158,0.01282051282051282,0.9230769230769231,0.0,0.939723371866229,0.08974358974358974,0.006410256410256409,0.010689310689310689,0.2328767123287671,0.0,0.27380952380952384,0.029850746268656716,0.7764705882352941,0.023809523809523808,1.2602739726027397,2.070588235294118,14,0.0,0.0,0.0,0.1432678007187891,0.26104192197995824,0,-0.010989010989011005,0.00996282642822674,-0.011167800453514731,0.012820512820512775,0.001831501831501832,0.038461538461538436,-0.17582417582417575,0.06149196367665127,-0.1271799628942486,0.20512820512820515,0.014652014652014645,0.04147796647796646,-0.0879120879120879,-0.20408163265306123,-0.2602040816326531,-0.34615384615384615,-0.015567765567765568,-0.1987179487179487,-0.038461538461538436,0.0,-0.022203590060732914,0.04428904428904429,0.002913752913752913,0.0062815971906881,1,0,1,0,1,0,1,0,1,0,1,0
1931,0.25274725274725274,0.23179924618131312,0.5357142857142857,0.5128205128205128,0.048534798534798536,0.30128205128205127,0.8901098901098901,0.08312097358831638,0.9113295434724006,0.1282051282051282,0.009157509157509156,0.015501628001628003,0.02197802197802198,0.0,0.0,0.15384615384615385,0.0009157509157509158,0.01282051282051282,0.9230769230769231,0.0,0.939723371866229,0.08974358974358974,0.006410256410256409,0.010689310689310689,0.2839506172839506,0.0,0.27380952380952384,0.024691358024691357,0.7764705882352941,0.023809523809523808,1.308641975308642,2.070588235294118,14,0.0,0.0,0.0,0.1398595491007249,0.24725982199731358,1,0.0,0.0,0.0,0.0,0.0,0.0,0.15384615384615374,-0.049109932793550304,0.08787680573394852,-0.17948717948717952,-0.012820512820512817,-0.042099104599104584,0.0,0.0,0.0,0.0,0.0,0.0,0.0,0.0,0.0,0.0,0.0,0.0,0,0,1,0,1,0,0,0,0,0,1,0
1932,0.20512820512820512,0.15986111111111118,0.41135531135531134,0.44696969696969696,0.026806526806526808,0.20454545454545456,0.9487179487179487,0.08632453032744418,0.9536907536907537,0.06060606060606061,0.004662004662004662,0.006397306397306397,0.05128205128205128,0.0,0.0,0.3333333333333333,0.006993006993006993,0.09090909090909091,0.9230769230769231,0.0,0.939723371866229,0.08974358974358974,0.006410256410256409,0.010689310689310689,0.21621621621621623,0.0,0.27380952380952384,0.05405405405405406,0.7764705882352941,0.023809523809523808,1.2702702702702702,2.070588235294118,13,0.0,1.0,1.0,0.1343177202996611,0.22920985680152645,1,-0.047619047619047616,-0.07193813507020194,-0.12435897435897436,-0.06585081585081581,-0.021728271728271728,-0.09673659673659671,0.05860805860805862,0.003203556739127797,0.04236121021835315,-0.06759906759906759,-0.004495504495504494,-0.009104321604321605,0.0293040293040293,0.0,0.0,0.17948717948717946,0.006077256077256077,0.0780885780885781,0.0,0.0,0.0,0.0,0.0,0.0,1,0,1,0,1,0,0,0,1,0,1,0
1933,0.21794871794871795,0.12950365331317715,0.4175824175824176,0.4318181818181818,0.024475524475524476,0.1691919191919192,0.9871794871794872,0.09277507704816323,0.9871794871794872,0.015151515151515152,0.0011655011655011655,0.0013774104683195593,0.0641025641025641,0.0,0.16666666666666666,0.3181818181818182,0.005827505827505828,0.07575757575757576,0.9230769230769231,0.0,0.939723371866229,0.08974358974358974,0.006410256410256409,0.010689310689310689,0.22077922077922077,0.0,0.27380952380952384,0.06493506493506493,0.7764705882352941,0.023809523809523808,1.2857142857142858,2.070588235294118,13,0.0,0.0,0.0,0.1380387877463025,0.23716486089909328,1,0.01282051282051283,-0.03035745779793403,0.0062271062271062605,-0.015151515151515138,-0.002331002331002332,-0.03535353535353536,0.03846153846153855,0.006450546720719055,0.03348873348873349,-0.045454545454545456,-0.0034965034965034965,-0.005019895928986838,0.012820512820512817,0.0,0.16666666666666666,-0.015151515151515138,-0.001165501165501165,-0.015151515151515152,0.0,0.0,0.0,0.0,0.0,0.0,1,0,1,0,1,0,0,0,1,0,1,0
1934,0.21794871794871795,0.13930801248699268,0.37912087912087916,0.4318181818181818,0.024475524475524476,0.1515151515151515,0.9615384615384616,0.09473769031965709,0.9657342657342658,0.045454545454545456,0.0034965034965034965,0.004713804713804714,0.08974358974358974,0.31999999999999995,0.16666666666666666,0.2878787878787879,0.006993006993006993,0.07575757575757576,0.9230769230769231,0.0,0.939723371866229,0.08974358974358974,0.006410256410256409,0.010689310689310689,0.22666666666666666,0.043478260869565216,0.27380952380952384,0.09333333333333334,0.7764705882352941,0.023809523809523808,1.32,2.070588235294118,13,0.0,0.0,0.0,0.13760645096346558,0.22830801116871025,1,0.0,0.00980435917381553,-0.038461538461538436,0.0,0.0,-0.017676767676767707,-0.02564102564102566,0.001962613271493857,-0.02144522144522143,0.030303030303030304,0.002331002331002331,0.003336394245485155,0.025641025641025647,0.31999999999999995,0.0,-0.030303030303030276,0.001165501165501165,0.0,0.0,0.0,0.0,0.0,0.0,0.0,0,0,1,0,1,0,1,0,1,0,1,0
1935,0.23076923076923078,0.17943862775673874,0.44688644688644685,0.4166666666666667,0.023310023310023312,0.12626262626262627,0.9487179487179487,0.07912295747680753,0.9580419580419581,0.06060606060606061,0.004662004662004661,0.006734006734006734,0.07692307692307693,0.375,0.23076923076923078,0.10606060606060606,0.004662004662004662,0.030303030303030304,0.9871794871794872,0.0,0.9871794871794872,0.015151515151515152,0.0011655011655011655,0.0013774104683195593,0.24324324324324326,0.09090909090909091,0.23376623376623376,0.08108108108108109,0.9358974358974359,0.07792207792207792,1.3243243243243243,2.2435897435897436,13,0.0,0.0,0.0,0.13934785922464568,0.2213240933861071,0,0.01282051282051283,0.04013061526974607,0.06776556776556769,-0.015151515151515138,-0.0011655011655011642,-0.02525252525252522,-0.012820512820512886,-0.01561473284284956,-0.007692307692307665,0.015151515151515152,0.0011655011655011646,0.0020202020202020193,-0.012820512820512817,0.05500000000000005,0.06410256410256412,-0.18181818181818182,-0.002331002331002331,-0.045454545454545456,0.0641025641025641,0.0,0.04745611531325822,-0.07459207459207459,-0.005244755244755244,-0.00931190022099113,0,0,1,0,1,0,0,0,1,0,1,0
1936,0.21978021978021978,0.20601071216028558,0.3982993197278911,0.3717948717948718,0.028388278388278388,0.12393162393162395,0.8571428571428571,0.07411739949413573,0.92987012987013,0.16666666666666666,0.011904761904761902,0.03457977207977207,0.13186813186813187,0.4429012345679012,0.25476190476190474,0.38461538461538464,0.06318681318681318,0.4615384615384615,0.9871794871794872,0.0,0.9871794871794872,0.015151515151515152,0.0011655011655011655,0.0013774104683195593,0.2564102564102564,0.18518518518518517,0.23376623376623376,0.13924050632911392,0.9358974358974359,0.07792207792207792,1.3924050632911393,2.2435897435897436,14,1.0,0.0,1.0,0.13410728731181595,0.23437886156289894,1,-0.010989010989011005,0.02657208440354683,-0.04858712715855573,-0.04487179487179488,0.005078255078255076,-0.0023310023310023215,-0.09157509157509158,-0.005005557982671799,-0.028171828171828173,0.10606060606060605,0.007242757242757241,0.027845765345765338,0.054945054945054944,0.0679012345679012,0.023992673992673963,0.27855477855477856,0.05852480852480852,0.4312354312354312,0.0,0.0,0.0,0.0,0.0,0.0,1,0,1,0,1,0,1,0,1,0,1,0
1937,0.1794871794871795,0.3014814814814815,0.36153846153846153,0.3787878787878788,0.03496503496503496,0.23989898989898986,0.9487179487179487,0.0788463957891749,0.9536907536907537,0.06060606060606061,0.004662004662004661,0.006397306397306397,0.16666666666666666,0.33900226757369617,0.10256410256410256,0.19696969696969696,0.05827505827505827,0.21717171717171713,0.9871794871794872,0.0,0.9871794871794872,0.015151515151515152,0.0011655011655011655,0.0013774104683195593,0.1891891891891892,0.08,0.23376623376623376,0.16,0.9358974358974359,0.07792207792207792,1.3466666666666667,2.2435897435897436,13,0.0,1.0,1.0,0.1363198154069074,0.23062044024370282,1,-0.04029304029304029,0.09547076932119594,-0.03676085818942959,0.006993006993006978,0.006576756576756573,0.11596736596736591,0.09157509157509158,0.004728996295039173,0.023820623820623776,-0.10606060606060605,-0.007242757242757241,-0.028182465682465675,0.034798534798534786,-0.10389896699420503,-0.15219780219780218,-0.18764568764568768,-0.004911754911754912,-0.24436674436674438,0.0,0.0,0.0,0.0,0.0,0.0,1,0,1,0,1,0,1,0,1,0,1,0
1938,0.19230769230769232,0.2863894139886579,0.3794871794871795,0.36363636363636365,0.0303030303030303,0.1893939393939394,0.9487179487179487,0.09024026119710027,0.9536907536907537,0.06060606060606061,0.004662004662004662,0.006397306397306397,0.23076923076923078,0.2791495198902606,0.0923076923076923,0.3181818181818182,0.08041958041958042,0.3328282828282828,0.9871794871794872,0.0,0.9871794871794872,0.015151515151515152,0.0011655011655011655,0.0013774104683195593,0.18666666666666668,0.13793103448275862,0.23376623376623376,0.22666666666666666,0.9358974358974359,0.07792207792207792,1.4266666666666667,2.2435897435897436,13,0.0,0.0,0.0,0.1354503467269168,0.19638141863274783,1,0.01282051282051283,-0.015092067492823602,0.017948717948717996,-0.015151515151515138,-0.00466200466200466,-0.05050505050505047,0.0,0.011393865407925363,0.0,0.0,8.673617379884035e-19,0.0,0.06410256410256412,-0.05985274768343557,-0.010256410256410262,0.12121212121212122,0.022144522144522144,0.11565656565656568,0.0,0.0,0.0,0.0,0.0,0.0,1,0,1,0,1,0,1,0,1,0,1,0
1939,0.32727272727272727,0.3268430439952438,0.5532467532467532,0.45555555555555555,0.06666666666666667,0.4074074074074074,0.5454545454545454,0.24639536490967306,0.6262626262626262,0.5555555555555556,0.050505050505050504,0.2325925925925926,0.41818181818181815,0.17820069204152247,0.6681818181818181,0.4666666666666667,0.07272727272727274,0.34343915343915343,0.9871794871794872,0.0,0.9871794871794872,0.015151515151515152,0.0011655011655011655,0.0013774104683195593,0.2972972972972973,0.36666666666666664,0.23376623376623376,0.325,0.9358974358974359,0.07792207792207792,1.6904761904761905,2.2435897435897436,11,0.0,2.0,2.0,0.14605895126054924,0.2099349617413525,1,0.13496503496503495,0.04045363000658586,0.17375957375957368,0.0919191919191919,0.03636363636363636,0.218013468013468,-0.40326340326340326,0.1561551037125728,-0.32742812742812755,0.494949494949495,0.04584304584304584,0.2261952861952862,0.18741258741258737,-0.10094882784873813,0.5758741258741258,0.1484848484848485,-0.007692307692307679,0.010610870610870626,0.0,0.0,0.0,0.0,0.0,0.0,1,0,1,0,1,0,1,0,1,0,1,0
1940,0.2,0.22593749999999996,0.28787878787878785,0.24444444444444444,0.060606060606060615,0.22222222222222224,0.4727272727272727,0.2752347514272956,0.8373737373737373,0.6444444444444445,0.05858585858585858,0.27037037037037037,0.509090909090909,0.11791383219954646,0.7177489177489178,0.35555555555555557,0.05858585858585859,0.16888888888888892,0.8,0.02453512396694217,0.8702741702741702,0.24444444444444444,0.022222222222222227,0.07116402116402117,0.23333333333333334,0.14705882352941177,0.25,0.4594594594594595,0.4583333333333333,0.44,1.625,2.18,11,2.0,2.0,4.0,0.14652323149383387,0.22670270877192983,0,-0.12727272727272726,-0.10090554399524382,-0.26536796536796536,-0.2111111111111111,-0.006060606060606051,-0.18518518518518515,-0.0727272727272727,0.028839386517622523,0.21111111111111114,0.0888888888888889,0.008080808080808077,0.03777777777777777,0.09090909090909088,-0.060286859841976015,0.049567099567099704,-0.1111111111111111,-0.01414141414141415,-0.1745502645502645,-0.18717948717948718,0.02453512396694217,-0.11690531690531702,0.22929292929292927,0.021056721056721062,0.0697866106957016,1,0,1,0,1,0,0,0,0,0,0,0
1941,0.13636363636363635,0.20749108204518427,0.27499999999999997,0.38181818181818183,0.010606060606060605,0.12727272727272726,0.42424242424242425,0.32219568443143276,0.7609427609427609,0.6909090909090909,0.057575757575757565,0.37575757575757573,0.6666666666666666,0.05957300275482094,0.6823412698412699,0.2909090909090909,0.03787878787878788,0.18961038961038962,0.8,0.02453512396694217,0.8702741702741702,0.24444444444444444,0.022222222222222227,0.07116402116402117,0.08823529411764706,0.1276595744680851,0.25,0.44,0.4583333333333333,0.44,1.588235294117647,2.18,12,2.0,1.0,3.0,0.1669599304372795,0.26559527431829283,1,-0.06363636363636366,-0.01844641795481569,-0.012878787878787878,0.1373737373737374,-0.05000000000000001,-0.09494949494949498,-0.048484848484848464,0.04696093300413717,-0.0764309764309764,0.04646464646464643,-0.0010101010101010166,0.10538720538720536,0.1575757575757576,-0.05834082944472552,-0.03540764790764794,-0.06464646464646467,-0.02070707070707071,0.020721500721500696,0.0,0.0,0.0,0.0,0.0,0.0,0,0,1,0,1,0,0,0,0,0,0,0
1942,0.07272727272727272,0.40816326530612246,0.0,0.2777777777777778,0.006060606060606061,0.06666666666666667,0.38181818181818183,0.15511875455153964,0.5828282828282828,0.7555555555555555,0.0686868686868687,0.5377777777777779,0.6909090909090909,0.04058383766464934,0.6103896103896104,0.37777777777777777,0.03434343434343435,0.06933862433862434,0.8,0.02453512396694217,0.8702741702741702,0.24444444444444444,0.022222222222222227,0.07116402116402117,0.041666666666666664,0.07692307692307693,0.25,0.5526315789473685,0.4583333333333333,0.44,1.6153846153846154,2.18,11,0.0,1.0,1.0,0.17738418595647262,0.3110649265510028,1,-0.06363636363636363,0.2006721832609382,-0.27499999999999997,-0.10404040404040404,-0.004545454545454544,-0.060606060606060594,-0.04242424242424242,-0.16707692987989312,-0.17811447811447811,0.06464646464646462,0.011111111111111134,0.16202020202020218,0.024242424242424288,-0.0189891650901716,-0.07195165945165949,0.08686868686868687,-0.0035353535353535304,-0.12027176527176528,0.0,0.0,0.0,0.0,0.0,0.0,1,0,1,0,1,0,0,0,0,0,1,0
1943,0.09090909090909091,0.48,0.0,0.25555555555555554,0.006060606060606061,0.06666666666666667,0.16363636363636364,0.15209924803372465,0.0,0.4111111111111111,0.050505050505050504,0.3,0.5636363636363636,0.07067718606180146,0.6348484848484849,0.5333333333333333,0.04848484848484847,0.18412698412698414,0.8,0.02453512396694217,0.8702741702741702,0.24444444444444444,0.022222222222222227,0.07116402116402117,0.0,0.09090909090909091,0.25,0.2903225806451613,0.4583333333333333,0.44,1.3636363636363635,2.18,11,1.0,1.0,2.0,0.2060072527572999,0.3738387444947477,1,0.018181818181818188,0.07183673469387752,0.0,-0.022222222222222254,0.0,0.0,-0.2181818181818182,-0.0030195065178149905,-0.5828282828282828,-0.34444444444444444,-0.018181818181818195,-0.23777777777777792,-0.12727272727272732,0.030093348397152116,0.024458874458874513,0.15555555555555556,0.014141414141414121,0.1147883597883598,0.0,0.0,0.0,0.0,0.0,0.0,1,0,1,0,1,0,0,0,0,0,1,0
1944,0.07575757575757576,0.1244444444444444,0.0,0.34545454545454546,0.00909090909090909,0.10909090909090909,0.2878787878787879,0.17289055560754632,0.4065656565656566,0.8545454545454545,0.07121212121212121,0.759090909090909,0.5606060606060606,0.06679286100594917,0.5935606060606061,0.5272727272727272,0.043939393939393945,0.12676767676767675,0.8,0.02453512396694217,0.8702741702741702,0.24444444444444444,0.022222222222222227,0.07116402116402117,0.043478260869565216,0.05,0.25,0.2727272727272727,0.4583333333333333,0.44,1.326086956521739,2.18,12,1.0,0.0,1.0,0.2072259385864375,0.38362669006518474,1,-0.015151515151515152,-0.35555555555555557,0.0,0.08989898989898992,0.00303030303030303,0.04242424242424242,0.12424242424242427,0.020791307573821666,0.4065656565656566,0.4434343434343434,0.02070707070707071,0.45909090909090905,-0.00303030303030305,-0.003884325055852289,-0.04128787878787876,-0.0060606060606061,-0.004545454545454526,-0.05735930735930739,0.0,0.0,0.0,0.0,0.0,0.0,1,0,1,0,1,0,0,0,1,0,1,0
1945,0.07575757575757576,0.3324099722991689,0.0,0.34545454545454546,0.00909090909090909,0.10909090909090909,0.30303030303030304,0.20123733172651992,0.48308080808080806,0.8363636363636363,0.06969696969696969,0.7136363636363636,0.5606060606060606,0.08814814814814817,0.5935606060606061,0.5272727272727272,0.043939393939393945,0.12676767676767675,0.8,0.02453512396694217,0.8702741702741702,0.24444444444444444,0.022222222222222227,0.07116402116402117,0.041666666666666664,0.05,0.25,0.29545454545454547,0.4583333333333333,0.44,1.3478260869565217,2.18,12,0.0,0.0,0.0,0.23422090088547945,0.4283428340602315,1,0.0,0.2079655278547245,0.0,0.0,0.0,0.0,0.015151515151515138,0.0283467761189736,0.07651515151515148,-0.018181818181818188,-0.001515151515151525,-0.045454545454545414,0.0,0.021355287142199003,0.0,0.0,0.0,0.0,0.0,0.0,0.0,0.0,0.0,0.0,0,0,1,0,1,0,0,0,1,0,1,0
1946,0.07692307692307693,0.27777777777777773,0.0,0.4015151515151515,0.011655011655011656,0.15151515151515152,0.3717948717948718,0.07926729707925084,0.8363303363303364,0.7424242424242424,0.05710955710955711,0.3434343434343435,0.16666666666666666,0.2142857142857143,0.2602564102564103,0.6893939393939394,0.05477855477855478,0.5530303030303031,0.8,0.02453512396694217,0.8702741702741702,0.24444444444444444,0.022222222222222227,0.07116402116402117,0.06060606060606061,0.11764705882352941,0.25,0.05,0.4583333333333333,0.44,1.1428571428571428,2.18,13,3.0,2.0,5.0,0.2344685197239463,0.41400750310145856,1,0.0011655011655011677,-0.054632194521391175,0.0,0.05606060606060603,0.0025641025641025654,0.042424242424242434,0.06876456876456877,-0.12197003464726908,0.3532495282495283,-0.09393939393939388,-0.012587412587412576,-0.37020202020202014,-0.3939393939393939,0.12613756613756613,-0.33330419580419585,0.16212121212121222,0.010839160839160839,0.42626262626262634,0.0,0.0,0.0,0.0,0.0,0.0,1,0,1,0,1,0,1,0,1,0,1,0
1947,0.0761904761904762,0.28125,0.28,0.3241758241758242,0.005860805860805862,0.08791208791208792,0.29523809523809524,0.11787291244139672,0.7346801346801347,0.6483516483516484,0.034432234432234435,0.22161172161172163,0.047619047619047616,0.375,0.0,0.27472527472527475,0.004395604395604396,0.06593406593406594,0.8,0.02453512396694217,0.8702741702741702,0.24444444444444444,0.022222222222222227,0.07116402116402117,0.11428571428571428,0.18181818181818182,0.25,0.0,0.4583333333333333,0.44,1.1578947368421053,2.18,15,3.0,1.0,4.0,0.18732276564259903,0.3514360611735834,1,-0.00073260073260073,0.0034722222222222654,0.28,-0.0773393273393273,-0.005794205794205794,-0.0636030636030636,-0.07655677655677656,0.03860561536214588,-0.10165020165020167,-0.09407259407259405,-0.022677322677322677,-0.12182262182262185,-0.11904761904761904,0.1607142857142857,-0.2602564102564103,-0.4146686646686647,-0.05038295038295039,-0.4870962370962372,0.0,0.0,0.0,0.0,0.0,0.0,0,0,1,0,1,0,0,0,1,0,1,0
1948,0.09523809523809523,0.38,0.3022222222222222,0.3021978021978022,0.01098901098901099,0.1208791208791209,0.7904761904761904,0.12143643951699268,0.8592437192437193,0.15934065934065933,0.0058608058608058625,0.009301809301809303,0.05714285714285714,0.31999999999999995,0.0,0.34615384615384615,0.007326007326007327,0.1098901098901099,0.8,0.02453512396694217,0.8702741702741702,0.24444444444444444,0.022222222222222227,0.07116402116402117,0.08139534883720931,0.23076923076923078,0.25,0.05952380952380952,0.4583333333333333,0.44,1.1511627906976745,2.18,15,0.0,0.0,0.0,0.1833962240515141,0.3386986926879239,1,0.019047619047619035,0.09875,0.0222222222222222,-0.02197802197802201,0.005128205128205128,0.032967032967032975,0.4952380952380952,0.003563527075595957,0.12456358456358463,-0.48901098901098905,-0.028571428571428574,-0.21230991230991234,0.009523809523809525,-0.05500000000000005,0.0,0.0714285714285714,0.0029304029304029313,0.043956043956043966,0.0,0.0,0.0,0.0,0.0,0.0,0,0,1,0,1,0,0,0,1,0,1,0
1949,0.14166666666666666,0.29757785467128023,0.3875,0.21904761904761905,0.026190476190476195,0.1904761904761905,0.7416666666666667,0.11206996110430886,0.8317196692196692,0.21904761904761905,0.009523809523809523,0.019622071050642478,0.08333333333333333,0.375,0.17708333333333331,0.20952380952380953,0.0035714285714285718,0.02380952380952381,0.8,0.02453512396694217,0.8702741702741702,0.24444444444444444,0.022222222222222227,0.07116402116402117,0.13978494623655913,0.125,0.25,0.06451612903225806,0.4583333333333333,0.44,1.2083333333333333,2.18,16,2.0,1.0,3.0,0.1695986649350876,0.31763442548132126,1,0.04642857142857143,-0.08242214532871978,0.08527777777777779,-0.08315018315018313,0.015201465201465205,0.0695970695970696,-0.04880952380952375,-0.009366478412683815,-0.027524050024050117,0.05970695970695972,0.0036630036630036604,0.010320261748833175,0.026190476190476188,0.05500000000000005,0.17708333333333331,-0.13663003663003662,-0.003754578754578755,-0.0860805860805861,0.0,0.0,0.0,0.0,0.0,0.0,1,0,1,0,1,0,1,0,1,0,1,0
1950,0.1619047619047619,0.29757785467128023,0.41333333333333333,0.22527472527472528,0.03223443223443224,0.2197802197802198,0.8476190476190476,0.1177021904855276,0.8811581011581011,0.17582417582417584,0.011721611721611725,0.021128474699903275,0.10476190476190476,0.257716049382716,0.24285714285714285,0.45604395604395603,0.02271062271062271,0.24725274725274726,0.7333333333333333,0.04368358913813458,0.8176072076072075,0.22527472527472528,0.021245421245421243,0.042316413744985175,0.13978494623655913,0.12,0.22077922077922077,0.0989010989010989,0.6767676767676768,0.07317073170731707,1.2446808510638299,1.94,15,0.0,1.0,1.0,0.1881281870792938,0.33370977551437986,0,0.02023809523809525,0.0,0.02583333333333332,0.006227106227106233,0.006043956043956043,0.02930402930402931,0.10595238095238091,0.00563222938121874,0.04943843193843189,-0.04322344322344321,0.002197802197802202,0.0015064036492607978,0.021428571428571436,-0.11728395061728403,0.06577380952380954,0.2465201465201465,0.019139194139194137,0.22344322344322345,-0.06666666666666676,0.01914846517119241,-0.05266696266696269,-0.019169719169719157,-0.0009768009768009837,-0.02884760741903599,0,0,0,0,1,0,0,0,0,0,1,0
1951,0.18681318681318682,0.29757785467128023,0.4428571428571429,0.23076923076923078,0.040293040293040296,0.2564102564102564,0.8791208791208791,0.10982124325898196,0.9114579864579865,0.14102564102564102,0.01007326007326007,0.018015318015318013,0.0989010989010989,0.2923553719008265,0.0,0.3333333333333333,0.024725274725274724,0.1987179487179487,0.7333333333333333,0.04368358913813458,0.8176072076072075,0.22527472527472528,0.021245421245421243,0.042316413744985175,0.15476190476190477,0.08333333333333333,0.22077922077922077,0.1125,0.6767676767676768,0.07317073170731707,1.2619047619047619,1.94,14,0.0,1.0,1.0,0.21190017478581172,0.37822475582564696,1,0.024908424908424903,0.0,0.029523809523809563,0.005494505494505503,0.008058608058608058,0.03663003663003658,0.0315018315018315,-0.007880947226545643,0.030299885299885365,-0.034798534798534814,-0.0016483516483516546,-0.0031131566845852623,-0.005860805860805868,0.03463932251811053,-0.24285714285714285,-0.12271062271062272,0.0020146520146520144,-0.04853479853479856,0.0,0.0,0.0,0.0,0.0,0.0,0,0,0,0,1,0,0,0,1,0,1,0
1952,0.17142857142857143,0.2901234567901234,0.4,0.2967032967032967,0.04395604395604396,0.2527472527472528,0.8857142857142857,0.09861227365269164,0.9222999222999223,0.13186813186813187,0.008791208791208793,0.01567242281527996,0.0761904761904762,0.257716049382716,0.0,0.3241758241758242,0.021245421245421246,0.19230769230769232,0.7333333333333333,0.04368358913813458,0.8176072076072075,0.22527472527472528,0.021245421245421243,0.042316413744985175,0.14432989690721648,0.04,0.22077922077922077,0.08602150537634409,0.6767676767676768,0.07317073170731707,1.2268041237113403,1.94,15,1.0,0.0,1.0,0.19972531276679015,0.3665771005660171,1,-0.015384615384615385,-0.007454397881156816,-0.04285714285714287,0.06593406593406592,0.003663003663003664,-0.0036630036630035945,0.00659340659340657,-0.011208969606290323,0.010841935841935824,-0.009157509157509153,-0.0012820512820512775,-0.002342895200038053,-0.0227106227106227,-0.03463932251811053,0.0,-0.009157509157509125,-0.003479853479853478,-0.0064102564102563875,0.0,0.0,0.0,0.0,0.0,0.0,0,0,1,0,1,0,0,0,1,0,1,0
1953,0.17142857142857143,0.2901234567901234,0.4,0.2967032967032967,0.04395604395604396,0.2527472527472528,0.8476190476190476,0.11498705302210512,0.8803774003774003,0.17582417582417584,0.011721611721611718,0.02047436690293833,0.10476190476190476,0.17999999999999997,0.0,0.29120879120879123,0.01684981684981685,0.14102564102564102,0.7333333333333333,0.04368358913813458,0.8176072076072075,0.22527472527472528,0.021245421245421243,0.042316413744985175,0.15053763440860216,0.03571428571428571,0.22077922077922077,0.12359550561797752,0.6767676767676768,0.07317073170731707,1.2688172043010753,1.94,15,0.0,0.0,0.0,0.20142899639233994,0.3674550055432661,1,0.0,0.0,0.0,0.0,0.0,0.0,-0.03809523809523807,0.016374779369413478,-0.041922521922521994,0.043956043956043966,0.002930402930402925,0.004801944087658369,0.028571428571428567,-0.07771604938271601,0.0,-0.03296703296703296,-0.004395604395604397,-0.051282051282051294,0.0,0.0,0.0,0.0,0.0,0.0,0,0,1,0,1,0,1,0,1,0,1,0
1954,0.175,0.2844444444444446,0.4238095238095238,0.3333333333333333,0.042261904761904764,0.24761904761904763,0.8166666666666667,0.13389690436053672,0.8702370546120546,0.20952380952380953,0.013095238095238096,0.025416065416065416,0.1,0.12124999999999994,0.0,0.34285714285714286,0.029166666666666667,0.2555555555555556,0.7333333333333333,0.04368358913813458,0.8176072076072075,0.22527472527472528,0.021245421245421243,0.042316413744985175,0.16666666666666666,0.03125,0.22077922077922077,0.1111111111111111,0.6767676767676768,0.07317073170731707,1.2718446601941749,1.94,16,1.0,0.0,1.0,0.18507048760054123,0.3342130999735071,1,0.0035714285714285587,-0.005679012345678802,0.02380952380952378,0.03663003663003661,-0.001694139194139195,-0.0051282051282051655,-0.030952380952380953,0.018909851338431607,-0.010140345765345726,0.03369963369963369,0.0013736263736263774,0.004941698513127087,-0.004761904761904759,-0.058750000000000024,0.0,0.05164835164835163,0.012316849816849818,0.11452991452991457,0.0,0.0,0.0,0.0,0.0,0.0,1,0,1,0,1,0,0,0,1,0,1,0
1955,0.21904761904761905,0.2655954631379961,0.47619047619047616,0.3241758241758242,0.05054945054945055,0.28571428571428575,0.9238095238095239,0.26000966395272973,0.9337033337033337,0.08791208791208792,0.00586080586080586,0.008721833721833723,0.08571428571428572,0.12345679012345673,0.0,0.3956043956043956,0.01611721611721612,0.18131868131868134,0.7619047619047619,0.08718750000000003,0.8570333370333371,0.27472527472527475,0.018315018315018316,0.07143729286586428,0.23711340206185566,0.03225806451612903,0.2875,0.08163265306122448,0.7878787878787878,0.047058823529411764,1.316326530612245,2.09,15,1.0,2.0,3.0,0.1791266426997279,0.3248914620027379,0,0.04404761904761906,-0.01884898130644852,0.05238095238095236,-0.009157509157509125,0.008287545787545786,0.038095238095238126,0.1071428571428572,0.126112759592193,0.06346627909127911,-0.12161172161172161,-0.007234432234432236,-0.016694231694231693,-0.01428571428571429,0.0022067901234567866,0.0,0.052747252747252726,-0.013049450549450548,-0.07423687423687425,0.02857142857142858,0.04350391086186545,0.03942612942612955,0.04945054945054947,-0.002930402930402927,0.029120879120879108,1,0,1,0,1,0,1,0,1,0,1,0
1956,0.2,0.4131944444444444,0.5610119047619048,0.3047619047619048,0.008333333333333335,0.10476190476190478,0.9333333333333333,0.2831430227884101,0.9488553113553114,0.0761904761904762,0.004761904761904762,0.007426647426647427,0.075,0.2421875,0.0,0.29523809523809524,0.015476190476190477,0.11904761904761905,0.7619047619047619,0.08718750000000003,0.8570333370333371,0.27472527472527475,0.018315018315018316,0.07143729286586428,0.21428571428571427,0.03125,0.2875,0.07079646017699115,0.7878787878787878,0.047058823529411764,1.2831858407079646,2.09,16,1.0,0.0,1.0,0.16956258340776678,0.31539787465038494,1,-0.019047619047619035,0.14759898130644833,0.0848214285714286,-0.0194139194139194,-0.04221611721611722,-0.18095238095238098,0.00952380952380949,0.02313335883568035,0.015151977651977733,-0.011721611721611722,-0.0010989010989010976,-0.0012951862951862958,-0.010714285714285718,0.11873070987654327,0.0,-0.10036630036630034,-0.0006410256410256422,-0.062271062271062286,0.0,0.0,0.0,0.0,0.0,0.0,0,0,0,0,1,0,1,0,1,0,1,0
1957,0.2,0.32539682539682535,0.5206349206349207,0.34615384615384615,0.009523809523809525,0.1208791208791209,0.9523809523809523,0.21669265844563468,0.9558441558441558,0.054945054945054944,0.0036630036630036634,0.004828504828504829,0.0761904761904762,0.3195266272189349,0.0,0.3241758241758242,0.0336996336996337,0.2417582417582418,0.7619047619047619,0.08718750000000003,0.8570333370333371,0.27472527472527475,0.018315018315018316,0.07143729286586428,0.21,0.03571428571428571,0.2875,0.06930693069306931,0.7878787878787878,0.047058823529411764,1.2772277227722773,2.09,15,0.0,1.0,1.0,0.17102825071327332,0.3151050360003766,1,0.0,-0.08779761904761907,-0.040376984126984095,0.041391941391941356,0.0011904761904761897,0.016117216117216115,0.01904761904761898,-0.0664503643427754,0.0069888444888444035,-0.021245421245421253,-0.001098901098901099,-0.0025981425981425983,0.0011904761904762001,0.07733912721893488,0.0,0.028937728937728946,0.01822344322344322,0.12271062271062273,0.0,0.0,0.0,0.0,0.0,0.0,0,0,0,0,1,0,1,0,1,0,1,0
1958,0.2,0.31605857846231533,0.5226190476190476,0.38095238095238093,0.010714285714285714,0.13333333333333336,0.85,0.1401942384012343,0.9016483516483517,0.17142857142857143,0.010714285714285716,0.019508692365835228,0.09166666666666666,0.22193877551020397,0.0,0.2761904761904762,0.03511904761904762,0.16666666666666669,0.7619047619047619,0.08718750000000003,0.8570333370333371,0.27472527472527475,0.018315018315018316,0.07143729286586428,0.18867924528301888,0.029411764705882353,0.2875,0.08653846153846154,0.7878787878787878,0.047058823529411764,1.280373831775701,2.09,16,1.0,0.0,1.0,0.1594680278636524,0.2888710657071717,1,0.0,-0.00933824693451002,0.001984126984126977,0.034798534798534786,0.0011904761904761897,0.012454212454212465,-0.10238095238095235,-0.07649842004440038,-0.054195804195804165,0.11648351648351649,0.007051282051282052,0.0146801875373304,0.015476190476190463,-0.09758785170873091,0.0,-0.04798534798534798,0.0014194139194139213,-0.0750915750915751,0.0,0.0,0.0,0.0,0.0,0.0,0,0,1,0,1,0,0,0,0,0,1,0
1959,0.2,0.3293684337640381,0.5226190476190476,0.38095238095238093,0.010714285714285714,0.13333333333333336,0.8916666666666667,0.14394839772486503,0.9146388333888333,0.12380952380952381,0.007738095238095238,0.012113072113072113,0.09166666666666666,0.24952741020793956,0.0,0.2761904761904762,0.03511904761904762,0.16666666666666669,0.7619047619047619,0.08718750000000003,0.8570333370333371,0.27472527472527475,0.018315018315018316,0.07143729286586428,0.18018018018018017,0.0,0.2875,0.08256880733944955,0.7878787878787878,0.047058823529411764,1.2566371681415929,2.09,16,0.0,0.0,0.0,0.15708213017412095,0.28058089444598233,1,0.0,0.013309855301722795,0.0,0.0,0.0,0.0,0.04166666666666674,0.0037541593236307402,0.012990481740481674,-0.047619047619047616,-0.0029761904761904778,-0.007395620252763115,0.0,0.027588634697735592,0.0,0.0,0.0,0.0,0.0,0.0,0.0,0.0,0.0,0.0,0,0,1,0,1,0,0,0,1,0,1,0
1960,0.22857142857142856,0.3293684337640381,0.5574603174603175,0.3956043956043956,0.013186813186813187,0.15384615384615385,0.7428571428571429,0.09651482080432658,0.831053391053391,0.21428571428571427,0.009523809523809523,0.01741710670282099,0.10476190476190476,0.2208,0.0,0.37362637362637363,0.021245421245421246,0.19230769230769232,0.8952380952380953,0.018503847894975084,0.922020202020202,0.12087912087912088,0.008058608058608056,0.015808001522287236,0.1724137931034483,0.0,0.2553191489361702,0.12658227848101267,0.7029702970297029,0.08247422680412371,1.2840909090909092,2.0294117647058822,15,0.0,1.0,1.0,0.15634629933743377,0.27021158006269036,0,0.028571428571428553,0.0,0.034841269841269895,0.014652014652014655,0.0024725274725274724,0.020512820512820495,-0.14880952380952384,-0.047433576920538456,-0.0835854423354423,0.09047619047619046,0.0017857142857142846,0.005304034589748877,0.013095238095238104,-0.028727410207939563,0.0,0.09743589743589742,-0.013873626373626373,0.025641025641025633,0.13333333333333341,-0.06868365210502494,0.0649868649868649,-0.15384615384615385,-0.01025641025641026,-0.055629291343577046,1,0,1,0,1,0,0,0,1,0,1,0
1961,0.22857142857142856,0.3293684337640381,0.5574603174603175,0.3956043956043956,0.013186813186813187,0.15384615384615385,0.780952380952381,0.10637891805808371,0.8542346542346542,0.17032967032967034,0.006593406593406594,0.010561660561660562,0.17142857142857143,0.30810546875,0.0,0.3791208791208791,0.04835164835164835,0.34065934065934067,0.8952380952380953,0.018503847894975084,0.922020202020202,0.12087912087912088,0.008058608058608056,0.015808001522287236,0.16483516483516483,0.0,0.2553191489361702,0.17647058823529413,0.7029702970297029,0.08247422680412371,1.3191489361702127,2.0294117647058822,15,0.0,0.0,0.0,0.15427904921503155,0.2683629084078889,1,0.0,0.0,0.0,0.0,0.0,0.0,0.03809523809523807,0.009864097253757129,0.023181263181263123,-0.04395604395604394,-0.0029304029304029287,-0.006855446141160428,0.06666666666666667,0.08730546875,0.0,0.005494505494505475,0.027106227106227107,0.14835164835164835,0.0,0.0,0.0,0.0,0.0,0.0,0,0,1,0,1,0,1,0,1,0,1,0
1962,0.41904761904761906,0.1611990702162186,0.6758056758056757,0.5054945054945055,0.0380952380952381,0.3095238095238096,0.7714285714285715,0.10973840942085222,0.8471354571354571,0.1813186813186813,0.007326007326007325,0.012210012210012208,0.17142857142857143,0.26594345825115057,0.0,0.2967032967032967,0.0358974358974359,0.21520146520146521,0.8952380952380953,0.018503847894975084,0.922020202020202,0.12087912087912088,0.008058608058608056,0.015808001522287236,0.358695652173913,0.16981132075471697,0.2553191489361702,0.16470588235294117,0.7029702970297029,0.08247422680412371,1.5052631578947369,2.0294117647058822,15,0.0,0.0,0.0,0.15571116293336518,0.2686392771014027,1,0.1904761904761905,-0.16816936354781953,0.1183453583453582,0.10989010989010989,0.02490842490842491,0.15567765567765574,-0.00952380952380949,0.003359491362768516,-0.007099197099197041,0.010989010989010978,0.0007326007326007309,0.001648351648351646,0.0,-0.042162010498849434,0.0,-0.0824175824175824,-0.012454212454212452,-0.12545787545787546,0.0,0.0,0.0,0.0,0.0,0.0,0,0,1,0,1,0,0,0,1,0,1,0
1963,0.41904761904761906,0.1611990702162186,0.6758056758056757,0.5054945054945055,0.0380952380952381,0.3095238095238096,0.7619047619047619,0.10752456681096284,0.8389432789432789,0.19230769230769232,0.00805860805860806,0.013819513819513818,0.19047619047619047,0.3236884802595998,0.0,0.19230769230769232,0.08058608058608059,0.23186813186813185,0.8952380952380953,0.018503847894975084,0.922020202020202,0.12087912087912088,0.008058608058608056,0.015808001522287236,0.3626373626373626,0.16363636363636364,0.2553191489361702,0.19047619047619047,0.7029702970297029,0.08247422680412371,1.5319148936170213,2.0294117647058822,15,0.0,0.0,0.0,0.1532045723831341,0.26617023893522945,1,0.0,0.0,0.0,0.0,0.0,0.0,-0.009523809523809601,-0.0022138426098893826,-0.008192178192178212,0.010989010989011005,0.0007326007326007343,0.00160950160950161,0.019047619047619035,0.05774502200844922,0.0,-0.10439560439560439,0.04468864468864469,0.016666666666666635,0.0,0.0,0.0,0.0,0.0,0.0,1,0,1,0,1,0,0,0,1,0,1,0
1964,0.41904761904761906,0.1611990702162186,0.6758056758056757,0.5054945054945055,0.0380952380952381,0.3095238095238096,0.780952380952381,0.09135816962619488,0.8643201243201244,0.17032967032967034,0.006593406593406595,0.011294261294261296,0.12380952380952381,0.33516988062442604,0.12444444444444444,0.2692307692307692,0.042490842490842486,0.2161172161172161,0.8952380952380953,0.018503847894975084,0.922020202020202,0.12087912087912088,0.008058608058608056,0.015808001522287236,0.3548387096774194,0.11764705882352941,0.2553191489361702,0.10465116279069768,0.7029702970297029,0.08247422680412371,1.4631578947368422,2.0294117647058822,15,0.0,0.0,0.0,0.1504256887012635,0.2609597714670668,1,0.0,0.0,0.0,0.0,0.0,0.0,0.01904761904761909,-0.016166397184767964,0.02537684537684548,-0.021978021978021983,-0.0014652014652014643,-0.0025252525252525224,-0.06666666666666665,0.011481400364826255,0.12444444444444444,0.0769230769230769,-0.038095238095238106,-0.01575091575091575,0.0,0.0,0.0,0.0,0.0,0.0,0,0,1,0,1,0,1,0,1,0,1,0
1965,0.22857142857142856,0.3293684337640381,0.5574603174603175,0.3956043956043956,0.013186813186813187,0.15384615384615385,0.7714285714285715,0.09910219076581557,0.8540766640766642,0.1813186813186813,0.007326007326007326,0.0126984126984127,0.10476190476190476,0.46639999999999987,0.1,0.2087912087912088,0.05714285714285715,0.28571428571428575,0.9142857142857143,0.007758246527777762,0.9373049173049174,0.0989010989010989,0.006593406593406593,0.011809618952476094,0.16666666666666666,0.029411764705882353,0.25,0.08235294117647059,0.7352941176470589,0.09183673469387756,1.2473118279569892,2.058252427184466,15,0.0,0.0,0.0,0.15019299527146274,0.2617227417352241,0,-0.1904761904761905,0.16816936354781953,-0.1183453583453582,-0.10989010989010989,-0.02490842490842491,-0.15567765567765574,-0.00952380952380949,0.007744021139620694,-0.010243460243460234,0.010989010989010978,0.0007326007326007309,0.0014041514041514044,-0.01904761904761905,0.13123011937557383,-0.024444444444444435,-0.06043956043956042,0.014652014652014662,0.06959706959706966,0.01904761904761898,-0.010745601367197322,0.015284715284715422,-0.021978021978021983,-0.0014652014652014626,-0.003998382569811143,0,0,1,0,1,0,0,0,1,0,1,0
1966,0.24175824175824176,0.24843954129772094,0.4306122448979592,0.4358974358974359,0.01556776556776557,0.1794871794871795,0.7802197802197802,0.10109263582834213,0.8599309420737992,0.16666666666666666,0.00641025641025641,0.010948310948310948,0.0989010989010989,0.40476190476190477,0.10714285714285714,0.24358974358974358,0.0521978021978022,0.24358974358974358,0.9142857142857143,0.007758246527777762,0.9373049173049174,0.0989010989010989,0.006593406593406593,0.011809618952476094,0.19230769230769232,0.03333333333333333,0.25,0.06666666666666667,0.7352941176470589,0.09183673469387756,1.2592592592592593,2.058252427184466,14,0.0,1.0,1.0,0.15777829843469876,0.27264125292720626,1,0.013186813186813195,-0.08092889246631718,-0.12684807256235836,0.040293040293040316,0.002380952380952383,0.025641025641025633,0.00879120879120876,0.0019904450625265607,0.0058542779971350045,-0.014652014652014655,-0.000915750915750916,-0.001750101750101752,-0.005860805860805868,-0.0616380952380951,0.007142857142857131,0.034798534798534786,-0.004945054945054948,-0.04212454212454217,0.0,0.0,0.0,0.0,0.0,0.0,1,0,1,0,1,0,0,0,1,0,1,0
1967,0.20952380952380953,0.24843954129772094,0.4019047619047619,0.4175824175824176,0.012454212454212453,0.15384615384615385,0.780952380952381,0.12598723119138755,0.864014504014504,0.17032967032967034,0.006593406593406594,0.01216204430490145,0.08571428571428572,0.31207133058984904,0.1,0.23076923076923078,0.02490842490842491,0.13736263736263737,0.9142857142857143,0.007758246527777762,0.9373049173049174,0.0989010989010989,0.006593406593406593,0.011809618952476094,0.16853932584269662,0.03333333333333333,0.25,0.07058823529411765,0.7352941176470589,0.09183673469387756,1.2417582417582418,2.058252427184466,15,1.0,0.0,1.0,0.1538658199921108,0.2699221302181969,1,-0.03223443223443223,0.0,-0.02870748299319731,-0.018315018315018305,-0.0031135531135531164,-0.025641025641025633,0.00073260073260073,0.02489459536304542,0.004083561940704805,0.0036630036630036777,0.00018315018315018423,0.0012137333565905017,-0.013186813186813182,-0.09269057417205573,-0.007142857142857131,-0.012820512820512803,-0.02728937728937729,-0.10622710622710621,0.0,0.0,0.0,0.0,0.0,0.0,0,0,0,0,1,0,1,0,1,0,1,0
1968,0.20952380952380953,0.24843954129772094,0.4019047619047619,0.4175824175824176,0.012454212454212453,0.15384615384615385,0.8,0.12599011823717038,0.8706682206682206,0.14835164835164835,0.005128205128205128,0.00815018315018315,0.09523809523809523,0.20931952662721895,0.12444444444444444,0.3021978021978022,0.030036630036630037,0.15384615384615385,0.9142857142857143,0.007758246527777762,0.9373049173049174,0.0989010989010989,0.006593406593406593,0.011809618952476094,0.16483516483516483,0.03225806451612903,0.25,0.08045977011494253,0.7352941176470589,0.09183673469387756,1.2473118279569892,2.058252427184466,15,0.0,0.0,0.0,0.1522178473186403,0.2625993516989791,1,0.0,0.0,0.0,0.0,0.0,0.0,0.01904761904761909,2.8870457828289453e-06,0.006653716653716613,-0.021978021978021983,-0.001465201465201466,-0.004011861154718299,0.009523809523809518,-0.10275180396263009,0.024444444444444435,0.0714285714285714,0.005128205128205127,0.01648351648351648,0.0,0.0,0.0,0.0,0.0,0.0,0,0,1,0,1,0,0,0,1,0,1,0
1969,0.20952380952380953,0.24843954129772094,0.4019047619047619,0.4175824175824176,0.012454212454212453,0.15384615384615385,0.8095238095238095,0.14137936867251363,0.8852369852369854,0.13736263736263737,0.004395604395604396,0.007234432234432235,0.09523809523809523,0.2462277091906722,0.12444444444444444,0.3021978021978022,0.030036630036630037,0.15384615384615385,0.9142857142857143,0.007758246527777762,0.9373049173049174,0.0989010989010989,0.006593406593406593,0.011809618952476094,0.16304347826086957,0.03225806451612903,0.25,0.09195402298850575,0.7352941176470589,0.09183673469387756,1.2580645161290323,2.058252427184466,15,0.0,0.0,0.0,0.15073089941695916,0.2568402996955426,1,0.0,0.0,0.0,0.0,0.0,0.0,0.00952380952380949,0.015389250435343255,0.01456876456876477,-0.010989010989010978,-0.0007326007326007326,-0.000915750915750916,0.0,0.03690818256345324,0.0,0.0,0.0,0.0,0.0,0.0,0.0,0.0,0.0,0.0,0,0,1,0,1,0,1,0,1,0,1,0
1970,0.21666666666666667,0.2988206729101631,0.4787698412698413,0.5142857142857142,0.05773809523809524,0.39999999999999997,0.825,0.16212913963350628,0.8922903485403485,0.12380952380952381,0.003571428571428571,0.005574795574795574,0.08333333333333333,0.2922437673130194,0.11666666666666667,0.2857142857142857,0.024404761904761908,0.13333333333333336,0.925,0.0,0.9351558164058164,0.08571428571428572,0.005357142857142857,0.007973719402290831,0.19047619047619047,0.02857142857142857,0.23423423423423423,0.06862745098039216,0.8103448275862069,0.08035714285714286,1.2616822429906542,2.1025641025641026,16,1.0,0.0,1.0,0.1420379779136527,0.234032666950916,0,0.007142857142857145,0.050381131612442176,0.07686507936507941,0.09670329670329664,0.04528388278388279,0.2461538461538461,0.015476190476190421,0.020749770960992647,0.007053363303363147,-0.01355311355311356,-0.0008241758241758247,-0.0016596366596366603,-0.011904761904761904,0.046016058122347187,-0.007777777777777772,-0.01648351648351648,-0.005631868131868129,-0.020512820512820495,0.010714285714285787,-0.007758246527777762,-0.0021491008991010307,-0.013186813186813182,-0.0012362637362637362,-0.003835899550185262,1,0,1,0,1,0,1,0,1,0,1,0
1971,0.21904761904761905,0.2584971803078798,0.3282539682539683,0.4065934065934066,0.06446886446886448,0.3296703296703297,0.7142857142857143,0.17503522494839,0.8336700336700337,0.16483516483516483,0.002197802197802198,0.003196803196803197,0.06666666666666667,0.21074380165289244,0.1,0.25274725274725274,0.015384615384615385,0.1208791208791209,0.925,0.0,0.9351558164058164,0.08571428571428572,0.005357142857142857,0.007973719402290831,0.20987654320987653,0.034482758620689655,0.23423423423423423,0.06493506493506493,0.8103448275862069,0.08035714285714286,1.2804878048780488,2.1025641025641026,15,1.0,2.0,3.0,0.14437154722980727,0.2297061888282287,1,0.0023809523809523725,-0.040323492602283295,-0.150515873015873,-0.10769230769230764,0.006730769230769235,-0.07032967032967025,-0.11071428571428565,0.012906085314883714,-0.05862031487031483,0.04102564102564102,-0.001373626373626373,-0.0023779923779923776,-0.016666666666666663,-0.08149996566012693,-0.016666666666666663,-0.03296703296703296,-0.009020146520146523,-0.012454212454212465,0.0,0.0,0.0,0.0,0.0,0.0,0,0,0,0,0,0,0,0,0,0,0,0
1972,0.25274725274725274,0.2584971803078798,0.3517006802721089,0.4230769230769231,0.08058608058608059,0.3846153846153846,0.8241758241758241,0.18378420066476114,0.8932178932178932,0.11538461538461539,0.002747252747252747,0.003729603729603729,0.04395604395604396,0.0546875,0.0,0.1282051282051282,0.009157509157509156,0.05128205128205128,0.925,0.0,0.9351558164058164,0.08571428571428572,0.005357142857142857,0.007973719402290831,0.20987654320987653,0.0,0.23423423423423423,0.039473684210526314,0.8103448275862069,0.08035714285714286,1.2439024390243902,2.1025641025641026,14,0.0,1.0,1.0,0.14603277052027727,0.23216081740494368,1,0.03369963369963369,0.0,0.02344671201814058,0.01648351648351648,0.016117216117216115,0.05494505494505486,0.10989010989010983,0.008748975716371149,0.05954785954785957,-0.04945054945054944,0.0005494505494505492,0.0005328005328005324,-0.022710622710622706,-0.15605630165289244,-0.1,-0.12454212454212454,-0.006227106227106229,-0.06959706959706961,0.0,0.0,0.0,0.0,0.0,0.0,0,0,0,0,0,0,0,0,0,0,0,0
1973,0.25274725274725274,0.2584971803078798,0.3517006802721089,0.4230769230769231,0.08058608058608059,0.3846153846153846,0.8351648351648352,0.17689921557187582,0.9038961038961039,0.10256410256410256,0.0018315018315018315,0.002331002331002331,0.03296703296703297,0.0714285714285714,0.0,0.14102564102564102,0.003663003663003663,0.02564102564102564,0.925,0.0,0.9351558164058164,0.08571428571428572,0.005357142857142857,0.007973719402290831,0.2073170731707317,0.0,0.23423423423423423,0.039473684210526314,0.8103448275862069,0.08035714285714286,1.2439024390243902,2.1025641025641026,14,0.0,0.0,0.0,0.14307921528950326,0.22871084853861778,1,0.0,0.0,0.0,0.0,0.0,0.0,0.010989010989011061,-0.006884985092885321,0.01067821067821062,-0.01282051282051283,-0.0009157509157509155,-0.0013986013986013982,-0.010989010989010992,0.016741071428571397,0.0,0.01282051282051283,-0.005494505494505493,-0.02564102564102564,0.0,0.0,0.0,0.0,0.0,0.0,0,0,0,0,1,0,0,0,0,0,0,0
1974,0.21666666666666667,0.3376112845415655,0.42569444444444443,0.5142857142857142,0.07500000000000001,0.5142857142857143,0.8333333333333334,0.1757905352027656,0.8999542124542125,0.11428571428571428,0.0029761904761904765,0.004415584415584416,0.03333333333333333,0.0,0.14583333333333334,0.19047619047619047,0.0011904761904761906,0.01904761904761905,0.925,0.0,0.9351558164058164,0.08571428571428572,0.005357142857142857,0.007973719402290831,0.18867924528301888,0.034482758620689655,0.23423423423423423,0.0196078431372549,0.8103448275862069,0.08035714285714286,1.2149532710280373,2.1025641025641026,16,2.0,0.0,2.0,0.13493807366475186,0.22400638064264397,1,-0.03608058608058606,0.0791141042336857,0.07399376417233555,0.09120879120879116,-0.00558608058608058,0.12967032967032976,-0.001831501831501825,-0.0011086803691102154,-0.0039418914418913875,0.011721611721611722,0.001144688644688645,0.002084582084582085,0.000366300366300365,-0.0714285714285714,0.14583333333333334,0.04945054945054944,-0.0024725274725274724,-0.006593406593406591,0.0,0.0,0.0,0.0,0.0,0.0,0,0,0,0,1,0,0,0,0,0,1,0
1975,0.20588235294117646,0.3294717823360612,0.4422459893048128,0.5458333333333333,0.0715686274509804,0.525,0.8455882352941176,0.18053395161025215,0.9075630252100839,0.10416666666666667,0.002450980392156863,0.003472222222222222,0.022058823529411766,0.08000000000000002,0.0,0.11666666666666667,0.00196078431372549,0.016666666666666666,0.9191176470588235,0.009951999999999905,0.9276718379659555,0.09166666666666666,0.005392156862745098,0.007748501498501498,0.18181818181818182,0.03333333333333333,0.224,0.017241379310344827,0.7910447761194029,0.024,1.2066115702479339,2.0223880597014925,17,1.0,0.0,1.0,0.1326238490692338,0.2311727330936315,0,-0.010784313725490213,-0.008139502205504301,0.01655154486036836,0.03154761904761905,-0.0034313725490196095,0.010714285714285676,0.01225490196078427,0.004743416407486545,0.007608812755871441,-0.01011904761904761,-0.0005252100840336133,-0.000943362193362194,-0.011274509803921567,0.08000000000000002,-0.14583333333333334,-0.0738095238095238,0.0007703081232492996,-0.002380952380952383,-0.005882352941176561,0.009951999999999905,-0.007483978439860817,0.005952380952380945,3.501400560224077e-05,-0.00022521790378933308,0,0,1,0,1,0,0,0,0,0,1,0
1976,0.20588235294117646,0.3294717823360612,0.4422459893048128,0.5458333333333333,0.0715686274509804,0.525,0.8455882352941176,0.17529564327153674,0.9090713208360267,0.10416666666666667,0.002450980392156863,0.0036713286713286712,0.029411764705882353,0.0,0.0,0.17916666666666667,0.00392156862745098,0.041666666666666664,0.9191176470588235,0.009951999999999905,0.9276718379659555,0.09166666666666666,0.005392156862745098,0.007748501498501498,0.18181818181818182,0.03225806451612903,0.224,0.00847457627118644,0.7910447761194029,0.024,1.1951219512195121,2.0223880597014925,17,0.0,0.0,0.0,0.13269361555766668,0.23361533127403394,1,0.0,0.0,0.0,0.0,0.0,0.0,0.0,-0.005238308338715414,0.0015082956259427904,0.0,0.0,0.0001991064491064492,0.007352941176470586,-0.08000000000000002,0.0,0.0625,0.00196078431372549,0.024999999999999998,0.0,0.0,0.0,0.0,0.0,0.0,0,0,1,0,1,0,0,0,1,0,1,0
1977,0.22875816993464052,0.285808711745654,0.47308802308802306,0.5367647058823529,0.06454248366013073,0.4901960784313726,0.8627450980392157,0.18876864511499875,0.9198412698412698,0.08823529411764706,0.0016339869281045752,0.002222042663219134,0.032679738562091505,0.3194444444444443,0.0,0.16176470588235295,0.005718954248366013,0.051470588235294115,0.9191176470588235,0.009951999999999905,0.9276718379659555,0.09166666666666666,0.005392156862745098,0.007748501498501498,0.2014388489208633,0.02564102564102564,0.224,0.022388059701492536,0.7910447761194029,0.024,1.2285714285714286,2.0223880597014925,18,1.0,0.0,1.0,0.12890657038340736,0.22866227427878627,1,0.022875816993464054,-0.04366307059040725,0.030842033783210265,-0.00906862745098036,-0.007026143790849676,-0.03480392156862744,0.01715686274509809,0.013473001843462007,0.010769949005243085,-0.015931372549019607,-0.0008169934640522879,-0.001449286008109537,0.0032679738562091526,0.3194444444444443,0.0,-0.01740196078431372,0.0017973856209150324,0.00980392156862745,0.0,0.0,0.0,0.0,0.0,0.0,1,0,1,0,1,0,0,0,1,0,1,0
1978,0.20588235294117646,0.3294717823360612,0.4422459893048128,0.5458333333333333,0.0715686274509804,0.525,0.8676470588235294,0.18795530500832774,0.9251454427925015,0.07916666666666666,0.0009803921568627449,0.0011904761904761904,0.03676470588235294,0.07499999999999998,0.0,0.24166666666666667,0.006372549019607843,0.075,0.9191176470588235,0.009951999999999905,0.9276718379659555,0.09166666666666666,0.005392156862745098,0.007748501498501498,0.18699186991869918,0.03125,0.224,0.025,0.7910447761194029,0.024,1.208,2.0223880597014925,17,0.0,1.0,1.0,0.13149703656491385,0.22910060622184295,1,-0.022875816993464054,0.04366307059040725,-0.030842033783210265,0.00906862745098036,0.007026143790849676,0.03480392156862744,0.004901960784313708,-0.0008133401066710011,0.005304172951231756,-0.009068627450980402,-0.0006535947712418303,-0.0010315664727429438,0.004084967320261437,-0.24444444444444433,0.0,0.07990196078431372,0.0006535947712418303,0.023529411764705882,0.0,0.0,0.0,0.0,0.0,0.0,0,0,0,0,1,0,1,0,1,0,1,0
1979,0.21666666666666667,0.3376112845415655,0.42569444444444443,0.5142857142857142,0.07500000000000001,0.5142857142857143,0.8666666666666667,0.20696301679119533,0.9285714285714286,0.0761904761904762,0.0005952380952380953,0.0007326007326007327,0.041666666666666664,0.0416666666666667,0.0,0.18095238095238095,0.009523809523809525,0.0761904761904762,0.9191176470588235,0.009951999999999905,0.9276718379659555,0.09166666666666666,0.005392156862745098,0.007748501498501498,0.1926605504587156,0.06896551724137931,0.224,0.04807692307692308,0.7910447761194029,0.024,1.238532110091743,2.0223880597014925,16,0.0,1.0,1.0,0.1324219424349968,0.22827360898723978,1,0.010784313725490213,0.008139502205504301,-0.01655154486036836,-0.03154761904761905,0.0034313725490196095,-0.010714285714285676,-0.0009803921568627416,0.019007711782867587,0.0034259857789270542,-0.0029761904761904656,-0.0003851540616246496,-0.00045787545787545766,0.004901960784313722,-0.033333333333333284,0.0,-0.06071428571428572,0.0031512605042016816,0.0011904761904762001,0.0,0.0,0.0,0.0,0.0,0.0,0,0,1,0,1,0,0,0,1,0,1,0
1980,0.19852941176470587,0.3465368945224084,0.3986928104575163,0.48333333333333334,0.07549019607843137,0.49166666666666664,0.8455882352941176,0.2029050552827528,0.9092867916397328,0.10416666666666667,0.002450980392156863,0.0037470862470862475,0.08088235294117647,0.1799307958477508,0.12044817927170867,0.4041666666666667,0.034313725490196074,0.31666666666666665,0.9485294117647058,0.0,0.9564264167205344,0.058333333333333334,0.003431372549019608,0.0048570873570873575,0.17355371900826447,0.08571428571428572,0.20930232558139536,0.07692307692307693,0.8208955223880597,0.08527131782945736,1.2439024390243902,2.1044776119402986,17,1.0,0.0,1.0,0.12828721486433073,0.22779341401822456,0,-0.018137254901960803,0.008925609980842852,-0.02700163398692812,-0.030952380952380898,0.0004901960784313569,-0.022619047619047705,-0.021078431372549056,-0.004057961508442537,-0.019284636931695798,0.027976190476190474,0.0018557422969187679,0.003014485514485515,0.03921568627450981,0.1382641291810841,0.12044817927170867,0.22321428571428573,0.02478991596638655,0.24047619047619045,0.02941176470588236,-0.009951999999999905,0.028754578754578874,-0.033333333333333326,-0.00196078431372549,-0.002891414141414141,0,0,1,0,1,0,0,0,1,0,1,0
1981,0.22794117647058823,0.26736627770381394,0.46937441643323996,0.45,0.05735294117647059,0.375,0.8529411764705882,0.1783326365748299,0.9139409609997845,0.09583333333333334,0.00196078431372549,0.0027874902874902873,0.08088235294117647,0.2577160493827161,0.12044817927170867,0.4041666666666667,0.034313725490196074,0.31666666666666665,0.9485294117647058,0.0,0.9564264167205344,0.058333333333333334,0.003431372549019608,0.0048570873570873575,0.1951219512195122,0.05,0.20930232558139536,0.07627118644067797,0.8208955223880597,0.08527131782945736,1.264,2.1044776119402986,17,0.0,0.0,0.0,0.13080545636926608,0.2291886483105995,1,0.02941176470588236,-0.07917061681859444,0.07068160597572365,-0.033333333333333326,-0.018137254901960775,-0.11666666666666664,0.007352941176470562,-0.0245724187079229,0.0046541693600516965,-0.008333333333333331,-0.000490196078431373,-0.0009595959595959601,0.0,0.07778525353496529,0.0,0.0,0.0,0.0,0.0,0.0,0.0,0.0,0.0,0.0,1,0,1,0,1,0,1,0,1,0,1,0
1982,0.21052631578947367,0.2546161321671525,0.4502380952380952,0.4678362573099415,0.04064327485380116,0.36062378167641324,0.8473684210526315,0.1864591799343915,0.9107026143790848,0.1111111111111111,0.002923976608187134,0.005027720817194501,0.06842105263157895,0.3718820861678005,0.06845238095238096,0.391812865497076,0.025438596491228073,0.28654970760233917,0.9485294117647058,0.0,0.9564264167205344,0.058333333333333334,0.003431372549019608,0.0048570873570873575,0.1893491124260355,0.0392156862745098,0.20930232558139536,0.06748466257668712,0.8208955223880597,0.08527131782945736,1.2514619883040936,2.1044776119402986,20,3.0,0.0,3.0,0.1206657951207859,0.22482741857838218,1,-0.017414860681114558,-0.012750145536661428,-0.019136321195144745,0.017836257309941483,-0.01670966632266943,-0.014376218323586765,-0.005572755417956654,0.008126543359561617,-0.0032383466206996614,0.015277777777777765,0.0009631922944616437,0.0022402305297042134,-0.012461300309597523,0.11416603678508441,-0.05199579831932771,-0.012353801169590672,-0.008875128998968002,-0.030116959064327486,0.0,0.0,0.0,0.0,0.0,0.0,0,0,0,0,1,0,0,0,0,0,1,0
1983,0.24836601307189543,0.23288566973492275,0.503968253968254,0.4485294117647059,0.05228758169934641,0.3602941176470588,0.8431372549019608,0.1850773746439915,0.9044797794797795,0.11029411764705882,0.0028594771241830064,0.0043534896476072945,0.032679738562091505,0.39669421487603307,0.0,0.22794117647058823,0.0024509803921568627,0.044117647058823525,0.9485294117647058,0.0,0.9564264167205344,0.058333333333333334,0.003431372549019608,0.0048570873570873575,0.21897810218978103,0.0,0.20930232558139536,0.022900763358778626,0.8208955223880597,0.08527131782945736,1.2374100719424461,2.1044776119402986,18,0.0,2.0,2.0,0.12851616140992597,0.23182359880107378,1,0.03783969728242176,-0.021730462432229758,0.05373015873015874,-0.019306845545235596,0.011644306845545245,-0.0003296640293544151,-0.004231166150670762,-0.0013818052904000233,-0.006222834899305307,-0.0008169934640522847,-6.449948400412756e-05,-0.0006742311695872062,-0.03574131406948745,0.024812128708232573,-0.06845238095238096,-0.16387168902648777,-0.022987616099071212,-0.24243206054351563,0.0,0.0,0.0,0.0,0.0,0.0,0,0,1,0,1,0,0,0,0,0,1,0
1984,0.20526315789473684,0.24949875299525653,0.4519047619047619,0.4152046783625731,0.04590643274853801,0.3157894736842105,0.8315789473684211,0.19129813357426254,0.9003349673202614,0.1286549707602339,0.003801169590643274,0.006799048904312061,0.09473684210526316,0.4135802469135802,0.2261904761904762,0.30409356725146197,0.026900584795321637,0.2222222222222222,0.9485294117647058,0.0,0.9564264167205344,0.058333333333333334,0.003431372549019608,0.0048570873570873575,0.17964071856287425,0.017857142857142856,0.20930232558139536,0.07317073170731707,0.8208955223880597,0.08527131782945736,1.2427745664739884,2.1044776119402986,20,2.0,0.0,2.0,0.12196114066584773,0.22371739983670688,1,-0.04310285517715859,0.016613083260333783,-0.052063492063492034,-0.03332473340213282,-0.0063811489508083935,-0.04450464396284831,-0.011558307533539702,0.0062207589302710475,-0.004144812159518119,0.01836085311317509,0.0009416924664602676,0.0024455592567047667,0.062057103543171656,0.016886032037547127,0.2261904761904762,0.07615239078087374,0.024449604403164772,0.17810457516339867,0.0,0.0,0.0,0.0,0.0,0.0,0,0,1,0,1,0,0,0,1,0,1,0
1985,0.2222222222222222,0.24132116643523116,0.4774436090225564,0.434640522875817,0.044031647746818024,0.32026143790849676,0.8596491228070176,0.18814865664633795,0.9164344685242519,0.09477124183006536,0.0020639834881320948,0.0029866647513706337,0.1286549707602339,0.29430670339761245,0.3169590643274854,0.4150326797385621,0.032679738562091505,0.257516339869281,0.9532163742690059,0.0,0.9582761579665605,0.05228758169934641,0.002751977984176127,0.0036860470684000096,0.1935483870967742,0.01694915254237288,0.2331288343558282,0.10457516339869281,0.8674698795180723,0.10119047619047619,1.2857142857142858,2.176470588235294,19,0.0,1.0,1.0,0.12768148269977794,0.23376270271543562,0,0.016959064327485368,-0.008177586560025374,0.025538847117794472,0.019435844513243927,-0.001874785001719989,0.004471964224286251,0.028070175438596467,-0.0031494769279245827,0.016099501203990507,-0.033883728930168555,-0.0017371861025111792,-0.0038123841529414276,0.03391812865497075,-0.11927354351596775,0.09076858813700919,0.11093911248710014,0.0057791537667698685,0.03529411764705881,0.004686962504300007,0.0,0.0018497412460261042,-0.0060457516339869274,-0.0006793945648434808,-0.0011710402886873478,1,0,1,0,1,0,0,0,1,0,1,0
1986,0.24836601307189543,0.23288566973492275,0.503968253968254,0.4485294117647059,0.05228758169934641,0.3602941176470588,0.8496732026143791,0.17940375125361446,0.9074684574684575,0.10294117647058823,0.0024509803921568627,0.0034879336349924583,0.06535947712418301,0.4930795847750865,0.0,0.25735294117647056,0.034722222222222224,0.2647058823529412,0.9532163742690059,0.0,0.9582761579665605,0.05228758169934641,0.002751977984176127,0.0036860470684000096,0.22627737226277372,0.043478260869565216,0.2331288343558282,0.05263157894736842,0.8674698795180723,0.10119047619047619,1.2714285714285714,2.176470588235294,18,1.0,2.0,3.0,0.12974800388729682,0.23555686257626465,1,0.02614379084967322,-0.00843549670030841,0.026524644945697562,0.013888888888888895,0.008255933952528383,0.04003267973856206,-0.009975920192638488,-0.00874490539272349,-0.00896601105579442,0.008169934640522875,0.00038699690402476793,0.0005012688836218246,-0.0632954936360509,0.19877288137747406,-0.3169590643274854,-0.15767973856209155,0.0020424836601307186,0.007189542483660161,0.0,0.0,0.0,0.0,0.0,0.0,0,0,0,0,1,0,1,0,1,0,1,0
1987,0.22807017543859648,0.24949875299525653,0.4756892230576441,0.42810457516339867,0.05400756793945649,0.35294117647058826,0.8596491228070176,0.19745175064043952,0.9153693056169837,0.09477124183006536,0.002063983488132095,0.002924417630299983,0.07602339181286549,0.5549999999999999,0.0,0.16339869281045752,0.028895768833849332,0.13071895424836602,0.9532163742690059,0.0,0.9582761579665605,0.05228758169934641,0.002751977984176127,0.0036860470684000096,0.2,0.04,0.2331288343558282,0.059602649006622516,0.8674698795180723,0.10119047619047619,1.251572327044025,2.176470588235294,19,1.0,0.0,1.0,0.12457878303907848,0.2307631422834839,1,-0.020295837633298952,0.016613083260333783,-0.028279030910609848,-0.020424836601307228,0.0017199862401100843,-0.007352941176470562,0.009975920192638488,0.018047999386825053,0.007900848148526207,-0.008169934640522875,-0.0003869969040247675,-0.0005635160046924752,0.010663914688682483,0.06192041522491343,0.0,-0.09395424836601304,-0.005826453388372892,-0.13398692810457516,0.0,0.0,0.0,0.0,0.0,0.0,0,0,1,0,1,0,0,0,1,0,1,0
1988,0.20526315789473684,0.24949875299525653,0.4519047619047619,0.4152046783625731,0.04590643274853801,0.3157894736842105,0.8526315789473684,0.19030614393660983,0.9074550204697264,0.10526315789473684,0.0026315789473684206,0.003837585416532784,0.12631578947368421,0.351875,0.22954545454545455,0.5614035087719298,0.05029239766081871,0.5730994152046783,0.9532163742690059,0.0,0.9582761579665605,0.05228758169934641,0.002751977984176127,0.0036860470684000096,0.18235294117647058,0.03278688524590164,0.2331288343558282,0.11377245508982035,0.8674698795180723,0.10119047619047619,1.2857142857142858,2.176470588235294,20,1.0,0.0,1.0,0.12132922079630291,0.22484313686223134,1,-0.022807017543859637,0.0,-0.023784461152882186,-0.012899896800825594,-0.008101135190918478,-0.03715170278637775,-0.007017543859649145,-0.007145606703829688,-0.007914285147257338,0.01049191606467148,0.0005675954592363253,0.000913167786232801,0.05029239766081872,-0.20312499999999994,0.22954545454545455,0.3980048159614723,0.021396628826969376,0.44238046095631234,0.0,0.0,0.0,0.0,0.0,0.0,0,0,1,0,1,0,0,0,1,0,1,0
1989,0.19480519480519481,0.270394857667585,0.39784205693296604,0.4142857142857143,0.05151515151515152,0.4063492063492064,0.8658008658008658,0.18830425393039052,0.9155514119523407,0.09523809523809523,0.002164502164502165,0.0030224867724867725,0.09956709956709957,0.3934802571166207,0.12176308539944904,0.5190476190476191,0.053030303030303025,0.6158730158730158,0.9532163742690059,0.0,0.9582761579665605,0.05228758169934641,0.002751977984176127,0.0036860470684000096,0.1722488038277512,0.030303030303030304,0.2331288343558282,0.08780487804878048,0.8674698795180723,0.10119047619047619,1.2523364485981308,2.176470588235294,22,2.0,0.0,2.0,0.10840007507254543,0.1920950737077813,1,-0.010457963089542027,0.02089610467232844,-0.05406270497179588,-0.0009189640768587637,0.0056087187666135074,0.0905597326649959,0.013169286853497386,-0.002001890006219309,0.008096391482614318,-0.010025062656641603,-0.0004670767828662556,-0.0008150986440460116,-0.026748689906584647,0.04160525711662072,-0.10778236914600552,-0.0423558897243107,0.002737905369484317,0.042773600668337464,0.0,0.0,0.0,0.0,0.0,0.0,1,0,1,0,1,0,1,0,1,0,1,0
1990,0.2523809523809524,0.20745688240195959,0.4706983492697779,0.4394736842105263,0.04511278195488722,0.2905263157894737,0.8714285714285714,0.2372689945206633,0.9222074794830213,0.0868421052631579,0.0017543859649122805,0.002390350877192982,0.06190476190476191,0.263671875,0.09863945578231291,0.3736842105263158,0.021303258145363407,0.2394736842105263,0.8285714285714286,0.009363852556480395,0.9155449899257949,0.13421052631578947,0.004010025062656642,0.012546439628482977,0.22279792746113988,0.047619047619047616,0.24725274725274726,0.06521739130434782,0.9090909090909091,0.05056179775280899,1.2835051546391754,2.1581632653061225,21,1.0,2.0,3.0,0.10462743544997603,0.18578524981442085,0,0.05757575757575756,-0.06293797526562539,0.07285629233681185,0.02518796992481198,-0.006402369560264298,-0.11582289055973272,0.005627705627705648,0.04896474059027278,0.006656067530680598,-0.008395989974937332,-0.0004101161995898844,-0.0006321358952937903,-0.03766233766233766,-0.1298083821166207,-0.023123629617136127,-0.1453634085213033,-0.03172704488493962,-0.3763993316624895,-0.12464494569757723,0.009363852556480395,-0.0427311680407656,0.08192294461644306,0.0012580470784805155,0.008860392560082968,0,0,1,0,1,0,0,0,0,0,0,0
1991,0.18181818181818182,0.22702310090702954,0.3835121400338792,0.39826839826839827,0.028797289666854884,0.20476190476190476,0.8893280632411067,0.23477409747032651,0.9338126860202509,0.07142857142857142,0.0011293054771315642,0.0014742739200943537,0.019762845849802372,0.65625,0.0,0.07792207792207792,0.0003764351590438547,0.004329004329004329,0.8285714285714286,0.009363852556480395,0.9155449899257949,0.13421052631578947,0.004010025062656642,0.012546439628482977,0.19383259911894274,0.0625,0.24725274725274726,0.017699115044247787,0.9090909090909091,0.05056179775280899,1.2158590308370043,2.1581632653061225,23,4.0,2.0,6.0,0.0935617859882282,0.17729183971105514,1,-0.07056277056277055,0.019566218505069954,-0.0871862092358987,-0.04120528594212802,-0.01631549228803234,-0.08576441102756893,0.01789949181253525,-0.002494897050336786,0.011605206537229629,-0.015413533834586476,-0.0006250804877807163,-0.0009160769570986285,-0.04214191605495954,0.392578125,-0.09863945578231291,-0.2957621326042379,-0.02092682298631955,-0.235144679881522,0.0,0.0,0.0,0.0,0.0,0.0,0,0,1,0,1,0,0,0,0,0,0,0
1992,0.23157894736842105,0.20578095514588474,0.4567532467532468,0.4444444444444444,0.04035087719298246,0.34619883040935673,0.9473684210526315,0.24052308945859519,0.9684726522187823,0.05847953216374269,0.002923976608187134,0.005607155142758857,0.031578947368421054,0.71875,0.0,0.08187134502923976,0.0005847953216374269,0.005847953216374269,0.8285714285714286,0.009363852556480395,0.9155449899257949,0.13421052631578947,0.004010025062656642,0.012546439628482977,0.24444444444444444,0.06382978723404255,0.24725274725274726,0.027624309392265192,0.9090909090909091,0.05056179775280899,1.270718232044199,2.1581632653061225,20,0.0,3.0,3.0,0.10273870315126338,0.20398794944753632,1,0.04976076555023923,-0.021242145761144804,0.07324110671936762,0.04617604617604615,0.011553587526127573,0.14143692564745197,0.058040357811524834,0.00574899198826867,0.0346599661985314,-0.012949039264828738,0.0017946711310555697,0.004132881222664503,0.011816101518618682,0.0625,0.0,0.003949267107161841,0.00020836016259357222,0.0015189488873699397,0.0,0.0,0.0,0.0,0.0,0.0,1,0,1,0,1,0,0,0,0,0,0,0
1993,0.19047619047619047,0.20578095514588474,0.41523022432113343,0.41904761904761906,0.029870129870129877,0.28190476190476194,0.974025974025974,0.2121011271235439,0.9764334521687463,0.02857142857142857,0.0012987012987012987,0.0016266769865841077,0.05194805194805195,0.5015432098765431,0.0,0.20476190476190476,0.016233766233766236,0.12380952380952381,0.8285714285714286,0.009363852556480395,0.9155449899257949,0.13421052631578947,0.004010025062656642,0.012546439628482977,0.19555555555555557,0.09803921568627451,0.24725274725274726,0.048672566371681415,0.9090909090909091,0.05056179775280899,1.2433628318584071,2.1581632653061225,22,2.0,0.0,2.0,0.1011984760529778,0.20475693166237188,1,-0.041102756892230585,0.0,-0.041523022432113366,-0.025396825396825362,-0.01048074732285258,-0.06429406850459479,0.02665755297334249,-0.028421962335051287,0.007960799949964015,-0.029908103592314116,-0.0016252753094858352,-0.003980478156174749,0.020369104579630898,-0.2172067901234569,0.0,0.122890559732665,0.015648970912128808,0.11796157059314955,0.0,0.0,0.0,0.0,0.0,0.0,0,0,0,0,1,0,0,0,0,0,0,0
1994,0.20952380952380953,0.20578095514588474,0.4350030921459493,0.43157894736842106,0.03458646616541353,0.31157894736842107,0.9761904761904762,0.22508665022365607,0.9770013268465282,0.02631578947368421,0.0012531328320802009,0.0014809986783263628,0.06666666666666667,0.3812499999999999,0.11428571428571428,0.2026315789473684,0.015789473684210527,0.13157894736842105,0.8285714285714286,0.009363852556480395,0.9155449899257949,0.13421052631578947,0.004010025062656642,0.012546439628482977,0.2087378640776699,0.07407407407407407,0.24725274725274726,0.06310679611650485,0.9090909090909091,0.05056179775280899,1.2766990291262137,2.1581632653061225,21,0.0,1.0,1.0,0.10343395696495475,0.19655722137554588,1,0.019047619047619063,0.0,0.019772867824815854,0.012531328320802004,0.004716336295283657,0.02967418546365913,0.0021645021645021467,0.012985523100112167,0.0005678746777818544,-0.0022556390977443615,-4.5568466621097835e-05,-0.00014567830825774485,0.014718614718614714,-0.12029320987654318,0.11428571428571428,-0.0021303258145363435,-0.0004442925495557089,0.007769423558897232,0.0,0.0,0.0,0.0,0.0,0.0,0,0,1,0,1,0,0,0,0,0,1,0
1995,0.21428571428571427,0.22832179930795854,0.42547928262213974,0.4263157894736842,0.04235588972431078,0.3273684210526316,0.9714285714285714,0.23279974581958832,0.9729847494553377,0.031578947368421054,0.0015037593984962407,0.0018231854145166842,0.0761904761904762,0.3090277777777778,0.15873015873015875,0.24736842105263157,0.02205513784461153,0.14210526315789473,0.8380952380952381,0.010782541322314099,0.9079415391887748,0.12368421052631579,0.003508771929824561,0.008259619637328615,0.2146341463414634,0.10909090909090909,0.24858757062146894,0.07317073170731707,0.8446601941747572,0.06077348066298342,1.2926829268292683,2.130434782608696,21,0.0,0.0,0.0,0.10343881070331508,0.19329438174530758,0,0.004761904761904745,0.022540844162073803,-0.009523809523809545,-0.0052631578947368585,0.0077694235588972455,0.01578947368421052,-0.004761904761904745,0.007713095595932251,-0.0040165773911904346,0.005263157894736845,0.0002506265664160398,0.00034218673619032134,0.009523809523809532,-0.07222222222222213,0.04444444444444447,0.04473684210526316,0.006265664160401002,0.01052631578947369,0.00952380952380949,0.0014186887658337033,-0.007603450737020068,-0.01052631578947369,-0.0005012531328320814,-0.0042868199911543624,0,0,1,0,1,0,0,0,0,0,1,0
1996,0.21428571428571427,0.21735048185941036,0.42547928262213974,0.4263157894736842,0.04160401002506266,0.3557894736842105,0.9857142857142858,0.23209449362693158,0.9859878454305698,0.015789473684210527,0.0007518796992481205,0.0008618036318867343,0.09047619047619047,0.316,0.2072562358276644,0.2868421052631579,0.028320802005012535,0.15263157894736842,0.8380952380952381,0.010782541322314099,0.9079415391887748,0.12368421052631579,0.003508771929824561,0.008259619637328615,0.21153846153846154,0.12280701754385964,0.24858757062146894,0.08653846153846154,0.8446601941747572,0.06077348066298342,1.3028846153846154,2.130434782608696,21,0.0,0.0,0.0,0.10383413000107022,0.19853034456137766,1,0.0,-0.010971317448548179,0.0,0.0,-0.0007518796992481216,0.028421052631578902,0.014285714285714346,-0.0007052521926567412,0.013003095975232082,-0.015789473684210527,-0.0007518796992481202,-0.0009613817826299499,0.014285714285714277,0.006972222222222213,0.04852607709750564,0.03947368421052633,0.006265664160401006,0.01052631578947369,0.0,0.0,0.0,0.0,0.0,0.0,1,0,1,0,1,0,0,0,1,0,1,0
1997,0.21428571428571427,0.21735048185941036,0.42547928262213974,0.4263157894736842,0.04160401002506266,0.3557894736842105,0.9904761904761905,0.22268822966587876,0.9903648008911167,0.010526315789473684,0.0005012531328320802,0.0005540166204986149,0.09047619047619047,0.3647999999999999,0.1523809523809524,0.1763157894736842,0.025313283208020048,0.1671052631578947,0.8380952380952381,0.010782541322314099,0.9079415391887748,0.12368421052631579,0.003508771929824561,0.008259619637328615,0.21634615384615385,0.12280701754385964,0.24858757062146894,0.09134615384615384,0.8446601941747572,0.06077348066298342,1.3076923076923077,2.130434782608696,21,0.0,0.0,0.0,0.10483894855898546,0.20201645413142844,1,0.0,0.0,0.0,0.0,0.0,0.0,0.004761904761904745,-0.009406263961052819,0.004376955460546839,-0.005263157894736843,-0.00025062656641604026,-0.0003077870113881194,0.0,0.0487999999999999,-0.054875283446712,-0.1105263157894737,-0.0030075187969924866,0.014473684210526278,0.0,0.0,0.0,0.0,0.0,0.0,0,0,0,0,1,0,0,0,1,0,1,0
1998,0.20476190476190476,0.19473022405121176,0.42547928262213974,0.4368421052631579,0.03483709273182957,0.31052631578947365,0.9904761904761905,0.21589549990103635,0.9903648008911167,0.010526315789473684,0.0005012531328320803,0.0005540166204986149,0.06666666666666667,0.41777777777777775,0.06349206349206349,0.14736842105263157,0.017042606516290727,0.09298245614035086,0.8380952380952381,0.010782541322314099,0.9079415391887748,0.12368421052631579,0.003508771929824561,0.008259619637328615,0.20673076923076922,0.07547169811320754,0.24858757062146894,0.06220095693779904,0.8446601941747572,0.06077348066298342,1.2679425837320575,2.130434782608696,21,1.0,1.0,2.0,0.10782570311864928,0.20911498348528587,1,-0.009523809523809518,-0.022620257808198596,0.0,0.010526315789473717,-0.006766917293233088,-0.04526315789473684,0.0,-0.006792729764842409,0.0,0.0,1.0842021724855044e-19,0.0,-0.023809523809523808,0.052977777777777846,-0.0888888888888889,-0.02894736842105264,-0.00827067669172932,-0.07412280701754384,0.0,0.0,0.0,0.0,0.0,0.0,0,0,1,0,1,0,1,0,1,0,1,0
1999,0.20476190476190476,0.19473022405121176,0.42547928262213974,0.4368421052631579,0.03483709273182957,0.31052631578947365,0.9904761904761905,0.2274264130091352,0.9909774436090226,0.010526315789473684,0.0005012531328320803,0.0005847953216374268,0.0761904761904762,0.4183673469387755,0.0572562358276644,0.35789473684210527,0.035839598997493734,0.28157894736842104,0.8380952380952381,0.010782541322314099,0.9079415391887748,0.12368421052631579,0.003508771929824561,0.008259619637328615,0.20673076923076922,0.11320754716981132,0.24858757062146894,0.07692307692307693,0.8446601941747572,0.06077348066298342,1.2836538461538463,2.130434782608696,21,0.0,0.0,0.0,0.10987343299328753,0.21359792189263987,1,0.0,0.0,0.0,0.0,0.0,0.0,0.0,0.01153091310809884,0.0006126427179059535,0.0,0.0,3.077870113881191e-05,0.009523809523809532,0.0005895691609977272,-0.006235827664399091,0.2105263157894737,0.018796992481203006,0.18859649122807018,0.0,0.0,0.0,0.0,0.0,0.0,0,0,1,0,1,0,0,0,1,0,1,0
2000,0.19913419913419914,0.22290886173453314,0.4637150728059819,0.4095238095238095,0.0341991341991342,0.2885714285714286,0.987012987012987,0.2269098155230203,0.9872598162071846,0.014285714285714285,0.0006493506493506497,0.0007393483709273184,0.07792207792207792,0.39990234375,0.06818181818181818,0.38571428571428573,0.030952380952380953,0.3587301587301588,0.8354978354978355,0.011812397648258949,0.9151792694749351,0.12857142857142856,0.0036796536796536786,0.010386432350718063,0.20175438596491227,0.10344827586206896,0.23195876288659795,0.07894736842105263,0.8304347826086956,0.07106598984771574,1.280701754385965,2.108695652173913,22,1.0,0.0,1.0,0.1101897956309043,0.21755286748830485,0,-0.00562770562770562,0.028178637683321378,0.038235790183842155,-0.02731829573934841,-0.000637958532695368,-0.02195488721804506,-0.0034632034632035014,-0.0005165974861148781,-0.0037176274018380084,0.0037593984962406013,0.00014809751651856937,0.0001545530492898916,0.001731601731601723,-0.018465003188775475,0.010925582354153779,0.027819548872180466,-0.00488721804511278,0.07715121136173775,-0.0025974025974025983,0.00102985632594485,0.00723773028616026,0.004887218045112773,0.00017088174982911753,0.0021268127133894487,1,0,1,0,1,0,1,0,1,0,1,0
2001,0.16883116883116883,0.2503898194255822,0.4158500590318772,0.3904761904761905,0.031168831168831176,0.2638095238095239,0.987012987012987,0.2122445334171351,0.9872598162071846,0.014285714285714285,0.0006493506493506497,0.0007393483709273184,0.0735930735930736,0.4418145956607495,0.06818181818181818,0.3380952380952381,0.02683982683982684,0.2968253968253968,0.8354978354978355,0.011812397648258949,0.9151792694749351,0.12857142857142856,0.0036796536796536786,0.010386432350718063,0.17105263157894737,0.12,0.23195876288659795,0.07456140350877193,0.8304347826086956,0.07106598984771574,1.2456140350877194,2.108695652173913,22,1.0,1.0,2.0,0.11160871115962448,0.22205819644217614,1,-0.030303030303030304,0.02748095769104905,-0.04786501377410468,-0.019047619047619035,-0.0030303030303030255,-0.024761904761904707,0.0,-0.014665282105885219,0.0,0.0,0.0,0.0,-0.004329004329004321,0.04191225191074949,0.0,-0.047619047619047616,-0.004112554112554113,-0.06190476190476196,0.0,0.0,0.0,0.0,0.0,0.0,0,0,0,0,0,0,0,0,1,0,1,0
2002,0.21645021645021645,0.27645828781873233,0.48644234553325466,0.3904761904761905,0.03722943722943723,0.2985714285714286,0.9913419913419913,0.22723846585443572,0.9917748917748918,0.009523809523809525,0.00043290043290043295,0.0005012531328320802,0.06060606060606061,0.2977430555555556,0.0,0.14285714285714285,0.022294372294372297,0.1285714285714286,0.8354978354978355,0.011812397648258949,0.9151792694749351,0.12857142857142856,0.0036796536796536786,0.010386432350718063,0.2183406113537118,0.0847457627118644,0.23195876288659795,0.0611353711790393,0.8304347826086956,0.07106598984771574,1.279475982532751,2.108695652173913,22,2.0,2.0,4.0,0.10980535032514392,0.20485364446992313,1,0.047619047619047616,0.026068468393150135,0.07059228650137744,0.0,0.0060606060606060545,0.034761904761904716,0.0043290043290042934,0.014993932437300628,0.004515075567707139,-0.004761904761904761,-0.00021645021645021672,-0.0002380952380952382,-0.012987012987012991,-0.1440715401051939,-0.06818181818181818,-0.19523809523809527,-0.0045454545454545435,-0.16825396825396824,0.0,0.0,0.0,0.0,0.0,0.0,0,0,0,0,0,0,1,0,1,0,1,0
2003,0.23333333333333334,0.22925714285714288,0.5096062667491239,0.4052631578947368,0.0431077694235589,0.33,0.9857142857142858,0.24065920931323034,0.9872180451127819,0.015789473684210527,0.0007518796992481203,0.0009287925696594428,0.08571428571428572,0.26736111111111116,0.19841269841269843,0.23684210526315788,0.02581453634085213,0.20789473684210527,0.8354978354978355,0.011812397648258949,0.9151792694749351,0.12857142857142856,0.0036796536796536786,0.010386432350718063,0.23076923076923078,0.08064516129032258,0.23195876288659795,0.08173076923076923,0.8304347826086956,0.07106598984771574,1.3173076923076923,2.108695652173913,21,0.0,1.0,1.0,0.11486354197008777,0.21558785120962856,1,0.01688311688311689,-0.04720114496158945,0.023163921215869243,0.014786967418546348,0.00587833219412167,0.03142857142857142,-0.005627705627705537,0.013420743458794626,-0.00455684666210987,0.006265664160401002,0.0003189792663476874,0.0004275394368273626,0.025108225108225107,-0.03038194444444442,0.19841269841269843,0.09398496240601503,0.003520164046479833,0.07932330827067668,0.0,0.0,0.0,0.0,0.0,0.0,0,0,0,0,0,0,0,0,0,0,0,1
2004,0.21212121212121213,0.25031836734693874,0.48644234553325466,0.3952380952380952,0.03722943722943723,0.2985714285714286,0.987012987012987,0.23827804538468278,0.9883116883116884,0.014285714285714285,0.0006493506493506496,0.0007936507936507938,0.0735930735930736,0.3528106508875739,0.2196969696969697,0.23333333333333334,0.016666666666666666,0.16587301587301587,0.8354978354978355,0.011812397648258949,0.9151792694749351,0.12857142857142856,0.0036796536796536786,0.010386432350718063,0.2096069868995633,0.08196721311475409,0.23195876288659795,0.06986899563318777,0.8304347826086956,0.07106598984771574,1.2838427947598254,2.108695652173913,22,1.0,0.0,1.0,0.11512415896070381,0.22276571169316825,1,-0.02121212121212121,0.02106122448979586,-0.023163921215869243,-0.010025062656641603,-0.00587833219412167,-0.03142857142857142,0.0012987012987012436,-0.002381163928547564,0.0010936431989064799,-0.0015037593984962416,-0.00010252904989747078,-0.00013514177600864902,-0.012121212121212116,0.08544953977646275,0.021284271284271267,-0.0035087719298245446,-0.009147869674185464,-0.042021720969089404,0.0,0.0,0.0,0.0,0.0,0.0,0,0,0,0,0,0,0,0,0,0,0,1
2005,0.21212121212121213,0.25031836734693874,0.48644234553325466,0.3952380952380952,0.03722943722943723,0.2985714285714286,0.9913419913419913,0.23467201019045592,0.9917748917748918,0.009523809523809525,0.000432900432900433,0.0005012531328320802,0.06926406926406926,0.43689986282578874,0.1409090909090909,0.18571428571428572,0.019913419913419914,0.1642857142857143,0.9523809523809523,0.0,0.9640295377137481,0.05238095238095238,0.0023809523809523807,0.0037267313583103055,0.20869565217391303,0.1016949152542373,0.2171945701357466,0.06521739130434782,0.9521739130434783,0.05357142857142857,1.2782608695652173,2.225108225108225,22,0.0,0.0,0.0,0.11885196324205824,0.22698358533640697,0,0.0,0.0,0.0,0.0,0.0,0.0,0.0043290043290042934,-0.0036060351942268642,0.0034632034632033903,-0.004761904761904761,-0.00021645021645021656,-0.00029239766081871356,-0.004329004329004335,0.08408921193821484,-0.0787878787878788,-0.047619047619047616,0.003246753246753248,-0.001587301587301554,0.11688311688311681,-0.011812397648258949,0.048850268238813,-0.07619047619047617,-0.0012987012987012978,-0.006659700992407758,0,0,0,0,0,0,0,0,0,1,0,1
2006,0.21212121212121213,0.25031836734693874,0.48644234553325466,0.3952380952380952,0.03722943722943723,0.2985714285714286,0.987012987012987,0.23675889588725252,0.9883116883116884,0.014285714285714285,0.0006493506493506496,0.0007936507936507938,0.047619047619047616,0.4478458049886621,0.0,0.10476190476190476,0.024891774891774895,0.13333333333333336,,,,,,,0.2096069868995633,0.09090909090909091,,0.0391304347826087,,,1.2521739130434784,,22,0.0,0.0,0.0,0.12113422752443158,0.23599061361443033,1,0.0,0.0,0.0,0.0,0.0,0.0,-0.0043290043290042934,0.002086885696796603,-0.0034632034632033903,0.004761904761904761,0.00021645021645021656,0.00029239766081871356,-0.021645021645021648,0.010945942162873368,-0.1409090909090909,-0.08095238095238096,0.004978354978354981,-0.030952380952380953,,,,,,,0,0,0,0,0,0,0,0,0,1,0,1
2007,0.21212121212121213,0.25031836734693874,0.48644234553325466,0.3952380952380952,0.03722943722943723,0.2985714285714286,0.987012987012987,0.2349517485613251,0.9883116883116884,0.014285714285714285,0.0006493506493506496,0.0007936507936507938,0.03896103896103896,0.4612188365650969,0.0,0.11428571428571428,0.021645021645021648,0.1142857142857143,,,,,,,0.2096069868995633,0.07407407407407407,,0.034934497816593885,,,1.2489082969432315,,22,0.0,0.0,0.0,0.1229314932468585,0.24513533047138272,1,0.0,0.0,0.0,0.0,0.0,0.0,0.0,-0.0018071473259274051,0.0,0.0,0.0,0.0,-0.008658008658008656,0.013373031576434768,0.0,0.009523809523809518,-0.003246753246753248,-0.019047619047619063,,,,,,,0,0,0,0,0,0,0,1,0,1,0,1
2008,0.22857142857142856,0.20801272186313732,0.5159554730983302,0.4105263157894737,0.03558897243107769,0.32473684210526316,0.9857142857142858,0.23241585738311488,0.9872180451127819,0.015789473684210527,0.0007518796992481203,0.0009287925696594428,0.0380952380952381,0.490234375,0.0,0.12368421052631579,0.018546365914786967,0.08947368421052632,,,,,,,0.22596153846153846,0.05660377358490566,,0.03365384615384615,,,1.2644230769230769,,21,0.0,1.0,1.0,0.12853868146865047,0.25440992837581766,1,0.016450216450216437,-0.04230564548380142,0.02951312756507557,0.015288220551378462,-0.0016404647983595394,0.02616541353383456,-0.0012987012987012436,-0.0025358911782102367,-0.0010936431989064799,0.0015037593984962416,0.00010252904989747078,0.00013514177600864902,-0.0008658008658008615,0.02901553843490312,0.0,0.009398496240601503,-0.0030986557302346805,-0.02481203007518798,,,,,,,0,0,0,0,0,1,0,1,0,1,0,1
2009,0.1871345029239766,0.3160579561042524,0.46725146198830414,0.4117647058823529,0.04162366701066392,0.39215686274509803,0.9824561403508771,0.17895987655695295,0.9845201238390093,0.0196078431372549,0.0010319917440660472,0.00130718954248366,0.05847953216374269,0.5096952908587258,0.2017543859649123,0.1830065359477124,0.005503955968352253,0.05555555555555556,,,,,,,0.1834319526627219,0.13513513513513514,,0.05325443786982249,,,1.242603550295858,,19,0.0,2.0,2.0,0.14564178048526266,0.2850938911846032,1,-0.041436925647451966,0.10804523424111509,-0.04870401111002609,0.001238390092879238,0.006034694579586226,0.06742002063983488,-0.0032581453634086266,-0.05345598082616193,-0.002697921273772552,0.003818369453044375,0.0002801120448179268,0.00037839697282421726,0.020384294068504588,0.01946091585872578,0.2017543859649123,0.05932232542139662,-0.013042409946434713,-0.03391812865497076,,,,,,,0,0,0,0,0,1,0,1,0,1,0,1
2010,0.1871345029239766,0.3160579561042524,0.46725146198830414,0.4117647058823529,0.04162366701066392,0.39215686274509803,0.9766081871345029,0.17035021515398924,0.9807361541107672,0.026143790849673203,0.0013759889920880633,0.0018674136321195141,0.07602339181286549,0.36980609418282545,0.2912280701754386,0.2875816993464052,0.009975920192638457,0.10566448801742918,,,,,,,0.18452380952380953,0.15384615384615385,,0.07142857142857142,,,1.2619047619047619,,19,0.0,0.0,0.0,0.14515185076673578,0.282869106836666,1,0.0,0.0,0.0,0.0,0.0,0.0,-0.005847953216374213,-0.008609661402963709,-0.0037839697282421314,0.006535947712418302,0.0003439972480220161,0.0005602240896358541,0.017543859649122806,-0.13988919667590033,0.08947368421052632,0.1045751633986928,0.0044719642242862035,0.050108932461873625,,,,,,,0,0,0,1,0,1,0,1,0,1,0,1
2011,0.1871345029239766,0.3160579561042524,0.46725146198830414,0.4117647058823529,0.04162366701066392,0.39215686274509803,0.9766081871345029,0.1688564399976299,0.9807361541107672,0.026143790849673203,0.0013759889920880633,0.0018674136321195141,0.09941520467836257,0.28385416666666663,0.25087719298245614,0.26143790849673204,0.012383900928792569,0.07570806100217864,,,,,,,0.18452380952380953,0.13953488372093023,,0.09523809523809523,,,1.2857142857142858,,19,0.0,0.0,0.0,0.14625544577102642,0.28938038932091625,1,0.0,0.0,0.0,0.0,0.0,0.0,0.0,-0.0014937751563593449,0.0,0.0,0.0,0.0,0.023391812865497075,-0.08595192751615882,-0.04035087719298247,-0.026143790849673165,0.002407980736154112,-0.029956427015250545,,,,,,,0,0,0,1,0,1,0,1,0,1,0,1
2012,0.20915032679738563,0.29822530864197533,0.4932098765432099,0.4264705882352941,0.0494281045751634,0.4411764705882353,0.9738562091503268,0.16244359250139875,0.9787581699346405,0.029411764705882353,0.0016339869281045752,0.0022624434389140274,0.13725490196078433,0.397119341563786,0.22777777777777775,0.2426470588235294,0.05678104575163398,0.31433823529411764,,,,,,,0.20666666666666667,0.15217391304347827,,0.12582781456953643,,,1.3377483443708609,,18,0.0,1.0,1.0,0.15235362340762912,0.30101851336877283,1,0.02201582387340903,-0.017832647462277085,0.025958414554905773,0.01470588235294118,0.007804437564499479,0.04901960784313725,-0.002751977984176146,-0.006412847496231139,-0.0019779841761267125,0.003267973856209149,0.00025799793601651196,0.0003950298067945132,0.03783969728242176,0.11326517489711935,-0.023099415204678397,-0.01879084967320263,0.04439714482284141,0.238630174291939,,,,,,,0,1,0,1,0,1,0,1,0,1,0,1
