ano,ali_densidade,ali_modularidade,ali_clustering,ali_centralizacao_grau,ali_betw_media,ali_betw_max,com_densidade,com_modularidade,com_clustering,com_centralizacao_grau,com_betw_media,com_betw_max,disp_densidade,disp_modularidade,disp_clustering,disp_centralizacao_grau,disp_betw_media,disp_betw_max,dipl_densidade,dipl_modularidade,dipl_clustering,dipl_centralizacao_grau,dipl_betw_media,dipl_betw_max,jaccard_ali_com,jaccard_ali_disp,jaccard_ali_dipl,jaccard_com_disp,jaccard_com_dipl,jaccard_disp_dipl,overlap_medio_3c,overlap_medio_4c,n_estados,churn_entradas,churn_saidas,churn_total,cinc_hhi,cinc_lider_share,dipl_imputado,d_ali_densidade,d_ali_modularidade,d_ali_clustering,d_ali_centralizacao_grau,d_ali_betw_media,d_ali_betw_max,d_com_densidade,d_com_modularidade,d_com_clustering,d_com_centralizacao_grau,d_com_betw_media,d_com_betw_max,d_disp_densidade,d_disp_modularidade,d_disp_clustering,d_disp_centralizacao_grau,d_disp_betw_media,d_disp_betw_max,d_dipl_densidade,d_dipl_modularidade,d_dipl_clustering,d_dipl_centralizacao_grau,d_dipl_betw_media,d_dipl_betw_max
1890,0.13636363636363635,0.0,0.3194444444444444,0.2727272727272727,0.010606060606060605,0.07272727272727272,0.803030303030303,0.10541143308978604,0.8786736411736412,0.23636363636363636,0.019696969696969695,0.05114718614718615,0.09090909090909091,0.2083333333333333,0.13888888888888887,0.21818181818181817,0.02121212121212121,0.10909090909090909,0.9696969696969697,0.0,0.9727272727272727,0.03636363636363636,0.0030303030303030294,0.00404040404040404,0.14814814814814814,0.07142857142857142,0.140625,0.09259259259259259,0.828125,0.109375,1.2363636363636363,2.078125,12,0.0,0.0,0.0,0.12825635878511524,0.18336686163827232,1,0.0,0.0,0.0,0.0,0.0,0.0,0.0,0.007132242852146295,0.022300384800384765,0.0,-3.469446951953614e-18,0.0001731601731601723,-0.015151515151515152,-0.010416666666666713,0.013888888888888867,-0.09090909090909091,0.0045454545454545435,-0.018181818181818174,0.0,0.0,0.0,0.0,0.0,0.0
1891,0.13636363636363635,0.090702947845805,0.3611111111111111,0.2727272727272727,0.0030303030303030303,0.01818181818181818,0.803030303030303,0.13139719005477193,0.880976430976431,0.23636363636363636,0.019696969696969695,0.05396103896103895,0.06060606060606061,0.40625,0.0,0.14545454545454545,0.006060606060606061,0.03636363636363636,0.9696969696969697,0.0,0.9727272727272727,0.03636363636363636,0.0030303030303030294,0.00404040404040404,0.12727272727272726,0.08333333333333333,0.140625,0.07547169811320754,0.828125,0.109375,1.2,2.078125,12,0.0,0.0,0.0,0.12784186255648713,0.1820411453202385,1,0.0,0.090702947845805,0.041666666666666685,0.0,-0.007575757575757574,-0.05454545454545454,0.0,0.025985756964985895,0.002302789802789751,0.0,0.0,0.0028138528138528032,-0.030303030303030304,0.1979166666666667,-0.13888888888888887,-0.07272727272727272,-0.015151515151515148,-0.07272727272727272,0.0,0.0,0.0,0.0,0.0,0.0
1892,0.13636363636363635,0.090702947845805,0.3611111111111111,0.2727272727272727,0.0030303030303030303,0.01818181818181818,0.803030303030303,0.13211320676027807,0.880976430976431,0.23636363636363636,0.019696969696969695,0.05396103896103895,0.030303030303030304,0.5,0.0,0.07272727272727272,0.0,0.0,0.9696969696969697,0.0,0.9727272727272727,0.03636363636363636,0.0030303030303030294,0.00404040404040404,0.12727272727272726,0.1,0.140625,0.03773584905660377,0.828125,0.109375,1.1636363636363636,2.078125,12,0.0,0.0,0.0,0.12902893949261815,0.17734806296322325,1,0.0,0.0,0.0,0.0,0.0,0.0,0.0,0.0007160167055061395,0.0,0.0,0.0,0.0,-0.030303030303030304,0.09375,0.0,-0.07272727272727272,-0.006060606060606061,-0.03636363636363636,0.0,0.0,0.0,0.0,0.0,0.0
1893,0.13636363636363635,0.27777777777777773,0.3611111111111111,0.2727272727272727,0.0030303030303030303,0.01818181818181818,0.8333333333333334,0.12915372452529061,0.9083333333333333,0.2,0.016666666666666663,0.04383116883116883,0.045454545454545456,0.375,0.0,0.16363636363636364,0.0015151515151515152,0.01818181818181818,0.9696969696969697,0.0,0.9727272727272727,0.03636363636363636,0.0030303030303030294,0.00404040404040404,0.14285714285714285,0.09090909090909091,0.140625,0.05454545454545454,0.828125,0.109375,1.1964285714285714,2.078125,12,0.0,0.0,0.0,0.1278338318788989,0.17429135268147977,1,0.0,0.18707482993197272,0.0,0.0,0.0,0.0,0.030303030303030387,-0.0029594822349874594,0.027356902356902357,-0.03636363636363635,-0.0030303030303030325,-0.01012987012987012,0.015151515151515152,-0.125,0.0,0.09090909090909091,0.0015151515151515152,0.01818181818181818,0.0,0.0,0.0,0.0,0.0,0.0
1894,0.13636363636363635,0.27777777777777773,0.3611111111111111,0.2727272727272727,0.0030303030303030303,0.01818181818181818,0.6818181818181818,0.12664305526661862,0.8171296296296297,0.2727272727272727,0.015151515151515152,0.04562770562770563,0.045454545454545456,0.5,0.0,0.16363636363636364,0.0015151515151515152,0.01818181818181818,0.9696969696969697,0.0,0.9727272727272727,0.03636363636363636,0.0030303030303030294,0.00404040404040404,0.17391304347826086,0.0,0.140625,0.02127659574468085,0.676923076923077,0.046875,1.1875,1.8615384615384616,12,0.0,0.0,0.0,0.12670783922929554,0.18182097808826966,0,0.0,0.0,0.0,0.0,0.0,0.0,-0.1515151515151516,-0.0025106692586719936,-0.09120370370370368,0.0727272727272727,-0.001515151515151511,0.0017965367965367962,0.0,0.125,0.0,0.0,0.0,0.0,0.0,0.0,0.0,0.0,0.0,0.0
1895,0.13636363636363635,0.27777777777777773,0.3611111111111111,0.2727272727272727,0.0030303030303030303,0.01818181818181818,0.803030303030303,0.09681374878074356,0.890909090909091,0.23636363636363636,0.019696969696969695,0.05277056277056277,0.12121212121212122,0.4012345679012345,0.0,0.2909090909090909,0.07878787878787878,0.36363636363636365,0.9696969696969697,0.0,0.9727272727272727,0.03636363636363636,0.0030303030303030294,0.00404040404040404,0.14814814814814814,0.0,0.140625,0.1509433962264151,0.676923076923077,0.046875,1.2962962962962963,1.8615384615384616,12,0.0,0.0,0.0,0.12650361290880532,0.17548695908419873,1,0.0,0.0,0.0,0.0,0.0,0.0,0.12121212121212122,-0.029829306485875062,0.07377946127946133,-0.03636363636363635,0.0045454545454545435,0.007142857142857145,0.07575757575757576,-0.09876543209876548,0.0,0.12727272727272726,0.07727272727272727,0.34545454545454546,0.0,0.0,0.0,0.0,0.0,0.0
1896,0.10606060606060606,0.4628099173553719,0.27777777777777773,0.2,0.0030303030303030303,0.01818181818181818,0.8181818181818182,0.10420609660595148,0.9103956228956229,0.21818181818181817,0.018181818181818174,0.06461038961038959,0.12121212121212122,0.3828125,0.0,0.2909090909090909,0.07878787878787878,0.36363636363636365,0.9696969696969697,0.0,0.9727272727272727,0.03636363636363636,0.0030303030303030294,0.00404040404040404,0.10909090909090909,0.0,0.140625,0.14814814814814814,0.676923076923077,0.046875,1.2545454545454546,1.8615384615384616,12,0.0,0.0,0.0,0.12636715858645306,0.18372826261410322,1,-0.03030303030303029,0.18503213957759418,-0.08333333333333337,-0.0727272727272727,0.0,0.0,0.015151515151515249,0.007392347825207923,0.01948653198653194,-0.018181818181818188,-0.0015151515151515214,0.011839826839826817,0.0,-0.018422067901234518,0.0,0.0,0.0,0.0,0.0,0.0,0.0,0.0,0.0,0.0
1897,0.10606060606060606,0.4628099173553719,0.27777777777777773,0.2,0.0030303030303030303,0.01818181818181818,0.8484848484848485,0.10125768368883764,0.9161195286195286,0.18181818181818182,0.01515151515151515,0.04199134199134198,0.22727272727272727,0.28892733564013845,0.2333333333333333,0.38181818181818183,0.09545454545454546,0.3878787878787878,0.9696969696969697,0.0,0.9727272727272727,0.03636363636363636,0.0030303030303030294,0.00404040404040404,0.125,0.0,0.140625,0.24561403508771928,0.676923076923077,0.046875,1.368421052631579,1.8615384615384616,12,0.0,0.0,0.0,0.12554221064219018,0.17866198433023148,1,0.0,0.0,0.0,0.0,0.0,0.0,0.030303030303030276,-0.0029484129171138407,0.005723905723905687,-0.03636363636363635,-0.003030303030303024,-0.022619047619047608,0.10606060606060605,-0.09388516435986155,0.2333333333333333,0.09090909090909094,0.016666666666666677,0.024242424242424176,0.0,0.0,0.0,0.0,0.0,0.0
1898,0.07575757575757576,0.48,0.25,0.12727272727272726,0.0015151515151515152,0.01818181818181818,0.8636363636363636,0.1011083785503033,0.9294612794612794,0.16363636363636364,0.013636363636363634,0.03787878787878787,0.21212121212121213,0.1869806094182825,0.17777777777777778,0.4,0.043939393939393945,0.28484848484848485,0.9696969696969697,0.0,0.9727272727272727,0.03636363636363636,0.0030303030303030294,0.00404040404040404,0.08771929824561403,0.05555555555555555,0.140625,0.2033898305084746,0.676923076923077,0.046875,1.2881355932203389,1.8615384615384616,12,0.0,0.0,0.0,0.13057923855913944,0.20863059147568144,1,-0.030303030303030304,0.01719008264462807,-0.027777777777777735,-0.07272727272727275,-0.0015151515151515152,0.0,0.015151515151515138,-0.00014930513853433913,0.013341750841750821,-0.018181818181818188,-0.0015151515151515162,-0.004112554112554109,-0.015151515151515138,-0.10194672622185594,-0.055555555555555525,0.018181818181818188,-0.051515151515151514,-0.10303030303030297,0.0,0.0,0.0,0.0,0.0,0.0
1899,0.09090909090909091,0.48,0.2727272727272727,0.13333333333333333,0.00202020202020202,0.022222222222222223,0.8181818181818182,0.11508295795688904,0.8928571428571428,0.2222222222222222,0.020202020202020204,0.05132275132275132,0.2909090909090909,0.163265306122449,0.2515151515151515,0.37777777777777777,0.052525252525252523,0.24814814814814815,0.9636363636363636,0.0,0.9676767676767678,0.044444444444444446,0.00404040404040404,0.005555555555555556,0.1111111111111111,0.05,0.09433962264150944,0.2708333333333333,0.8490566037735849,0.3018867924528302,1.375,2.2452830188679247,11,0.0,1.0,1.0,0.1350413895294864,0.19938304829738981,0,0.015151515151515152,0.0,0.022727272727272707,0.006060606060606072,0.000505050505050505,0.004040404040404042,-0.045454545454545414,0.013974579406585738,-0.03660413660413664,0.058585858585858575,0.00656565656565657,0.013443963443963446,0.07878787878787877,-0.023715303295833517,0.07373737373737374,-0.022222222222222254,0.008585858585858579,-0.036700336700336705,-0.0060606060606061,0.0,-0.005050505050504861,0.008080808080808084,0.001010101010101011,0.0015151515151515154
1900,0.1111111111111111,0.48,0.3,0.1388888888888889,0.0027777777777777775,0.027777777777777776,0.8222222222222222,0.12571058552352543,0.8948412698412698,0.2222222222222222,0.02222222222222222,0.058333333333333334,0.35555555555555557,0.13541666666666669,0.41428571428571426,0.6666666666666666,0.08611111111111111,0.6203703703703703,0.9636363636363636,0.0,0.9676767676767678,0.044444444444444446,0.00404040404040404,0.005555555555555556,0.13513513513513514,0.05,0.09433962264150944,0.23255813953488372,0.8490566037735849,0.3018867924528302,1.3488372093023255,2.2452830188679247,10,0.0,1.0,1.0,0.14225605041734543,0.20487081287154868,1,0.020202020202020193,0.0,0.027272727272727282,0.005555555555555564,0.0007575757575757572,0.005555555555555553,0.004040404040403955,0.010627627566636391,0.001984126984126977,0.0,0.002020202020202016,0.007010582010582016,0.06464646464646467,-0.02784863945578231,0.16277056277056273,0.28888888888888886,0.03358585858585859,0.37222222222222223,0.0,0.0,0.0,0.0,0.0,0.0
1901,0.08888888888888889,0.375,0.3,0.16666666666666666,0.0,0.0,0.8222222222222222,0.10776959371285225,0.8976190476190476,0.2222222222222222,0.022222222222222223,0.053703703703703705,0.2222222222222222,0.12152777777777779,0.40714285714285714,0.8333333333333334,0.07222222222222222,0.7222222222222222,0.9636363636363636,0.0,0.9676767676767678,0.044444444444444446,0.00404040404040404,0.005555555555555556,0.10810810810810811,0.0,0.09433962264150944,0.14634146341463414,0.8490566037735849,0.3018867924528302,1.2439024390243902,2.2452830188679247,10,0.0,0.0,0.0,0.14460238320074398,0.2204436995935004,1,-0.022222222222222213,-0.10499999999999998,0.0,0.027777777777777762,-0.0027777777777777775,-0.027777777777777776,0.0,-0.017940991810673185,0.002777777777777879,0.0,3.469446951953614e-18,-0.004629629629629629,-0.13333333333333336,-0.013888888888888895,-0.0071428571428571175,0.16666666666666674,-0.013888888888888895,0.10185185185185186,0.0,0.0,0.0,0.0,0.0,0.0
1902,0.13333333333333333,0.437618147448015,0.23333333333333334,0.25,0.01944444444444444,0.1111111111111111,0.7555555555555555,0.11389032036227678,0.8612698412698412,0.3055555555555556,0.03055555555555555,0.08518518518518517,0.3111111111111111,0.2421875,0.5178571428571429,0.7222222222222222,0.10277777777777777,0.7777777777777777,0.9636363636363636,0.0,0.9676767676767678,0.044444444444444446,0.00404040404040404,0.005555555555555556,0.17647058823529413,0.0,0.09433962264150944,0.2631578947368421,0.8490566037735849,0.3018867924528302,1.4210526315789473,2.2452830188679247,10,0.0,0.0,0.0,0.14460050131599606,0.22676372373568598,1,0.04444444444444444,0.06261814744801503,-0.06666666666666665,0.08333333333333334,0.01944444444444444,0.1111111111111111,-0.06666666666666665,0.006120726649424535,-0.036349206349206464,0.08333333333333337,0.008333333333333328,0.031481481481481464,0.0888888888888889,0.12065972222222221,0.11071428571428577,-0.11111111111111116,0.030555555555555558,0.05555555555555547,0.0,0.0,0.0,0.0,0.0,0.0
1903,0.13333333333333333,0.437618147448015,0.23333333333333334,0.25,0.01944444444444444,0.1111111111111111,0.8,0.09880881987854723,0.8928571428571429,0.25,0.025,0.06944444444444445,0.13333333333333333,0.46875,0.0,0.25,0.016666666666666666,0.08333333333333333,0.9636363636363636,0.0,0.9676767676767678,0.044444444444444446,0.00404040404040404,0.005555555555555556,0.16666666666666666,0.0,0.09433962264150944,0.16666666666666666,0.8490566037735849,0.3018867924528302,1.3333333333333333,2.2452830188679247,10,0.0,0.0,0.0,0.14290654906303563,0.2308410782442539,1,0.0,0.0,0.0,0.0,0.0,0.0,0.04444444444444451,-0.015081500483729554,0.03158730158730172,-0.05555555555555558,-0.00555555555555555,-0.015740740740740722,-0.17777777777777778,0.2265625,-0.5178571428571429,-0.4722222222222222,-0.08611111111111111,-0.6944444444444443,0.0,0.0,0.0,0.0,0.0,0.0
1904,0.12727272727272726,0.34023668639053267,0.1515151515151515,0.2111111111111111,0.00808080808080808,0.03333333333333333,0.8,0.09458272055732009,0.9101010101010101,0.24444444444444444,0.022222222222222223,0.07333333333333333,0.14545454545454545,0.405,0.0,0.3111111111111111,0.11717171717171716,0.4,0.9636363636363636,0.0,0.9676767676767678,0.044444444444444446,0.00404040404040404,0.005555555555555556,0.1590909090909091,0.07142857142857142,0.1320754716981132,0.18181818181818182,0.8301886792452831,0.1509433962264151,1.3409090909090908,2.1132075471698113,11,1.0,0.0,1.0,0.1337013892059578,0.2203275107292446,0,-0.006060606060606072,-0.09738146105748235,-0.08181818181818185,-0.03888888888888889,-0.01136363636363636,-0.07777777777777778,0.0,-0.004226099321227139,0.017243867243867173,-0.005555555555555564,-0.0027777777777777783,0.003888888888888886,0.012121212121212116,-0.06374999999999997,0.0,0.061111111111111116,0.1005050505050505,0.3166666666666667,0.0,0.0,0.0,0.0,0.0,0.0
1905,0.17777777777777778,0.23777777777777784,0.2,0.19444444444444445,0.008333333333333333,0.027777777777777776,0.9111111111111111,0.09933960694798175,0.9206349206349206,0.1111111111111111,0.01111111111111111,0.01719576719576719,0.28888888888888886,0.31777777777777777,0.2033333333333333,0.3333333333333333,0.12777777777777777,0.38888888888888884,0.9636363636363636,0.0,0.9676767676767678,0.044444444444444446,0.00404040404040404,0.005555555555555556,0.1951219512195122,0.05,0.1320754716981132,0.2857142857142857,0.8301886792452831,0.1509433962264151,1.4761904761904763,2.1132075471698113,10,0.0,1.0,1.0,0.1447268723472557,0.23213896161446768,1,0.050505050505050525,-0.10245890861275483,0.04848484848484852,-0.016666666666666663,0.0002525252525252524,-0.005555555555555557,0.11111111111111105,0.004756886390661658,0.010533910533910507,-0.13333333333333333,-0.011111111111111113,-0.05613756613756614,0.14343434343434341,-0.08722222222222226,0.2033333333333333,0.0222222222222222,0.010606060606060605,-0.011111111111111183,0.0,0.0,0.0,0.0,0.0,0.0
1906,0.15555555555555556,0.34023668639053267,0.16666666666666666,0.2222222222222222,0.01111111111111111,0.041666666666666664,0.8666666666666667,0.1006466023542503,0.9083333333333334,0.16666666666666666,0.01666666666666667,0.03287037037037037,0.2222222222222222,0.28099173553719003,0.33666666666666667,0.4166666666666667,0.11388888888888889,0.4722222222222222,0.9636363636363636,0.0,0.9676767676767678,0.044444444444444446,0.00404040404040404,0.005555555555555556,0.1794871794871795,0.0625,0.1320754716981132,0.1951219512195122,0.8301886792452831,0.1509433962264151,1.3658536585365855,2.1132075471698113,10,0.0,0.0,0.0,0.14235760221395793,0.23864828578488287,1,-0.022222222222222227,0.10245890861275483,-0.033333333333333354,0.027777777777777762,0.0027777777777777766,0.013888888888888888,-0.0444444444444444,0.0013069954062685518,-0.012301587301587147,0.05555555555555555,0.00555555555555556,0.015674603174603178,-0.06666666666666665,-0.036786042240587735,0.13333333333333336,0.08333333333333337,-0.013888888888888881,0.08333333333333337,0.0,0.0,0.0,0.0,0.0,0.0
1907,0.17777777777777778,0.3271604938271604,0.16666666666666666,0.19444444444444445,0.05833333333333333,0.2361111111111111,0.8888888888888888,0.09637717607534182,0.9158730158730158,0.1388888888888889,0.01388888888888889,0.02546296296296296,0.17777777777777778,0.3641975308641975,0.0,0.4722222222222222,0.15555555555555553,0.611111111111111,0.9636363636363636,0.0,0.9676767676767678,0.044444444444444446,0.00404040404040404,0.005555555555555556,0.2,0.0,0.1320754716981132,0.17073170731707318,0.8301886792452831,0.1509433962264151,1.3658536585365855,2.1132075471698113,10,0.0,0.0,0.0,0.1451704351680037,0.24186410281300702,1,0.022222222222222227,-0.01307619256337228,0.0,-0.027777777777777762,0.04722222222222222,0.19444444444444445,0.022222222222222143,-0.0042694262789084725,0.007539682539682402,-0.027777777777777762,-0.00277777777777778,-0.007407407407407408,-0.044444444444444425,0.08320579532700745,-0.33666666666666667,0.055555555555555525,0.041666666666666644,0.13888888888888884,0.0,0.0,0.0,0.0,0.0,0.0
1908,0.2,0.35267857142857145,0.16666666666666666,0.16666666666666666,0.10555555555555554,0.3472222222222222,0.8222222222222222,0.10743571032489865,0.8880952380952382,0.2222222222222222,0.02222222222222222,0.05416666666666666,0.08888888888888889,0.5,0.0,0.16666666666666666,0.005555555555555555,0.027777777777777776,0.9636363636363636,0.0,0.9676767676767678,0.044444444444444446,0.00404040404040404,0.005555555555555556,0.24324324324324326,0.0,0.1320754716981132,0.10810810810810811,0.8301886792452831,0.1509433962264151,1.3513513513513513,2.1132075471698113,10,0.0,0.0,0.0,0.13947138262870387,0.21791131245245654,1,0.022222222222222227,0.02551807760141106,0.0,-0.02777777777777779,0.047222222222222214,0.1111111111111111,-0.06666666666666665,0.011058534249556828,-0.02777777777777768,0.08333333333333331,0.00833333333333333,0.0287037037037037,-0.08888888888888889,0.13580246913580252,0.0,-0.3055555555555556,-0.14999999999999997,-0.5833333333333333,0.0,0.0,0.0,0.0,0.0,0.0
1909,0.2,0.4105029585798817,0.36666666666666664,0.3055555555555556,0.10555555555555556,0.3333333333333333,0.9111111111111111,0.08204009043166693,0.9301587301587301,0.1111111111111111,0.01111111111111111,0.01878306878306878,0.044444444444444446,0.4444444444444444,0.0,0.08333333333333333,0.0,0.0,0.9555555555555556,0.0,0.961111111111111,0.05555555555555555,0.005555555555555555,0.007936507936507936,0.21951219512195122,0.0,0.20930232558139536,0.04878048780487805,0.9534883720930233,0.046511627906976744,1.2682926829268293,2.2093023255813953,10,0.0,0.0,0.0,0.14407911102113719,0.2417579822153419,0,0.0,0.057824387151310275,0.19999999999999998,0.13888888888888892,1.3877787807814457e-17,-0.013888888888888895,0.0888888888888889,-0.02539561989323172,0.042063492063491914,-0.1111111111111111,-0.01111111111111111,-0.03538359788359788,-0.044444444444444446,-0.05555555555555558,0.0,-0.08333333333333333,-0.005555555555555555,-0.027777777777777776,-0.008080808080808022,0.0,-0.0065656565656567745,0.011111111111111106,0.0015151515151515145,0.0023809523809523803
1910,0.2222222222222222,0.39231824417009603,0.3,0.2777777777777778,0.07777777777777778,0.2777777777777778,0.9333333333333333,0.08191714741188533,0.9428571428571428,0.08333333333333333,0.008333333333333331,0.012566137566137564,0.06666666666666667,0.5,0.0,0.19444444444444445,0.0027777777777777775,0.027777777777777776,0.9555555555555556,0.0,0.961111111111111,0.05555555555555555,0.005555555555555555,0.007936507936507936,0.23809523809523808,0.0,0.20930232558139536,0.07142857142857142,0.9534883720930233,0.046511627906976744,1.3095238095238095,2.2093023255813953,10,0.0,0.0,0.0,0.14464618994619333,0.2434349677168325,1,0.0222222222222222,-0.018184714409785696,-0.06666666666666665,-0.02777777777777779,-0.027777777777777776,-0.055555555555555525,0.022222222222222254,-0.00012294301978160727,0.012698412698412764,-0.027777777777777776,-0.0027777777777777783,-0.006216931216931216,0.02222222222222222,0.05555555555555558,0.0,0.11111111111111112,0.0027777777777777775,0.027777777777777776,0.0,0.0,0.0,0.0,0.0,0.0
1911,0.2,0.3698224852071007,0.3,0.3055555555555556,0.04444444444444444,0.2222222222222222,0.9333333333333333,0.08138468305140076,0.9428571428571428,0.08333333333333333,0.008333333333333331,0.012566137566137564,0.17777777777777778,0.41975308641975306,0.0,0.3333333333333333,0.03333333333333334,0.20833333333333331,0.9555555555555556,0.0,0.961111111111111,0.05555555555555555,0.005555555555555555,0.007936507936507936,0.21428571428571427,0.13333333333333333,0.20930232558139536,0.19047619047619047,0.9534883720930233,0.046511627906976744,1.4047619047619047,2.2093023255813953,10,0.0,0.0,0.0,0.14215423040647265,0.23891630623841087,1,-0.0222222222222222,-0.022495758962995327,0.0,0.02777777777777779,-0.03333333333333334,-0.05555555555555558,0.0,-0.0005324643604845691,0.0,0.0,0.0,0.0,0.11111111111111112,-0.08024691358024694,0.0,0.13888888888888887,0.03055555555555556,0.18055555555555552,0.0,0.0,0.0,0.0,0.0,0.0
1912,0.16363636363636364,0.36982248520710065,0.2727272727272727,0.28888888888888886,0.03232323232323232,0.17777777777777778,0.9454545454545454,0.07983223235270046,0.9525252525252526,0.06666666666666667,0.006060606060606061,0.00873015873015873,0.14545454545454545,0.3854166666666667,0.0,0.3111111111111111,0.07474747474747474,0.34444444444444444,0.9555555555555556,0.0,0.961111111111111,0.05555555555555555,0.005555555555555555,0.007936507936507936,0.17307692307692307,0.13333333333333333,0.20930232558139536,0.15384615384615385,0.9534883720930233,0.046511627906976744,1.3269230769230769,2.2093023255813953,11,1.0,0.0,1.0,0.13844283637632374,0.23977750457470567,1,-0.036363636363636376,-5.551115123125783e-17,-0.027272727272727282,-0.01666666666666672,-0.012121212121212116,-0.044444444444444425,0.012121212121212088,-0.0015524506987003028,0.009668109668109715,-0.016666666666666663,-0.002272727272727271,-0.0038359788359788333,-0.03232323232323234,-0.03433641975308638,0.0,-0.0222222222222222,0.0414141414141414,0.13611111111111113,0.0,0.0,0.0,0.0,0.0,0.0
1913,0.16363636363636364,0.3698224852071007,0.2727272727272727,0.28888888888888886,0.03232323232323232,0.17777777777777778,0.8909090909090909,0.08217574262983116,0.9272727272727272,0.13333333333333333,0.012121212121212121,0.02222222222222222,0.2,0.37111111111111117,0.13636363636363635,0.24444444444444444,0.08686868686868686,0.35555555555555557,0.9555555555555556,0.0,0.961111111111111,0.05555555555555555,0.005555555555555555,0.007936507936507936,0.1836734693877551,0.1111111111111111,0.20930232558139536,0.22448979591836735,0.9534883720930233,0.046511627906976744,1.4081632653061225,2.2093023255813953,11,1.0,1.0,2.0,0.14000421209804847,0.24388256620921722,1,0.0,5.551115123125783e-17,0.0,0.0,0.0,0.0,-0.054545454545454564,0.0023435102771307004,-0.025252525252525304,0.06666666666666667,0.006060606060606061,0.01349206349206349,0.054545454545454564,-0.014305555555555516,0.13636363636363635,-0.06666666666666668,0.012121212121212116,0.011111111111111127,0.0,0.0,0.0,0.0,0.0,0.0
1914,0.25,0.3698224852071007,0.3333333333333333,0.32142857142857145,0.06349206349206349,0.2857142857142857,0.1111111111111111,-1.1102230246251565e-16,0.2592592592592593,0.3392857142857143,0.007936507936507936,0.07142857142857142,0.3611111111111111,0.1796875,0.17037037037037037,0.3392857142857143,0.07142857142857142,0.20833333333333331,1.0,0.0,1.0,0.0,0.0,0.0,0.08333333333333333,0.15789473684210525,0.25,0.13333333333333333,0.1111111111111111,0.3611111111111111,1.3,1.7222222222222223,9,0.0,2.0,2.0,0.14544357022346574,0.22785119700102724,0,0.08636363636363636,0.0,0.06060606060606061,0.03253968253968259,0.031168831168831165,0.10793650793650791,-0.7797979797979797,-0.08217574262983127,-0.668013468013468,0.20595238095238097,-0.004184704184704185,0.049206349206349205,0.1611111111111111,-0.19142361111111117,0.03400673400673401,0.09484126984126987,-0.015440115440115434,-0.14722222222222225,0.0444444444444444,0.0,0.03888888888888897,-0.05555555555555555,-0.005555555555555555,-0.007936507936507936
1915,0.3055555555555556,0.1998810232004758,0.6370370370370371,0.4107142857142857,0.047619047619047616,0.2857142857142857,0.1111111111111111,-2.220446049250313e-16,0.2592592592592593,0.3392857142857143,0.007936507936507936,0.07142857142857142,0.3611111111111111,0.1796875,0.0,0.5,0.1111111111111111,0.47619047619047616,1.0,0.0,1.0,0.0,0.0,0.0,0.07142857142857142,0.09090909090909091,0.25,0.13333333333333333,0.1111111111111111,0.3611111111111111,1.2173913043478262,1.7222222222222223,9,0.0,0.0,0.0,0.14649039736905098,0.23394127690270908,1,0.05555555555555558,-0.1699414620066249,0.30370370370370375,0.08928571428571425,-0.015873015873015872,0.0,0.0,-1.1102230246251565e-16,0.0,0.0,0.0,0.0,0.0,0.0,-0.17037037037037037,0.1607142857142857,0.03968253968253968,0.26785714285714285,0.0,0.0,0.0,0.0,0.0,0.0
1916,0.25,0.19753086419753085,0.48148148148148145,0.32142857142857145,0.007936507936507936,0.03571428571428571,0.08333333333333333,2.220446049250313e-16,0.0,0.21428571428571427,0.015873015873015872,0.07142857142857142,0.3611111111111111,0.21604938271604934,0.0,0.5,0.1111111111111111,0.47619047619047616,1.0,0.0,1.0,0.0,0.0,0.0,0.09090909090909091,0.0,0.25,0.06666666666666667,0.1111111111111111,0.3611111111111111,1.0869565217391304,1.7222222222222223,9,0.0,0.0,0.0,0.15275622365724323,0.24380716650889858,1,-0.05555555555555558,-0.0023501590029449404,-0.1555555555555556,-0.08928571428571425,-0.03968253968253968,-0.25,-0.027777777777777776,4.440892098500626e-16,-0.2592592592592593,-0.12500000000000003,0.007936507936507936,0.0,0.0,0.03636188271604934,0.0,0.0,0.0,0.0,0.0,0.0,0.0,0.0,0.0,0.0
1917,0.25,0.19753086419753085,0.48148148148148145,0.32142857142857145,0.007936507936507936,0.03571428571428571,0.08333333333333333,0.0,0.0,0.21428571428571427,0.015873015873015872,0.07142857142857142,0.4722222222222222,0.18714555765595464,0.30952380952380953,0.5178571428571429,0.0753968253968254,0.3214285714285714,1.0,0.0,1.0,0.0,0.0,0.0,0.09090909090909091,0.04,0.25,0.1111111111111111,0.1111111111111111,0.3611111111111111,1.1153846153846154,1.7222222222222223,9,0.0,0.0,0.0,0.15491972878639537,0.25501866280532215,1,0.0,0.0,0.0,0.0,0.0,0.0,0.0,-2.220446049250313e-16,0.0,0.0,0.0,0.0,0.1111111111111111,-0.0289038250600947,0.30952380952380953,0.017857142857142905,-0.0357142857142857,-0.15476190476190477,0.0,0.0,0.0,0.0,0.0,0.0
1918,0.1388888888888889,0.31999999999999995,0.2592592592592593,0.30357142857142855,0.007936507936507936,0.07142857142857142,0.05555555555555555,0.0,0.0,0.25,0.003968253968253968,0.03571428571428571,0.5833333333333334,0.11042524005486964,0.6071428571428572,0.5357142857142857,0.05952380952380952,0.1717687074829932,1.0,0.0,1.0,0.0,0.0,0.0,0.0,0.0,0.25,0.09523809523809523,0.1111111111111111,0.3611111111111111,1.0769230769230769,1.7222222222222223,9,0.0,0.0,0.0,0.18653996199459383,0.3217321445950977,1,-0.1111111111111111,0.1224691358024691,-0.22222222222222215,-0.017857142857142905,0.0,0.03571428571428571,-0.027777777777777776,0.0,0.0,0.035714285714285726,-0.011904761904761904,-0.03571428571428571,0.11111111111111116,-0.076720317601085,0.29761904761904767,0.017857142857142794,-0.015873015873015886,-0.1496598639455782,0.0,0.0,0.0,0.0,0.0,0.0
1919,0.027777777777777776,0.0,0.0,0.125,0.0,0.0,0.5,0.1294072774173768,0.7148148148148148,0.6428571428571429,0.07142857142857142,0.4107142857142857,0.4444444444444444,0.15933412604042813,0.8412698412698413,0.7142857142857143,0.07936507936507936,0.3571428571428571,1.0,0.0,1.0,0.0,0.0,0.0,0.05555555555555555,0.0,0.25,0.36,0.1111111111111111,0.3611111111111111,1.4,1.7222222222222223,9,1.0,1.0,2.0,0.2315035067407995,0.4258069523595741,1,-0.11111111111111112,-0.31999999999999995,-0.2592592592592593,-0.17857142857142855,-0.007936507936507936,-0.07142857142857142,0.4444444444444444,0.1294072774173768,0.7148148148148148,0.3928571428571429,0.06746031746031746,0.375,-0.13888888888888895,0.04890888598555848,0.23412698412698407,0.1785714285714286,0.01984126984126984,0.1853741496598639,0.0,0.0,0.0,0.0,0.0,0.0
1920,0.022222222222222223,0.0,0.0,0.1111111111111111,0.0,0.0,0.8222222222222222,0.030663817489839384,0.9119047619047619,0.2222222222222222,0.02222222222222222,0.0648148148148148,0.37777777777777777,0.20448979591836736,0.7507936507936508,0.7777777777777778,0.07777777777777778,0.5,0.8222222222222222,0.0171658144631118,0.8405555555555555,0.2222222222222222,0.02222222222222222,0.045370370370370366,0.02702702702702703,0.0,0.02702702702702703,0.42105263157894735,0.7209302325581395,0.22727272727272727,1.4473684210526316,2.090909090909091,10,1.0,0.0,1.0,0.17349878464538962,0.3229186670208478,0,-0.005555555555555553,0.0,0.0,-0.013888888888888895,0.0,0.0,0.3222222222222222,-0.0987434599275374,0.1970899470899471,-0.4206349206349207,-0.049206349206349205,-0.34589947089947093,-0.06666666666666665,0.04515566987793923,-0.09047619047619049,0.06349206349206349,-0.0015873015873015817,0.1428571428571429,-0.1777777777777778,0.0171658144631118,-0.1594444444444445,0.2222222222222222,0.02222222222222222,0.045370370370370366
1921,0.15555555555555556,0.2573964497041421,0.35,0.3611111111111111,0.008333333333333333,0.08333333333333333,0.8222222222222222,0.04541543072892296,0.8976190476190476,0.2222222222222222,0.02222222222222222,0.053703703703703705,0.3111111111111111,0.1813590449954086,0.6445238095238095,0.7222222222222222,0.09444444444444444,0.6388888888888888,0.8222222222222222,0.0171658144631118,0.8405555555555555,0.2222222222222222,0.02222222222222222,0.045370370370370366,0.1891891891891892,0.0,0.02702702702702703,0.34210526315789475,0.7209302325581395,0.22727272727272727,1.5263157894736843,2.090909090909091,10,0.0,0.0,0.0,0.16193037337280855,0.2856344740048202,1,0.13333333333333333,0.2573964497041421,0.35,0.25,0.008333333333333333,0.08333333333333333,0.0,0.01475161323908358,-0.014285714285714235,0.0,0.0,-0.011111111111111092,-0.06666666666666665,-0.023130750922958743,-0.10626984126984129,-0.05555555555555558,0.016666666666666663,0.13888888888888884,0.0,0.0,0.0,0.0,0.0,0.0
1922,0.15555555555555556,0.19499999999999995,0.35,0.3611111111111111,0.008333333333333333,0.08333333333333333,0.8888888888888888,0.037342867765494815,0.9234126984126985,0.1388888888888889,0.01388888888888889,0.02619047619047619,0.28888888888888886,0.1826923076923077,0.6578571428571428,0.75,0.0638888888888889,0.5555555555555556,0.8222222222222222,0.0171658144631118,0.8405555555555555,0.2222222222222222,0.02222222222222222,0.045370370370370366,0.175,0.0,0.02702702702702703,0.325,0.7209302325581395,0.22727272727272727,1.5,2.090909090909091,10,0.0,0.0,0.0,0.16375997913105309,0.2897113655516835,1,0.0,-0.062396449704142154,0.0,0.0,0.0,0.0,0.06666666666666665,-0.008072562963428148,0.025793650793650813,-0.08333333333333331,-0.00833333333333333,-0.027513227513227514,-0.022222222222222254,0.0013332626968990957,0.013333333333333308,0.02777777777777779,-0.030555555555555544,-0.08333333333333326,0.0,0.0,0.0,0.0,0.0,0.0
1923,0.15555555555555556,0.19499999999999995,0.35,0.3611111111111111,0.008333333333333333,0.08333333333333333,0.8888888888888888,0.035562792036643386,0.9444444444444444,0.1388888888888889,0.01388888888888889,0.034722222222222224,0.15555555555555556,0.3854166666666667,0.0,0.3611111111111111,0.10555555555555554,0.41666666666666663,0.8222222222222222,0.0171658144631118,0.8405555555555555,0.2222222222222222,0.02222222222222222,0.045370370370370366,0.175,0.0,0.02702702702702703,0.175,0.7209302325581395,0.22727272727272727,1.35,2.090909090909091,10,0.0,0.0,0.0,0.16928338803384316,0.308972789655638,1,0.0,0.0,0.0,0.0,0.0,0.0,0.0,-0.0017800757288514296,0.021031746031745957,0.0,0.0,0.008531746031746033,-0.1333333333333333,0.20272435897435898,-0.6578571428571428,-0.3888888888888889,0.041666666666666644,-0.13888888888888895,0.0,0.0,0.0,0.0,0.0,0.0
1924,0.15151515151515152,0.271484375,0.26666666666666666,0.4727272727272727,0.034848484848484844,0.3090909090909091,0.9545454545454546,0.07062107841995406,0.9547558922558923,0.05454545454545454,0.0045454545454545435,0.005858585858585857,0.07575757575757576,0.4444444444444444,0.0,0.23636363636363636,0.006060606060606061,0.05454545454545454,0.8222222222222222,0.0171658144631118,0.8405555555555555,0.2222222222222222,0.02222222222222222,0.045370370370370366,0.15873015873015872,0.0,0.02702702702702703,0.07936507936507936,0.7209302325581395,0.22727272727272727,1.2380952380952381,2.090909090909091,12,2.0,0.0,2.0,0.15301221573360654,0.28182912258346016,1,-0.004040404040404039,0.07648437500000005,-0.08333333333333331,0.11161616161616161,0.026515151515151512,0.22575757575757577,0.06565656565656575,0.035058286383310676,0.010311447811447882,-0.08434343434343436,-0.009343434343434346,-0.028863636363636366,-0.0797979797979798,0.059027777777777735,0.0,-0.12474747474747475,-0.09949494949494948,-0.36212121212121207,0.0,0.0,0.0,0.0,0.0,0.0
1925,0.26666666666666666,0.06427915518824606,0.5,0.5,0.024999999999999998,0.19444444444444442,0.9333333333333333,0.05695824220020852,0.9428571428571428,0.08333333333333333,0.008333333333333331,0.012566137566137565,0.1111111111111111,0.48,0.0,0.1388888888888889,0.01388888888888889,0.05555555555555555,0.9555555555555556,0.0,0.9523809523809523,0.05555555555555555,0.005555555555555555,0.006944444444444444,0.2857142857142857,0.13333333333333333,0.27906976744186046,0.11904761904761904,0.8888888888888888,0.11627906976744186,1.4047619047619047,2.2666666666666666,10,0.0,2.0,2.0,0.1643586592262859,0.3013390926983608,0,0.11515151515151514,-0.20720521981175394,0.23333333333333334,0.027272727272727282,-0.009848484848484846,-0.11464646464646466,-0.021212121212121238,-0.013662836219745539,-0.011898749398749464,0.028787878787878786,0.003787878787878788,0.006707551707551708,0.035353535353535345,0.03555555555555556,0.0,-0.09747474747474746,0.00782828282828283,0.0010101010101010097,0.13333333333333341,-0.0171658144631118,0.11182539682539683,-0.16666666666666666,-0.016666666666666663,-0.03842592592592592
1926,0.3111111111111111,0.09072978303747534,0.4,0.4444444444444444,0.08055555555555555,0.3055555555555555,0.8888888888888888,0.054436825425983895,0.9055555555555556,0.1388888888888889,0.013888888888888886,0.022751322751322748,0.2,0.21487603305785125,0.4095238095238095,0.7222222222222222,0.05277777777777778,0.5277777777777778,0.9555555555555556,0.0,0.9523809523809523,0.05555555555555555,0.005555555555555555,0.006944444444444444,0.35,0.045454545454545456,0.27906976744186046,0.16666666666666666,0.8888888888888888,0.11627906976744186,1.5,2.2666666666666666,10,0.0,0.0,0.0,0.16927319462735443,0.30237569284772225,1,0.04444444444444445,0.026450627849229275,-0.09999999999999998,-0.05555555555555558,0.05555555555555555,0.1111111111111111,-0.04444444444444451,-0.0025214167742246274,-0.03730158730158728,0.055555555555555566,0.005555555555555555,0.010185185185185183,0.0888888888888889,-0.26512396694214874,0.4095238095238095,0.5833333333333333,0.03888888888888889,0.4722222222222222,0.0,0.0,0.0,0.0,0.0,0.0
1927,0.3111111111111111,0.09072978303747534,0.4,0.4444444444444444,0.08055555555555555,0.3055555555555555,1.0,0.03990313642986751,1.0,0.0,0.0,0.0,0.26666666666666666,0.16115702479338845,0.5642857142857143,0.7777777777777778,0.06666666666666667,0.625,0.9555555555555556,0.0,0.9523809523809523,0.05555555555555555,0.005555555555555555,0.006944444444444444,0.3111111111111111,0.13043478260869565,0.27906976744186046,0.26666666666666666,0.8888888888888888,0.11627906976744186,1.5777777777777777,2.2666666666666666,10,0.0,0.0,0.0,0.15739433302461753,0.2836134506216397,1,0.0,0.0,0.0,0.0,0.0,0.0,0.11111111111111116,-0.014533688996116387,0.09444444444444444,-0.1388888888888889,-0.013888888888888886,-0.022751322751322748,0.06666666666666665,-0.0537190082644628,0.15476190476190477,0.05555555555555558,0.013888888888888888,0.09722222222222221,0.0,0.0,0.0,0.0,0.0,0.0
1928,0.3111111111111111,0.09072978303747534,0.4,0.4444444444444444,0.08055555555555555,0.3055555555555555,0.9777777777777777,0.042171968628961824,0.9777777777777779,0.027777777777777776,0.0027777777777777775,0.003472222222222222,0.26666666666666666,0.16115702479338845,0.5642857142857143,0.7777777777777778,0.06666666666666667,0.625,0.9555555555555556,0.0,0.9523809523809523,0.05555555555555555,0.005555555555555555,0.006944444444444444,0.3181818181818182,0.13043478260869565,0.27906976744186046,0.24444444444444444,0.8888888888888888,0.11627906976744186,1.5555555555555556,2.2666666666666666,10,0.0,0.0,0.0,0.16144391797658297,0.29199158685027565,1,0.0,0.0,0.0,0.0,0.0,0.0,-0.022222222222222254,0.002268832199094316,-0.022222222222222143,0.027777777777777776,0.0027777777777777775,0.003472222222222222,0.0,0.0,0.0,0.0,0.0,0.0,0.0,0.0,0.0,0.0,0.0,0.0
1929,0.3111111111111111,0.09072978303747534,0.4,0.4444444444444444,0.08055555555555555,0.3055555555555555,1.0,0.03103683625329068,1.0,0.0,0.0,0.0,0.2222222222222222,0.20408163265306123,0.36428571428571427,0.6944444444444444,0.05,0.4583333333333333,0.9555555555555556,0.0,0.9523809523809523,0.05555555555555555,0.005555555555555555,0.006944444444444444,0.3111111111111111,0.14285714285714285,0.27906976744186046,0.2222222222222222,0.8888888888888888,0.11627906976744186,1.5333333333333334,2.2666666666666666,10,0.0,0.0,0.0,0.16259278669178928,0.2911246425338982,1,0.0,0.0,0.0,0.0,0.0,0.0,0.022222222222222254,-0.011135132375671146,0.022222222222222143,-0.027777777777777776,-0.0027777777777777775,-0.003472222222222222,-0.04444444444444445,0.04292460785967278,-0.2,-0.08333333333333337,-0.016666666666666663,-0.16666666666666669,0.0,0.0,0.0,0.0,0.0,0.0
1930,0.3111111111111111,0.09072978303747534,0.4,0.4444444444444444,0.08055555555555555,0.3055555555555555,0.7777777777777778,0.13177002256645953,0.8793650793650795,0.2777777777777778,0.027777777777777773,0.06666666666666667,0.044444444444444446,0.0,0.0,0.2222222222222222,0.0027777777777777775,0.027777777777777776,0.9333333333333333,0.0,0.9321428571428572,0.08333333333333333,0.008333333333333333,0.011408730158730158,0.2894736842105263,0.0,0.3333333333333333,0.05714285714285714,0.7906976744186046,0.047619047619047616,1.3421052631578947,2.1627906976744184,10,0.0,0.0,0.0,0.15986001179558867,0.27651726829036494,0,0.0,0.0,0.0,0.0,0.0,0.0,-0.2222222222222222,0.10073318631316885,-0.12063492063492054,0.2777777777777778,0.027777777777777773,0.06666666666666667,-0.17777777777777776,-0.20408163265306123,-0.36428571428571427,-0.4722222222222222,-0.04722222222222223,-0.4305555555555555,-0.022222222222222254,0.0,-0.020238095238095166,0.027777777777777776,0.0027777777777777783,0.004464285714285714
1931,0.37777777777777777,0.0798816568047338,0.5628571428571428,0.5,0.0611111111111111,0.3055555555555555,1.0,0.07256182470557412,1.0,0.0,0.0,0.0,0.044444444444444446,0.0,0.0,0.2222222222222222,0.0027777777777777775,0.027777777777777776,0.9333333333333333,0.0,0.9321428571428572,0.08333333333333333,0.008333333333333333,0.011408730158730158,0.37777777777777777,0.0,0.3333333333333333,0.044444444444444446,0.7906976744186046,0.047619047619047616,1.4222222222222223,2.1627906976744184,10,1.0,1.0,2.0,0.15613261733508144,0.26201516011419634,1,0.06666666666666665,-0.010848126232741534,0.1628571428571428,0.05555555555555558,-0.019444444444444445,0.0,0.2222222222222222,-0.05920819786088541,0.12063492063492054,-0.2777777777777778,-0.027777777777777773,-0.06666666666666667,0.0,0.0,0.0,0.0,0.0,0.0,0.0,0.0,0.0,0.0,0.0,0.0
1932,0.3111111111111111,0.10662157351370602,0.5900000000000001,0.4444444444444444,0.019444444444444445,0.1388888888888889,0.9777777777777777,0.07484049982407426,0.9777777777777779,0.027777777777777776,0.0027777777777777775,0.003472222222222222,0.08888888888888889,0.0,0.0,0.4444444444444444,0.016666666666666666,0.16666666666666666,0.9333333333333333,0.0,0.9321428571428572,0.08333333333333333,0.008333333333333333,0.011408730158730158,0.3181818181818182,0.0,0.3333333333333333,0.09090909090909091,0.7906976744186046,0.047619047619047616,1.4090909090909092,2.1627906976744184,10,0.0,0.0,0.0,0.14653809684889044,0.2400212782015294,1,-0.06666666666666665,0.026739916708972217,0.027142857142857246,-0.05555555555555558,-0.04166666666666666,-0.16666666666666663,-0.022222222222222254,0.002278675118500134,-0.022222222222222143,0.027777777777777776,0.0027777777777777775,0.003472222222222222,0.044444444444444446,0.0,0.0,0.2222222222222222,0.013888888888888888,0.1388888888888889,0.0,0.0,0.0,0.0,0.0,0.0
1933,0.3333333333333333,0.07589285714285712,0.5866666666666667,0.4166666666666667,0.016666666666666666,0.10185185185185185,1.0,0.08567984996530653,1.0,0.0,0.0,0.0,0.1111111111111111,0.0,0.21666666666666665,0.4166666666666667,0.01388888888888889,0.1388888888888889,0.9333333333333333,0.0,0.9321428571428572,0.08333333333333333,0.008333333333333333,0.011408730158730158,0.3333333333333333,0.0,0.3333333333333333,0.1111111111111111,0.7906976744186046,0.047619047619047616,1.4444444444444444,2.1627906976744184,10,0.0,0.0,0.0,0.1497339317177392,0.24753897339412434,1,0.0222222222222222,-0.030728716370848896,-0.0033333333333334103,-0.027777777777777735,-0.0027777777777777783,-0.03703703703703705,0.022222222222222254,0.010839350141232273,0.022222222222222143,-0.027777777777777776,-0.0027777777777777775,-0.003472222222222222,0.022222222222222213,0.0,0.21666666666666665,-0.027777777777777735,-0.0027777777777777766,-0.027777777777777762,0.0,0.0,0.0,0.0,0.0,0.0
1934,0.3055555555555556,0.06278763971071663,0.4740740740740741,0.4107142857142857,0.015873015873015872,0.05952380952380952,0.9722222222222222,0.061229224095790125,0.9722222222222222,0.03571428571428571,0.003968253968253968,0.00510204081632653,0.16666666666666666,0.19753086419753085,0.24074074074074073,0.42857142857142855,0.01984126984126984,0.17857142857142855,0.9333333333333333,0.0,0.9321428571428572,0.08333333333333333,0.008333333333333333,0.011408730158730158,0.3142857142857143,0.0625,0.3333333333333333,0.17142857142857143,0.7906976744186046,0.047619047619047616,1.4857142857142858,2.1627906976744184,9,0.0,1.0,1.0,0.15436606927990268,0.24258262300536243,1,-0.027777777777777735,-0.013105217432140492,-0.11259259259259258,-0.005952380952380987,-0.0007936507936507943,-0.042328042328042326,-0.02777777777777779,-0.024450625869516407,-0.02777777777777779,0.03571428571428571,0.003968253968253968,0.00510204081632653,0.05555555555555555,0.19753086419753085,0.02407407407407408,0.011904761904761862,0.00595238095238095,0.03968253968253965,0.0,0.0,0.0,0.0,0.0,0.0
1935,0.3055555555555556,0.07468750000000005,0.4740740740740741,0.4107142857142857,0.015873015873015872,0.05952380952380952,1.0,0.06263532847021855,1.0,0.0,0.0,0.0,0.1388888888888889,0.29752066115702475,0.3333333333333333,0.14285714285714285,0.003968253968253968,0.03571428571428571,1.0,0.0,1.0,0.0,0.0,0.0,0.3055555555555556,0.14285714285714285,0.3055555555555556,0.1388888888888889,1.0,0.1388888888888889,1.4444444444444444,2.4444444444444446,9,0.0,0.0,0.0,0.15407427000127083,0.23327915997044388,0,0.0,0.011899860289283415,0.0,0.0,0.0,0.0,0.02777777777777779,0.001406104374428424,0.02777777777777779,-0.03571428571428571,-0.003968253968253968,-0.00510204081632653,-0.027777777777777762,0.09998979695949389,0.09259259259259259,-0.2857142857142857,-0.015873015873015872,-0.14285714285714285,0.06666666666666665,0.0,0.06785714285714284,-0.08333333333333333,-0.008333333333333333,-0.011408730158730158
1936,0.28888888888888886,0.11885633270321361,0.37333333333333335,0.3333333333333333,0.049999999999999996,0.19907407407407407,0.9555555555555556,0.0506979561263754,0.961111111111111,0.05555555555555555,0.005555555555555555,0.007936507936507936,0.2,0.3977777777777778,0.38333333333333336,0.3055555555555556,0.08611111111111111,0.41666666666666663,1.0,0.0,1.0,0.0,0.0,0.0,0.3023255813953488,0.2222222222222222,0.3055555555555556,0.20930232558139536,1.0,0.1388888888888889,1.5116279069767442,2.4444444444444446,10,1.0,0.0,1.0,0.14871090879386092,0.24746429493481298,1,-0.01666666666666672,0.04416883270321356,-0.10074074074074074,-0.07738095238095238,0.034126984126984124,0.13955026455026454,-0.0444444444444444,-0.01193737234384315,-0.03888888888888897,0.05555555555555555,0.005555555555555555,0.007936507936507936,0.061111111111111116,0.10025711662075304,0.050000000000000044,0.16269841269841273,0.08214285714285714,0.38095238095238093,0.0,0.0,0.0,0.0,0.0,0.0
1937,0.24444444444444444,0.2959104938271605,0.38666666666666666,0.3888888888888889,0.061111111111111116,0.3101851851851852,0.9555555555555556,0.06139783239579508,0.961111111111111,0.05555555555555555,0.005555555555555555,0.007936507936507936,0.26666666666666666,0.31875000000000003,0.13333333333333333,0.2222222222222222,0.09722222222222222,0.2916666666666666,1.0,0.0,1.0,0.0,0.0,0.0,0.2558139534883721,0.09523809523809523,0.3055555555555556,0.25,1.0,0.1388888888888889,1.5,2.4444444444444446,10,0.0,0.0,0.0,0.14745577406377847,0.24033964881151268,1,-0.044444444444444425,0.1770541611239469,0.013333333333333308,0.05555555555555558,0.01111111111111112,0.1111111111111111,0.0,0.010699876269419678,0.0,0.0,0.0,0.0,0.06666666666666665,-0.07902777777777775,-0.25,-0.08333333333333337,0.011111111111111113,-0.12500000000000006,0.0,0.0,0.0,0.0,0.0,0.0
1938,0.26666666666666666,0.27611395178962755,0.4033333333333333,0.3611111111111111,0.05277777777777777,0.25,0.9555555555555556,0.08344003318043978,0.9523809523809523,0.05555555555555555,0.005555555555555555,0.006944444444444444,0.3333333333333333,0.2381852551984877,0.12,0.2777777777777778,0.11111111111111109,0.3680555555555555,1.0,0.0,1.0,0.0,0.0,0.0,0.25,0.17391304347826086,0.3055555555555556,0.3181818181818182,1.0,0.1388888888888889,1.5909090909090908,2.4444444444444446,10,0.0,0.0,0.0,0.14606200990518653,0.2043130484137286,1,0.022222222222222227,-0.01979654203753295,0.016666666666666663,-0.02777777777777779,-0.008333333333333345,-0.060185185185185175,0.0,0.022042200784644708,-0.0087301587301587,0.0,0.0,-0.000992063492063492,0.06666666666666665,-0.08056474480151232,-0.013333333333333336,0.05555555555555558,0.013888888888888867,0.07638888888888895,0.0,0.0,0.0,0.0,0.0,0.0
1939,0.37777777777777777,0.3249314128943759,0.62,0.3611111111111111,0.06388888888888888,0.287037037037037,0.5555555555555556,0.2442879395223875,0.7422222222222222,0.5555555555555556,0.05555555555555556,0.22685185185185186,0.4666666666666667,0.1909469302809573,0.6742857142857143,0.3888888888888889,0.07222222222222222,0.2404100529100529,1.0,0.0,1.0,0.0,0.0,0.0,0.3548387096774194,0.4074074074074074,0.3055555555555556,0.3939393939393939,1.0,0.1388888888888889,1.8529411764705883,2.4444444444444446,10,0.0,0.0,0.0,0.15004358054087286,0.21292289165254172,1,0.1111111111111111,0.04881746110474833,0.21666666666666667,0.0,0.011111111111111113,0.03703703703703698,-0.4,0.16084790634194773,-0.2101587301587301,0.5,0.05,0.2199074074074074,0.13333333333333336,-0.04723832491753041,0.5542857142857143,0.1111111111111111,-0.038888888888888876,-0.12764550264550262,0.0,0.0,0.0,0.0,0.0,0.0
1940,0.25,0.31679999999999997,0.3333333333333333,0.23809523809523808,0.02976190476190476,0.14285714285714285,0.6071428571428571,0.2833837807464843,0.819047619047619,0.5238095238095238,0.06547619047619047,0.21428571428571427,0.6071428571428571,0.10701545778834726,0.7083333333333333,0.3333333333333333,0.07142857142857142,0.146031746031746,0.8928571428571429,0.0,0.8839285714285714,0.14285714285714285,0.017857142857142856,0.026984126984126982,0.2631578947368421,0.2,0.28,0.5454545454545454,0.5,0.5,1.7826086956521738,2.357142857142857,8,0.0,2.0,2.0,0.15865708259895084,0.23635155794565157,0,-0.12777777777777777,-0.008131412894375911,-0.2866666666666667,-0.12301587301587302,-0.034126984126984124,-0.14417989417989413,0.051587301587301515,0.03909584122409679,0.0768253968253968,-0.031746031746031744,0.009920634920634906,-0.012566137566137586,0.14047619047619042,-0.08393147249261004,0.03404761904761899,-0.05555555555555558,-0.0007936507936507908,-0.0943783068783069,-0.1071428571428571,0.0,-0.1160714285714286,0.14285714285714285,0.017857142857142856,0.026984126984126982
1941,0.2222222222222222,0.16262755102040813,0.36666666666666664,0.5178571428571429,0.027777777777777776,0.25,0.5,0.3329408315857873,0.7148148148148148,0.6428571428571429,0.07142857142857142,0.4107142857142857,0.8055555555555556,0.04821186057039385,0.7804232804232805,0.25,0.027777777777777776,0.047619047619047616,0.8928571428571429,0.0,0.8839285714285714,0.14285714285714285,0.017857142857142856,0.026984126984126982,0.13043478260869565,0.1935483870967742,0.28,0.5161290322580645,0.5,0.5,1.7741935483870968,2.357142857142857,9,1.0,0.0,1.0,0.17947198399116332,0.2757414369079814,1,-0.02777777777777779,-0.15417244897959184,0.033333333333333326,0.2797619047619048,-0.001984126984126984,0.10714285714285715,-0.1071428571428571,0.04955705083930301,-0.10423280423280423,0.11904761904761907,0.005952380952380959,0.19642857142857142,0.19841269841269848,-0.058803597217953404,0.0720899470899472,-0.08333333333333331,-0.04365079365079365,-0.0984126984126984,0.0,0.0,0.0,0.0,0.0,0.0
1942,0.1111111111111111,0.40816326530612246,0.0,0.3392857142857143,0.011904761904761904,0.10714285714285714,0.4444444444444444,0.16382593108808974,0.5650793650793651,0.7142857142857143,0.07936507936507936,0.5089285714285715,0.7222222222222222,0.027354570637119158,0.6756613756613756,0.35714285714285715,0.03968253968253968,0.08154761904761905,0.8928571428571429,0.0,0.8839285714285714,0.14285714285714285,0.017857142857142856,0.026984126984126982,0.05263157894736842,0.1111111111111111,0.28,0.6153846153846154,0.5,0.5,1.7037037037037037,2.357142857142857,9,0.0,0.0,0.0,0.1858768117667217,0.31868100952553624,1,-0.1111111111111111,0.24553571428571433,-0.36666666666666664,-0.1785714285714286,-0.015873015873015872,-0.14285714285714285,-0.05555555555555558,-0.16911490049769756,-0.14973544973544972,0.0714285714285714,0.007936507936507936,0.09821428571428581,-0.08333333333333337,-0.020857289933274695,-0.10476190476190483,0.10714285714285715,0.011904761904761904,0.03392857142857143,0.0,0.0,0.0,0.0,0.0,0.0
1943,0.14285714285714285,0.40816326530612246,0.0,0.38095238095238093,0.017857142857142856,0.14285714285714285,0.21428571428571427,0.0011343615024270338,0.0,0.47619047619047616,0.06547619047619047,0.3571428571428571,0.6428571428571429,0.06804733727810654,0.6238095238095238,0.47619047619047616,0.059523809523809514,0.15079365079365079,0.8928571428571429,0.0,0.8839285714285714,0.14285714285714285,0.017857142857142856,0.026984126984126982,0.0,0.15789473684210525,0.28,0.3333333333333333,0.5,0.5,1.4736842105263157,2.357142857142857,8,0.0,1.0,1.0,0.22179766788244257,0.38834040168364037,1,0.031746031746031744,0.0,0.0,0.04166666666666663,0.005952380952380952,0.03571428571428571,-0.23015873015873015,-0.1626915695856627,-0.5650793650793651,-0.23809523809523814,-0.013888888888888895,-0.1517857142857144,-0.0793650793650793,0.04069276664098738,-0.051851851851851816,0.11904761904761901,0.019841269841269833,0.06924603174603174,0.0,0.0,0.0,0.0,0.0,0.0
1944,0.14285714285714285,0.0,0.0,0.5714285714285714,0.03571428571428571,0.2857142857142857,0.42857142857142855,0.1804750100934636,0.46726190476190477,0.7619047619047619,0.09523809523809522,0.6507936507936507,0.4642857142857143,0.12244897959183669,0.18333333333333332,0.5238095238095238,0.08928571428571429,0.3333333333333333,0.8928571428571429,0.0,0.8839285714285714,0.14285714285714285,0.017857142857142856,0.026984126984126982,0.06666666666666667,0.13333333333333333,0.28,0.3888888888888889,0.5,0.5,1.5263157894736843,2.357142857142857,8,1.0,1.0,2.0,0.22935890846173493,0.4042368809259313,1,0.0,-0.40816326530612246,0.0,0.19047619047619047,0.017857142857142856,0.14285714285714285,0.21428571428571427,0.17934064859103654,0.46726190476190477,0.2857142857142857,0.029761904761904753,0.2936507936507936,-0.1785714285714286,0.05440164231373015,-0.44047619047619047,0.04761904761904767,0.029761904761904774,0.18253968253968253,0.0,0.0,0.0,0.0,0.0,0.0
1945,0.14285714285714285,0.0,0.0,0.5714285714285714,0.03571428571428571,0.2857142857142857,0.4642857142857143,0.21660677964636196,0.5773809523809523,0.7142857142857143,0.08928571428571427,0.5555555555555555,0.4642857142857143,0.1777777777777778,0.18333333333333332,0.5238095238095238,0.08928571428571429,0.3333333333333333,0.8928571428571429,0.0,0.8839285714285714,0.14285714285714285,0.017857142857142856,0.026984126984126982,0.0625,0.13333333333333333,0.28,0.4444444444444444,0.5,0.5,1.5789473684210527,2.357142857142857,8,0.0,0.0,0.0,0.25885857631217163,0.4509160198008427,1,0.0,0.0,0.0,0.0,0.0,0.0,0.035714285714285754,0.036131769552898374,0.11011904761904756,-0.04761904761904756,-0.005952380952380945,-0.09523809523809523,0.0,0.05532879818594112,0.0,0.0,0.0,0.0,0.0,0.0,0.0,0.0,0.0,0.0
1946,0.1111111111111111,0.0,0.0,0.5,0.023809523809523808,0.21428571428571427,0.3333333333333333,0.06791739566318067,0.47883597883597884,0.8571428571428571,0.09523809523809523,0.7857142857142857,0.2777777777777778,0.13223140495867775,0.40476190476190477,0.7678571428571429,0.07142857142857144,0.5892857142857143,0.8928571428571429,0.0,0.8839285714285714,0.14285714285714285,0.017857142857142856,0.026984126984126982,0.06666666666666667,0.16666666666666666,0.28,0.1,0.5,0.5,1.2380952380952381,2.357142857142857,9,3.0,2.0,5.0,0.260227476187586,0.4367942218442952,1,-0.031746031746031744,0.0,0.0,-0.0714285714285714,-0.011904761904761904,-0.07142857142857142,-0.130952380952381,-0.1486893839831813,-0.09854497354497349,0.1428571428571428,0.005952380952380959,0.23015873015873023,-0.1865079365079365,-0.04554637281910007,0.22142857142857145,0.24404761904761907,-0.01785714285714285,0.255952380952381,0.0,0.0,0.0,0.0,0.0,0.0
1947,0.17857142857142858,0.08000000000000002,0.2708333333333333,0.5238095238095238,0.02976190476190476,0.23809523809523808,0.39285714285714285,0.0628531484681822,0.5738095238095238,0.8095238095238095,0.10119047619047619,0.6666666666666666,0.10714285714285714,0.0,0.0,0.42857142857142855,0.017857142857142856,0.14285714285714285,0.8928571428571429,0.0,0.8839285714285714,0.14285714285714285,0.017857142857142856,0.026984126984126982,0.14285714285714285,0.3333333333333333,0.28,0.0,0.5,0.5,1.2666666666666666,2.357142857142857,8,1.0,2.0,3.0,0.2281462046225752,0.38926485107137604,1,0.06746031746031747,0.08000000000000002,0.2708333333333333,0.023809523809523836,0.005952380952380952,0.023809523809523808,0.059523809523809534,-0.00506424719499847,0.09497354497354493,-0.04761904761904756,0.005952380952380959,-0.11904761904761907,-0.17063492063492064,-0.13223140495867775,-0.40476190476190477,-0.33928571428571436,-0.05357142857142858,-0.44642857142857145,0.0,0.0,0.0,0.0,0.0,0.0
1948,0.17857142857142858,0.08000000000000002,0.2708333333333333,0.5238095238095238,0.02976190476190476,0.23809523809523808,0.9642857142857143,0.0649935672571728,0.9642857142857142,0.047619047619047616,0.005952380952380952,0.007936507936507936,0.14285714285714285,0.0,0.0,0.5714285714285714,0.03571428571428571,0.2857142857142857,0.8928571428571429,0.0,0.8839285714285714,0.14285714285714285,0.017857142857142856,0.026984126984126982,0.14285714285714285,0.5,0.28,0.10714285714285714,0.5,0.5,1.2857142857142858,2.357142857142857,8,0.0,0.0,0.0,0.22446722223176666,0.3761793917673747,1,0.0,0.0,0.0,0.0,0.0,0.0,0.5714285714285714,0.0021404187889906,0.3904761904761904,-0.7619047619047619,-0.09523809523809523,-0.6587301587301587,0.03571428571428571,0.0,0.0,0.14285714285714285,0.017857142857142856,0.14285714285714285,0.0,0.0,0.0,0.0,0.0,0.0
1949,0.2777777777777778,0.22000000000000006,0.3888888888888889,0.2857142857142857,0.05952380952380952,0.3214285714285714,0.6944444444444444,0.01053857995375071,0.8095238095238095,0.23214285714285715,0.011904761904761908,0.021428571428571432,0.25,0.06790123456790126,0.31481481481481477,0.32142857142857145,0.023809523809523805,0.08928571428571427,0.8928571428571429,0.0,0.8839285714285714,0.14285714285714285,0.017857142857142856,0.026984126984126982,0.2962962962962963,0.1875,0.28,0.1724137931034483,0.5,0.5,1.4666666666666666,2.357142857142857,9,1.0,0.0,1.0,0.20854215466225956,0.3537907932623316,1,0.09920634920634921,0.14000000000000004,0.11805555555555558,-0.23809523809523814,0.02976190476190476,0.08333333333333331,-0.2698412698412699,-0.05445498730342209,-0.15476190476190466,0.18452380952380953,0.0059523809523809555,0.013492063492063496,0.10714285714285715,0.06790123456790126,0.31481481481481477,-0.24999999999999994,-0.011904761904761908,-0.19642857142857142,0.0,0.0,0.0,0.0,0.0,0.0
1950,0.2777777777777778,0.22000000000000006,0.3888888888888889,0.2857142857142857,0.05952380952380952,0.3214285714285714,0.8888888888888888,8.881784197001252e-16,0.9153439153439152,0.14285714285714285,0.015873015873015872,0.02738095238095238,0.2222222222222222,0.06804733727810654,0.4222222222222222,0.5178571428571429,0.027777777777777776,0.19642857142857142,0.7777777777777778,0.05102040816326528,0.7523809523809524,0.125,0.031746031746031744,0.05476190476190476,0.23529411764705882,0.2,0.35714285714285715,0.21212121212121213,0.7142857142857143,0.16129032258064516,1.4705882352941178,2.2285714285714286,9,1.0,1.0,2.0,0.223226110415139,0.36468379105085363,0,0.0,0.0,0.0,0.0,0.0,0.0,0.19444444444444442,-0.010538579953749821,0.1058201058201057,-0.0892857142857143,0.0039682539682539646,0.005952380952380949,-0.02777777777777779,0.00014610271020527865,0.10740740740740745,0.19642857142857145,0.0039682539682539715,0.10714285714285715,-0.11507936507936511,0.05102040816326528,-0.13154761904761902,-0.01785714285714285,0.013888888888888888,0.02777777777777778
1951,0.42857142857142855,0.12345679012345673,0.5238095238095238,0.3333333333333333,0.07619047619047618,0.26666666666666666,0.9523809523809523,2.220446049250313e-16,0.9523809523809524,0.06666666666666667,0.009523809523809523,0.013333333333333334,0.3333333333333333,0.10380622837370237,0.0,0.4666666666666667,0.08571428571428572,0.36666666666666664,0.7777777777777778,0.05102040816326528,0.7523809523809524,0.125,0.031746031746031744,0.05476190476190476,0.38095238095238093,0.14285714285714285,0.35714285714285715,0.35,0.7142857142857143,0.16129032258064516,1.7142857142857142,2.2285714285714286,7,0.0,2.0,2.0,0.2633122334137887,0.42325242509447025,1,0.15079365079365076,-0.09654320987654333,0.13492063492063494,0.047619047619047616,0.016666666666666663,-0.054761904761904734,0.06349206349206349,-6.661338147750939e-16,0.0370370370370372,-0.07619047619047618,-0.006349206349206349,-0.014047619047619047,0.1111111111111111,0.03575889109559584,-0.4222222222222222,-0.05119047619047623,0.05793650793650794,0.17023809523809522,0.0,0.0,0.0,0.0,0.0,0.0
1952,0.35714285714285715,0.11999999999999983,0.3958333333333333,0.2857142857142857,0.09523809523809523,0.23809523809523808,0.9642857142857143,2.220446049250313e-16,0.9642857142857142,0.047619047619047616,0.005952380952380952,0.007936507936507936,0.21428571428571427,0.07908163265306115,0.0,0.47619047619047616,0.06547619047619047,0.3571428571428571,0.7777777777777778,0.05102040816326528,0.7523809523809524,0.125,0.031746031746031744,0.05476190476190476,0.32142857142857145,0.06666666666666667,0.35714285714285715,0.2222222222222222,0.7142857142857143,0.16129032258064516,1.5357142857142858,2.2285714285714286,8,1.0,0.0,1.0,0.24569921960108795,0.40812128421978155,1,-0.0714285714285714,-0.0034567901234568987,-0.12797619047619052,-0.047619047619047616,0.01904761904761905,-0.02857142857142858,0.011904761904761973,0.0,0.011904761904761751,-0.01904761904761905,-0.003571428571428571,-0.005396825396825398,-0.11904761904761904,-0.02472459572064123,0.0,0.00952380952380949,-0.02023809523809525,-0.009523809523809545,0.0,0.0,0.0,0.0,0.0,0.0
1953,0.35714285714285715,0.11999999999999983,0.3958333333333333,0.2857142857142857,0.09523809523809523,0.23809523809523808,0.9642857142857143,4.440892098500626e-16,0.9642857142857142,0.047619047619047616,0.005952380952380952,0.007936507936507936,0.25,0.024444444444444463,0.0,0.42857142857142855,0.05357142857142856,0.26190476190476186,0.7777777777777778,0.05102040816326528,0.7523809523809524,0.125,0.031746031746031744,0.05476190476190476,0.32142857142857145,0.0625,0.35714285714285715,0.25925925925925924,0.7142857142857143,0.16129032258064516,1.5714285714285714,2.2285714285714286,8,0.0,0.0,0.0,0.2473125735320326,0.4086634576867764,1,0.0,0.0,0.0,0.0,0.0,0.0,0.0,2.220446049250313e-16,0.0,0.0,0.0,0.0,0.035714285714285726,-0.05463718820861668,0.0,-0.047619047619047616,-0.011904761904761904,-0.09523809523809523,0.0,0.0,0.0,0.0,0.0,0.0
1954,0.35714285714285715,0.11999999999999983,0.3958333333333333,0.2857142857142857,0.09523809523809523,0.23809523809523808,0.9285714285714286,0.014035878243318714,0.9404761904761905,0.09523809523809523,0.011904761904761906,0.01904761904761905,0.2857142857142857,0.0546875,0.0,0.5714285714285714,0.08928571428571429,0.5,0.7777777777777778,0.05102040816326528,0.7523809523809524,0.125,0.031746031746031744,0.05476190476190476,0.3333333333333333,0.058823529411764705,0.35714285714285715,0.25925925925925924,0.7142857142857143,0.16129032258064516,1.5714285714285714,2.2285714285714286,8,0.0,0.0,0.0,0.2335088687913857,0.3770782819012824,1,0.0,0.0,0.0,0.0,0.0,0.0,-0.0357142857142857,0.01403587824331827,-0.023809523809523725,0.047619047619047616,0.005952380952380954,0.011111111111111113,0.0357142857142857,0.030243055555555537,0.0,0.14285714285714285,0.035714285714285726,0.23809523809523814,0.0,0.0,0.0,0.0,0.0,0.0
1955,0.3888888888888889,0.10204081632653067,0.48148148148148145,0.30357142857142855,0.07936507936507936,0.21428571428571427,0.9722222222222222,0.2018270759825908,0.9722222222222222,0.03571428571428571,0.003968253968253968,0.00510204081632653,0.2222222222222222,0.12456747404844297,0.0,0.5178571428571429,0.05952380952380952,0.375,0.8333333333333334,0.024444444444444463,0.91005291005291,0.21428571428571427,0.023809523809523805,0.07142857142857141,0.4,0.047619047619047616,0.4666666666666667,0.19444444444444445,0.8571428571428571,0.11764705882352941,1.5833333333333333,2.4166666666666665,9,1.0,0.0,1.0,0.2133745141428726,0.35585987197339286,0,0.031746031746031744,-0.01795918367346916,0.08564814814814814,0.01785714285714285,-0.015873015873015872,-0.023809523809523808,0.04365079365079361,0.1877911977392721,0.031746031746031744,-0.05952380952380952,-0.007936507936507938,-0.01394557823129252,-0.06349206349206349,0.06987997404844297,0.0,-0.05357142857142849,-0.029761904761904767,-0.125,0.05555555555555558,-0.026575963718820816,0.15767195767195763,0.08928571428571427,-0.00793650793650794,0.01666666666666665
1956,0.3333333333333333,0.1527777777777778,0.5111111111111111,0.375,0.015873015873015872,0.14285714285714285,0.9722222222222222,0.17640919917180387,0.9722222222222222,0.03571428571428571,0.003968253968253968,0.00510204081632653,0.2222222222222222,0.21333333333333332,0.0,0.35714285714285715,0.06746031746031746,0.23214285714285712,0.8333333333333334,0.024444444444444463,0.91005291005291,0.21428571428571427,0.023809523809523805,0.07142857142857141,0.34285714285714286,0.0,0.4666666666666667,0.19444444444444445,0.8571428571428571,0.11764705882352941,1.5277777777777777,2.4166666666666665,9,0.0,0.0,0.0,0.20800593568488454,0.35085972910378127,1,-0.05555555555555558,0.05073696145124712,0.029629629629629617,0.07142857142857145,-0.06349206349206349,-0.07142857142857142,0.0,-0.025417876810786943,0.0,0.0,0.0,0.0,0.0,0.08876585928489035,0.0,-0.16071428571428575,0.007936507936507936,-0.14285714285714288,0.0,0.0,0.0,0.0,0.0,0.0
1957,0.3333333333333333,0.1527777777777778,0.5111111111111111,0.375,0.015873015873015872,0.14285714285714285,0.9722222222222222,0.13867933606283572,0.9722222222222222,0.03571428571428571,0.003968253968253968,0.00510204081632653,0.16666666666666666,0.28099173553719003,0.0,0.42857142857142855,0.0992063492063492,0.42857142857142855,0.8333333333333334,0.024444444444444463,0.91005291005291,0.21428571428571427,0.023809523809523805,0.07142857142857141,0.34285714285714286,0.0,0.4666666666666667,0.1388888888888889,0.8571428571428571,0.11764705882352941,1.4722222222222223,2.4166666666666665,9,0.0,0.0,0.0,0.20518300006634893,0.34654472428448757,1,0.0,0.0,0.0,0.0,0.0,0.0,0.0,-0.03772986310896814,0.0,0.0,0.0,0.0,-0.05555555555555555,0.06765840220385672,0.0,0.0714285714285714,0.031746031746031744,0.19642857142857142,0.0,0.0,0.0,0.0,0.0,0.0
1958,0.3333333333333333,0.1527777777777778,0.5111111111111111,0.375,0.015873015873015872,0.14285714285714285,0.9444444444444444,0.0529713166787073,0.9523809523809523,0.07142857142857142,0.007936507936507936,0.011904761904761904,0.2222222222222222,0.09814049586776848,0.0,0.35714285714285715,0.06746031746031746,0.23214285714285712,0.8333333333333334,0.024444444444444463,0.91005291005291,0.21428571428571427,0.023809523809523805,0.07142857142857141,0.3142857142857143,0.0,0.4666666666666667,0.2,0.8571428571428571,0.11764705882352941,1.5,2.4166666666666665,9,0.0,0.0,0.0,0.19708460735473332,0.32276012977030305,1,0.0,0.0,0.0,0.0,0.0,0.0,-0.02777777777777779,-0.08570801938412842,-0.019841269841269882,0.03571428571428571,0.003968253968253968,0.006802721088435374,0.05555555555555555,-0.18285123966942157,0.0,-0.0714285714285714,-0.031746031746031744,-0.19642857142857142,0.0,0.0,0.0,0.0,0.0,0.0
1959,0.3333333333333333,0.1527777777777778,0.5111111111111111,0.375,0.015873015873015872,0.14285714285714285,0.9444444444444444,0.08454131798772485,0.9523809523809523,0.07142857142857142,0.007936507936507936,0.011904761904761904,0.2222222222222222,0.14660493827160498,0.0,0.35714285714285715,0.06746031746031746,0.23214285714285712,0.8333333333333334,0.024444444444444463,0.91005291005291,0.21428571428571427,0.023809523809523805,0.07142857142857141,0.3142857142857143,0.0,0.4666666666666667,0.2,0.8571428571428571,0.11764705882352941,1.5,2.4166666666666665,9,0.0,0.0,0.0,0.193743207329563,0.31317506299003556,1,0.0,0.0,0.0,0.0,0.0,0.0,0.0,0.03157000130901755,0.0,0.0,0.0,0.0,0.0,0.0484644424038365,0.0,0.0,0.0,0.0,0.0,0.0,0.0,0.0,0.0,0.0
1960,0.3333333333333333,0.1527777777777778,0.5111111111111111,0.375,0.015873015873015872,0.14285714285714285,0.7222222222222222,0.046098809088717066,0.8359788359788359,0.19642857142857142,0.007936507936507936,0.014285714285714285,0.2222222222222222,0.14874999999999994,0.0,0.35714285714285715,0.06746031746031746,0.23214285714285712,0.8611111111111112,0.007804370447450498,0.9404761904761904,0.17857142857142858,0.01984126984126984,0.05952380952380952,0.22580645161290322,0.0,0.3870967741935484,0.25925925925925924,0.6764705882352942,0.18181818181818182,1.4375,2.2,9,0.0,0.0,0.0,0.18834872025947835,0.29798036938181227,0,0.0,0.0,0.0,0.0,0.0,0.0,-0.2222222222222222,-0.038442508899007785,-0.1164021164021164,0.125,0.0,0.002380952380952381,0.0,0.002145061728394959,0.0,0.0,0.0,0.0,0.02777777777777779,-0.016640073996993965,0.030423280423280352,-0.0357142857142857,-0.0039682539682539646,-0.01190476190476189
1961,0.3333333333333333,0.1527777777777778,0.5111111111111111,0.375,0.015873015873015872,0.14285714285714285,0.75,0.02929348564406567,0.8571428571428571,0.16071428571428573,0.003968253968253968,0.005952380952380952,0.19444444444444445,0.18698060941828243,0.0,0.5535714285714286,0.1349206349206349,0.6428571428571428,0.8611111111111112,0.007804370447450498,0.9404761904761904,0.17857142857142858,0.01984126984126984,0.05952380952380952,0.21875,0.0,0.3870967741935484,0.21428571428571427,0.6764705882352942,0.18181818181818182,1.393939393939394,2.2,9,0.0,0.0,0.0,0.18748806559267772,0.29739533487714603,1,0.0,0.0,0.0,0.0,0.0,0.0,0.02777777777777779,-0.016805323444651396,0.021164021164021163,-0.0357142857142857,-0.003968253968253968,-0.008333333333333333,-0.027777777777777762,0.03823060941828249,0.0,0.19642857142857145,0.06746031746031746,0.4107142857142857,0.0,0.0,0.0,0.0,0.0,0.0
1962,0.6388888888888888,0.08725803993293699,0.7738095238095238,0.4642857142857143,0.05158730158730158,0.3214285714285714,0.7222222222222222,0.04493410838025297,0.8359788359788359,0.19642857142857142,0.007936507936507936,0.014285714285714285,0.2222222222222222,0.16392318244170084,0.0,0.5178571428571429,0.11904761904761904,0.5535714285714285,0.8611111111111112,0.007804370447450498,0.9404761904761904,0.17857142857142858,0.01984126984126984,0.05952380952380952,0.53125,0.24,0.3870967741935484,0.21428571428571427,0.6764705882352942,0.18181818181818182,1.7272727272727273,2.2,9,0.0,0.0,0.0,0.18948134710212583,0.29790660659659124,1,0.3055555555555555,-0.0655197378448408,0.26269841269841276,0.0892857142857143,0.035714285714285705,0.17857142857142855,-0.02777777777777779,0.0156406227361873,-0.021164021164021163,0.0357142857142857,0.003968253968253968,0.008333333333333333,0.027777777777777762,-0.023057426976581585,0.0,-0.0357142857142857,-0.015873015873015872,-0.0892857142857143,0.0,0.0,0.0,0.0,0.0,0.0
1963,0.5333333333333333,0.12685121107266434,0.6845238095238095,0.5833333333333334,0.058333333333333334,0.4722222222222222,0.7555555555555555,0.05466459532788562,0.8571428571428571,0.16666666666666666,0.005555555555555555,0.009259259259259259,0.2,0.20096021947873793,0.0,0.4444444444444444,0.1277777777777778,0.5972222222222222,0.8611111111111112,0.007804370447450498,0.9404761904761904,0.17857142857142858,0.01984126984126984,0.05952380952380952,0.45,0.2222222222222222,0.3870967741935484,0.19444444444444445,0.6764705882352942,0.18181818181818182,1.6341463414634145,2.2,10,1.0,0.0,1.0,0.17883675525905157,0.28874214352546246,1,-0.10555555555555551,0.03959317113972735,-0.0892857142857143,0.11904761904761907,0.006746031746031757,0.1507936507936508,0.033333333333333326,0.00973048694763265,0.021164021164021163,-0.029761904761904767,-0.002380952380952381,-0.0050264550264550265,-0.0222222222222222,0.03703703703703709,0.0,-0.07341269841269848,0.008730158730158755,0.04365079365079372,0.0,0.0,0.0,0.0,0.0,0.0
1964,0.5333333333333333,0.12685121107266434,0.6845238095238095,0.5833333333333334,0.058333333333333334,0.4722222222222222,0.7555555555555555,0.03696582559130237,0.8571428571428571,0.16666666666666666,0.005555555555555555,0.009259259259259259,0.2,0.21759999999999996,0.2533333333333333,0.4444444444444444,0.041666666666666664,0.2638888888888889,0.8611111111111112,0.007804370447450498,0.9404761904761904,0.17857142857142858,0.01984126984126984,0.05952380952380952,0.45,0.2222222222222222,0.3870967741935484,0.16216216216216217,0.6764705882352942,0.18181818181818182,1.6341463414634145,2.2,10,0.0,0.0,0.0,0.17567644269764848,0.28318746301157044,1,0.0,0.0,0.0,0.0,0.0,0.0,0.0,-0.01769876973658325,0.0,0.0,0.0,0.0,0.0,0.016639780521262026,0.2533333333333333,0.0,-0.08611111111111114,-0.3333333333333333,0.0,0.0,0.0,0.0,0.0,0.0
1965,0.28888888888888886,0.21301775147928992,0.44000000000000006,0.4722222222222222,0.025,0.25,0.7555555555555555,0.040951690289753255,0.8571428571428571,0.16666666666666666,0.005555555555555555,0.009259259259259259,0.15555555555555556,0.11072664359861588,0.15,0.3611111111111111,0.03055555555555555,0.19444444444444442,0.8666666666666667,0.012820512820512775,0.9214285714285715,0.16666666666666666,0.016666666666666663,0.041005291005290996,0.20512820512820512,0.05263157894736842,0.3333333333333333,0.10810810810810811,0.6590909090909091,0.15,1.3170731707317074,2.1136363636363638,10,0.0,0.0,0.0,0.17540742353502622,0.2840216998395554,0,-0.24444444444444446,0.08616654040662558,-0.24452380952380948,-0.11111111111111116,-0.03333333333333333,-0.2222222222222222,0.0,0.003985864698450886,0.0,0.0,0.0,0.0,-0.04444444444444445,-0.10687335640138408,-0.1033333333333333,-0.08333333333333331,-0.011111111111111113,-0.06944444444444448,0.005555555555555536,0.005016142373062277,-0.01904761904761887,-0.011904761904761918,-0.003174603174603177,-0.018518518518518524
1966,0.28888888888888886,0.21301775147928992,0.44000000000000006,0.4722222222222222,0.025,0.25,0.7333333333333333,0.05379885240294982,0.8464285714285715,0.19444444444444445,0.008333333333333333,0.016666666666666666,0.13333333333333333,0.0,0.15,0.3888888888888889,0.03055555555555555,0.19444444444444442,0.8666666666666667,0.012820512820512775,0.9214285714285715,0.16666666666666666,0.016666666666666663,0.041005291005290996,0.21052631578947367,0.05555555555555555,0.3333333333333333,0.05405405405405406,0.6590909090909091,0.15,1.2682926829268293,2.1136363636363638,10,0.0,0.0,0.0,0.17897897033552415,0.29133848483520014,1,0.0,0.0,0.0,0.0,0.0,0.0,-0.022222222222222254,0.012847162113196565,-0.010714285714285565,0.02777777777777779,0.0027777777777777783,0.007407407407407408,-0.022222222222222227,-0.11072664359861588,0.0,0.02777777777777779,0.0,0.0,0.0,0.0,0.0,0.0,0.0,0.0
1967,0.28888888888888886,0.21301775147928992,0.44000000000000006,0.4722222222222222,0.025,0.25,0.7111111111111111,0.06869729727645318,0.8428571428571429,0.2222222222222222,0.01111111111111111,0.027777777777777776,0.13333333333333333,0.08874999999999993,0.15,0.3888888888888889,0.03055555555555555,0.19444444444444442,0.8666666666666667,0.012820512820512775,0.9214285714285715,0.16666666666666666,0.016666666666666663,0.041005291005290996,0.21621621621621623,0.05555555555555555,0.3333333333333333,0.08571428571428572,0.6590909090909091,0.15,1.3076923076923077,2.1136363636363638,10,0.0,0.0,0.0,0.17906000757666166,0.2923107759306409,1,0.0,0.0,0.0,0.0,0.0,0.0,-0.022222222222222143,0.014898444873503364,-0.0035714285714286698,0.027777777777777762,0.0027777777777777766,0.01111111111111111,0.0,0.08874999999999993,0.0,0.0,0.0,0.0,0.0,0.0,0.0,0.0,0.0,0.0
1968,0.28888888888888886,0.21301775147928992,0.44000000000000006,0.4722222222222222,0.025,0.25,0.7333333333333333,0.07284706481893358,0.8464285714285715,0.19444444444444445,0.008333333333333333,0.016666666666666666,0.17777777777777778,0.0650826446280992,0.2533333333333333,0.4722222222222222,0.041666666666666664,0.2638888888888889,0.8666666666666667,0.012820512820512775,0.9214285714285715,0.16666666666666666,0.016666666666666663,0.041005291005290996,0.21052631578947367,0.05,0.3333333333333333,0.1388888888888889,0.6590909090909091,0.15,1.35,2.1136363636363638,10,0.0,0.0,0.0,0.17823810036048224,0.28536758778608395,1,0.0,0.0,0.0,0.0,0.0,0.0,0.022222222222222143,0.004149767542480393,0.0035714285714286698,-0.027777777777777762,-0.0027777777777777766,-0.01111111111111111,0.04444444444444445,-0.02366735537190072,0.1033333333333333,0.08333333333333331,0.011111111111111113,0.06944444444444448,0.0,0.0,0.0,0.0,0.0,0.0
1969,0.28888888888888886,0.21301775147928992,0.44000000000000006,0.4722222222222222,0.025,0.25,0.7333333333333333,0.08619336788085914,0.8464285714285715,0.19444444444444445,0.008333333333333333,0.016666666666666666,0.17777777777777778,0.041322314049586834,0.2533333333333333,0.4722222222222222,0.041666666666666664,0.2638888888888889,0.8666666666666667,0.012820512820512775,0.9214285714285715,0.16666666666666666,0.016666666666666663,0.041005291005290996,0.21052631578947367,0.05,0.3333333333333333,0.17142857142857143,0.6590909090909091,0.15,1.3846153846153846,2.1136363636363638,10,0.0,0.0,0.0,0.1762756306301576,0.2789304838152632,1,0.0,0.0,0.0,0.0,0.0,0.0,0.0,0.013346303061925566,0.0,0.0,0.0,0.0,0.0,-0.023760330578512373,0.0,0.0,0.0,0.0,0.0,0.0,0.0,0.0,0.0,0.0
1970,0.3111111111111111,0.20487718049127807,0.4,0.4444444444444444,0.08888888888888888,0.3611111111111111,0.7333333333333333,0.09262865788965235,0.8464285714285715,0.19444444444444445,0.008333333333333333,0.016666666666666666,0.17777777777777778,0.033333333333333326,0.2533333333333333,0.4722222222222222,0.041666666666666664,0.2638888888888889,0.9333333333333333,0.0,0.95,0.08333333333333333,0.008333333333333331,0.013888888888888886,0.23684210526315788,0.047619047619047616,0.3333333333333333,0.1388888888888889,0.7441860465116279,0.16279069767441862,1.375,2.2045454545454546,10,0.0,0.0,0.0,0.17089776741528243,0.2580440383607108,0,0.022222222222222254,-0.008140570988011853,-0.040000000000000036,-0.02777777777777779,0.06388888888888888,0.1111111111111111,0.0,0.0064352900087932124,0.0,0.0,0.0,0.0,0.0,-0.007988980716253508,0.0,0.0,0.0,0.0,0.06666666666666665,-0.012820512820512775,0.02857142857142847,-0.08333333333333333,-0.008333333333333331,-0.027116402116402108
1971,0.3333333333333333,0.2431404958677685,0.4,0.4166666666666667,0.13333333333333333,0.5,0.7555555555555555,0.10392125729005944,0.8571428571428571,0.16666666666666666,0.005555555555555555,0.009259259259259259,0.13333333333333333,0.15499999999999997,0.15,0.3888888888888889,0.03055555555555555,0.19444444444444442,0.9333333333333333,0.0,0.95,0.08333333333333333,0.008333333333333331,0.013888888888888886,0.2564102564102564,0.05,0.3333333333333333,0.1111111111111111,0.7441860465116279,0.16279069767441862,1.375,2.2045454545454546,10,0.0,0.0,0.0,0.1690252579272802,0.24967131158849834,1,0.0222222222222222,0.03826331537649044,0.0,-0.027777777777777735,0.04444444444444445,0.1388888888888889,0.022222222222222254,0.011292599400407083,0.010714285714285565,-0.02777777777777779,-0.0027777777777777783,-0.007407407407407408,-0.04444444444444445,0.12166666666666665,-0.1033333333333333,-0.08333333333333331,-0.011111111111111113,-0.06944444444444448,0.0,0.0,0.0,0.0,0.0,0.0
1972,0.3333333333333333,0.2431404958677685,0.4,0.4166666666666667,0.13333333333333333,0.5,0.7555555555555555,0.11122960247031013,0.8571428571428571,0.16666666666666666,0.005555555555555555,0.009259259259259259,0.08888888888888889,0.0546875,0.0,0.16666666666666666,0.027777777777777773,0.1111111111111111,0.9333333333333333,0.0,0.95,0.08333333333333333,0.008333333333333331,0.013888888888888886,0.2564102564102564,0.0,0.3333333333333333,0.08571428571428572,0.7441860465116279,0.16279069767441862,1.325,2.2045454545454546,10,0.0,0.0,0.0,0.16660405396718878,0.24895894099725693,1,0.0,0.0,0.0,0.0,0.0,0.0,0.0,0.007308345180250697,0.0,0.0,0.0,0.0,-0.04444444444444444,-0.10031249999999997,-0.15,-0.22222222222222224,-0.0027777777777777783,-0.08333333333333331,0.0,0.0,0.0,0.0,0.0,0.0
1973,0.3333333333333333,0.2431404958677685,0.4,0.4166666666666667,0.13333333333333333,0.5,0.7777777777777778,0.10652366479793476,0.875,0.1388888888888889,0.0027777777777777775,0.003968253968253968,0.06666666666666667,0.0714285714285714,0.0,0.19444444444444445,0.01111111111111111,0.05555555555555555,0.9333333333333333,0.0,0.95,0.08333333333333333,0.008333333333333331,0.013888888888888886,0.25,0.0,0.3333333333333333,0.08571428571428572,0.7441860465116279,0.16279069767441862,1.325,2.2045454545454546,10,0.0,0.0,0.0,0.1631676132706661,0.24522257773020092,1,0.0,0.0,0.0,0.0,0.0,0.0,0.022222222222222254,-0.004705937672375371,0.017857142857142905,-0.027777777777777762,-0.0027777777777777775,-0.005291005291005291,-0.022222222222222227,0.016741071428571397,0.0,0.02777777777777779,-0.016666666666666663,-0.05555555555555555,0.0,0.0,0.0,0.0,0.0,0.0
1974,0.3333333333333333,0.2431404958677685,0.4,0.4166666666666667,0.13333333333333333,0.5,0.7555555555555555,0.11996647506427216,0.8571428571428571,0.16666666666666666,0.005555555555555555,0.009259259259259259,0.08888888888888889,0.0,0.23333333333333334,0.3055555555555556,0.005555555555555555,0.05555555555555555,0.9333333333333333,0.0,0.95,0.08333333333333333,0.008333333333333331,0.013888888888888886,0.2564102564102564,0.05555555555555555,0.3333333333333333,0.05555555555555555,0.7441860465116279,0.16279069767441862,1.325,2.2045454545454546,10,0.0,0.0,0.0,0.16230880091037103,0.24702949782532044,1,0.0,0.0,0.0,0.0,0.0,0.0,-0.022222222222222254,0.013442810266337396,-0.017857142857142905,0.027777777777777762,0.0027777777777777775,0.005291005291005291,0.022222222222222227,-0.0714285714285714,0.23333333333333334,0.11111111111111113,-0.005555555555555555,0.0,0.0,0.0,0.0,0.0,0.0,0.0
1975,0.2909090909090909,0.30321746624533186,0.36363636363636365,0.37777777777777777,0.1313131313131313,0.5333333333333333,0.8,0.1674634469847064,0.888888888888889,0.12222222222222222,0.00202020202020202,0.002777777777777778,0.05454545454545454,0.08000000000000002,0.0,0.17777777777777778,0.00808080808080808,0.044444444444444446,0.9818181818181818,0.0,0.9818181818181817,0.022222222222222223,0.0020202020202020206,0.0024691358024691358,0.22448979591836735,0.05555555555555555,0.2962962962962963,0.044444444444444446,0.7818181818181819,0.05555555555555555,1.2857142857142858,2.1272727272727274,11,1.0,0.0,1.0,0.15770300952622293,0.2533101492673734,0,-0.04242424242424242,0.06007697037756335,-0.036363636363636376,-0.03888888888888892,-0.002020202020202033,0.033333333333333326,0.04444444444444451,0.04749697192043423,0.031746031746031855,-0.04444444444444444,-0.0035353535353535347,-0.00648148148148148,-0.03434343434343435,0.08000000000000002,-0.23333333333333334,-0.1277777777777778,0.002525252525252526,-0.011111111111111106,0.048484848484848464,0.0,0.031818181818181746,-0.0611111111111111,-0.00631313131313131,-0.011419753086419751
1976,0.2909090909090909,0.30321746624533186,0.36363636363636365,0.37777777777777777,0.1313131313131313,0.5333333333333333,0.7818181818181819,0.17237762590545486,0.8737373737373737,0.14444444444444443,0.00404040404040404,0.006349206349206349,0.05454545454545454,0.0,0.0,0.17777777777777778,0.00808080808080808,0.044444444444444446,0.9818181818181818,0.0,0.9818181818181817,0.022222222222222223,0.0020202020202020206,0.0024691358024691358,0.22916666666666666,0.05555555555555555,0.2962962962962963,0.022222222222222223,0.7818181818181819,0.05555555555555555,1.2653061224489797,2.1272727272727274,11,0.0,0.0,0.0,0.15821328148385722,0.2563683042944328,1,0.0,0.0,0.0,0.0,0.0,0.0,-0.018181818181818188,0.004914178920748469,-0.015151515151515249,0.022222222222222213,0.00202020202020202,0.0035714285714285713,0.0,-0.08000000000000002,0.0,0.0,0.0,0.0,0.0,0.0,0.0,0.0,0.0,0.0
1977,0.2909090909090909,0.30321746624533186,0.36363636363636365,0.37777777777777777,0.1313131313131313,0.5333333333333333,0.8,0.18541333391210835,0.888888888888889,0.12222222222222222,0.00202020202020202,0.002777777777777778,0.07272727272727272,0.22000000000000006,0.0,0.2777777777777778,0.01616161616161616,0.11111111111111112,0.9818181818181818,0.0,0.9818181818181817,0.022222222222222223,0.0020202020202020206,0.0024691358024691358,0.22448979591836735,0.05263157894736842,0.2962962962962963,0.06666666666666667,0.7818181818181819,0.05555555555555555,1.3061224489795917,2.1272727272727274,11,0.0,0.0,0.0,0.15836852921536657,0.25496402222424625,1,0.0,0.0,0.0,0.0,0.0,0.0,0.018181818181818188,0.01303570800665349,0.015151515151515249,-0.022222222222222213,-0.00202020202020202,-0.0035714285714285713,0.01818181818181818,0.22000000000000006,0.0,0.1,0.00808080808080808,0.06666666666666668,0.0,0.0,0.0,0.0,0.0,0.0
1978,0.2909090909090909,0.30321746624533186,0.36363636363636365,0.37777777777777777,0.1313131313131313,0.5333333333333333,0.8181818181818182,0.18606771115996604,0.9090909090909091,0.1,0.0,0.0,0.05454545454545454,0.0,0.0,0.3,0.006060606060606061,0.06666666666666667,0.9818181818181818,0.0,0.9818181818181817,0.022222222222222223,0.0020202020202020206,0.0024691358024691358,0.24489795918367346,0.05555555555555555,0.2962962962962963,0.06666666666666667,0.7818181818181819,0.05555555555555555,1.3061224489795917,2.1272727272727274,11,0.0,0.0,0.0,0.15766849466379487,0.2522152934892972,1,0.0,0.0,0.0,0.0,0.0,0.0,0.018181818181818188,0.0006543772478576904,0.02020202020202011,-0.022222222222222213,-0.00202020202020202,-0.002777777777777778,-0.01818181818181818,-0.22000000000000006,0.0,0.0222222222222222,-0.0101010101010101,-0.04444444444444445,0.0,0.0,0.0,0.0,0.0,0.0
1979,0.2909090909090909,0.30321746624533186,0.36363636363636365,0.37777777777777777,0.1313131313131313,0.5333333333333333,0.8181818181818182,0.18769160014712827,0.9090909090909091,0.1,0.0,0.0,0.07272727272727272,0.03305785123966938,0.0,0.2777777777777778,0.01616161616161616,0.11111111111111112,0.9818181818181818,0.0,0.9818181818181817,0.022222222222222223,0.0020202020202020206,0.0024691358024691358,0.24489795918367346,0.05263157894736842,0.2962962962962963,0.08888888888888889,0.7818181818181819,0.05555555555555555,1.3265306122448979,2.1272727272727274,11,0.0,0.0,0.0,0.15535217638710727,0.24849496246632352,1,0.0,0.0,0.0,0.0,0.0,0.0,0.0,0.0016238889871622308,0.0,0.0,0.0,0.0,0.01818181818181818,0.03305785123966938,0.0,-0.0222222222222222,0.0101010101010101,0.04444444444444445,0.0,0.0,0.0,0.0,0.0,0.0
1980,0.2909090909090909,0.30321746624533186,0.36363636363636365,0.37777777777777777,0.1313131313131313,0.5333333333333333,0.8181818181818182,0.18292594176865873,0.9090909090909091,0.1,0.0,0.0,0.12727272727272726,0.04733727810650888,0.0,0.5777777777777777,0.05252525252525253,0.4444444444444445,1.0,0.0,1.0,0.0,0.0,0.0,0.24489795918367346,0.045454545454545456,0.2909090909090909,0.13043478260869565,0.8181818181818182,0.12727272727272726,1.36,2.2363636363636363,11,0.0,0.0,0.0,0.1559286045757536,0.2527535884450571,0,0.0,0.0,0.0,0.0,0.0,0.0,0.0,-0.0047656583784695394,0.0,0.0,0.0,0.0,0.054545454545454536,0.0142794268668395,0.0,0.29999999999999993,0.03636363636363637,0.33333333333333337,0.018181818181818188,0.0,0.0181818181818183,-0.022222222222222223,-0.0020202020202020206,-0.0024691358024691358
1981,0.2727272727272727,0.2431404958677685,0.36363636363636365,0.4,0.09696969696969698,0.4,0.8181818181818182,0.17346554723488783,0.9090909090909091,0.1,0.0,0.0,0.12727272727272726,0.07988165680473366,0.0,0.5777777777777777,0.05252525252525253,0.4444444444444445,1.0,0.0,1.0,0.0,0.0,0.0,0.22448979591836735,0.0,0.2909090909090909,0.13043478260869565,0.8181818181818182,0.12727272727272726,1.34,2.2363636363636363,11,0.0,0.0,0.0,0.15998814562938513,0.25517259652964214,1,-0.018181818181818188,-0.06007697037756335,0.0,0.022222222222222254,-0.034343434343434315,-0.1333333333333333,0.0,-0.0094603945337709,0.0,0.0,0.0,0.0,0.0,0.03254437869822478,0.0,0.0,0.0,0.0,0.0,0.0,0.0,0.0,0.0,0.0
1982,0.24242424242424243,0.2813846595805804,0.3238095238095238,0.4727272727272727,0.09393939393939393,0.43636363636363634,0.7878787878787878,0.16791882096088234,0.8777777777777778,0.14545454545454545,0.004545454545454544,0.0077922077922077905,0.09090909090909091,0.0,0.0,0.5454545454545454,0.022727272727272724,0.2727272727272727,1.0,0.0,1.0,0.0,0.0,0.0,0.21428571428571427,0.0,0.2909090909090909,0.09433962264150944,0.8181818181818182,0.12727272727272726,1.2982456140350878,2.2363636363636363,12,1.0,0.0,1.0,0.15321226948040423,0.25524296659965534,1,-0.030303030303030276,0.03824416371281189,-0.03982683982683982,0.0727272727272727,-0.00303030303030305,0.03636363636363632,-0.030303030303030387,-0.005546726274005487,-0.03131313131313129,0.04545454545454544,0.004545454545454544,0.0077922077922077905,-0.03636363636363635,-0.07988165680473366,0.0,-0.03232323232323231,-0.029797979797979806,-0.17171717171717177,0.0,0.0,0.0,0.0,0.0,0.0
1983,0.24242424242424243,0.2813846595805804,0.3238095238095238,0.4727272727272727,0.09393939393939393,0.43636363636363634,0.7878787878787878,0.17286749719082622,0.8777777777777778,0.14545454545454545,0.004545454545454544,0.0077922077922077905,0.06060606060606061,0.0,0.0,0.36363636363636365,0.00909090909090909,0.10909090909090909,1.0,0.0,1.0,0.0,0.0,0.0,0.21428571428571427,0.0,0.2909090909090909,0.05660377358490566,0.8181818181818182,0.12727272727272726,1.263157894736842,2.2363636363636363,12,0.0,0.0,0.0,0.15516611945071931,0.2562476159321145,1,0.0,0.0,0.0,0.0,0.0,0.0,0.0,0.0049486762299438825,0.0,0.0,0.0,0.0,-0.030303030303030304,0.0,0.0,-0.18181818181818177,-0.013636363636363634,-0.16363636363636364,0.0,0.0,0.0,0.0,0.0,0.0
1984,0.24242424242424243,0.2813846595805804,0.3238095238095238,0.4727272727272727,0.09393939393939393,0.43636363636363634,0.803030303030303,0.16697289810843047,0.8870370370370372,0.12727272727272726,0.0030303030303030307,0.004545454545454545,0.07575757575757576,0.0,0.0,0.45454545454545453,0.015151515151515152,0.18181818181818182,1.0,0.0,1.0,0.0,0.0,0.0,0.21052631578947367,0.0,0.2909090909090909,0.05454545454545454,0.8181818181818182,0.12727272727272726,1.2542372881355932,2.2363636363636363,12,0.0,0.0,0.0,0.15545515258021267,0.25450317143114515,1,0.0,0.0,0.0,0.0,0.0,0.0,0.015151515151515138,-0.005894599082395757,0.009259259259259411,-0.018181818181818188,-0.0015151515151515136,-0.0032467532467532452,0.015151515151515152,0.0,0.0,0.09090909090909088,0.0060606060606060615,0.07272727272727274,0.0,0.0,0.0,0.0,0.0,0.0
1985,0.2727272727272727,0.20743801652892552,0.35324675324675325,0.5222222222222223,0.08686868686868687,0.4666666666666667,0.7818181818181819,0.14873637678655327,0.8737373737373737,0.14444444444444443,0.0040404040404040395,0.006349206349206349,0.12727272727272726,0.26033057851239677,0.0,0.45555555555555555,0.06868686868686869,0.4,0.9636363636363636,0.0,0.9676767676767678,0.044444444444444446,0.00404040404040404,0.005555555555555556,0.23404255319148937,0.0,0.2830188679245283,0.08695652173913043,0.8113207547169812,0.09090909090909091,1.3,2.1454545454545455,11,0.0,1.0,1.0,0.1641221350722664,0.2670978849350664,0,0.030303030303030276,-0.07394664305165488,0.02943722943722943,0.049494949494949536,-0.007070707070707061,0.03030303030303033,-0.021212121212121127,-0.018236521321877197,-0.013299663299663478,0.01717171717171717,0.0010101010101010088,0.001803751803751804,0.0515151515151515,0.26033057851239677,0.0,0.0010101010101010166,0.05353535353535353,0.2181818181818182,-0.036363636363636376,0.0,-0.0323232323232322,0.044444444444444446,0.00404040404040404,0.005555555555555556
1986,0.2727272727272727,0.20743801652892552,0.35324675324675325,0.5222222222222223,0.08686868686868687,0.4666666666666667,0.7818181818181819,0.15046495168924467,0.8737373737373737,0.14444444444444443,0.0040404040404040395,0.006349206349206349,0.12727272727272726,0.329861111111111,0.0,0.45555555555555555,0.05858585858585859,0.4,0.9636363636363636,0.0,0.9676767676767678,0.044444444444444446,0.00404040404040404,0.005555555555555556,0.23404255319148937,0.0,0.2830188679245283,0.1111111111111111,0.8113207547169812,0.09090909090909091,1.3265306122448979,2.1454545454545455,11,0.0,0.0,0.0,0.16286329035333133,0.26583704600864116,1,0.0,0.0,0.0,0.0,0.0,0.0,0.0,0.0017285749026914043,0.0,0.0,0.0,0.0,0.0,0.06953053259871422,0.0,0.0,-0.010101010101010097,0.0,0.0,0.0,0.0,0.0,0.0,0.0
1987,0.2727272727272727,0.20743801652892552,0.35324675324675325,0.5222222222222223,0.08686868686868687,0.4666666666666667,0.7818181818181819,0.16112080220291428,0.8737373737373737,0.14444444444444443,0.0040404040404040395,0.006349206349206349,0.09090909090909091,0.3671875,0.0,0.25555555555555554,0.028282828282828285,0.15555555555555556,0.9636363636363636,0.0,0.9676767676767678,0.044444444444444446,0.00404040404040404,0.005555555555555556,0.23404255319148937,0.0,0.2830188679245283,0.09090909090909091,0.8113207547169812,0.09090909090909091,1.3125,2.1454545454545455,11,0.0,0.0,0.0,0.16138275217151998,0.26488128513943204,1,0.0,0.0,0.0,0.0,0.0,0.0,0.0,0.010655850513669601,0.0,0.0,0.0,0.0,-0.03636363636363635,0.037326388888889006,0.0,-0.2,-0.030303030303030304,-0.24444444444444446,0.0,0.0,0.0,0.0,0.0,0.0
1988,0.2727272727272727,0.20743801652892552,0.35324675324675325,0.5222222222222223,0.08686868686868687,0.4666666666666667,0.7818181818181819,0.1526848724202378,0.8737373737373737,0.14444444444444443,0.0040404040404040395,0.006349206349206349,0.07272727272727272,0.30000000000000004,0.0,0.2777777777777778,0.01616161616161616,0.11111111111111112,0.9636363636363636,0.0,0.9676767676767678,0.044444444444444446,0.00404040404040404,0.005555555555555556,0.23404255319148937,0.0,0.2830188679245283,0.06818181818181818,0.8113207547169812,0.09090909090909091,1.2916666666666667,2.1454545454545455,11,0.0,0.0,0.0,0.16044664224187263,0.2608600482597479,1,0.0,0.0,0.0,0.0,0.0,0.0,0.0,-0.008435929782676488,0.0,0.0,0.0,0.0,-0.018181818181818188,-0.06718749999999996,0.0,0.022222222222222254,-0.012121212121212123,-0.04444444444444444,0.0,0.0,0.0,0.0,0.0,0.0
1989,0.2727272727272727,0.20743801652892552,0.35324675324675325,0.5222222222222223,0.08686868686868687,0.4666666666666667,0.7818181818181819,0.15088295170501978,0.8737373737373737,0.14444444444444443,0.0040404040404040395,0.006349206349206349,0.03636363636363636,0.0,0.0,0.2,0.00202020202020202,0.022222222222222223,0.9636363636363636,0.0,0.9676767676767678,0.044444444444444446,0.00404040404040404,0.005555555555555556,0.23404255319148937,0.0,0.2830188679245283,0.022727272727272728,0.8113207547169812,0.09090909090909091,1.25,2.1454545454545455,11,0.0,0.0,0.0,0.1518752132887721,0.23002415859608594,1,0.0,0.0,0.0,0.0,0.0,0.0,0.0,-0.0018019207152180083,0.0,0.0,0.0,0.0,-0.03636363636363636,-0.30000000000000004,0.0,-0.07777777777777778,-0.014141414141414142,-0.08888888888888889,0.0,0.0,0.0,0.0,0.0,0.0
1990,0.3333333333333333,0.14872099940511596,0.4380952380952381,0.4727272727272727,0.06818181818181818,0.43636363636363634,0.8181818181818182,0.18031630869474585,0.8999999999999999,0.10909090909090909,0.0015151515151515152,0.00202020202020202,0.0,,0.0,0.0,0.0,0.0,0.8181818181818182,0.0,0.8999999999999999,0.10909090909090909,0.0015151515151515147,0.00202020202020202,0.288135593220339,0.0,0.288135593220339,0.0,0.9636363636363636,0.0,1.2881355932203389,2.1666666666666665,12,1.0,0.0,1.0,0.1380941898061409,0.2156624191390673,0,0.06060606060606061,-0.058717017123809556,0.08484848484848484,-0.049494949494949536,-0.018686868686868696,-0.03030303030303033,0.036363636363636376,0.029433356989726073,0.02626262626262621,-0.035353535353535345,-0.002525252525252524,-0.004329004329004329,-0.03636363636363636,,0.0,-0.2,-0.00202020202020202,-0.022222222222222223,-0.1454545454545454,0.0,-0.06767676767676789,0.06464646464646465,-0.002525252525252526,-0.0035353535353535356
1991,0.25757575757575757,0.1789802289281998,0.34880952380952385,0.45454545454545453,0.05909090909090908,0.3818181818181818,0.8333333333333334,0.18471766224314892,0.9166666666666666,0.09090909090909091,0.0,0.0,0.0,,0.0,0.0,0.0,0.0,0.8181818181818182,0.0,0.8999999999999999,0.10909090909090909,0.0015151515151515147,0.00202020202020202,0.3090909090909091,0.0,0.288135593220339,0.0,0.9636363636363636,0.0,1.309090909090909,2.1666666666666665,12,1.0,1.0,2.0,0.13212218089291575,0.21376105979672777,1,-0.07575757575757575,0.030259229523083853,-0.08928571428571425,-0.018181818181818188,-0.009090909090909094,-0.054545454545454564,0.015151515151515138,0.00440135354840307,0.01666666666666672,-0.018181818181818174,-0.0015151515151515152,-0.00202020202020202,0.0,,0.0,0.0,0.0,0.0,0.0,0.0,0.0,0.0,0.0,0.0
1992,0.22727272727272727,0.17346938775510196,0.3904761904761905,0.4909090909090909,0.03636363636363637,0.32727272727272727,0.9545454545454546,0.18888019241349258,0.9636363636363635,0.05454545454545454,0.004545454545454546,0.006818181818181818,0.015151515151515152,0.0,0.0,0.09090909090909091,0.0,0.0,0.8181818181818182,0.0,0.8999999999999999,0.10909090909090909,0.0015151515151515147,0.00202020202020202,0.23809523809523808,0.0,0.288135593220339,0.0,0.9636363636363636,0.0,1.234375,2.1666666666666665,12,0.0,0.0,0.0,0.13487869060662933,0.2364847336234989,1,-0.030303030303030304,-0.005510841173097858,0.04166666666666663,0.036363636363636376,-0.022727272727272714,-0.05454545454545451,0.12121212121212122,0.0041625301703436535,0.046969696969696884,-0.03636363636363637,0.004545454545454546,0.006818181818181818,0.015151515151515152,,0.0,0.09090909090909091,0.0,0.0,0.0,0.0,0.0,0.0,0.0,0.0
1993,0.22727272727272727,0.17346938775510196,0.3904761904761905,0.4909090909090909,0.03636363636363637,0.32727272727272727,0.9848484848484849,0.1759171915857198,0.9848484848484849,0.01818181818181818,0.0015151515151515154,0.0018181818181818182,0.045454545454545456,0.0,0.0,0.2727272727272727,0.004545454545454545,0.05454545454545454,0.8181818181818182,0.0,0.8999999999999999,0.10909090909090909,0.0015151515151515147,0.00202020202020202,0.23076923076923078,0.0,0.288135593220339,0.030303030303030304,0.9636363636363636,0.0,1.2575757575757576,2.1666666666666665,12,0.0,0.0,0.0,0.1403507476512835,0.24436203683924512,1,0.0,0.0,0.0,0.0,0.0,0.0,0.030303030303030276,-0.01296300082777277,0.02121212121212135,-0.03636363636363636,-0.0030303030303030307,-0.004999999999999999,0.030303030303030304,0.0,0.0,0.1818181818181818,0.004545454545454545,0.05454545454545454,0.0,0.0,0.0,0.0,0.0,0.0
1994,0.2692307692307692,0.1486941195321263,0.44285714285714284,0.4696969696969697,0.031468531468531465,0.3181818181818182,1.0,0.19012559520558425,1.0,0.0,0.0,0.0,0.07692307692307693,0.21875,0.0,0.30303030303030304,0.024475524475524476,0.18181818181818182,0.8181818181818182,0.0,0.8999999999999999,0.10909090909090909,0.0015151515151515147,0.00202020202020202,0.2692307692307692,0.038461538461538464,0.288135593220339,0.07692307692307693,0.9636363636363636,0.0,1.3461538461538463,2.1666666666666665,13,1.0,0.0,1.0,0.13372128417291226,0.22581142326423723,1,0.04195804195804195,-0.024775268222975655,0.05238095238095236,-0.021212121212121182,-0.004895104895104904,-0.009090909090909094,0.015151515151515138,0.014208403619864446,0.015151515151515138,-0.01818181818181818,-0.0015151515151515154,-0.0018181818181818182,0.03146853146853147,0.21875,0.0,0.03030303030303033,0.019930069930069932,0.1272727272727273,0.0,0.0,0.0,0.0,0.0,0.0
1995,0.28205128205128205,0.1807954710407896,0.4043956043956044,0.45454545454545453,0.052447552447552434,0.36363636363636365,1.0,0.1972301580037176,1.0,0.0,0.0,0.0,0.08974358974358974,0.16666666666666663,0.10256410256410256,0.2878787878787879,0.020979020979020976,0.13636363636363635,1.0,0.0,1.0,0.0,0.0,0.0,0.28205128205128205,0.07407407407407407,0.28205128205128205,0.08974358974358974,1.0,0.08974358974358974,1.3717948717948718,2.371794871794872,13,0.0,0.0,0.0,0.13411510594436638,0.22244169822758256,0,0.01282051282051283,0.032101351508663306,-0.038461538461538436,-0.015151515151515194,0.02097902097902097,0.04545454545454547,0.0,0.007104562798133346,0.0,0.0,0.0,0.0,0.012820512820512817,-0.05208333333333337,0.10256410256410256,-0.015151515151515138,-0.0034965034965034995,-0.04545454545454547,0.18181818181818177,0.0,0.10000000000000009,-0.10909090909090909,-0.0015151515151515147,-0.00202020202020202
1996,0.25274725274725274,0.20671280276816606,0.36122448979591837,0.4230769230769231,0.05860805860805861,0.34615384615384615,1.0,0.1961885808788184,1.0,0.0,0.0,0.0,0.0989010989010989,0.22189349112426032,0.14523809523809522,0.3333333333333333,0.022893772893772892,0.16025641025641024,1.0,0.0,1.0,0.0,0.0,0.0,0.25274725274725274,0.10344827586206896,0.28205128205128205,0.0989010989010989,1.0,0.08974358974358974,1.3516483516483517,2.371794871794872,14,1.0,0.0,1.0,0.12935549490589682,0.2235390745285909,1,-0.02930402930402931,0.025917331727376453,-0.043171114599686033,-0.03146853146853146,0.006160506160506174,-0.0174825174825175,0.0,-0.00104157712489919,0.0,0.0,0.0,0.0,0.009157509157509153,0.05522682445759369,0.04267399267399266,0.045454545454545414,0.0019147519147519158,0.02389277389277389,0.0,0.0,0.0,0.0,0.0,0.0
1997,0.28205128205128205,0.1520347508001828,0.4043956043956044,0.45454545454545453,0.052447552447552434,0.36363636363636365,1.0,0.18141751245084028,1.0,0.0,0.0,0.0,0.08974358974358974,0.14197530864197522,0.0,0.1893939393939394,0.024475524475524476,0.10606060606060606,1.0,0.0,1.0,0.0,0.0,0.0,0.28205128205128205,0.03571428571428571,0.28205128205128205,0.08974358974358974,1.0,0.08974358974358974,1.3717948717948718,2.371794871794872,13,0.0,1.0,1.0,0.1366207095414921,0.23314035169119443,1,0.02930402930402931,-0.054678051967983254,0.043171114599686033,0.03146853146853146,-0.006160506160506174,0.0174825174825175,0.0,-0.014771068427978123,0.0,0.0,0.0,0.0,-0.009157509157509153,-0.0799181824822851,-0.14523809523809522,-0.14393939393939392,0.0015817515817515837,-0.05419580419580418,0.0,0.0,0.0,0.0,0.0,0.0
1998,0.3333333333333333,0.1520347508001828,0.4380952380952381,0.4727272727272727,0.06818181818181818,0.43636363636363634,1.0,0.16861090294069367,1.0,0.0,0.0,0.0,0.09090909090909091,0.16666666666666666,0.0,0.21818181818181817,0.018181818181818184,0.09090909090909091,1.0,0.0,1.0,0.0,0.0,0.0,0.3333333333333333,0.037037037037037035,0.28205128205128205,0.09090909090909091,1.0,0.08974358974358974,1.4242424242424243,2.371794871794872,12,0.0,1.0,1.0,0.14673675627094612,0.2470056811995209,1,0.051282051282051266,0.0,0.03369963369963369,0.018181818181818188,0.015734265734265743,0.0727272727272727,0.0,-0.012806609510146616,0.0,0.0,0.0,0.0,0.0011655011655011677,0.02469135802469144,0.0,0.02878787878787878,-0.0062937062937062915,-0.015151515151515152,0.0,0.0,0.0,0.0,0.0,0.0
1999,0.3333333333333333,0.1520347508001828,0.4380952380952381,0.4727272727272727,0.06818181818181818,0.43636363636363634,1.0,0.17760534431457733,1.0,0.0,0.0,0.0,0.13636363636363635,0.27777777777777785,0.0,0.4909090909090909,0.10606060606060606,0.5454545454545454,1.0,0.0,1.0,0.0,0.0,0.0,0.3333333333333333,0.10714285714285714,0.28205128205128205,0.13636363636363635,1.0,0.08974358974358974,1.4696969696969697,2.371794871794872,12,0.0,0.0,0.0,0.14981102122001227,0.25252254033292953,1,0.0,0.0,0.0,0.0,0.0,0.0,0.0,0.008994441373883666,0.0,0.0,0.0,0.0,0.04545454545454544,0.11111111111111119,0.0,0.2727272727272727,0.08787878787878788,0.4545454545454545,0.0,0.0,0.0,0.0,0.0,0.0
2000,0.2909090909090909,0.18787158145065402,0.36536796536796534,0.5,0.08282828282828282,0.4666666666666667,1.0,0.16578967589622418,1.0,0.0,0.0,0.0,0.16363636363636364,0.2011834319526627,0.0,0.5333333333333333,0.07272727272727274,0.5111111111111112,1.0,0.0,1.0,0.0,0.0,0.0,0.2909090909090909,0.08695652173913043,0.2909090909090909,0.16363636363636364,1.0,0.16363636363636364,1.4545454545454546,2.4545454545454546,11,0.0,1.0,1.0,0.16122662745324592,0.26703281778177673,0,-0.04242424242424242,0.03583683065047122,-0.07272727272727275,0.027272727272727282,0.014646464646464644,0.03030303030303033,0.0,-0.011815668418353159,0.0,0.0,0.0,0.0,0.027272727272727282,-0.07659434582511515,0.0,0.04242424242424242,-0.033333333333333326,-0.03434343434343423,0.0,0.0,0.0,0.0,0.0,0.0
2001,0.25757575757575757,0.2559833506763788,0.32103174603174606,0.45454545454545453,0.08939393939393937,0.43636363636363634,1.0,0.1652742477278629,1.0,0.0,0.0,0.0,0.13636363636363635,0.169921875,0.0,0.4909090909090909,0.05454545454545454,0.41818181818181815,1.0,0.0,1.0,0.0,0.0,0.0,0.25757575757575757,0.08333333333333333,0.2909090909090909,0.13636363636363635,1.0,0.16363636363636364,1.393939393939394,2.4545454545454546,12,1.0,0.0,1.0,0.1559618370597311,0.26578654989450096,1,-0.033333333333333326,0.06811176922572476,-0.044336219336219285,-0.04545454545454547,0.006565656565656552,-0.03030303030303033,0.0,-0.0005154281683612816,0.0,0.0,0.0,0.0,-0.027272727272727282,-0.031261556952662695,0.0,-0.04242424242424242,-0.018181818181818195,-0.09292929292929303,0.0,0.0,0.0,0.0,0.0,0.0
2002,0.2727272727272727,0.24793388429752067,0.4986111111111111,0.5454545454545454,0.07878787878787878,0.5272727272727272,1.0,0.18273451769507293,1.0,0.0,0.0,0.0,0.07575757575757576,0.09917355371900827,0.0,0.23636363636363636,0.00909090909090909,0.06363636363636363,1.0,0.0,1.0,0.0,0.0,0.0,0.2727272727272727,0.0,0.2909090909090909,0.07575757575757576,1.0,0.16363636363636364,1.3484848484848484,2.4545454545454546,12,1.0,1.0,2.0,0.1543643995234429,0.2461166874478803,1,0.015151515151515138,-0.008049466378858117,0.17757936507936506,0.09090909090909088,-0.010606060606060591,0.09090909090909088,0.0,0.017460269967210035,0.0,0.0,0.0,0.0,-0.060606060606060594,-0.07074832128099173,0.0,-0.2545454545454545,-0.045454545454545456,-0.3545454545454545,0.0,0.0,0.0,0.0,0.0,0.0
2003,0.2727272727272727,0.24793388429752067,0.4986111111111111,0.5454545454545454,0.07878787878787878,0.5272727272727272,1.0,0.1919112987890791,1.0,0.0,0.0,0.0,0.07575757575757576,0.125,0.0,0.34545454545454546,0.019696969696969695,0.16363636363636364,1.0,0.0,1.0,0.0,0.0,0.0,0.2727272727272727,0.0,0.2909090909090909,0.07575757575757576,1.0,0.16363636363636364,1.3484848484848484,2.4545454545454546,12,0.0,0.0,0.0,0.15709812050621172,0.25516877853960407,1,0.0,0.0,0.0,0.0,0.0,0.0,0.0,0.009176781094006159,0.0,0.0,0.0,0.0,0.0,0.025826446280991733,0.0,0.1090909090909091,0.010606060606060605,0.1,0.0,0.0,0.0,0.0,0.0,0.0
2004,0.23076923076923078,0.24793388429752067,0.4602564102564103,0.5151515151515151,0.0606060606060606,0.4393939393939394,1.0,0.18887599078504125,1.0,0.0,0.0,0.0,0.0641025641025641,0.1938775510204082,0.0,0.3181818181818182,0.01515151515151515,0.13636363636363635,1.0,0.0,1.0,0.0,0.0,0.0,0.23076923076923078,0.0,0.2909090909090909,0.0641025641025641,1.0,0.16363636363636364,1.294871794871795,2.4545454545454546,13,1.0,0.0,1.0,0.15432462685080467,0.26063383336418416,1,-0.041958041958041925,0.0,-0.03835470085470083,-0.030303030303030276,-0.01818181818181818,-0.08787878787878783,0.0,-0.00303530800403784,0.0,0.0,0.0,0.0,-0.011655011655011663,0.06887755102040821,0.0,-0.027272727272727282,-0.004545454545454545,-0.027272727272727282,0.0,0.0,0.0,0.0,0.0,0.0
2005,0.2727272727272727,0.24793388429752067,0.4986111111111111,0.5454545454545454,0.07878787878787878,0.5272727272727272,1.0,0.18593564108829008,1.0,0.0,0.0,0.0,0.045454545454545456,0.0,0.0,0.16363636363636364,0.006060606060606061,0.03636363636363636,1.0,0.0,1.0,0.0,0.0,0.0,0.2727272727272727,0.0,0.2727272727272727,0.045454545454545456,1.0,0.045454545454545456,1.3181818181818181,2.3181818181818183,12,0.0,1.0,1.0,0.1659083361393376,0.27128741651772337,0,0.041958041958041925,0.0,0.03835470085470083,0.030303030303030276,0.01818181818181818,0.08787878787878783,0.0,-0.0029403496967511655,0.0,0.0,0.0,0.0,-0.01864801864801864,-0.1938775510204082,0.0,-0.15454545454545454,-0.00909090909090909,-0.09999999999999999,0.0,0.0,0.0,0.0,0.0,0.0
2006,0.3333333333333333,0.1520347508001828,0.4380952380952381,0.4727272727272727,0.06818181818181818,0.43636363636363634,1.0,0.19379872122170405,1.0,0.0,0.0,0.0,0.045454545454545456,0.0,0.0,0.2727272727272727,0.004545454545454545,0.05454545454545454,,,,,,,0.3333333333333333,0.0,,0.045454545454545456,,,1.378787878787879,,12,1.0,1.0,2.0,0.1696069979860628,0.2824774764810537,1,0.06060606060606061,-0.09589913349733786,-0.06051587301587302,-0.0727272727272727,-0.010606060606060605,-0.09090909090909088,0.0,0.007863080133413969,0.0,0.0,0.0,0.0,0.0,0.0,0.0,0.10909090909090907,-0.0015151515151515154,0.01818181818181818,,,,,,
2007,0.3076923076923077,0.22219416740310574,0.5542735042735043,0.5227272727272727,0.06643356643356643,0.5,1.0,0.19905773520708786,1.0,0.0,0.0,0.0,0.05128205128205128,0.12244897959183669,0.0,0.23484848484848486,0.009324009324009324,0.07575757575757576,,,,,,,0.3076923076923077,0.0,,0.05128205128205128,,,1.358974358974359,,13,1.0,0.0,1.0,0.1648911706158462,0.2866844685615923,1,-0.025641025641025605,0.07015941660292294,0.11617826617826621,0.04999999999999999,-0.0017482517482517446,0.06363636363636366,0.0,0.005259013985383809,0.0,0.0,0.0,0.0,0.0058275058275058245,0.12244897959183669,0.0,-0.037878787878787845,0.004778554778554779,0.021212121212121217,,,,,,
2008,0.3076923076923077,0.22219416740310574,0.5542735042735043,0.5227272727272727,0.06643356643356643,0.5,1.0,0.19472874229838436,1.0,0.0,0.0,0.0,0.05128205128205128,0.2083333333333333,0.0,0.23484848484848486,0.009324009324009324,0.07575757575757576,,,,,,,0.3076923076923077,0.0,,0.05128205128205128,,,1.358974358974359,,13,0.0,0.0,0.0,0.16752132548513493,0.2929628611478049,1,0.0,0.0,0.0,0.0,0.0,0.0,0.0,-0.004328992908703505,0.0,0.0,0.0,0.0,0.0,0.0858843537414966,0.0,0.0,0.0,0.0,,,,,,
2009,0.2545454545454545,0.2592,0.44155844155844154,0.5444444444444444,0.09090909090909091,0.5555555555555556,1.0,0.13573193630762284,1.0,0.0,0.0,0.0,0.09090909090909091,0.20408163265306123,0.19696969696969696,0.37777777777777777,0.010101010101010102,0.11111111111111112,,,,,,,0.2545454545454545,0.05555555555555555,,0.09090909090909091,,,1.3454545454545455,,11,0.0,2.0,2.0,0.19592154955507934,0.3337608419525751,1,-0.05314685314685319,0.037005832596894245,-0.11271506271506276,0.02171717171717169,0.02447552447552448,0.05555555555555558,0.0,-0.058996805990761514,0.0,0.0,0.0,0.0,0.03962703962703963,-0.004251700680272058,0.19696969696969696,0.1429292929292929,0.0007770007770007779,0.03535353535353536,,,,,,
2010,0.2878787878787879,0.2503675698382693,0.5125000000000001,0.5272727272727272,0.07575757575757576,0.5272727272727272,1.0,0.14177284915927685,1.0,0.0,0.0,0.0,0.09090909090909091,0.1171875,0.17500000000000002,0.43636363636363634,0.013636363636363636,0.16363636363636364,,,,,,,0.2878787878787879,0.041666666666666664,,0.09090909090909091,,,1.378787878787879,,12,1.0,0.0,1.0,0.18646103527474298,0.3231075978937138,1,0.03333333333333338,-0.008832430161730687,0.07094155844155853,-0.01717171717171717,-0.015151515151515152,-0.028282828282828354,0.0,0.006040912851654007,0.0,0.0,0.0,0.0,0.0,-0.08689413265306123,-0.021969696969696945,0.058585858585858575,0.003535353535353534,0.05252525252525252,,,,,,
2011,0.22727272727272727,0.2914951989026063,0.4047619047619047,0.4909090909090909,0.10909090909090909,0.5272727272727272,1.0,0.09433916269223705,1.0,0.0,0.0,0.0,0.16666666666666666,0.16666666666666663,0.2611111111111111,0.34545454545454546,0.03333333333333333,0.14545454545454545,,,,,,,0.22727272727272727,0.04,,0.16666666666666666,,,1.393939393939394,,12,1.0,1.0,2.0,0.18881288378438127,0.3314470335323794,1,-0.060606060606060635,0.04112762906433698,-0.10773809523809535,-0.03636363636363632,0.033333333333333326,0.0,0.0,-0.0474336864670398,0.0,0.0,0.0,0.0,0.07575757575757575,0.04947916666666663,0.08611111111111111,-0.09090909090909088,0.0196969696969697,-0.018181818181818188,,,,,,
2012,0.22727272727272727,0.2914951989026063,0.4047619047619047,0.4909090909090909,0.10909090909090909,0.5272727272727272,1.0,0.0883771698610826,1.0,0.0,0.0,0.0,0.18181818181818182,0.30666666666666664,0.2722222222222222,0.43636363636363634,0.05757575757575758,0.2909090909090909,,,,,,,0.22727272727272727,0.08,,0.18181818181818182,,,1.4090909090909092,,12,0.0,0.0,0.0,0.19155754448137635,0.3399904666508921,1,0.0,0.0,0.0,0.0,0.0,0.0,0.0,-0.00596199283115445,0.0,0.0,0.0,0.0,0.015151515151515166,0.14,0.011111111111111072,0.09090909090909088,0.024242424242424246,0.14545454545454545,,,,,,
