ano,ali_densidade,ali_modularidade,ali_clustering,ali_centralizacao_grau,ali_betw_media,ali_betw_max,com_densidade,com_modularidade,com_clustering,com_centralizacao_grau,com_betw_media,com_betw_max,disp_densidade,disp_modularidade,disp_clustering,disp_centralizacao_grau,disp_betw_media,disp_betw_max,dipl_densidade,dipl_modularidade,dipl_clustering,dipl_centralizacao_grau,dipl_betw_media,dipl_betw_max,jaccard_ali_com,jaccard_ali_disp,jaccard_ali_dipl,jaccard_com_disp,jaccard_com_dipl,jaccard_disp_dipl,overlap_medio_3c,overlap_medio_4c,n_estados,churn_entradas,churn_saidas,churn_total,cinc_hhi,cinc_lider_share,dipl_imputado,d_ali_densidade,d_ali_modularidade,d_ali_clustering,d_ali_centralizacao_grau,d_ali_betw_media,d_ali_betw_max,d_com_densidade,d_com_modularidade,d_com_clustering,d_com_centralizacao_grau,d_com_betw_media,d_com_betw_max,d_disp_densidade,d_disp_modularidade,d_disp_clustering,d_disp_centralizacao_grau,d_disp_betw_media,d_disp_betw_max,d_dipl_densidade,d_dipl_modularidade,d_dipl_clustering,d_dipl_centralizacao_grau,d_dipl_betw_media,d_dipl_betw_max
1890,0.08333333333333333,0.0743801652892563,0.19791666666666666,0.20952380952380953,0.009523809523809525,0.04761904761904762,0.6333333333333333,0.1153096948399841,0.8392971611721611,0.41904761904761906,0.026190476190476188,0.11265684051398335,0.05,0.2083333333333333,0.10416666666666666,0.17142857142857143,0.008333333333333335,0.05714285714285715,0.8235294117647058,0.013871173469387793,0.8971139971139971,0.2,0.011764705882352941,0.025899771524771523,0.11688311688311688,0.06666666666666667,0.08928571428571429,0.06493506493506493,0.6964285714285714,0.0625,1.1794871794871795,1.8482142857142858,16,0.0,1.0,1.0,0.12023820237826104,0.17733867828142202,1,0.009803921568627444,0.0,0.011642156862745084,0.009523809523809518,0.001680672268907564,0.005952380952380959,0.05980392156862746,0.020648986277038484,0.03238413955325714,-0.06428571428571428,-0.0022408963585434163,-0.04281273620559338,-0.0014705882352941124,-0.018229166666666713,0.015931372549019593,-0.053571428571428575,0.002941176470588236,-0.0011904761904761862,0.0,0.0,0.0,0.0,0.0,0.0
1891,0.08333333333333333,0.15289256198347112,0.22916666666666666,0.20952380952380953,0.004761904761904762,0.0380952380952381,0.6083333333333333,0.12143039708143416,0.8466016622266622,0.44761904761904764,0.02797619047619048,0.15626228269085413,0.03333333333333333,0.40625,0.0,0.11428571428571428,0.002380952380952381,0.01904761904761905,0.8235294117647058,0.013871173469387793,0.8971139971139971,0.2,0.011764705882352941,0.025899771524771523,0.10666666666666667,0.07692307692307693,0.08928571428571429,0.0547945205479452,0.6964285714285714,0.0625,1.16,1.8482142857142858,16,0.0,0.0,0.0,0.11982111528577183,0.17603300891540727,1,0.0,0.07851239669421482,0.03125,0.0,-0.004761904761904762,-0.009523809523809525,-0.025000000000000022,0.00612070224145006,0.007304501054501089,0.02857142857142858,0.0017857142857142932,0.043605442176870776,-0.01666666666666667,0.1979166666666667,-0.10416666666666666,-0.05714285714285715,-0.005952380952380954,-0.0380952380952381,0.0,0.0,0.0,0.0,0.0,0.0
1892,0.08333333333333333,0.15289256198347112,0.22916666666666666,0.20952380952380953,0.004761904761904762,0.0380952380952381,0.6416666666666667,0.12049844807955896,0.833526196026196,0.4095238095238095,0.025595238095238095,0.11648904006046862,0.016666666666666666,0.5,0.0,0.05714285714285714,0.0,0.0,0.8235294117647058,0.013871173469387793,0.8971139971139971,0.2,0.011764705882352941,0.025899771524771523,0.10126582278481013,0.09090909090909091,0.08928571428571429,0.025974025974025976,0.6964285714285714,0.0625,1.1265822784810127,1.8482142857142858,16,0.0,0.0,0.0,0.12075760235102656,0.17136377710753564,1,0.0,0.0,0.0,0.0,0.0,0.0,0.03333333333333344,-0.0009319490018751958,-0.01307546620046618,-0.038095238095238126,-0.0023809523809523864,-0.03977324263038551,-0.016666666666666666,0.09375,0.0,-0.05714285714285714,-0.002380952380952381,-0.01904761904761905,0.0,0.0,0.0,0.0,0.0,0.0
1893,0.08333333333333333,0.31039999999999995,0.22916666666666666,0.20952380952380953,0.004761904761904762,0.0380952380952381,0.6666666666666666,0.11834462814117189,0.8587814962814962,0.38095238095238093,0.023809523809523808,0.10184807256235827,0.03333333333333333,0.56,0.0,0.11428571428571428,0.0005952380952380953,0.009523809523809525,0.8235294117647058,0.013871173469387793,0.8971139971139971,0.2,0.011764705882352941,0.025899771524771523,0.1111111111111111,0.07692307692307693,0.08928571428571429,0.05,0.6964285714285714,0.0625,1.1604938271604939,1.8482142857142858,16,0.0,0.0,0.0,0.11973067522601369,0.16847606143969615,1,0.0,0.15750743801652883,0.0,0.0,0.0,0.0,0.02499999999999991,-0.0021538199383870776,0.025255300255300206,-0.02857142857142858,-0.0017857142857142863,-0.01464096749811035,0.016666666666666666,0.06000000000000005,0.0,0.05714285714285714,0.0005952380952380953,0.009523809523809525,0.0,0.0,0.0,0.0,0.0,0.0
1894,0.08333333333333333,0.31039999999999995,0.22916666666666666,0.20952380952380953,0.004761904761904762,0.0380952380952381,0.5083333333333333,0.11488927909887296,0.7454465673215673,0.4095238095238095,0.01785714285714286,0.10369614512471657,0.03333333333333333,0.64,0.0,0.11428571428571428,0.0005952380952380953,0.009523809523809525,0.9,0.004072359396433467,0.9280677655677656,0.11428571428571428,0.0071428571428571435,0.011916786916786918,0.14516129032258066,0.0,0.09259259259259259,0.015625,0.5504587155963303,0.037037037037037035,1.1538461538461537,1.6788990825688073,16,0.0,0.0,0.0,0.11877211135862155,0.17582803636061062,0,0.0,0.0,0.0,0.0,0.0,0.0,-0.15833333333333333,-0.0034553490422989247,-0.11333492895992892,0.02857142857142858,-0.005952380952380949,0.001848072562358305,0.0,0.07999999999999996,0.0,0.0,0.0,0.0,0.07647058823529418,-0.009798814072954326,0.030953768453768515,-0.08571428571428573,-0.0046218487394957975,-0.013982984607984606
1895,0.08333333333333333,0.31039999999999995,0.22916666666666666,0.20952380952380953,0.004761904761904762,0.0380952380952381,0.6583333333333333,0.09833273525056113,0.8403214840714841,0.3904761904761905,0.024404761904761908,0.09348072562358277,0.09166666666666666,0.4548611111111111,0.09375,0.2,0.04940476190476191,0.31428571428571433,0.9,0.004072359396433467,0.9280677655677656,0.11428571428571428,0.0071428571428571435,0.011916786916786918,0.1125,0.0,0.09259259259259259,0.125,0.5504587155963303,0.037037037037037035,1.2345679012345678,1.6788990825688073,16,0.0,0.0,0.0,0.1187936644008492,0.16986635595064942,1,0.0,0.0,0.0,0.0,0.0,0.0,0.15000000000000002,-0.01655654384831183,0.09487491674991677,-0.019047619047619035,0.006547619047619049,-0.010215419501133804,0.05833333333333333,-0.1851388888888889,0.09375,0.08571428571428573,0.048809523809523817,0.3047619047619048,0.0,0.0,0.0,0.0,0.0,0.0
1896,0.058823529411764705,0.4650283553875237,0.1568627450980392,0.14583333333333334,0.0029411764705882353,0.025,0.6397058823529411,0.10326469646461556,0.8314998726763433,0.4083333333333333,0.024019607843137253,0.1060383597883598,0.07352941176470588,0.40082644628099173,0.08823529411764706,0.2,0.030882352941176465,0.21666666666666667,0.9,0.004072359396433467,0.9280677655677656,0.11428571428571428,0.0071428571428571435,0.011916786916786918,0.07954545454545454,0.0,0.09259259259259259,0.10227272727272728,0.5504587155963303,0.037037037037037035,1.1797752808988764,1.6788990825688073,17,1.0,0.0,1.0,0.11698669710645389,0.17653032512318478,1,-0.024509803921568624,0.15462835538752373,-0.07230392156862744,-0.06369047619047619,-0.001820728291316527,-0.013095238095238097,-0.0186274509803922,0.0049319612140544256,-0.008821611395140816,0.01785714285714285,-0.00038515406162465543,0.012557634164777037,-0.018137254901960775,-0.05403466483011937,-0.0055147058823529355,0.0,-0.018522408963585445,-0.09761904761904766,0.0,0.0,0.0,0.0,0.0,0.0
1897,0.06666666666666667,0.4650283553875237,0.16666666666666666,0.1523809523809524,0.0035714285714285718,0.028571428571428574,0.7083333333333334,0.09915667113008075,0.8441693722943723,0.3333333333333333,0.020833333333333336,0.07280801209372638,0.14166666666666666,0.31500000000000006,0.22916666666666666,0.29523809523809524,0.04583333333333334,0.2285714285714286,0.9,0.004072359396433467,0.9280677655677656,0.11428571428571428,0.0071428571428571435,0.011916786916786918,0.09411764705882353,0.0,0.09259259259259259,0.1724137931034483,0.5504587155963303,0.037037037037037035,1.264367816091954,1.6788990825688073,16,0.0,1.0,1.0,0.11758853495571903,0.17269589204152871,1,0.00784313725490196,0.0,0.009803921568627444,0.006547619047619052,0.0006302521008403365,0.0035714285714285726,0.06862745098039225,-0.004108025334534804,0.01266949961802899,-0.07500000000000001,-0.003186274509803917,-0.03323034769463343,0.06813725490196078,-0.08582644628099168,0.1409313725490196,0.09523809523809523,0.014950980392156872,0.011904761904761918,0.0,0.0,0.0,0.0,0.0,0.0
1898,0.04411764705882353,0.526077097505669,0.17647058823529413,0.09166666666666666,0.0004901960784313725,0.008333333333333333,0.6323529411764706,0.08936667930475428,0.8020472991061226,0.3458333333333333,0.016666666666666666,0.06193783068783068,0.11029411764705882,0.19624999999999998,0.10588235294117646,0.3,0.02107843137254902,0.15694444444444444,0.9,0.004072359396433467,0.9280677655677656,0.11428571428571428,0.0071428571428571435,0.011916786916786918,0.06976744186046512,0.05,0.09259259259259259,0.1348314606741573,0.5504587155963303,0.037037037037037035,1.202247191011236,1.6788990825688073,17,1.0,0.0,1.0,0.12111638105948268,0.2006785897480157,1,-0.022549019607843133,0.061048742118145316,0.009803921568627472,-0.060714285714285735,-0.003081232492997199,-0.020238095238095243,-0.07598039215686281,-0.009789991825326472,-0.042122073188249676,0.012500000000000011,-0.004166666666666669,-0.010870181405895699,-0.03137254901960784,-0.11875000000000008,-0.1232843137254902,0.004761904761904745,-0.024754901960784316,-0.07162698412698415,0.0,0.0,0.0,0.0,0.0,0.0
1899,0.05,0.526077097505669,0.1875,0.09523809523809523,0.0005952380952380953,0.009523809523809525,0.5916666666666667,0.09226137100333551,0.7475600788100788,0.3142857142857143,0.022619047619047622,0.12486772486772488,0.13333333333333333,0.163265306122449,0.17291666666666666,0.3047619047619048,0.015476190476190477,0.10634920634920636,0.8416666666666667,0.013332026271934222,0.9306693306693307,0.18095238095238095,0.011309523809523811,0.0446945646945647,0.06944444444444445,0.047619047619047616,0.0594059405940594,0.17567567567567569,0.7029702970297029,0.15841584158415842,1.24,1.9207920792079207,16,0.0,1.0,1.0,0.12293756229099269,0.18985274756635,0,0.0058823529411764705,0.0,0.011029411764705871,0.0035714285714285726,0.00010504201680672275,0.0011904761904761915,-0.04068627450980389,0.0028946916985812254,-0.0544872202960438,-0.03154761904761905,0.0059523809523809555,0.0629298941798942,0.02303921568627451,-0.032984693877550986,0.06703431372549021,0.0047619047619048005,-0.005602240896358544,-0.05059523809523808,-0.05833333333333335,0.009259666875500755,0.002601565101565062,0.06666666666666667,0.0041666666666666675,0.03277777777777778
1900,0.05,0.526077097505669,0.1875,0.09523809523809523,0.0005952380952380953,0.009523809523809525,0.6333333333333333,0.09986505060411827,0.8011873543123543,0.34285714285714286,0.017261904761904766,0.05811791383219956,0.14166666666666666,0.15760000000000005,0.2589285714285714,0.44761904761904764,0.029166666666666667,0.2888888888888889,0.8416666666666667,0.013332026271934222,0.9306693306693307,0.18095238095238095,0.011309523809523811,0.0446945646945647,0.07894736842105263,0.045454545454545456,0.0594059405940594,0.13414634146341464,0.7029702970297029,0.15841584158415842,1.2073170731707317,1.9207920792079207,16,0.0,0.0,0.0,0.12603193828465017,0.19230536322623357,1,0.0,0.0,0.0,0.0,0.0,0.0,0.04166666666666663,0.007603679600782759,0.05362727550227553,0.02857142857142858,-0.0053571428571428555,-0.06674981103552532,0.008333333333333331,-0.005665306122448949,0.08601190476190473,0.14285714285714285,0.01369047619047619,0.18253968253968256,0.0,0.0,0.0,0.0,0.0,0.0
1901,0.041666666666666664,0.4429065743944636,0.1875,0.10476190476190476,0.0,0.0,0.65,0.09813116841049108,0.8015588578088578,0.3238095238095238,0.016071428571428573,0.05113378684807256,0.08333333333333333,0.12152777777777779,0.2544642857142857,0.5142857142857142,0.015476190476190477,0.24761904761904763,0.8416666666666667,0.013332026271934222,0.9306693306693307,0.18095238095238095,0.011309523809523811,0.0446945646945647,0.0641025641025641,0.0,0.0594059405940594,0.07317073170731707,0.7029702970297029,0.15841584158415842,1.1341463414634145,1.9207920792079207,16,0.0,0.0,0.0,0.12867234779266876,0.20743741258175674,1,-0.008333333333333338,-0.08317052311120537,0.0,0.009523809523809532,-0.0005952380952380953,-0.009523809523809525,0.01666666666666672,-0.0017338821936271898,0.00037150349650350023,-0.019047619047619035,-0.0011904761904761932,-0.006984126984127002,-0.058333333333333334,-0.036072222222222255,-0.004464285714285698,0.0666666666666666,-0.01369047619047619,-0.04126984126984129,0.0,0.0,0.0,0.0,0.0,0.0
1902,0.058333333333333334,0.46267361111111116,0.14583333333333334,0.1619047619047619,0.004761904761904762,0.0380952380952381,0.6166666666666667,0.09377009588879248,0.7924967393717394,0.3619047619047619,0.018452380952380956,0.06823129251700681,0.11666666666666667,0.21875,0.3236607142857143,0.47619047619047616,0.02202380952380953,0.2666666666666667,0.8416666666666667,0.013332026271934222,0.9306693306693307,0.18095238095238095,0.011309523809523811,0.0446945646945647,0.0945945945945946,0.0,0.0594059405940594,0.1282051282051282,0.7029702970297029,0.15841584158415842,1.2179487179487178,1.9207920792079207,16,0.0,0.0,0.0,0.1283299822960277,0.2130735565185406,1,0.01666666666666667,0.019767036716647535,-0.04166666666666666,0.05714285714285715,0.004761904761904762,0.0380952380952381,-0.033333333333333326,-0.004361072521698595,-0.00906211843711846,0.03809523809523807,0.002380952380952383,0.017097505668934254,0.03333333333333334,0.09722222222222221,0.0691964285714286,-0.03809523809523807,0.006547619047619052,0.01904761904761909,0.0,0.0,0.0,0.0,0.0,0.0
1903,0.058333333333333334,0.46267361111111116,0.14583333333333334,0.1619047619047619,0.004761904761904762,0.0380952380952381,0.6333333333333333,0.087076167074747,0.8005584693084693,0.34285714285714286,0.017261904761904763,0.06267573696145125,0.058333333333333334,0.4444444444444444,0.0,0.23809523809523808,0.005357142857142857,0.05714285714285715,0.8416666666666667,0.013332026271934222,0.9306693306693307,0.18095238095238095,0.011309523809523811,0.0446945646945647,0.09210526315789473,0.0,0.0594059405940594,0.09210526315789473,0.7029702970297029,0.15841584158415842,1.1842105263157894,1.9207920792079207,16,0.0,0.0,0.0,0.1260813319711286,0.2161919027237346,1,0.0,0.0,0.0,0.0,0.0,0.0,0.016666666666666607,-0.0066939288140454856,0.008061729936729933,-0.019047619047619035,-0.0011904761904761932,-0.005555555555555564,-0.058333333333333334,0.22569444444444442,-0.3236607142857143,-0.23809523809523808,-0.01666666666666667,-0.20952380952380956,0.0,0.0,0.0,0.0,0.0,0.0
1904,0.075,0.3852040816326531,0.10416666666666666,0.14285714285714285,0.006547619047619049,0.04285714285714286,0.6083333333333333,0.08810140330605515,0.813465354090354,0.37142857142857144,0.01904761904761905,0.07883219954648527,0.075,0.40082644628099173,0.0,0.21904761904761905,0.044047619047619044,0.2380952380952381,0.85,0.011341791618608266,0.9265484515484516,0.17142857142857143,0.010714285714285714,0.03278980278980279,0.1232876712328767,0.058823529411764705,0.08823529411764706,0.1232876712328767,0.7156862745098039,0.08823529411764706,1.2465753424657535,1.892156862745098,16,0.0,0.0,0.0,0.12166532163852357,0.20974539887032712,0,0.016666666666666663,-0.07746952947845809,-0.041666666666666685,-0.019047619047619063,0.0017857142857142863,0.004761904761904759,-0.025000000000000022,0.001025236231308152,0.012906884781884731,0.02857142857142858,0.0017857142857142863,0.016156462585034018,0.016666666666666663,-0.04361799816345269,0.0,-0.019047619047619035,0.038690476190476185,0.18095238095238098,0.008333333333333304,-0.0019902346533259563,-0.004120879120879106,-0.009523809523809518,-0.0005952380952380966,-0.011904761904761904
1905,0.08333333333333333,0.283203125,0.125,0.13333333333333333,0.005952380952380953,0.04126984126984127,0.7083333333333334,0.08670273271863124,0.8161002192252192,0.2571428571428571,0.011904761904761904,0.02777021919879063,0.11666666666666667,0.330078125,0.12708333333333333,0.24761904761904763,0.03690476190476191,0.18571428571428572,0.85,0.011341791618608266,0.9265484515484516,0.17142857142857143,0.010714285714285714,0.03278980278980279,0.11764705882352941,0.043478260869565216,0.08823529411764706,0.1511627906976744,0.7156862745098039,0.08823529411764706,1.2674418604651163,1.892156862745098,16,0.0,0.0,0.0,0.1295450554278501,0.21912729846776163,1,0.008333333333333331,-0.10200095663265307,0.020833333333333343,-0.009523809523809518,-0.0005952380952380957,-0.0015873015873015886,0.10000000000000009,-0.0013986705874239058,0.0026348651348652163,-0.11428571428571432,-0.007142857142857145,-0.05106198034769464,0.04166666666666667,-0.07074832128099173,0.12708333333333333,0.02857142857142858,-0.007142857142857131,-0.05238095238095239,0.0,0.0,0.0,0.0,0.0,0.0
1906,0.0661764705882353,0.3852040816326531,0.0980392156862745,0.1375,0.005392156862745099,0.0375,0.6544117647058824,0.08965969747536888,0.7867637264696088,0.39166666666666666,0.02303921568627451,0.1703637566137566,0.07352941176470588,0.28099173553719003,0.1980392156862745,0.2708333333333333,0.020098039215686276,0.14166666666666666,0.85,0.011341791618608266,0.9265484515484516,0.17142857142857143,0.010714285714285714,0.03278980278980279,0.10112359550561797,0.05555555555555555,0.08823529411764706,0.08791208791208792,0.7156862745098039,0.08823529411764706,1.1868131868131868,1.892156862745098,17,1.0,0.0,1.0,0.12489132972891669,0.22289114243419042,1,-0.017156862745098034,0.10200095663265307,-0.026960784313725505,0.00416666666666668,-0.0005602240896358541,-0.0037698412698412703,-0.05392156862745101,0.0029569647567376373,-0.029336492755610455,0.13452380952380955,0.011134453781512607,0.14259353741496597,-0.043137254901960784,-0.049086389462809965,0.07095588235294117,0.023214285714285687,-0.016806722689075636,-0.04404761904761906,0.0,0.0,0.0,0.0,0.0,0.0
1907,0.08088235294117647,0.3577777777777778,0.17647058823529413,0.19166666666666668,0.020098039215686276,0.1375,0.6691176470588235,0.07929100903118569,0.7977001756413521,0.375,0.022058823529411766,0.16561507936507938,0.058823529411764705,0.3641975308641975,0.0,0.2875,0.027450980392156862,0.18333333333333332,0.85,0.011341791618608266,0.9265484515484516,0.17142857142857143,0.010714285714285714,0.03278980278980279,0.12087912087912088,0.0,0.08823529411764706,0.07608695652173914,0.7156862745098039,0.08823529411764706,1.1956521739130435,1.892156862745098,17,0.0,0.0,0.0,0.127376077663586,0.22592611552321643,1,0.01470588235294118,-0.027426303854875267,0.07843137254901963,0.05416666666666667,0.014705882352941176,0.1,0.014705882352941124,-0.010368688444183191,0.010936449171743301,-0.016666666666666663,-0.000980392156862745,-0.004748677248677224,-0.01470588235294118,0.08320579532700745,-0.1980392156862745,0.016666666666666663,0.007352941176470586,0.04166666666666666,0.0,0.0,0.0,0.0,0.0,0.0
1908,0.07894736842105263,0.36,0.21666666666666665,0.14619883040935672,0.022807017543859647,0.14912280701754385,0.5789473684210527,0.10008869070663703,0.7636226432666061,0.4678362573099415,0.02339181286549707,0.16985983477211544,0.031578947368421054,0.48611111111111105,0.0,0.14035087719298245,0.002631578947368421,0.029239766081871343,0.85,0.011341791618608266,0.9265484515484516,0.17142857142857143,0.010714285714285714,0.03278980278980279,0.13636363636363635,0.0,0.08823529411764706,0.05454545454545454,0.7156862745098039,0.08823529411764706,1.190909090909091,1.892156862745098,20,3.0,0.0,3.0,0.11859208402859484,0.20027867162582305,1,-0.0019349845201238475,0.002222222222222181,0.04019607843137252,-0.04546783625730996,0.002708978328173371,0.01162280701754384,-0.09017027863777083,0.020797681675451346,-0.03407753237474598,0.0928362573099415,0.0013329893360853051,0.0042447554070360605,-0.02724458204334365,0.12191358024691357,0.0,-0.14714912280701753,-0.02481940144478844,-0.15409356725146198,0.0,0.0,0.0,0.0,0.0,0.0
1909,0.08771929824561403,0.39750692520775627,0.3105263157894737,0.21241830065359477,0.026831785345717233,0.16339869281045752,0.5964912280701754,0.10305468891457117,0.7802614052614052,0.45098039215686275,0.023735810113519093,0.17078275754746344,0.011695906432748537,0.4444444444444444,0.0,0.049019607843137254,0.0,0.0,0.8421052631578947,0.005762924382716028,0.9142543988519222,0.17647058823529413,0.009287925696594429,0.022512853885402907,0.14705882352941177,0.0,0.10416666666666667,0.0196078431372549,0.7083333333333334,0.013888888888888888,1.1666666666666667,1.8263888888888888,19,0.0,1.0,1.0,0.12371137617469988,0.22332624323352981,0,0.008771929824561403,0.03750692520775628,0.09385964912280706,0.06621947024423805,0.004024767801857586,0.014275885792913667,0.01754385964912275,0.0029659982079341396,0.01663876199479908,-0.016855865153078742,0.0003439972480220217,0.0009229227753480007,-0.019883040935672516,-0.04166666666666663,0.0,-0.0913312693498452,-0.002631578947368421,-0.029239766081871343,-0.007894736842105288,-0.0055788672358922375,-0.01229405269652939,0.005042016806722699,-0.0014263600176912857,-0.010276948904399886
1910,0.0935672514619883,0.38823142669296506,0.2754385964912281,0.20588235294117646,0.022703818369453045,0.13725490196078433,0.6023391812865497,0.09127887357649384,0.7914614796967738,0.38235294117647056,0.01719986240110079,0.055622989936715425,0.017543859649122806,0.5,0.0,0.10457516339869281,0.0003439972480220158,0.006535947712418301,0.8421052631578947,0.005762924382716028,0.9142543988519222,0.17647058823529413,0.009287925696594429,0.022512853885402907,0.1553398058252427,0.0,0.10416666666666667,0.02912621359223301,0.7083333333333334,0.013888888888888888,1.1844660194174756,1.8263888888888888,19,0.0,0.0,0.0,0.12407964420915937,0.22475821232578522,1,0.005847953216374269,-0.009275498514791203,-0.03508771929824561,-0.006535947712418305,-0.004127966976264188,-0.026143790849673193,0.005847953216374324,-0.011775815338077339,0.011200074435368634,-0.06862745098039219,-0.006535947712418302,-0.11515976761074802,0.005847953216374269,0.05555555555555558,0.0,0.05555555555555556,0.0003439972480220158,0.006535947712418301,0.0,0.0,0.0,0.0,0.0,0.0
1911,0.08771929824561403,0.3725761772853186,0.2754385964912281,0.21241830065359477,0.016167870657034743,0.11764705882352941,0.5964912280701754,0.09950685040712104,0.7907953157953158,0.3888888888888889,0.017543859649122803,0.056893868658574535,0.05263157894736842,0.4999999999999999,0.0,0.1895424836601307,0.0041279669762641896,0.049019607843137254,0.8421052631578947,0.005762924382716028,0.9142543988519222,0.17647058823529413,0.009287925696594429,0.022512853885402907,0.14705882352941177,0.09090909090909091,0.10416666666666667,0.08823529411764706,0.7083333333333334,0.013888888888888888,1.2352941176470589,1.8263888888888888,19,0.0,0.0,0.0,0.12124423384223983,0.21988526791262494,1,-0.005847953216374269,-0.015655249407646454,0.0,0.006535947712418305,-0.006535947712418302,-0.019607843137254916,-0.005847953216374324,0.008227976830627204,-0.0006661639014580167,0.006535947712418333,0.0003439972480220113,0.0012708787218591103,0.03508771929824561,-1.1102230246251565e-16,0.0,0.0849673202614379,0.003783969728242174,0.042483660130718956,0.0,0.0,0.0,0.0,0.0,0.0
1912,0.08187134502923976,0.3623082542001461,0.28421052631578947,0.21895424836601307,0.010663914688682491,0.09803921568627451,0.7076023391812866,0.08558381598664441,0.8205629252068881,0.2647058823529412,0.011007911936704508,0.0257372982863179,0.05263157894736842,0.46449704142011844,0.0,0.1895424836601307,0.012727898176814585,0.10130718954248366,0.8421052631578947,0.005762924382716028,0.9142543988519222,0.17647058823529413,0.009287925696594429,0.022512853885402907,0.11570247933884298,0.09523809523809523,0.10416666666666667,0.0743801652892562,0.7083333333333334,0.013888888888888888,1.1900826446280992,1.8263888888888888,19,0.0,0.0,0.0,0.12176991324967289,0.22432926442302512,1,-0.005847953216374269,-0.010267923085172492,0.008771929824561375,0.006535947712418305,-0.005503955968352252,-0.0196078431372549,0.11111111111111116,-0.013923034420476627,0.029767609411572304,-0.12418300653594772,-0.006535947712418295,-0.031156570372256637,0.0,-0.03550295857988145,0.0,0.0,0.008599931200550396,0.05228758169934641,0.0,0.0,0.0,0.0,0.0,0.0
1913,0.07142857142857142,0.46162998215347995,0.2571428571428572,0.19736842105263158,0.007769423558897242,0.07894736842105263,0.6761904761904762,0.08977306365728083,0.8075055622379816,0.3026315789473684,0.012030075187969926,0.03288416262100472,0.08571428571428572,0.48109640831758027,0.12698412698412698,0.12631578947368421,0.04185463659147869,0.22807017543859645,0.8421052631578947,0.005762924382716028,0.9142543988519222,0.17647058823529413,0.009287925696594429,0.022512853885402907,0.1056338028169014,0.1,0.10416666666666667,0.1267605633802817,0.7083333333333334,0.013888888888888888,1.232394366197183,1.8263888888888888,21,2.0,0.0,2.0,0.1182066921016599,0.22331085039997906,1,-0.010442773600668337,0.09932172795333383,-0.027067669172932296,-0.02158582731338149,-0.0028944911297852493,-0.01909184726522188,-0.031411862990810335,0.004189247670636415,-0.013057362968906472,0.03792569659442724,0.0010221632512654177,0.007146864334686823,0.0330827067669173,0.01659936689746183,0.12698412698412698,-0.0632266941864465,0.029126738414664108,0.1267629858961128,0.0,0.0,0.0,0.0,0.0,0.0
1914,0.10457516339869281,0.29726239669421495,0.2592592592592593,0.21323529411764705,0.018382352941176475,0.09803921568627451,0.0457516339869281,0.6166222373589642,0.09259259259259259,0.14705882352941177,0.0024509803921568627,0.022058823529411763,0.17647058823529413,0.19302809573361085,0.1148148148148148,0.4632352941176471,0.03104575163398693,0.28797428062133945,0.8627450980392157,0.02100550964187317,0.9253026385379326,0.15441176470588236,0.00857843137254902,0.0203294254764843,0.045454545454545456,0.10256410256410256,0.12121212121212122,0.0967741935483871,0.05303030303030303,0.19548872180451127,1.1904761904761905,1.368421052631579,18,0.0,3.0,3.0,0.12430077614598822,0.20997809600374936,0,0.03314659197012139,-0.164367585459265,0.0021164021164021274,0.01586687306501547,0.010612929382279233,0.01909184726522188,-0.6304388422035482,0.5268491737016834,-0.7149129696453891,-0.15557275541795665,-0.009579094795813063,-0.010825339091592959,0.09075630252100841,-0.2880683125839694,-0.012169312169312177,0.33691950464396286,-0.010808884957491764,0.059904105182743,0.02063983488132104,0.015242585259157143,0.01104823968601043,-0.02205882352941177,-0.0007094943240454083,-0.002183428408918605
1915,0.1794871794871795,0.2426437301946582,0.4282051282051282,0.2803030303030303,0.03846153846153847,0.2272727272727273,0.0641025641025641,0.4441416466031364,0.1794871794871795,0.2196969696969697,0.002331002331002331,0.030303030303030304,0.28205128205128205,0.14334705075445814,0.0,0.45454545454545453,0.06293706293706294,0.3825757575757576,0.8627450980392157,0.02100550964187317,0.9253026385379326,0.15441176470588236,0.00857843137254902,0.0203294254764843,0.05555555555555555,0.058823529411764705,0.12121212121212122,0.08,0.05303030303030303,0.19548872180451127,1.1388888888888888,1.368421052631579,13,0.0,5.0,5.0,0.13719987981767812,0.22616483965690332,1,0.07491201608848667,-0.05461866649955674,0.16894586894586888,0.06706773618538323,0.020079185520361996,0.1292335115864528,0.018350930115635995,-0.17248059075582778,0.0868945868945869,0.07263814616755793,-0.00011997806115453171,0.008244206773618541,0.10558069381598792,-0.04968104497915271,-0.1148148148148148,-0.008689839572192548,0.031891311303076014,0.09460147695441817,0.0,0.0,0.0,0.0,0.0,0.0
1916,0.12380952380952381,0.47337278106508873,0.5111111111111111,0.18681318681318682,0.002197802197802198,0.01098901098901099,0.0380952380952381,0.47189211622812144,0.0,0.12087912087912088,0.002930402930402931,0.02197802197802198,0.29523809523809524,0.24064625850340135,0.09142857142857143,0.31868131868131866,0.05860805860805861,0.30957613814756674,0.8627450980392157,0.02100550964187317,0.9253026385379326,0.15441176470588236,0.00857843137254902,0.0203294254764843,0.0625,0.023255813953488372,0.12121212121212122,0.029411764705882353,0.05303030303030303,0.19548872180451127,1.0666666666666667,1.368421052631579,15,2.0,0.0,2.0,0.14064058243148514,0.2336870936878221,1,-0.055677655677655674,0.23072905087043052,0.08290598290598289,-0.09348984348984346,-0.036263736263736274,-0.21628371628371632,-0.026007326007325998,0.027750469624985064,-0.1794871794871795,-0.09881784881784882,0.0005994005994005998,-0.008325008325008324,0.013186813186813195,0.09729920774894321,0.09142857142857143,-0.13586413586413587,-0.004329004329004335,-0.07299961942819089,0.0,0.0,0.0,0.0,0.0,0.0
1917,0.1282051282051282,0.31999999999999995,0.3333333333333333,0.24242424242424243,0.0034965034965034965,0.015151515151515152,0.05128205128205128,0.4791832860818219,0.0,0.13636363636363635,0.004662004662004662,0.030303030303030304,0.358974358974359,0.21142857142857144,0.17344322344322344,0.5606060606060606,0.06293706293706293,0.45707070707070707,0.8627450980392157,0.02100550964187317,0.9253026385379326,0.15441176470588236,0.00857843137254902,0.0203294254764843,0.07692307692307693,0.02702702702702703,0.12121212121212122,0.06666666666666667,0.05303030303030303,0.19548872180451127,1.0769230769230769,1.368421052631579,13,0.0,2.0,2.0,0.1459079002705545,0.24728451670127743,1,0.00439560439560438,-0.15337278106508878,-0.17777777777777776,0.055611055611055615,0.0012987012987012987,0.004162504162504162,0.013186813186813182,0.007291169853700485,0.0,0.015484515484515474,0.0017316017316017312,0.008325008325008324,0.06373626373626373,-0.029217687074829912,0.08201465201465201,0.2419247419247419,0.004329004329004321,0.14749456892314033,0.0,0.0,0.0,0.0,0.0,0.0
1918,0.075,0.49382716049382713,0.3541666666666667,0.14285714285714285,0.0017857142857142859,0.01904761904761905,0.025,0.4461204902413478,0.0,0.12380952380952381,0.0005952380952380953,0.009523809523809525,0.325,0.1436672967863894,0.2683035714285714,0.3904761904761905,0.034523809523809526,0.2698412698412699,0.8627450980392157,0.02100550964187317,0.9253026385379326,0.15441176470588236,0.00857843137254902,0.0203294254764843,0.0,0.0,0.12121212121212122,0.05,0.05303030303030303,0.19548872180451127,1.0408163265306123,1.368421052631579,16,3.0,0.0,3.0,0.16548334308652196,0.30251074329836497,1,-0.053205128205128197,0.17382716049382718,0.02083333333333337,-0.09956709956709958,-0.0017107892107892106,0.0038961038961038974,-0.02628205128205128,-0.03306279584047411,0.0,-0.01255411255411254,-0.004066766566766567,-0.02077922077922078,-0.033974358974358965,-0.06776127464218204,0.09486034798534798,-0.17012987012987008,-0.028413253413253403,-0.1872294372294372,0.0,0.0,0.0,0.0,0.0,0.0
1919,0.004761904761904762,0.0,0.0,0.05,0.0,0.0,0.3047619047619048,0.15636905204232954,0.6182605197642792,0.7131578947368421,0.031578947368421054,0.38815789473684215,0.19523809523809524,0.2568938605619147,0.3233886483886484,0.6684210526315789,0.055137844611528826,0.593859649122807,0.8627450980392157,0.02100550964187317,0.9253026385379326,0.15441176470588236,0.00857843137254902,0.0203294254764843,0.015625,0.0,0.12121212121212122,0.1797752808988764,0.05303030303030303,0.19548872180451127,1.1910112359550562,1.368421052631579,21,7.0,2.0,9.0,0.19221570807163604,0.38723742390623994,1,-0.07023809523809524,-0.49382716049382713,-0.3541666666666667,-0.09285714285714285,-0.0017857142857142859,-0.01904761904761905,0.27976190476190477,-0.2897514381990183,0.6182605197642792,0.5893483709273183,0.030983709273182957,0.3786340852130326,-0.12976190476190477,0.11322656377552531,0.05508507696007697,0.27794486215538844,0.0206140350877193,0.3240183792815371,0.0,0.0,0.0,0.0,0.0,0.0
1920,0.011857707509881422,0.6666666666666666,0.0,0.0367965367965368,0.0,0.0,0.6996047430830039,0.0691470623018944,0.834445847597012,0.329004329004329,0.01430453604366648,0.04273569143699013,0.14624505928853754,0.3104248046875,0.26908453864975607,0.5367965367965368,0.04423113118765293,0.4314574314574315,0.549407114624506,0.06042647896071635,0.7228946925406745,0.34415584415584416,0.009599096555618292,0.03489636866260242,0.011235955056179775,0.0,0.02158273381294964,0.15675675675675677,0.58,0.1069182389937107,1.1666666666666667,1.7281553398058251,23,2.0,0.0,2.0,0.14227499729169996,0.29162066343946663,0,0.00709580274797666,0.6666666666666666,0.0,-0.013203463203463203,0.0,0.0,0.3948428383210991,-0.08722198974043514,0.2161853278327328,-0.3841535657325131,-0.017274411324754574,-0.345422203299852,-0.0489930359495577,0.05353094412558529,-0.054304109738892326,-0.1316245158350421,-0.010906713423875898,-0.1624022176653755,-0.31333798341470975,0.03942096931884318,-0.2024079459972581,0.1897440794499618,0.001020665183069272,0.01456694318611812
1921,0.05138339920948617,0.43711419753086417,0.21594202898550724,0.19264069264069264,0.012987012987012986,0.09956709956709957,0.758893280632411,0.12009853007228934,0.8446687688106451,0.26406926406926406,0.011481272350837568,0.028506810649667796,0.1067193675889328,0.29945855893377754,0.2625736582258321,0.5303030303030303,0.03971390927912667,0.5119047619047619,0.549407114624506,0.06042647896071635,0.7228946925406745,0.34415584415584416,0.009599096555618292,0.03489636866260242,0.06770833333333333,0.0,0.02158273381294964,0.12307692307692308,0.58,0.1069182389937107,1.1897435897435897,1.7281553398058251,23,1.0,1.0,2.0,0.13077233603967128,0.2558047891341289,1,0.039525691699604744,-0.22955246913580246,0.21594202898550724,0.15584415584415584,0.012987012987012986,0.09956709956709957,0.059288537549407105,0.05095146777039494,0.010222921213633107,-0.06493506493506496,-0.0028232636928289118,-0.014228880787322335,-0.03952569169960474,-0.010966245753722459,-0.006510880423923948,-0.006493506493506551,-0.004517221908526256,0.08044733044733038,0.0,0.0,0.0,0.0,0.0,0.0
1922,0.043333333333333335,0.3824609733700643,0.19866666666666666,0.1793478260869565,0.01,0.08333333333333333,0.7366666666666667,0.12429889591652317,0.8199383775315933,0.286231884057971,0.01144927536231884,0.030867664411462364,0.11,0.40209190672153633,0.28355555555555556,0.28804347826086957,0.031014492753623193,0.23301414768806075,0.549407114624506,0.06042647896071635,0.7228946925406745,0.34415584415584416,0.009599096555618292,0.03489636866260242,0.058823529411764705,0.06976744186046512,0.02158273381294964,0.13901345291479822,0.58,0.1069182389937107,1.1973094170403586,1.7281553398058251,25,2.0,0.0,2.0,0.1289705481435969,0.2561453001046247,1,-0.008050065876152833,-0.054653224160799874,-0.01727536231884058,-0.013292866553736127,-0.002987012987012986,-0.01623376623376624,-0.022226613965744324,0.004200365844233833,-0.024730391279051855,0.022162619988706944,-3.199698851872809e-05,0.002360853761794568,0.0032806324110671997,0.10263334778775879,0.020981897329723442,-0.2422595520421607,-0.008699416525503479,-0.27889061421670114,0.0,0.0,0.0,0.0,0.0,0.0
1923,0.05138339920948617,0.38246097337006424,0.21594202898550724,0.19264069264069264,0.012987012987012986,0.09956709956709957,0.7707509881422925,0.11523216742889286,0.8483765606224887,0.2510822510822511,0.010916619612271783,0.026718988082624448,0.09486166007905138,0.42603806228373703,0.10289855072463769,0.14502164502164502,0.026915113871635612,0.14588744588744587,0.549407114624506,0.06042647896071635,0.7228946925406745,0.34415584415584416,0.009599096555618292,0.03489636866260242,0.06666666666666667,0.08823529411764706,0.02158273381294964,0.12307692307692308,0.58,0.1069182389937107,1.1897435897435897,1.7281553398058251,23,0.0,2.0,2.0,0.13504601821610196,0.2749090432179099,1,0.008050065876152833,-5.551115123125783e-17,0.01727536231884058,0.013292866553736127,0.002987012987012986,0.01623376623376624,0.03408432147562579,-0.009066728487630307,0.028438183090895408,-0.035149632975719936,-0.0005326557500470574,-0.004148676328837916,-0.015138339920948624,0.0239461555622007,-0.18065700483091787,-0.14302183323922454,-0.004099378881987581,-0.08712670180061488,0.0,0.0,0.0,0.0,0.0,0.0
1924,0.05333333333333334,0.30990304709141275,0.21600000000000003,0.213768115942029,0.00826086956521739,0.10265700483091787,0.8233333333333334,0.1575138490595568,0.8793460549262138,0.19202898550724637,0.007681159420289856,0.016148570103089555,0.08,0.3779149519890261,0.13866666666666666,0.13949275362318841,0.026231884057971014,0.15471014492753624,0.549407114624506,0.06042647896071635,0.7228946925406745,0.34415584415584416,0.009599096555618292,0.03489636866260242,0.06477732793522267,0.1111111111111111,0.02158273381294964,0.09716599190283401,0.58,0.1069182389937107,1.1619433198380567,1.7281553398058251,25,2.0,0.0,2.0,0.12543545092268513,0.25440621928908996,1,0.001949934123847169,-0.07255792627865149,5.7971014492785855e-05,0.02112742330133635,-0.004726143421795595,0.0030899052638183044,0.05258234519104088,0.042281681630663925,0.030969494303725087,-0.059053265575004704,-0.0032354601919819268,-0.010570417979534893,-0.014861660079051375,-0.04812311029471095,0.03576811594202897,-0.005528891398456609,-0.000683229813664598,0.008822699040090365,0.0,0.0,0.0,0.0,0.0,0.0
1925,0.09057971014492754,0.32975484697965074,0.28293650793650793,0.28063241106719367,0.009057971014492754,0.08629776021080368,0.7717391304347826,0.14464881294533455,0.8528359262694302,0.2490118577075099,0.010375494071146244,0.02430870622570227,0.043478260869565216,0.43195266272189353,0.041666666666666664,0.09486166007905138,0.026350461133069825,0.11067193675889328,0.6811594202898551,0.03231100045269347,0.8005639215875284,0.25296442687747034,0.007081686429512517,0.08634395132883856,0.11214953271028037,0.12121212121212122,0.12698412698412698,0.056338028169014086,0.6434426229508197,0.06382978723404255,1.1682242990654206,1.7950819672131149,24,0.0,1.0,1.0,0.12771324815410506,0.2644025047526647,0,0.0372463768115942,0.019851799888237986,0.0669365079365079,0.06686429512516467,0.0007971014492753632,-0.01635924462011419,-0.05159420289855077,-0.01286503611422224,-0.026510128656783594,0.05698287220026352,0.0026943346508563884,0.008160136122612714,-0.036521739130434785,0.05403771073286745,-0.097,-0.04463109354413704,0.00011857707509881077,-0.044038208168642956,0.13175230566534912,-0.02811547850802288,0.07766922904685392,-0.09119141727837382,-0.0025174101261057754,0.051447582666236134
1926,0.1,0.2814197530864198,0.2994920634920635,0.29891304347826086,0.016956521739130433,0.1066425120772947,0.7533333333333333,0.16716444979794587,0.8566888384046817,0.26811594202898553,0.010724637681159417,0.025835458292299714,0.04666666666666667,0.322265625,0.13047619047619047,0.266304347826087,0.008695652173913044,0.1105072463768116,0.6811594202898551,0.03231100045269347,0.8005639215875284,0.25296442687747034,0.007081686429512517,0.08634395132883856,0.11790393013100436,0.047619047619047616,0.12698412698412698,0.048034934497816595,0.6434426229508197,0.06382978723404255,1.1637931034482758,1.7950819672131149,25,1.0,0.0,1.0,0.13087554651457478,0.26471415698224515,1,0.00942028985507247,-0.04833509389323093,0.016555555555555546,0.0182806324110672,0.007898550724637679,0.020344751866491012,-0.018405797101449295,0.02251563685261132,0.0038529121352515183,0.019104084321475645,0.00034914361001317333,0.0015267520665974456,0.0031884057971014526,-0.10968703772189353,0.08880952380952381,0.17144268774703558,-0.017654808959156783,-0.00016469038208168085,0.0,0.0,0.0,0.0,0.0,0.0
1927,0.11231884057971014,0.2691989603024575,0.3419312169312169,0.35177865612648224,0.018774703557312252,0.12779973649538864,0.8768115942028986,0.1827908472808641,0.9150802903448785,0.13438735177865613,0.005599472990777337,0.009802137914786135,0.05434782608695652,0.21839999999999998,0.1712301587301587,0.3201581027667984,0.00823451910408432,0.12187088274044794,0.6811594202898551,0.03231100045269347,0.8005639215875284,0.25296442687747034,0.007081686429512517,0.08634395132883856,0.128099173553719,0.09523809523809523,0.12698412698412698,0.06198347107438017,0.6434426229508197,0.06382978723404255,1.1900826446280992,1.7950819672131149,24,0.0,1.0,1.0,0.1226519888444724,0.24916917191602161,1,0.012318840579710139,-0.01222079278396232,0.04243915343915344,0.05286561264822137,0.0018181818181818195,0.02115722441809395,0.12347826086956526,0.01562639748291822,0.05839145194019679,-0.1337285902503294,-0.00512516469038208,-0.01603332037751358,0.0076811594202898514,-0.10386562500000002,0.04075396825396824,0.05385375494071143,-0.0004611330698287234,0.01136363636363634,0.0,0.0,0.0,0.0,0.0,0.0
1928,0.11231884057971014,0.257147920604915,0.35462962962962963,0.35177865612648224,0.01202239789196311,0.11067193675889325,0.8478260869565217,0.14346149870099761,0.9038863409589618,0.16600790513833993,0.006916996047430829,0.014074583738615358,0.05434782608695652,0.21839999999999998,0.1712301587301587,0.3201581027667984,0.008234519104084322,0.12187088274044795,0.6811594202898551,0.03231100045269347,0.8005639215875284,0.25296442687747034,0.007081686429512517,0.08634395132883856,0.1276595744680851,0.09523809523809523,0.12698412698412698,0.059574468085106386,0.6434426229508197,0.06382978723404255,1.1864406779661016,1.7950819672131149,24,0.0,0.0,0.0,0.12516428362744342,0.25584019151544135,1,0.0,-0.01205103969754251,0.012698412698412709,0.0,-0.006752305665349142,-0.01712779973649539,-0.02898550724637683,-0.039329348579866474,-0.011193949385916668,0.031620553359683806,0.001317523056653492,0.004272445823829223,0.0,0.0,0.0,0.0,1.734723475976807e-18,1.3877787807814457e-17,0.0,0.0,0.0,0.0,0.0,0.0
1929,0.11,0.28669359124242744,0.3377777777777778,0.3333333333333333,0.017246376811594202,0.19021739130434784,0.8566666666666667,0.14326981663554714,0.9145369244805239,0.15579710144927536,0.006231884057971014,0.013527710470855577,0.03333333333333333,0.20408163265306123,0.1457142857142857,0.2807971014492754,0.002608695652173913,0.059782608695652176,0.6811594202898551,0.03231100045269347,0.8005639215875284,0.25296442687747034,0.007081686429512517,0.08634395132883856,0.12403100775193798,0.075,0.12698412698412698,0.038910505836575876,0.6434426229508197,0.06382978723404255,1.1627906976744187,1.7950819672131149,25,1.0,0.0,1.0,0.1249000111547387,0.2538989598326719,1,-0.0023188405797101436,0.029545670637512456,-0.01685185185185184,-0.01844532279314892,0.005223978919631092,0.07954545454545459,0.008840579710144958,-0.00019168206545047695,0.010650583521562118,-0.010210803689064574,-0.0006851119894598148,-0.0005468732677597812,-0.021014492753623187,-0.014318367346938754,-0.025515873015872992,-0.039361001317523014,-0.005625823451910409,-0.06208827404479578,0.0,0.0,0.0,0.0,0.0,0.0
1930,0.11231884057971014,0.27639033414267544,0.35597041847041844,0.39920948616600793,0.015151515151515147,0.15810276679841892,0.7101449275362319,0.17381527037142702,0.8307961963080418,0.31620553359683795,0.013175230566534912,0.03678474577684063,0.007246376811594203,0.0,0.0,0.08695652173913043,0.0001646903820816864,0.003952569169960474,0.6630434782608695,0.018319448177013316,0.8403721174909254,0.2727272727272727,0.007905138339920948,0.04179798023671541,0.11274509803921569,0.0,0.16939890710382513,0.01020408163265306,0.5726141078838174,0.01092896174863388,1.1225490196078431,1.7095435684647302,24,0.0,1.0,1.0,0.12426840474708589,0.2426089700508712,0,0.0023188405797101436,-0.010303257099751995,0.01819264069264065,0.06587615283267462,-0.0020948616600790556,-0.03211462450592892,-0.14652173913043476,0.030545453735879885,-0.08374072817248213,0.1604084321475626,0.006943346508563898,0.023257035305985052,-0.02608695652173913,-0.20408163265306123,-0.1457142857142857,-0.19384057971014496,-0.0024440052700922263,-0.0558300395256917,-0.018115942028985588,-0.013991552275680157,0.039808195903397015,0.01976284584980237,0.0008234519104084312,-0.044545971092123146
1931,0.1,0.26442368387829823,0.3436709956709956,0.3894927536231884,0.013478260869565219,0.1473429951690821,0.77,0.14194659684128935,0.8500626603321447,0.20471014492753623,0.006521739130434783,0.013788036582154231,0.01,0.4444444444444444,0.0,0.07971014492753623,0.00014492753623188405,0.0036231884057971015,0.6630434782608695,0.018319448177013316,0.8403721174909254,0.2727272727272727,0.007905138339920948,0.04179798023671541,0.125,0.03125,0.16939890710382513,0.008620689655172414,0.5726141078838174,0.01092896174863388,1.1379310344827587,1.7095435684647302,25,1.0,0.0,1.0,0.1202381144746154,0.22875739542205004,1,-0.012318840579710139,-0.01196665026437721,-0.01229942279942281,-0.009716732542819517,-0.0016732542819499277,-0.010759771629336806,0.05985507246376809,-0.03186867353013767,0.019266464024102925,-0.11149538866930173,-0.006653491436100129,-0.022996709194686396,0.0027536231884057972,0.4444444444444444,0.0,-0.007246376811594207,-1.9762845849802355e-05,-0.00032938076416337255,0.0,0.0,0.0,0.0,0.0,0.0
1932,0.09,0.24055555555555552,0.3060952380952381,0.35507246376811596,0.008550724637681159,0.08816425120772947,0.8033333333333333,0.15332087007945822,0.8809659108633399,0.16847826086956522,0.005072463768115942,0.01027009926466448,0.016666666666666666,0.31999999999999995,0.0,0.16304347826086957,0.0008695652173913043,0.021739130434782608,0.6630434782608695,0.018319448177013316,0.8403721174909254,0.2727272727272727,0.007905138339920948,0.04179798023671541,0.10743801652892562,0.03225806451612903,0.16939890710382513,0.01652892561983471,0.5726141078838174,0.01092896174863388,1.128099173553719,1.7095435684647302,25,0.0,0.0,0.0,0.11267505680874013,0.2093287650741988,1,-0.010000000000000009,-0.02386812832274271,-0.03757575757575754,-0.03442028985507245,-0.00492753623188406,-0.05917874396135264,0.033333333333333326,0.011374273238168864,0.030903250531195137,-0.03623188405797101,-0.0014492753623188415,-0.0035179373174897503,0.006666666666666666,-0.12444444444444447,0.0,0.08333333333333334,0.0007246376811594202,0.018115942028985508,0.0,0.0,0.0,0.0,0.0,0.0
1933,0.11857707509881422,0.2616782006920415,0.37770876466528636,0.36796536796536794,0.010540184453227934,0.10122655122655126,0.8814229249011858,0.14127578280018233,0.9219703136784844,0.12987012987012986,0.00564652738565782,0.01010421757175004,0.023715415019762844,0.12244897959183669,0.06521739130434782,0.17316017316017315,0.0020703933747412005,0.030303030303030304,0.6630434782608695,0.018319448177013316,0.8403721174909254,0.2727272727272727,0.007905138339920948,0.04179798023671541,0.13452914798206278,0.02857142857142857,0.16939890710382513,0.026905829596412557,0.5726141078838174,0.01092896174863388,1.1614349775784754,1.7095435684647302,23,1.0,3.0,4.0,0.1192678510699685,0.21994721231736894,1,0.028577075098814228,0.021122645136485985,0.07161352657004827,0.012892904197251975,0.001989459815546775,0.01306230001882179,0.07808959156785245,-0.01204508727927589,0.0410044028151445,-0.03860813099943536,0.0005740636175418784,-0.00016588169291444077,0.007048748353096178,-0.19755102040816325,0.06521739130434782,0.010116694899303585,0.0012008281573498963,0.008563899868247696,0.0,0.0,0.0,0.0,0.0,0.0
1934,0.12121212121212122,0.23339355935806141,0.3502886002886003,0.3904761904761905,0.009090909090909092,0.09484126984126985,0.8961038961038961,0.14883004837852098,0.9273769316338977,0.11428571428571428,0.005194805194805196,0.008622766122766124,0.04329004329004329,0.5,0.09848484848484848,0.1619047619047619,0.005844155844155845,0.05238095238095239,0.6630434782608695,0.018319448177013316,0.8403721174909254,0.2727272727272727,0.007905138339920948,0.04179798023671541,0.13526570048309178,0.05555555555555555,0.16939890710382513,0.04830917874396135,0.5726141078838174,0.01092896174863388,1.183574879227053,1.7095435684647302,22,0.0,1.0,1.0,0.1197460493506751,0.21248545263688512,1,0.002635046113306991,-0.028284641333980093,-0.02742016437668604,0.022510822510822537,-0.0014492753623188415,-0.0063852813852814105,0.01468097120271028,0.007554265578338659,0.0054066179554133065,-0.015584415584415576,-0.0004517221908526244,-0.001481451448983916,0.019574628270280444,0.3775510204081633,0.033267457180500656,-0.01125541125541124,0.0037737624694146447,0.022077922077922085,0.0,0.0,0.0,0.0,0.0,0.0
1935,0.12554112554112554,0.2370242214532872,0.32857142857142857,0.38571428571428573,0.008874458874458875,0.08333333333333336,0.8787878787878788,0.1477608022189006,0.917175368491158,0.13333333333333333,0.006060606060606059,0.01026663812378098,0.03896103896103896,0.48,0.13636363636363635,0.11428571428571428,0.00670995670995671,0.04285714285714286,0.7878787878787878,0.009479531457553356,0.8999152507279443,0.18095238095238095,0.006060606060606063,0.030724097331240194,0.13725490196078433,0.08571428571428572,0.15934065934065933,0.04433497536945813,0.7660550458715596,0.04945054945054945,1.1813725490196079,1.9403669724770642,22,0.0,0.0,0.0,0.12263088621529104,0.20723009009463075,0,0.004329004329004321,0.0036306620952257784,-0.021717171717171746,-0.004761904761904745,-0.0002164502164502171,-0.011507936507936495,-0.017316017316017285,-0.0010692461596203962,-0.010201563142739678,0.01904761904761905,0.0008658008658008632,0.001643872001014856,-0.004329004329004328,-0.020000000000000018,0.03787878787878787,-0.04761904761904763,0.0008658008658008649,-0.009523809523809532,0.12483530961791833,-0.00883991671945996,0.059543133237018875,-0.09177489177489176,-0.0018445322793148849,-0.011073882905475216
1936,0.15151515151515152,0.3375771604938272,0.498989898989899,0.35714285714285715,0.012987012987012986,0.12063492063492065,0.8528138528138528,0.1497324228209854,0.9062789549631656,0.1619047619047619,0.007359307359307358,0.01526002436716722,0.06493506493506493,0.4682539682539682,0.16125541125541124,0.29523809523809524,0.022077922077922082,0.24523809523809526,0.7878787878787878,0.009479531457553356,0.8999152507279443,0.18095238095238095,0.006060606060606063,0.030724097331240194,0.1717171717171717,0.13636363636363635,0.15934065934065933,0.0707070707070707,0.7660550458715596,0.04945054945054945,1.2412060301507537,1.9403669724770642,22,1.0,1.0,2.0,0.11934737568883773,0.22069876456357723,1,0.025974025974025983,0.10055293904054,0.1704184704184704,-0.02857142857142858,0.004112554112554111,0.037301587301587294,-0.025974025974025983,0.001971620602084806,-0.010896413527992421,0.02857142857142858,0.0012987012987012991,0.004993386243386241,0.02597402597402597,-0.011746031746031782,0.02489177489177488,0.18095238095238098,0.01536796536796537,0.20238095238095238,0.0,0.0,0.0,0.0,0.0,0.0
1937,0.15584415584415584,0.23699375050726407,0.5305916305916306,0.3,0.014069264069264072,0.11111111111111112,0.9264069264069265,0.15216858487593296,0.9430321011977358,0.08095238095238096,0.00367965367965368,0.005618140418560587,0.06060606060606061,0.35433884297520657,0.0606060606060606,0.14285714285714285,0.015151515151515154,0.07936507936507936,0.7878787878787878,0.009479531457553356,0.8999152507279443,0.18095238095238095,0.006060606060606063,0.030724097331240194,0.16822429906542055,0.06382978723404255,0.15934065934065933,0.06046511627906977,0.7660550458715596,0.04945054945054945,1.2279069767441861,1.9403669724770642,22,1.0,1.0,2.0,0.11969271172455151,0.21565983345316844,1,0.004329004329004321,-0.10058340998656312,0.03160173160173163,-0.05714285714285716,0.0010822510822510855,-0.009523809523809532,0.07359307359307365,0.002436162054947566,0.036753146234570266,-0.08095238095238096,-0.003679653679653678,-0.009641883948606635,-0.004329004329004321,-0.11391512527876163,-0.10064935064935063,-0.1523809523809524,-0.006926406926406928,-0.1658730158730159,0.0,0.0,0.0,0.0,0.0,0.0
1938,0.14624505928853754,0.2325813137755102,0.5056590752242925,0.2878787878787879,0.01129305477131564,0.0891053391053391,0.9011857707509882,0.1499443665324342,0.9223636827419301,0.10822510822510822,0.004705439488048184,0.007326368775948609,0.07905138339920949,0.3194444444444444,0.05217391304347826,0.2619047619047619,0.020327498588368156,0.1629148629148629,0.7878787878787878,0.009479531457553356,0.8999152507279443,0.18095238095238095,0.006060606060606063,0.030724097331240194,0.1471861471861472,0.09615384615384616,0.15934065934065933,0.08296943231441048,0.7660550458715596,0.04945054945054945,1.2337662337662338,1.9403669724770642,23,1.0,0.0,1.0,0.11742155342860496,0.18243846844638983,1,-0.009599096555618303,-0.0044124367317538715,-0.024932555367338072,-0.012121212121212088,-0.0027762092979484315,-0.022005772005772015,-0.0252211556559383,-0.0022242183434987572,-0.020668418455805693,0.027272727272727268,0.001025785808394504,0.001708228357388022,0.01844532279314888,-0.03489439853076215,-0.008432147562582343,0.11904761904761907,0.005175983436853002,0.08354978354978354,0.0,0.0,0.0,0.0,0.0,0.0
1939,0.17316017316017315,0.29773673257023936,0.6051226551226552,0.3333333333333333,0.01168831168831169,0.11373015873015872,0.4588744588744589,0.26500998508174456,0.6613582324108639,0.5428571428571428,0.022510822510822506,0.09566021280306994,0.15151515151515152,0.2292794668887963,0.5243090243090243,0.5666666666666667,0.029870129870129866,0.34462585034013604,0.7878787878787878,0.009479531457553356,0.8999152507279443,0.18095238095238095,0.006060606060606063,0.030724097331240194,0.15873015873015872,0.19047619047619047,0.15934065934065933,0.175,0.7660550458715596,0.04945054945054945,1.3407407407407408,1.9403669724770642,22,0.0,1.0,1.0,0.12423276147083781,0.19313255890443762,1,0.026915113871635615,0.06515541879472916,0.09946357989836263,0.045454545454545414,0.00039525691699605035,0.02462481962481962,-0.4423113118765293,0.11506561854931036,-0.26100545033106626,0.4346320346320346,0.01780538302277432,0.08833384402712133,0.07246376811594203,-0.09016497755564812,0.472135111265546,0.30476190476190473,0.00954263128176171,0.18171098742527314,0.0,0.0,0.0,0.0,0.0,0.0
1940,0.11052631578947368,0.3130853277835587,0.4166666666666667,0.1695906432748538,0.010526315789473684,0.07017543859649122,0.33157894736842103,0.2924960318955646,0.8184593837535014,0.6842105263157895,0.031578947368421054,0.2222222222222222,0.2736842105263158,0.1866203790579846,0.6472907647907647,0.5730994152046783,0.038304093567251465,0.2749025341130604,0.7105263157894737,0.039478737997256486,0.8389921353156646,0.2631578947368421,0.01666666666666667,0.12354033231226214,0.10526315789473684,0.10606060606060606,0.15555555555555556,0.3372093023255814,0.375,0.2635135135135135,1.402061855670103,1.8066666666666666,20,3.0,5.0,8.0,0.12927230858985825,0.21256916545795673,0,-0.06263385737069947,0.015348595213319327,-0.1884559884559885,-0.16374269005847952,-0.0011619958988380065,-0.0435547201336675,-0.12729551150603785,0.027486046813820053,0.15710115134263747,0.14135338345864668,0.009068124857598548,0.12656200941915227,0.12216905901116429,-0.04265908783081171,0.12298174048174049,0.006432748538011679,0.0084339636971216,-0.06972331622707562,-0.07735247208931417,0.02999920653970313,-0.06092311541227968,0.08220551378446114,0.010606060606060607,0.09281623498102194
1941,0.12280701754385964,0.3376903188738868,0.3982456140350877,0.17320261437908496,0.009631922944616443,0.0784313725490196,0.3157894736842105,0.37577232026266283,0.6340604699737827,0.7647058823529411,0.04024767801857585,0.4602891661715191,0.391812865497076,0.11789473684210522,0.6411938938254728,0.4934640522875817,0.03233574131406949,0.22740948231144312,0.7105263157894737,0.039478737997256486,0.8389921353156646,0.2631578947368421,0.01666666666666667,0.12354033231226214,0.056338028169014086,0.1,0.15555555555555556,0.31521739130434784,0.375,0.2635135135135135,1.392156862745098,1.8066666666666666,19,2.0,3.0,5.0,0.15319110844264683,0.25418431095476895,1,0.012280701754385961,0.0246049910903281,-0.018421052631579005,0.003611971104231171,-0.0008943928448572405,0.008255933952528383,-0.01578947368421052,0.08327628836709822,-0.18439891377971862,0.08049535603715163,0.008668730650154798,0.2380669439492969,0.1181286549707602,-0.06872564221587937,-0.0060968709652919895,-0.07963536291709661,-0.0059683522531819785,-0.04749305180161731,0.0,0.0,0.0,0.0,0.0,0.0
1942,0.07894736842105263,0.5262345679012346,0.2,0.14619883040935672,0.020760233918128652,0.14619883040935672,0.24210526315789474,0.25951588141065524,0.5357915622389307,0.8421052631578947,0.04210526315789473,0.6659356725146198,0.4052631578947368,0.14643406382160706,0.5656537416831535,0.543859649122807,0.03391812865497075,0.2841246635106283,0.7105263157894737,0.039478737997256486,0.8389921353156646,0.2631578947368421,0.01666666666666667,0.12354033231226214,0.03389830508474576,0.05747126436781609,0.15555555555555556,0.3516483516483517,0.375,0.2635135135135135,1.3663366336633664,1.8066666666666666,20,2.0,1.0,3.0,0.15702927821681315,0.2922800562248733,1,-0.043859649122807015,0.1885442490273478,-0.19824561403508767,-0.027003783969728246,0.011128310973512209,0.06776745786033711,-0.07368421052631577,-0.1162564388520076,-0.09826890773485208,0.07739938080495357,0.0018575851393188778,0.20564650634310072,0.013450292397660824,0.028539326979501844,-0.07554015214231924,0.05039559683522532,0.0015823873409012632,0.0567151811991852,0.0,0.0,0.0,0.0,0.0,0.0
1943,0.0915032679738562,0.5234159779614325,0.2222222222222222,0.09558823529411764,0.02287581699346405,0.13970588235294118,0.1503267973856209,0.567872661144153,0.06388888888888888,0.3602941176470588,0.02165032679738562,0.14950980392156865,0.35294117647058826,0.12017906336088159,0.5367707909374576,0.6617647058823529,0.041258169934640515,0.4297385620915032,0.7105263157894737,0.039478737997256486,0.8389921353156646,0.2631578947368421,0.01666666666666667,0.12354033231226214,0.027777777777777776,0.07936507936507936,0.15555555555555556,0.24193548387096775,0.375,0.2635135135135135,1.2816901408450705,1.8066666666666666,18,0.0,2.0,2.0,0.18911694483968136,0.3579364813068104,1,0.012555899552803576,-0.0028185899398021075,0.0222222222222222,-0.050610595115239077,0.0021155830753353984,-0.006492948056415537,-0.09177846577227383,0.3083567797334978,-0.47190267335004177,-0.48181114551083587,-0.02045493636050911,-0.5164258685930512,-0.05232198142414857,-0.026255000460725472,-0.028882950745695912,0.11790505675954588,0.007340041279669765,0.14561389858087487,0.0,0.0,0.0,0.0,0.0,0.0
1944,0.08187134502923976,0.5068870523415978,0.21052631578947367,0.1568627450980392,0.01719986240110079,0.12418300653594772,0.2222222222222222,0.20495765982749425,0.3991105214015431,0.869281045751634,0.04575163398692811,0.7442265795206973,0.3742690058479532,0.08613040123456792,0.6130033279414085,0.6372549019607843,0.03749570003439973,0.3943355119825709,0.7105263157894737,0.039478737997256486,0.8389921353156646,0.2631578947368421,0.01666666666666667,0.12354033231226214,0.04,0.05405405405405406,0.15555555555555556,0.21428571428571427,0.375,0.2635135135135135,1.2473118279569892,1.8066666666666666,19,1.0,0.0,1.0,0.18900245655628714,0.3660703957558423,1,-0.009631922944616442,-0.016528925619834656,-0.011695906432748537,0.06127450980392157,-0.0056759545923632596,-0.015522875816993464,0.0718954248366013,-0.36291500131665877,0.3352216325126542,0.5089869281045751,0.024101307189542488,0.5947167755991286,0.021327829377364937,-0.034048662126313675,0.07623253700395094,-0.02450980392156865,-0.003762469900240782,-0.0354030501089323,0.0,0.0,0.0,0.0,0.0,0.0
1945,0.07894736842105263,0.5724838411819021,0.2,0.2631578947368421,0.01695906432748538,0.17543859649122806,0.25263157894736843,0.25447444227833554,0.37276524644945697,0.8304093567251462,0.041520467836257305,0.6663324979114452,0.2578947368421053,0.13897146254458978,0.45534632034632033,0.5906432748538012,0.025438596491228073,0.25,0.7105263157894737,0.039478737997256486,0.8389921353156646,0.2631578947368421,0.01666666666666667,0.12354033231226214,0.03278688524590164,0.04918032786885246,0.15555555555555556,0.2125,0.375,0.2635135135135135,1.2444444444444445,1.8066666666666666,20,2.0,1.0,3.0,0.20911713648981056,0.40433847243485044,1,-0.0029239766081871343,0.06559678884030429,-0.010526315789473661,0.10629514963880288,-0.00024079807361541278,0.051255589955280345,0.03040935672514622,0.04951678245084129,-0.026345274952086106,-0.038871689026487855,-0.004231166150670804,-0.07789408160925204,-0.11637426900584791,0.052841061310021864,-0.15765700759508822,-0.04661162710698308,-0.01205710354317166,-0.14433551198257089,0.0,0.0,0.0,0.0,0.0,0.0
1946,0.06493506493506493,0.5133333333333333,0.3090909090909091,0.24285714285714285,0.005194805194805196,0.08333333333333334,0.329004329004329,0.1970768770192502,0.6447212808456828,0.6857142857142857,0.029004329004329008,0.24098845598845597,0.11688311688311688,0.19642857142857148,0.40633608815426997,0.44761904761904764,0.016883116883116885,0.1273809523809524,0.7105263157894737,0.039478737997256486,0.8389921353156646,0.2631578947368421,0.01666666666666667,0.12354033231226214,0.04597701149425287,0.05,0.15555555555555556,0.05102040816326531,0.375,0.2635135135135135,1.102803738317757,1.8066666666666666,22,4.0,2.0,6.0,0.20600187121801025,0.3876157093726655,1,-0.014012303485987698,-0.05915050784856879,0.10909090909090907,-0.020300751879699236,-0.011764259132680182,-0.09210526315789472,0.07637275005696059,-0.05739756525908535,0.27195603439622584,-0.14469507101086043,-0.012516138831928297,-0.42534404192298925,-0.14101161995898842,0.0574571088839817,-0.04901023219205036,-0.14302422723475355,-0.008555479608111188,-0.1226190476190476,0.0,0.0,0.0,0.0,0.0,0.0
1947,0.06719367588932806,0.5051903114186851,0.3739130434782609,0.22510822510822512,0.003952569169960474,0.06493506493506493,0.32806324110671936,0.21708835759310324,0.578092388161038,0.6363636363636364,0.023903632599284765,0.18281718281718276,0.03162055335968379,0.4462809917355372,0.0,0.1645021645021645,0.003576134010916619,0.04329004329004329,0.7105263157894737,0.039478737997256486,0.8389921353156646,0.2631578947368421,0.01666666666666667,0.12354033231226214,0.06382978723404255,0.08695652173913043,0.15555555555555556,0.03409090909090909,0.375,0.2635135135135135,1.1134020618556701,1.8066666666666666,23,2.0,1.0,3.0,0.1665419444662611,0.33092870342066116,1,0.002258610954263135,-0.008143021914648219,0.06482213438735179,-0.017748917748917736,-0.0012422360248447216,-0.018398268398268414,-0.0009410878976096604,0.020011480573853047,-0.06662889268464478,-0.04935064935064937,-0.005100696405044243,-0.05817127317127321,-0.08526256352343309,0.24985242030696572,-0.40633608815426997,-0.2831168831168831,-0.013306982872200265,-0.0840909090909091,0.0,0.0,0.0,0.0,0.0,0.0
1948,0.09057971014492754,0.5664,0.4591269841269841,0.233201581027668,0.008399209486166006,0.11594202898550723,0.8369565217391305,0.1767474612368973,0.8921291177289629,0.13043478260869565,0.0036231884057971,0.005880391127396106,0.03260869565217391,0.3443877551020408,0.0,0.2015810276679842,0.004446640316205533,0.06324110671936758,0.7105263157894737,0.039478737997256486,0.8389921353156646,0.2631578947368421,0.01666666666666667,0.12354033231226214,0.0847457627118644,0.0967741935483871,0.15555555555555556,0.034482758620689655,0.375,0.2635135135135135,1.1228813559322033,1.8066666666666666,24,1.0,0.0,1.0,0.16043387906906859,0.3162883854012142,1,0.023386034255599472,0.061209688581314925,0.08521394064872323,0.00809335591944288,0.004446640316205532,0.051006964050442305,0.5088932806324111,-0.04034089635620594,0.31403672956792483,-0.5059288537549407,-0.020280444193487665,-0.17693679168978665,0.0009881422924901198,-0.10189323663349642,0.0,0.03707886316581968,0.000870506305288914,0.019951063429324296,0.0,0.0,0.0,0.0,0.0,0.0
1949,0.12615384615384614,0.43307555026769784,0.5064102564102564,0.25333333333333335,0.02064102564102564,0.19666666666666668,0.7230769230769231,0.17389705787683968,0.8278265402976773,0.21333333333333335,0.005256410256410257,0.011021216113321377,0.036923076923076927,0.42666666666666664,0.10384615384615385,0.17666666666666667,0.002820512820512821,0.035,0.7105263157894737,0.039478737997256486,0.8389921353156646,0.2631578947368421,0.01666666666666667,0.12354033231226214,0.10843373493975904,0.08163265306122448,0.15555555555555556,0.03347280334728033,0.375,0.2635135135135135,1.1428571428571428,1.8066666666666666,26,2.0,0.0,2.0,0.14577338256829375,0.2938944524472035,1,0.03557413600891861,-0.13332444973230217,0.04728327228327228,0.020131752305665357,0.012241816154859633,0.08072463768115945,-0.11387959866220743,-0.002850403360057624,-0.06430257743128553,0.0828985507246377,0.001633221850613157,0.005140824985925271,0.004314381270903014,0.08227891156462586,0.10384615384615385,-0.024914361001317525,-0.001626127495692712,-0.02824110671936758,0.0,0.0,0.0,0.0,0.0,0.0
1950,0.12666666666666668,0.3989333333333333,0.484,0.26992753623188404,0.01985507246376812,0.17028985507246377,0.81,0.19267597529528754,0.8712983186329533,0.20652173913043478,0.00826086956521739,0.01723358532442864,0.05,0.3357438016528925,0.10961904761904762,0.3079710144927536,0.014782608695652176,0.16847826086956522,0.7366666666666667,0.04120513502999531,0.8412990907030482,0.24094202898550723,0.011594202898550725,0.026145244275771168,0.124,0.06,0.17194570135746606,0.044534412955465584,0.6690647482014388,0.039647577092511016,1.1699604743083003,1.853046594982079,25,1.0,2.0,3.0,0.16145142308416421,0.3085886417057208,0,0.0005128205128205332,-0.03414221693436453,-0.0224102564102564,0.01659420289855068,-0.0007859531772575201,-0.02637681159420291,0.08692307692307699,0.018778917418447866,0.043471778335275935,-0.006811594202898563,0.0030044593088071336,0.0062123692111072625,0.013076923076923076,-0.09092286501377411,0.005772893772893764,0.13130434782608694,0.011962095875139354,0.1334782608695652,0.02614035087719302,0.0017263970327388231,0.002306955387383569,-0.022215865751334857,-0.005072463768115945,-0.09739508803649097
1951,0.13227513227513227,0.41689623507805323,0.4970186559472274,0.2962962962962963,0.024318274318274317,0.21082621082621084,0.7328042328042328,0.17246496876858464,0.8654054681753324,0.24786324786324787,0.0075295075295075285,0.02442229064903776,0.06878306878306878,0.34778911564625853,0.07510822510822511,0.3646723646723647,0.028083028083028084,0.36704653371320034,0.7366666666666667,0.04120513502999531,0.8412990907030482,0.24094202898550723,0.011594202898550725,0.026145244275771168,0.13541666666666666,0.0410958904109589,0.17194570135746606,0.05574912891986063,0.6690647482014388,0.039647577092511016,1.1845637583892616,1.853046594982079,28,3.0,0.0,3.0,0.17267250967786496,0.34070592244859915,1,0.00560846560846559,0.017962901744719928,0.013018655947227398,0.026368760064412244,0.004463201854506198,0.04053635575374706,-0.07719576719576726,-0.020211006526702907,-0.005892850457620891,0.04134150873281309,-0.0007313620357098623,0.007188705324609121,0.018783068783068776,0.012045313993366003,-0.034510822510822506,0.05670135017961109,0.013300419387375908,0.19856827284363512,0.0,0.0,0.0,0.0,0.0,0.0
1952,0.12962962962962962,0.43044564764681376,0.5095856524427953,0.33903133903133903,0.021062271062271067,0.20512820512820515,0.7724867724867724,0.16618287079046368,0.875268713731014,0.245014245014245,0.00875050875050875,0.025750390778439786,0.06084656084656084,0.34002770083102496,0.03463203463203463,0.3732193732193732,0.02543752543752544,0.3551756885090218,0.7366666666666667,0.04120513502999531,0.8412990907030482,0.24094202898550723,0.011594202898550725,0.026145244275771168,0.1254125412541254,0.014084507042253521,0.17194570135746606,0.06060606060606061,0.6690647482014388,0.039647577092511016,1.1818181818181819,1.853046594982079,28,1.0,1.0,2.0,0.1654825296968804,0.3330074566614507,1,-0.0026455026455026454,0.013549412568760522,0.012566996495567917,0.04273504273504275,-0.0032560032560032502,-0.005698005698005687,0.03968253968253965,-0.00628209797812096,0.009863245555681632,-0.0028490028490028574,0.001221001221001221,0.001328100129402026,-0.007936507936507936,-0.007761414815233569,-0.04047619047619048,0.008547008547008517,-0.0026455026455026454,-0.011870845204178526,0.0,0.0,0.0,0.0,0.0,0.0
1953,0.1349206349206349,0.4389765709244191,0.49865907901622186,0.3732193732193732,0.027676027676027677,0.27350427350427353,0.7380952380952381,0.1873699479551276,0.8478945605622191,0.24216524216524216,0.007326007326007325,0.01768925047748048,0.07671957671957672,0.3528395061728395,0.09296536796536796,0.3561253561253561,0.028693528693528696,0.33238366571699907,0.7366666666666667,0.04120513502999531,0.8412990907030482,0.24094202898550723,0.011594202898550725,0.026145244275771168,0.13793103448275862,0.012658227848101266,0.17194570135746606,0.0657439446366782,0.6690647482014388,0.039647577092511016,1.1966666666666668,1.853046594982079,28,0.0,0.0,0.0,0.16645946199515338,0.33336154571874194,1,0.005291005291005291,0.008530923277605351,-0.010926573426573438,0.03418803418803418,0.00661375661375661,0.06837606837606838,-0.034391534391534306,0.02118707716466392,-0.02737415316879488,-0.0028490028490028574,-0.0014245014245014244,-0.008061140300959307,0.015873015873015872,0.01281180534181453,0.05833333333333333,-0.01709401709401709,0.003256003256003257,-0.022792022792022748,0.0,0.0,0.0,0.0,0.0,0.0
1954,0.1471264367816092,0.45481096408317573,0.543543771043771,0.43349753694581283,0.03160919540229885,0.3370279146141215,0.7310344827586207,0.20957741203234087,0.8416052374494516,0.2512315270935961,0.00722495894909688,0.017357278294325526,0.06896551724137931,0.30716049382716043,0.081010101010101,0.3694581280788177,0.03694581280788177,0.3899835796387521,0.7366666666666667,0.04120513502999531,0.8412990907030482,0.24094202898550723,0.011594202898550725,0.026145244275771168,0.15757575757575756,0.021739130434782608,0.17194570135746606,0.06422018348623854,0.6690647482014388,0.039647577092511016,1.2153392330383481,1.853046594982079,30,2.0,0.0,2.0,0.15064410475997955,0.30079452381569294,1,0.01220580186097428,0.01583439315875662,0.04488469202754919,0.060278163726439626,0.0039331677262711695,0.06352364110984798,-0.00706075533661743,0.022207464077213274,-0.006289323112767531,0.00906628492835393,-0.00010104837691044498,-0.00033197218315495283,-0.007754059478197406,-0.04567901234567906,-0.011955266955266955,0.013332771953461608,0.008252284114353074,0.05759991392175301,0.0,0.0,0.0,0.0,0.0,0.0
1955,0.17701149425287357,0.46916719643992366,0.6147510115157174,0.43842364532019706,0.037274220032840734,0.3729474548440066,0.8160919540229885,0.30398437191968675,0.8945198445744373,0.19704433497536947,0.006568144499178982,0.016058453098346186,0.06206896551724138,0.2896296296296296,0.08656565656565655,0.3768472906403941,0.014860426929392446,0.257183908045977,0.7126436781609196,0.07442247658688877,0.8523994403483343,0.23399014778325122,0.010591133004926109,0.05019350868900206,0.21008403361344538,0.009708737864077669,0.24838709677419354,0.04945054945054945,0.7733333333333333,0.03058103975535168,1.2540983606557377,2.0026041666666665,30,1.0,1.0,2.0,0.14116323877886647,0.2874700199701419,0,0.02988505747126438,0.014356232356747933,0.07120724047194638,0.0049261083743842304,0.005665024630541887,0.03591954022988508,0.0850574712643678,0.09440695988734588,0.052914607124985746,-0.05418719211822662,-0.0006568144499178984,-0.0012988251959793404,-0.006896551724137931,-0.017530864197530804,0.00555555555555555,0.007389162561576346,-0.022085385878489322,-0.13279967159277506,-0.024022988505747134,0.033217341556893466,0.011100349645286056,-0.006951881202256011,-0.0010030698936246158,0.024048264413230894
1956,0.16774193548387098,0.4912227755143102,0.6321008950989976,0.4264367816091954,0.013051538746755657,0.2515325670498085,0.8086021505376344,0.29156319483143756,0.8810782889308736,0.16896551724137931,0.0043752317389692255,0.008992102223764257,0.04946236559139785,0.30533235938641345,0.09984639016897082,0.19655172413793104,0.007267334074898035,0.06604816639299398,0.7126436781609196,0.07442247658688877,0.8523994403483343,0.23399014778325122,0.010591133004926109,0.05019350868900206,0.20105820105820105,0.030612244897959183,0.24838709677419354,0.0390625,0.7733333333333333,0.03058103975535168,1.2357512953367875,2.0026041666666665,31,1.0,0.0,1.0,0.13533924075107784,0.2809145991541534,1,-0.009269558769002595,0.022055579074386544,0.017349883583280157,-0.01198686371100166,-0.024222681286085075,-0.12141488779419812,-0.007489803485354107,-0.012421177088249191,-0.013441555643563752,-0.028078817733990152,-0.0021929127602097562,-0.0070663508745819285,-0.01260659992584353,0.01570272975678383,0.013280733603314263,-0.18029556650246303,-0.007593092854494411,-0.19113574165298303,0.0,0.0,0.0,0.0,0.0,0.0
1957,0.16551724137931034,0.45199439055068014,0.621251733016439,0.45073891625615764,0.012151067323481117,0.2522577996715928,0.8160919540229885,0.2752820188602716,0.8863513081121777,0.16009852216748768,0.0041871921182266,0.008316882744240878,0.04827586206896552,0.3751147842056933,0.0,0.16995073891625614,0.011986863711001642,0.07963875205254516,0.7126436781609196,0.07442247658688877,0.8523994403483343,0.23399014778325122,0.010591133004926109,0.05019350868900206,0.199438202247191,0.010869565217391304,0.24838709677419354,0.04155124653739612,0.7733333333333333,0.03058103975535168,1.2375690607734806,2.0026041666666665,30,0.0,1.0,1.0,0.13403750664837505,0.2779558899399795,1,-0.002224694104560637,-0.03922838496363007,-0.010849162082558594,0.024302134646962237,-0.0009004714232745403,0.0007252326217843108,0.007489803485354107,-0.016281175971165962,0.005273019181304073,-0.008866995073891631,-0.0001880396207426258,-0.0006752194795233788,-0.001186503522432332,0.06978242481927982,-0.09984639016897082,-0.026600985221674894,0.0047195296361036065,0.01359058565955118,0.0,0.0,0.0,0.0,0.0,0.0
1958,0.15698924731182795,0.44327689524563285,0.604113238648343,0.4735632183908046,0.010381905821282907,0.2406130268199234,0.7182795698924731,0.20411500925214543,0.8335806257240567,0.22988505747126436,0.0078605858361142,0.06853982721389573,0.053763440860215055,0.35870818915801617,0.0,0.19195402298850575,0.018020022246941044,0.14367816091954022,0.7126436781609196,0.07442247658688877,0.8523994403483343,0.23399014778325122,0.010591133004926109,0.05019350868900206,0.19005847953216373,0.010309278350515464,0.24838709677419354,0.05278592375366569,0.7733333333333333,0.03058103975535168,1.2413793103448276,2.0026041666666665,31,1.0,0.0,1.0,0.1251217995720116,0.2549105644104974,1,-0.008527994067482392,-0.008717495305047285,-0.017138494368096002,0.02282430213464698,-0.00176916150219821,-0.0116447728516694,-0.0978123841305154,-0.07116700960812616,-0.05277068238812099,0.06978653530377668,0.0036733937178876006,0.06022294446965486,0.005487578791249538,-0.01640659504767711,0.0,0.022003284072249607,0.0060331585359394025,0.06403940886699507,0.0,0.0,0.0,0.0,0.0,0.0
1959,0.15698924731182795,0.44519241479171306,0.604113238648343,0.4735632183908046,0.010381905821282907,0.2406130268199234,0.7483870967741936,0.20284917793232254,0.8433694089951825,0.19770114942528735,0.006748238783833889,0.06799592564298447,0.053763440860215055,0.37020010816657656,0.022401433691756272,0.2632183908045977,0.01698183166481275,0.15429118773946354,0.7126436781609196,0.07442247658688877,0.8523994403483343,0.23399014778325122,0.010591133004926109,0.05019350868900206,0.18258426966292135,0.0,0.24838709677419354,0.047752808988764044,0.7733333333333333,0.03058103975535168,1.2252747252747254,2.0026041666666665,31,0.0,0.0,0.0,0.12390985844926466,0.24829108191789212,1,0.0,0.0019155195460802132,0.0,0.0,0.0,0.0,0.03010752688172047,-0.0012658313198228854,0.009788783271125867,-0.03218390804597701,-0.0011123470522803117,-0.0005439015709112621,0.0,0.011491919008560392,0.022401433691756272,0.07126436781609194,-0.0010381905821282948,0.010613026819923321,0.0,0.0,0.0,0.0,0.0,0.0
1960,0.15698924731182795,0.44519241479171306,0.604113238648343,0.4735632183908046,0.010381905821282907,0.2406130268199234,0.7505376344086021,0.19801381103193652,0.8458737408792771,0.23103448275862068,0.008898776418242492,0.07669247639419285,0.05806451612903226,0.32913580246913576,0.03499511241446725,0.32988505747126434,0.010975157582499073,0.17677613574165296,0.7204301075268817,0.0727600801960347,0.8611236517939109,0.19195402298850575,0.010159436410826846,0.0329488640123367,0.162534435261708,0.0,0.21791044776119403,0.056179775280898875,0.6972704714640199,0.043227665706051875,1.2135135135135136,1.9121951219512194,31,0.0,0.0,0.0,0.12040375704473771,0.2361198986578644,0,0.0,0.0,0.0,0.0,0.0,0.0,0.0021505376344085336,-0.004835366900386023,0.0025043318840946016,0.033333333333333326,0.002150537634408603,0.008696550751208384,0.004301075268817206,-0.041064305697440795,0.012593678722710975,0.06666666666666665,-0.006006674082313677,0.02248494800218942,0.007786429365962189,-0.0016623963908540818,0.008724211445576668,-0.04203612479474547,-0.00043169659409926335,-0.01724464467666536
1961,0.16129032258064516,0.46229127284183996,0.6643282924117839,0.4689655172413793,0.01067853170189099,0.2406130268199234,0.7440860215053764,0.20341629105079823,0.839196900650073,0.23793103448275862,0.009195402298850575,0.07751275207251551,0.07096774193548387,0.35274894271434065,0.03822091886608016,0.3160919540229885,0.01868743047830923,0.25272030651340993,0.7204301075268817,0.0727600801960347,0.8611236517939109,0.19195402298850575,0.010159436410826846,0.0329488640123367,0.16298342541436464,0.0,0.21791044776119403,0.0676056338028169,0.6972704714640199,0.043227665706051875,1.2237196765498652,1.9121951219512194,31,0.0,0.0,0.0,0.11838231386732222,0.2340342160841592,1,0.004301075268817206,0.017098858050126897,0.06021505376344094,-0.004597701149425315,0.000296625880608083,0.0,-0.006451612903225712,0.005402480018861705,-0.006676840229204117,0.006896551724137945,0.000296625880608083,0.0008202756783226572,0.012903225806451611,0.02361314024520489,0.0032258064516129115,-0.013793103448275834,0.007712272895810158,0.07594417077175697,0.0,0.0,0.0,0.0,0.0,0.0
1962,0.19507575757575757,0.3614814814814815,0.6484562282981255,0.5574596774193549,0.02346041055718475,0.3864247311827957,0.696969696969697,0.20366730687401208,0.8098524038268625,0.2560483870967742,0.008186705767350928,0.07001376766414961,0.06439393939393939,0.3155555555555556,0.0,0.23084677419354838,0.01478494623655914,0.14243951612903227,0.7204301075268817,0.0727600801960347,0.8611236517939109,0.19195402298850575,0.010159436410826846,0.0329488640123367,0.19543147208121828,0.07874015748031496,0.21791044776119403,0.06349206349206349,0.6972704714640199,0.043227665706051875,1.256218905472637,1.9121951219512194,33,2.0,0.0,2.0,0.11676789158854506,0.23153475490967104,1,0.03378543499511241,-0.10080979136035845,-0.01587206411365838,0.08849416017797557,0.012781878855293761,0.1458117043628723,-0.04711632453567938,0.0002510158232138515,-0.029344496823210497,0.018117352614015564,-0.0010086965314996463,-0.007498984408365897,-0.0065738025415444795,-0.03719338715878506,-0.03822091886608016,-0.08524517982944013,-0.00390248424175009,-0.11028079038437766,0.0,0.0,0.0,0.0,0.0,0.0
1963,0.2,0.358784763533611,0.6346599636922218,0.5701149425287356,0.023804226918798667,0.3961685823754789,0.7913978494623656,0.2109173269347212,0.8607949625808485,0.22298850574712645,0.007193177604746014,0.07636604265281025,0.07096774193548387,0.36627405917839695,0.0,0.20919540229885059,0.026103077493511307,0.1753968253968254,0.7204301075268817,0.0727600801960347,0.8611236517939109,0.19195402298850575,0.010159436410826846,0.0329488640123367,0.20052083333333334,0.07692307692307693,0.21791044776119403,0.07219251336898395,0.6972704714640199,0.043227665706051875,1.2699228791773778,1.9121951219512194,31,0.0,2.0,2.0,0.1176232456156198,0.23217644322298972,1,0.004924242424242442,-0.0026967179478705194,-0.013796264605903774,0.012655265109380753,0.00034381636161391615,0.009743851192683228,0.09442815249266856,0.007250020060709128,0.05094255875398601,-0.03305988134964774,-0.0009935281626049144,0.0063522749886606306,0.0065738025415444795,0.05071850362284136,0.0,-0.02165137189469779,0.011318131256952167,0.03295730926779314,0.0,0.0,0.0,0.0,0.0,0.0
1964,0.2,0.358784763533611,0.6346599636922218,0.5701149425287356,0.023804226918798667,0.3961685823754789,0.821505376344086,0.21142028409172048,0.8776808924347813,0.19080459770114944,0.0061549870226177235,0.07359111059488195,0.05161290322580645,0.3413628472222222,0.036789554531490014,0.22988505747126436,0.018316648127549125,0.17601532567049807,0.7204301075268817,0.0727600801960347,0.8611236517939109,0.19195402298850575,0.010159436410826846,0.0329488640123367,0.1934673366834171,0.05405405405405406,0.21791044776119403,0.04639175257731959,0.6972704714640199,0.043227665706051875,1.2412935323383085,1.9121951219512194,31,0.0,0.0,0.0,0.11516634142136883,0.22727205038571824,1,0.0,0.0,0.0,0.0,0.0,0.0,0.03010752688172047,0.000502957156999273,0.01688592985393278,-0.03218390804597701,-0.0010381905821282905,-0.002774932057928295,-0.01935483870967742,-0.02491121195617474,0.036789554531490014,0.02068965517241378,-0.007786429365962182,0.0006185002736726619,0.0,0.0,0.0,0.0,0.0,0.0
1965,0.14204545454545456,0.4622912728418399,0.6240659716595546,0.4475806451612903,0.008797653958944282,0.2110215053763441,0.740530303030303,0.21518907803630866,0.8454097050687445,0.24294354838709678,0.006414956011730205,0.07147222830475229,0.045454545454545456,0.3523242630385487,0.06060606060606061,0.21774193548387097,0.011791300097751712,0.11861559139784947,0.7083333333333334,0.0747769452944036,0.8486294498623699,0.21068548387096775,0.009897360703812317,0.025893343103498175,0.14496314496314497,0.01020408163265306,0.20053475935828877,0.03233830845771144,0.6666666666666666,0.036458333333333336,1.1750599520383693,1.8501070663811563,33,2.0,0.0,2.0,0.11132505006663249,0.22412991630621928,0,-0.05795454545454545,0.10350650930822891,-0.010593992032667199,-0.12253429736744531,-0.015006572959854384,-0.18514707699913482,-0.08097507331378306,0.003768793944588178,-0.032271187366036846,0.052138950685947344,0.00025996898911248133,-0.002118882290129659,-0.006158357771260996,0.01096141581632648,0.023816506074570594,-0.012143121987393396,-0.006525348029797413,-0.057399734272648606,-0.012096774193548376,0.002016865098368903,-0.012494201931541049,0.018731460882461998,-0.000262075707014529,-0.007055520908838528
1966,0.14204545454545456,0.4622912728418399,0.6240659716595546,0.4475806451612903,0.008797653958944282,0.2110215053763441,0.75,0.21677816917607917,0.8493686978853733,0.23286290322580644,0.0061094819159335295,0.07066168428434914,0.041666666666666664,0.3042831647828673,0.06060606060606061,0.2217741935483871,0.00946969696969697,0.11357526881720431,0.7083333333333334,0.0747769452944036,0.8486294498623699,0.21068548387096775,0.009897360703812317,0.025893343103498175,0.14320388349514562,0.010416666666666666,0.20053475935828877,0.02702702702702703,0.6666666666666666,0.036458333333333336,1.1682464454976302,1.8501070663811563,33,0.0,0.0,0.0,0.11524194713432998,0.2317667483725919,1,0.0,0.0,0.0,0.0,0.0,0.0,0.009469696969697017,0.0015890911397705154,0.003958992816628815,-0.010080645161290341,-0.0003054740957966753,-0.0008105440204031478,-0.0037878787878787915,-0.04804109825568137,0.0,0.0040322580645161255,-0.0023216031280547424,-0.005040322580645157,0.0,0.0,0.0,0.0,0.0,0.0
1967,0.14204545454545456,0.4622912728418399,0.6240659716595546,0.4475806451612903,0.008797653958944282,0.2110215053763441,0.740530303030303,0.22060602762141185,0.8430905781022436,0.24294354838709678,0.006414956011730204,0.07112294409732668,0.041666666666666664,0.29135160680529304,0.08225108225108226,0.2217741935483871,0.006292766373411534,0.09139784946236558,0.7083333333333334,0.0747769452944036,0.8486294498623699,0.21068548387096775,0.009897360703812317,0.025893343103498175,0.14496314496314497,0.010416666666666666,0.20053475935828877,0.02736318407960199,0.6666666666666666,0.036458333333333336,1.170263788968825,1.8501070663811563,33,0.0,0.0,0.0,0.11503287275815192,0.2322500023943517,1,0.0,0.0,0.0,0.0,0.0,0.0,-0.009469696969697017,0.003827858445332677,-0.006278119783129643,0.010080645161290341,0.00030547409579667444,0.00046125981297753804,0.0,-0.012931557977574282,0.021645021645021648,0.0,-0.0031769305962854356,-0.02217741935483873,0.0,0.0,0.0,0.0,0.0,0.0
1968,0.14112903225806453,0.44298553466796875,0.617019459298871,0.4344086021505376,0.006989247311827957,0.17939068100358424,0.7076612903225806,0.21408886331414775,0.824037245308182,0.24301075268817204,0.007728494623655914,0.07290311174486748,0.05846774193548387,0.2984467455621302,0.05811011904761905,0.24731182795698925,0.026411290322580647,0.23942652329749106,0.7083333333333334,0.0747769452944036,0.8486294498623699,0.21068548387096775,0.009897360703812317,0.025893343103498175,0.14713896457765668,0.042105263157894736,0.20053475935828877,0.0410958904109589,0.6666666666666666,0.036458333333333336,1.193633952254642,1.8501070663811563,32,1.0,2.0,3.0,0.11490157860973288,0.22704179724433818,1,-0.0009164222873900285,-0.019305738173871156,-0.007046512360683543,-0.013172043010752699,-0.0018084066471163252,-0.03163082437275985,-0.032869012707722356,-0.006517164307264095,-0.019053332794061628,6.72043010752632e-05,0.0013135386119257101,0.001780167647540798,0.016801075268817203,0.007095138756837149,-0.024140963203463206,0.025537634408602156,0.02011852394916911,0.14802867383512547,0.0,0.0,0.0,0.0,0.0,0.0
1969,0.14112903225806453,0.44298553466796875,0.617019459298871,0.4344086021505376,0.006989247311827957,0.17939068100358424,0.7056451612903226,0.23464763430846772,0.8295121288393816,0.24516129032258063,0.0077956989247311825,0.07297453894352926,0.056451612903225805,0.29361979166666663,0.05560515873015873,0.24946236559139784,0.023521505376344086,0.24494623655913986,0.7083333333333334,0.0747769452944036,0.8486294498623699,0.21068548387096775,0.009897360703812317,0.025893343103498175,0.14754098360655737,0.053763440860215055,0.20053475935828877,0.038461538461538464,0.6666666666666666,0.036458333333333336,1.1946666666666668,1.8501070663811563,32,0.0,0.0,0.0,0.11318244508439644,0.22142974916512542,1,0.0,0.0,0.0,0.0,0.0,0.0,-0.002016129032258007,0.020558770994319964,0.005474883531199626,0.002150537634408589,6.720430107526841e-05,7.142719866178038e-05,-0.0020161290322580627,-0.004826953895463559,-0.0025049603174603224,0.002150537634408589,-0.0028897849462365607,0.005519713261648795,0.0,0.0,0.0,0.0,0.0,0.0
1970,0.12834224598930483,0.4414923982933717,0.5718010555380798,0.4431818181818182,0.02322860962566845,0.286300505050505,0.732620320855615,0.26357488288093006,0.8449900483897854,0.2196969696969697,0.006573083778966132,0.06710643964793861,0.044563279857397504,0.32870708546384225,0.031442577030812324,0.21022727272727273,0.014705882352941176,0.17007575757575757,0.7183600713012478,0.08767986995794562,0.856233988206338,0.20265151515151514,0.009191176470588236,0.02519891817154747,0.1391509433962264,0.05434782608695652,0.17866004962779156,0.03317535545023697,0.6993736951983298,0.03631961259079903,1.1786542923433874,1.8822314049586777,34,2.0,0.0,2.0,0.10600747782896974,0.20108821685843856,0,-0.012786786268759703,-0.001493136374597026,-0.045218403760791226,0.008773216031280562,0.016239362313840492,0.10690982404692079,0.026975159565292395,0.028927248572462344,0.015477919550403785,-0.025464320625610937,-0.0012226151457650509,-0.005868099295590651,-0.0118883330458283,0.03508729379717562,-0.024162581699346403,-0.039235092864125104,-0.00881562302340291,-0.07487047898338228,0.010026737967914423,0.012902924663542023,0.007604538343968126,-0.008033968719452611,-0.000706184233224081,-0.0006944249319507032
1971,0.13368983957219252,0.44454722918244854,0.5620416972493097,0.4375,0.028464795008912653,0.32765151515151514,0.714795008912656,0.2743747034999934,0.8331720105255686,0.23863636363636365,0.005291889483065954,0.06460851080802531,0.030303030303030304,0.4097222222222222,0.03529411764705882,0.16098484848484848,0.0076314616755793225,0.09406565656565656,0.7183600713012478,0.08767986995794562,0.856233988206338,0.20265151515151514,0.009191176470588236,0.02519891817154747,0.1497584541062802,0.045454545454545456,0.17866004962779156,0.022004889975550123,0.6993736951983298,0.03631961259079903,1.1738095238095239,1.8822314049586777,34,1.0,1.0,2.0,0.10261655359682254,0.1922862279678425,1,0.005347593582887694,0.0030548308890768205,-0.00975935828877006,-0.005681818181818177,0.005236185383244205,0.04135101010101011,-0.017825311942959,0.010799820619063316,-0.011818037864216868,0.01893939393939395,-0.0012811942959001779,-0.002497928839913302,-0.0142602495543672,0.08101513675837996,0.003851540616246499,-0.049242424242424254,-0.007074420677361854,-0.07601010101010101,0.0,0.0,0.0,0.0,0.0,0.0
1972,0.14393939393939395,0.44037677915518825,0.5721468569062151,0.44556451612903225,0.030303030303030304,0.3348454301075269,0.7443181818181818,0.27698897897549885,0.848123489437954,0.2056451612903226,0.006353861192570869,0.068052566739274,0.030303030303030304,0.37807183364839325,0.0,0.13407258064516128,0.00867546432062561,0.06602822580645161,0.7183600713012478,0.08767986995794562,0.856233988206338,0.20265151515151514,0.009191176470588236,0.02519891817154747,0.15517241379310345,0.033707865168539325,0.17866004962779156,0.02506265664160401,0.6993736951983298,0.03631961259079903,1.1771844660194175,1.8822314049586777,33,1.0,2.0,3.0,0.10317365079143384,0.19372777500703647,1,0.01024955436720143,-0.004170450027260297,0.010105159656905394,0.008064516129032251,0.001838235294117651,0.007193914956011738,0.029523172905525752,0.0026142754755054676,0.014951478912385463,-0.032991202346041054,0.001061971709504915,0.0034440559312486907,0.0,-0.03165038857382896,-0.03529411764705882,-0.0269122678396872,0.0010440026450462877,-0.02803743075920495,0.0,0.0,0.0,0.0,0.0,0.0
1973,0.1319073083778966,0.4420779674844123,0.5555966236762084,0.4393939393939394,0.02779634581105169,0.3189754689754689,0.7575757575757576,0.274988716720306,0.8572577451713548,0.19318181818181818,0.005793226381461676,0.06502813365590651,0.0285204991087344,0.32954545454545453,0.0,0.13068181818181818,0.007575757575757576,0.06770833333333333,0.7183600713012478,0.08767986995794562,0.856233988206338,0.20265151515151514,0.009191176470588236,0.02519891817154747,0.13926940639269406,0.034482758620689655,0.17866004962779156,0.02558139534883721,0.6993736951983298,0.03631961259079903,1.162528216704289,1.8822314049586777,34,1.0,0.0,1.0,0.09979862131638396,0.18954989065287284,1,-0.012032085561497347,0.001701188329224057,-0.016550233230006706,-0.006170576735092859,-0.0025066844919786127,-0.015869961132057964,0.013257575757575801,-0.0020002622551928417,0.009134255733400765,-0.012463343108504416,-0.0005606348111091928,-0.0030244330833674865,-0.0017825311942959027,-0.04852637910293872,0.0,-0.0033907624633431055,-0.0010997067448680342,0.001680107526881719,0.0,0.0,0.0,0.0,0.0,0.0
1974,0.1319073083778966,0.4420779674844123,0.5555966236762084,0.4393939393939394,0.02779634581105169,0.3189754689754689,0.7593582887700535,0.2548998828345687,0.8573100349866307,0.19128787878787878,0.005737522281639929,0.06476463357700751,0.023172905525846704,0.30276816608996543,0.0392156862745098,0.10416666666666667,0.00590463458110517,0.05303030303030303,0.7183600713012478,0.08767986995794562,0.856233988206338,0.20265151515151514,0.009191176470588236,0.02519891817154747,0.13636363636363635,0.023529411764705882,0.17866004962779156,0.013856812933025405,0.6993736951983298,0.03631961259079903,1.152808988764045,1.8822314049586777,34,0.0,0.0,0.0,0.09850690102687099,0.1901187859470077,1,0.0,0.0,0.0,0.0,0.0,0.0,0.0017825311942959443,-0.02008883388573729,5.228981527594101e-05,-0.0018939393939393923,-5.5704099821746525e-05,-0.0002635000788989983,-0.005347593582887698,-0.0267772884554891,0.0392156862745098,-0.026515151515151505,-0.0016711229946524062,-0.014678030303030297,0.0,0.0,0.0,0.0,0.0,0.0
1975,0.13012477718360071,0.44530321046373367,0.5583010031106916,0.4412878787878788,0.02829768270944742,0.3297077922077922,0.7700534759358288,0.26410741799969223,0.8626655228452835,0.17992424242424243,0.0054032976827094485,0.06398092603063105,0.0196078431372549,0.375,0.0,0.10795454545454546,0.0031751336898395727,0.027462121212121212,0.7754010695187166,0.05485268859822966,0.8927929174462682,0.17424242424242425,0.007185828877005348,0.051392361638278684,0.1348314606741573,0.012048192771084338,0.1651376146788991,0.01141552511415525,0.7621951219512195,0.011337868480725623,1.1466666666666667,1.9173387096774193,34,0.0,0.0,0.0,0.09863184569499482,0.19809960836914806,0,-0.0017825311942958888,0.0032252429793213633,0.002704379434483206,0.0018939393939393923,0.0005013368983957274,0.010732323232323315,0.010695187165775333,0.009207535165123515,0.005355487858652808,-0.011363636363636354,-0.0003342245989304809,-0.0007837075463764664,-0.003565062388591802,0.07223183391003457,-0.0392156862745098,0.0037878787878787845,-0.002729500891265597,-0.02556818181818182,0.057040998217468775,-0.03282718135971596,0.036558929239930205,-0.028409090909090884,-0.002005347593582888,0.026193443466731213
1976,0.1319073083778966,0.45610537557849773,0.5583010031106916,0.4393939393939394,0.03269830659536541,0.3477272727272727,0.8306595365418895,0.24778833971246406,0.8963661108818309,0.17992424242424243,0.0052918894830659554,0.06717244002076403,0.012477718360071301,0.4756944444444445,0.0,0.08333333333333333,0.0016154188948306596,0.020833333333333336,0.7754010695187166,0.05485268859822966,0.8927929174462682,0.17424242424242425,0.007185828877005348,0.051392361638278684,0.12734864300626306,0.0125,0.1651376146788991,0.004246284501061571,0.7621951219512195,0.011337868480725623,1.1325051759834368,1.9173387096774193,34,1.0,1.0,2.0,0.09815797597816167,0.19959318808310267,1,0.0017825311942958888,0.010802165114764062,0.0,-0.0018939393939393923,0.0044006238859179946,0.01801948051948049,0.06060606060606066,-0.016319078287228173,0.03370058803654741,0.0,-0.00011140819964349305,0.0031915139901329825,-0.0071301247771836,0.10069444444444448,0.0,-0.024621212121212127,-0.001559714795008913,-0.006628787878787876,0.0,0.0,0.0,0.0,0.0,0.0
1977,0.12436974789915967,0.46336040623378083,0.5436193871487989,0.4295900178253119,0.026381461675579324,0.31122994652406416,0.8319327731092437,0.251935270988246,0.8964394859075937,0.17825311942959002,0.005092946269416859,0.06527141664232268,0.018487394957983194,0.3788927335640138,0.0,0.1051693404634581,0.0031576266870384515,0.03654188948306595,0.7754010695187166,0.05485268859822966,0.8927929174462682,0.17424242424242425,0.007185828877005348,0.051392361638278684,0.12007874015748031,0.024096385542168676,0.1651376146788991,0.014028056112224449,0.7621951219512195,0.011337868480725623,1.1350293542074363,1.9173387096774193,35,1.0,0.0,1.0,0.09633121277334493,0.19641747633248263,1,-0.007537560478736938,0.007255030655283101,-0.014681615961892769,-0.009803921568627472,-0.00631684491978609,-0.03649732620320856,0.00127323656735423,0.004146931275781918,7.337502576276744e-05,-0.001671122994652413,-0.00019894321364909671,-0.0019010233784413494,0.006009676597911892,-0.09680171088043066,0.0,0.021836007130124777,0.0015422077922077919,0.015708556149732614,0.0,0.0,0.0,0.0,0.0,0.0
1978,0.12222222222222222,0.48883733660024237,0.5664405492836866,0.4151260504201681,0.037161531279178345,0.42386554621848743,0.8412698412698413,0.25723277915385856,0.903313423850225,0.16806722689075632,0.004668534080298786,0.06301092821357958,0.01904761904761905,0.34375,0.0,0.13109243697478992,0.0024743230625583566,0.041176470588235294,0.7754010695187166,0.05485268859822966,0.8927929174462682,0.17424242424242425,0.007185828877005348,0.051392361638278684,0.11786372007366483,0.022988505747126436,0.1651376146788991,0.0149812734082397,0.7621951219512195,0.011337868480725623,1.1316270566727604,1.9173387096774193,36,1.0,0.0,1.0,0.0944777622680591,0.19277239207990812,1,-0.002147525676937448,0.025476930366461537,0.022821162134887718,-0.01446396740514383,0.010780069603599021,0.11263559969442327,0.00933706816059754,0.0052975081656125855,0.0068739379426312475,-0.010185892538833702,-0.00042441218911807264,-0.0022604884287431015,0.0005602240896358558,-0.03514273356401382,0.0,0.025923096511331817,-0.0006833036244800949,0.004634581105169344,0.0,0.0,0.0,0.0,0.0,0.0
1979,0.12222222222222222,0.48883733660024237,0.5664405492836866,0.4151260504201681,0.037161531279178345,0.42386554621848743,0.8444444444444444,0.253210244525645,0.904633050689535,0.16470588235294117,0.00457516339869281,0.06269413220883965,0.020634920634920634,0.2854442344045369,0.016666666666666666,0.12941176470588237,0.0045751633986928116,0.05714285714285715,0.7754010695187166,0.05485268859822966,0.8927929174462682,0.17424242424242425,0.007185828877005348,0.051392361638278684,0.11743119266055047,0.034482758620689655,0.1651376146788991,0.0148975791433892,0.7621951219512195,0.011337868480725623,1.1309090909090909,1.9173387096774193,36,0.0,0.0,0.0,0.09242227568162482,0.18912992417640376,1,0.0,0.0,0.0,0.0,0.0,0.0,0.0031746031746031633,-0.004022534628213559,0.001319626839310084,-0.003361344537815142,-9.337068160597626e-05,-0.00031679600473992486,0.0015873015873015851,-0.05830576559546308,0.016666666666666666,-0.001680672268907557,0.002100840336134455,0.015966386554621854,0.0,0.0,0.0,0.0,0.0,0.0
1980,0.1126984126984127,0.509505161979352,0.5366066712880438,0.3949579831932773,0.035060690943043885,0.41512605042016804,0.8476190476190476,0.2552407437935525,0.9052723727912255,0.13109243697478992,0.004528478057889822,0.06085905689254835,0.03015873015873016,0.3091557669441142,0.04753086419753086,0.27058823529411763,0.01227824463118581,0.18823529411764706,0.8444444444444444,0.031472595963593225,0.9068529766319843,0.10420168067226891,0.004995331465919701,0.024700053503993156,0.11009174311926606,0.046511627906976744,0.12710280373831775,0.024074074074074074,0.8037225042301185,0.027985074626865673,1.132486388384755,1.9461279461279462,36,0.0,0.0,0.0,0.09173604467897936,0.19114876586506158,0,-0.009523809523809518,0.02066782537910966,-0.029833877995642744,-0.020168067226890796,-0.00210084033613446,-0.008739495798319397,0.0031746031746031633,0.002030499267907493,0.0006393221016904871,-0.03361344537815125,-4.6685340802987696e-05,-0.0018350753162913042,0.009523809523809525,0.02371153253957725,0.030864197530864192,0.14117647058823526,0.007703081232492998,0.1310924369747899,0.06904337492572787,-0.023380092634636432,0.014060059185716067,-0.07004074357015534,-0.002190497411085647,-0.02669230813428553
1981,0.11561561561561562,0.4636423343966972,0.49887387387387383,0.3476190476190476,0.03024453024453024,0.37830687830687826,0.8588588588588588,0.2471409734738283,0.9112128381038281,0.11984126984126985,0.004075504075504076,0.05905197553627284,0.03303303303303303,0.44031221303948576,0.04174174174174174,0.25873015873015875,0.01758901758901759,0.2373015873015873,0.8444444444444444,0.031472595963593225,0.9068529766319843,0.10420168067226891,0.004995331465919701,0.024700053503993156,0.1113013698630137,0.042105263157894736,0.12710280373831775,0.029462738301559793,0.8037225042301185,0.027985074626865673,1.1392190152801358,1.9461279461279462,37,1.0,0.0,1.0,0.09206548670446467,0.19074287081448482,1,0.0029172029172029185,-0.04586282758265481,-0.037732797414170016,-0.04733893557422969,-0.004816160698513646,-0.03681917211328978,0.011239811239811215,-0.008099770319724198,0.005940465312602616,-0.011251167133520076,-0.0004529739823857463,-0.0018070813562755111,0.002874302874302872,0.13115644609537158,-0.0057891224557891155,-0.011858076563958875,0.005310772957831781,0.049066293183940235,0.0,0.0,0.0,0.0,0.0,0.0
1982,0.11561561561561562,0.4636423343966972,0.49887387387387383,0.3476190476190476,0.03024453024453024,0.37830687830687826,0.8438438438438438,0.25000075066350225,0.9057290341989027,0.1357142857142857,0.0045045045045045045,0.06012737538513937,0.03453453453453453,0.4779591836734694,0.014114114114114113,0.2571428571428571,0.012827112827112826,0.20317460317460317,0.8444444444444444,0.031472595963593225,0.9068529766319843,0.10420168067226891,0.004995331465919701,0.024700053503993156,0.11130434782608696,0.030927835051546393,0.12710280373831775,0.02992957746478873,0.8037225042301185,0.027985074626865673,1.1394148020654045,1.9461279461279462,37,0.0,0.0,0.0,0.09078071928412072,0.1937464433379462,1,0.0,0.0,0.0,0.0,0.0,0.0,-0.01501501501501501,0.002859777189673951,-0.005483803904925422,0.015873015873015858,0.0004290004290004286,0.0010753998488665303,0.0015015015015015024,0.037646970633983645,-0.027627627627627632,-0.0015873015873016372,-0.004761904761904764,-0.03412698412698412,0.0,0.0,0.0,0.0,0.0,0.0
1983,0.11561561561561562,0.4636423343966972,0.49887387387387383,0.3476190476190476,0.03024453024453024,0.37830687830687826,0.8483483483483484,0.2567389823380044,0.9062201291563983,0.13095238095238096,0.004375804375804377,0.05965808679947611,0.025525525525525526,0.5723204994797086,0.016216216216216217,0.11984126984126985,0.0014157014157014155,0.01931216931216931,0.8444444444444444,0.031472595963593225,0.9068529766319843,0.10420168067226891,0.004995331465919701,0.024700053503993156,0.11072664359861592,0.021739130434782608,0.12710280373831775,0.01926444833625219,0.8037225042301185,0.027985074626865673,1.1284246575342465,1.9461279461279462,37,0.0,0.0,0.0,0.09206199009889386,0.19469940113855821,1,0.0,0.0,0.0,0.0,0.0,0.0,0.0045045045045045695,0.00673823167450216,0.0004910949574955525,-0.004761904761904745,-0.00012870012870012763,-0.0004692885856632592,-0.009009009009009007,0.09436131580623924,0.0021021021021021043,-0.13730158730158726,-0.01141141141141141,-0.18386243386243387,0.0,0.0,0.0,0.0,0.0,0.0
1984,0.11561561561561562,0.4636423343966972,0.49887387387387383,0.3476190476190476,0.03024453024453024,0.37830687830687826,0.8423423423423423,0.2594739995306108,0.9054305882058942,0.1373015873015873,0.004547404547404547,0.060269081653928046,0.042042042042042045,0.5165432098765432,0.039897039897039896,0.19047619047619047,0.011196911196911196,0.14555555555555555,0.8444444444444444,0.031472595963593225,0.9068529766319843,0.10420168067226891,0.004995331465919701,0.024700053503993156,0.11149825783972125,0.029411764705882353,0.12710280373831775,0.03333333333333333,0.8037225042301185,0.027985074626865673,1.1423670668953687,1.9461279461279462,37,0.0,0.0,0.0,0.09158666910037952,0.19260663270572517,1,0.0,0.0,0.0,0.0,0.0,0.0,-0.006006006006006093,0.0027350171926063815,-0.0007895409505040973,0.006349206349206354,0.0001716001716001699,0.0006109948544519364,0.01651651651651652,-0.055777289603165414,0.02368082368082368,0.07063492063492062,0.00978120978120978,0.12624338624338624,0.0,0.0,0.0,0.0,0.0,0.0
1985,0.10793650793650794,0.49603271484375,0.4832010582010582,0.33949579831932775,0.03123249299719888,0.3815126050420168,0.861904761904762,0.2466674447797397,0.9150179209849983,0.11596638655462185,0.002427637721755369,0.004404523043436409,0.05555555555555555,0.4276700523237919,0.09848484848484848,0.2739495798319328,0.02156862745098039,0.21839935974389751,0.8142857142857143,0.03980712013953008,0.8833964637821949,0.1361344537815126,0.0059757236227824485,0.023855547470531802,0.10488245931283906,0.03,0.1303501945525292,0.045207956600361664,0.8082191780821918,0.05384615384615385,1.147424511545293,1.964406779661017,36,0.0,1.0,1.0,0.09487255475451738,0.2001517800829663,0,-0.007679107679107677,0.03239038044705278,-0.015672815672815643,-0.008123249299719859,0.0009879627526686412,0.0032057267351385255,0.019562419562419664,-0.012806554750871085,0.009587332779104174,-0.02133520074696546,-0.002119766825649178,-0.05586455861049164,0.013513513513513507,-0.08887315755275133,0.058587808587808585,0.08347338935574233,0.010371716254069192,0.07284380418834197,-0.030158730158730163,0.008334524175936858,-0.023456512849789335,0.03193277310924368,0.0009803921568627477,-0.0008445060334613536
1986,0.10793650793650794,0.49603271484375,0.4832010582010582,0.33949579831932775,0.03123249299719888,0.3815126050420168,0.8603174603174604,0.24544509458912772,0.9126966111386822,0.11764705882352941,0.0024743230625583566,0.004520087596864998,0.05873015873015873,0.4668273645546373,0.1186026936026936,0.30084033613445377,0.017787114845938375,0.1934173669467787,0.8142857142857143,0.03980712013953008,0.8833964637821949,0.1361344537815126,0.0059757236227824485,0.023855547470531802,0.10507246376811594,0.039603960396039604,0.1303501945525292,0.050816696914700546,0.8082191780821918,0.05384615384615385,1.1532976827094474,1.964406779661017,36,0.0,0.0,0.0,0.09417798975817265,0.19921508863353196,1,0.0,0.0,0.0,0.0,0.0,0.0,-0.0015873015873015817,-0.0012223501906119816,-0.0023213098463161774,0.001680672268907557,4.6685340802987696e-05,0.0001155645534285897,0.003174603174603177,0.0391573122308454,0.020117845117845118,0.02689075630252097,-0.0037815126050420138,-0.024981992797118824,0.0,0.0,0.0,0.0,0.0,0.0
1987,0.10793650793650794,0.49603271484375,0.4832010582010582,0.33949579831932775,0.03123249299719888,0.3815126050420168,0.8714285714285714,0.2504894553635686,0.9181174245613755,0.10588235294117647,0.0021475256769374427,0.003603453512909685,0.06666666666666667,0.4136778792604143,0.1516339869281046,0.4436974789915966,0.03492063492063492,0.4707282913165266,0.8142857142857143,0.03980712013953008,0.8833964637821949,0.1361344537815126,0.0059757236227824485,0.023855547470531802,0.1037567084078712,0.03773584905660377,0.1303501945525292,0.057245080500894455,0.8082191780821918,0.05384615384615385,1.1581722319859402,1.964406779661017,36,0.0,0.0,0.0,0.09245928199245503,0.19741875161802533,1,0.0,0.0,0.0,0.0,0.0,0.0,0.011111111111111072,0.00504436077444087,0.005420813422693294,-0.011764705882352941,-0.00032679738562091387,-0.0009166340839553131,0.007936507936507936,-0.053149485294222976,0.03303129332541099,0.14285714285714285,0.017133520074696547,0.2773109243697479,0.0,0.0,0.0,0.0,0.0,0.0
1988,0.10952380952380952,0.5020710059171598,0.48217592592592595,0.3680672268907563,0.03380018674136322,0.3983193277310924,0.8841269841269841,0.2347053796456698,0.9271292022885432,0.09243697478991597,0.0017740429505135385,0.0029516366431034404,0.05714285714285714,0.433783395575984,0.15439814814814815,0.4235294117647059,0.03174603174603176,0.46554621848739497,0.8142857142857143,0.03980712013953008,0.8833964637821949,0.1361344537815126,0.0059757236227824485,0.023855547470531802,0.10405643738977072,0.039603960396039604,0.1303501945525292,0.049557522123893805,0.8082191780821918,0.05384615384615385,1.151304347826087,1.964406779661017,36,1.0,1.0,2.0,0.09224269689557486,0.19480821760341324,1,0.0015873015873015817,0.006038291073409807,-0.0010251322751322345,0.02857142857142858,0.002567693744164337,0.016806722689075626,0.012698412698412653,-0.015784075717898804,0.009011777727167769,-0.013445378151260498,-0.00037348272642390417,-0.0006518168698062448,-0.009523809523809525,0.02010551631556967,0.002764161220043554,-0.02016806722689074,-0.0031746031746031633,-0.005182072829131634,0.0,0.0,0.0,0.0,0.0,0.0
1989,0.11428571428571428,0.46296496539792387,0.4752244668911335,0.3630252100840336,0.032119514472455646,0.4033613445378151,0.8952380952380953,0.2312542939861332,0.934596716268095,0.08067226890756303,0.0014472455648926238,0.0022983796879210675,0.047619047619047616,0.4351000540832881,0.07116402116402115,0.40336134453781514,0.026330532212885158,0.42577030812324934,0.8142857142857143,0.03980712013953008,0.8833964637821949,0.1361344537815126,0.0059757236227824485,0.023855547470531802,0.10801393728222997,0.030303030303030304,0.1303501945525292,0.042105263157894736,0.8082191780821918,0.05384615384615385,1.1482758620689655,1.964406779661017,36,0.0,0.0,0.0,0.08586714151533029,0.16999008078711533,1,0.004761904761904759,-0.03910604051923594,-0.00695145903479244,-0.005042016806722727,-0.001680672268907571,0.005042016806722671,0.011111111111111183,-0.0034510856595365846,0.00746751397955181,-0.011764705882352941,-0.00032679738562091474,-0.0006532569551823729,-0.009523809523809525,0.0013166585073041137,-0.083234126984127,-0.02016806722689074,-0.0054154995331466005,-0.03977591036414563,0.0,0.0,0.0,0.0,0.0,0.0
1990,0.11806543385490754,0.2881884605694129,0.39717212611949454,0.3888888888888889,0.02117907381065276,0.23663663663663662,0.8591749644381224,0.25694691812335557,0.9130163121126592,0.0915915915915916,0.0024893314366998577,0.054089215636768495,0.04694167852062589,0.33431952662721887,0.12726608187134503,0.4069069069069069,0.012644223170538958,0.24524524524524516,0.7453769559032717,0.024006103956645902,0.8467223428898683,0.15465465465465467,0.0043859649122807,0.04078767805275164,0.11525974025974026,0.04504504504504504,0.13457943925233645,0.04942339373970346,0.8461538461538461,0.0450281425891182,1.1631663974151858,2.0,38,2.0,0.0,2.0,0.07940428858238242,0.1606984728779726,0,0.003779719569193263,-0.17477650482851098,-0.07805234077163897,0.025863678804855295,-0.010940440661802886,-0.16672470790117846,-0.03606313079997292,0.02569262413722237,-0.02158040415543583,0.010919322684028565,0.001042085871807234,0.051790835948847425,-0.0006773690984217262,-0.10078052745606925,0.056102060707323875,0.0035455623690917593,-0.0136863090423462,-0.18052506287800418,-0.06890875838244259,-0.01580101618288418,-0.03667412089232669,0.018520200873142073,-0.0015897587105017487,0.016932130582219835
1991,0.10526315789473684,0.30532192950675435,0.3834594971591876,0.3738738738738739,0.014145724672040463,0.17912912912912915,0.8577524893314367,0.26003249117707805,0.9158607347294814,0.09309309309309309,0.0010668563300142244,0.0016345786186260332,0.03556187766714083,0.3760330578512396,0.07051943584451324,0.47597597597597596,0.011142721669037459,0.3055555555555556,0.7453769559032717,0.024006103956645902,0.8467223428898683,0.15465465465465467,0.0043859649122807,0.04078767805275164,0.11900826446280992,0.05319148936170213,0.13457943925233645,0.036303630363036306,0.8461538461538461,0.0450281425891182,1.156507413509061,2.0,38,2.0,2.0,4.0,0.07435129826458949,0.15708947066613402,1,-0.012802275960170709,0.017133468937341467,-0.01371262896030695,-0.01501501501501501,-0.0070333491386122965,-0.057507507507507466,-0.0014224751066856944,0.003085573053722479,0.002844422616822162,0.0015015015015014954,-0.0014224751066856333,-0.052454637018142465,-0.011379800853485063,0.04171353122402072,-0.056746646026831785,0.06906906906906907,-0.0015015015015014989,0.06031031031031042,0.0,0.0,0.0,0.0,0.0,0.0
1992,0.11095305832147938,0.3675003378226206,0.4108917140650887,0.36786786786786785,0.0201912438754544,0.24549549549549549,0.8918918918918919,0.2626622053491218,0.9372128392269543,0.11411411411411411,0.0030030030030030034,0.0067858124145326855,0.03698435277382646,0.31371191135734067,0.07048322560787934,0.503003003003003,0.012130551604235814,0.33708708708708707,0.7453769559032717,0.024006103956645902,0.8467223428898683,0.15465465465465467,0.0043859649122807,0.04078767805275164,0.11904761904761904,0.061224489795918366,0.13457943925233645,0.0315955766192733,0.8461538461538461,0.0450281425891182,1.1529968454258674,2.0,38,1.0,1.0,2.0,0.07562613572584478,0.17349497261651114,1,0.005689900426742542,0.06217840831586624,0.027432216905901086,-0.006006006006006037,0.006045519203413938,0.06636636636636634,0.03413940256045522,0.0026297141720437733,0.021352104497472935,0.02102102102102102,0.001936146672988779,0.005151233795906652,0.001422475106685632,-0.062321146493898916,-3.621023663390177e-05,0.027027027027027084,0.0009878299351983554,0.03153153153153149,0.0,0.0,0.0,0.0,0.0,0.0
1993,0.1111111111111111,0.31984683869020675,0.3980586715880834,0.3817460317460317,0.01964821964821965,0.25,0.9369369369369369,0.2492080451591271,0.9500096530232245,0.06666666666666667,0.0018018018018018018,0.002614550276299208,0.05405405405405406,0.38842975206611563,0.13543995122942493,0.5007936507936508,0.03028743028743029,0.5277777777777778,0.7453769559032717,0.024006103956645902,0.8467223428898683,0.15465465465465467,0.0043859649122807,0.04078767805275164,0.1168,0.0784313725490196,0.13457943925233645,0.04595879556259905,0.8461538461538461,0.0450281425891182,1.1632329635499208,2.0,37,1.0,2.0,3.0,0.07929620957127544,0.1800866835816998,1,0.00015805278963172686,-0.047653499132413846,-0.012833042477005285,0.013878163878163874,-0.0005430242272347514,0.004504504504504514,0.04504504504504503,-0.013454160189994735,0.012796813796270179,-0.047447447447447444,-0.0012012012012012016,-0.004171262138233477,0.017069701280227598,0.07471784070877496,0.06495672562154559,-0.0022093522093522555,0.018156878683194475,0.19069069069069072,0.0,0.0,0.0,0.0,0.0,0.0
1994,0.11746031746031746,0.31984683869020675,0.4091158569099746,0.3899159663865546,0.02138188608776844,0.2647058823529412,0.9571428571428572,0.2564910302022614,0.9640550987420057,0.0453781512605042,0.0012605042016806721,0.0016842280800012219,0.04126984126984127,0.48299319727891155,0.09576719576719576,0.16806722689075632,0.014752567693744164,0.13837535014005603,0.7453769559032717,0.024006103956645902,0.8467223428898683,0.15465465465465467,0.0043859649122807,0.04078767805275164,0.11900826446280992,0.06382978723404255,0.13457943925233645,0.037953795379537955,0.8461538461538461,0.0450281425891182,1.16006600660066,2.0,36,0.0,1.0,1.0,0.08003450173550078,0.1716935992802932,1,0.006349206349206354,0.0,0.011057185321891205,0.008169934640522902,0.0017336664395487915,0.01470588235294118,0.02020592020592027,0.0072829850431342935,0.014045445718781191,-0.021288515406162466,-0.0005412976001211297,-0.0009303221962979862,-0.012784212784212788,0.09456344521279592,-0.03967275546222916,-0.3327264239028945,-0.015534862593686125,-0.38940242763772176,0.0,0.0,0.0,0.0,0.0,0.0
1995,0.11411411411411411,0.3343915793563112,0.4503109238403356,0.37857142857142856,0.021235521235521235,0.28809523809523807,0.9504504504504504,0.2624498382388693,0.9611612288598155,0.05238095238095238,0.0014157014157014157,0.0020655083910001188,0.04954954954954955,0.4615532487504806,0.16177606177606177,0.18253968253968253,0.020634920634920634,0.1716931216931217,0.8393393393393394,0.02577916737337635,0.8903254286913461,0.14047619047619048,0.004933504933504934,0.05627643673957038,0.11653543307086614,0.09,0.1298932384341637,0.0438871473354232,0.8338461538461538,0.03496503496503497,1.1630094043887147,1.992343032159265,37,1.0,0.0,1.0,0.07904344939283048,0.16774622268844544,0,-0.0033462033462033497,0.01454474066610445,0.04119506693036101,-0.011344537815126066,-0.00014636485224720636,0.02338935574229689,-0.006692406692406783,0.005958808036607921,-0.002893869882190203,0.007002801120448182,0.00015519721402074355,0.0003812803109988969,0.008279708279708281,-0.021439948528430952,0.066008866008866,0.014472455648926214,0.0058823529411764705,0.03331777155306567,0.09396238343606766,0.001773063416730447,0.04360308580147787,-0.01417846417846419,0.0005475400212242342,0.015488758686818746
1996,0.11522048364153627,0.3558344531040043,0.4635492818155356,0.3918918918918919,0.020586375849533746,0.30465465465465463,0.9630156472261735,0.2605625538428698,0.9701803749466787,0.03903903903903904,0.0010273431326062903,0.001418382243396681,0.04551920341394026,0.49362003780718333,0.15146198830409358,0.2087087087087087,0.015370633791686426,0.14414414414414417,0.8393393393393394,0.02577916737337635,0.8903254286913461,0.14047619047619048,0.004933504933504934,0.05627643673957038,0.11634756995581738,0.0761904761904762,0.1298932384341637,0.041116005873715125,0.8338461538461538,0.03496503496503497,1.1583577712609971,1.992343032159265,38,1.0,0.0,1.0,0.07833233935660099,0.17113832493937176,1,0.0011063695274221574,0.021442873747693103,0.01323835797520001,0.013320463320463327,-0.0006491453859874888,0.016559416559416562,0.012565196775723098,-0.0018872843959995,0.009019146086863272,-0.013341913341913342,-0.00038835828309512536,-0.0006471261476034378,-0.004030346135609292,0.03206678905670274,-0.010314073471968194,0.026169026169026166,-0.005264286843234208,-0.027548977548977532,0.0,0.0,0.0,0.0,0.0,0.0
1997,0.11095305832147938,0.3932194900348286,0.46134170267297203,0.3963963963963964,0.020744428639165483,0.3076576576576577,0.9701280227596017,0.24033894669110178,0.9737435593586605,0.03153153153153153,0.0008297771455666192,0.0010396533868601596,0.044096728307254626,0.5744328922495274,0.09999999999999999,0.12462462462462462,0.017267267267267267,0.12349849849849849,0.8393393393393394,0.02577916737337635,0.8903254286913461,0.14047619047619048,0.004933504933504934,0.05627643673957038,0.11273792093704246,0.10101010101010101,0.1298932384341637,0.040875912408759124,0.8338461538461538,0.03496503496503497,1.153061224489796,1.992343032159265,38,1.0,1.0,2.0,0.0791939556059242,0.17428502325359777,1,-0.004267425320056889,0.03738503693082429,-0.002207579142563587,0.004504504504504514,0.00015805278963173727,0.0030030030030030463,0.00711237553342825,-0.02022360715176802,0.003563184411981779,-0.007507507507507512,-0.00019756598703967116,-0.00037872885653652145,-0.001422475106685632,0.0808128544423441,-0.051461988304093584,-0.08408408408408408,0.0018966334755808403,-0.02064564564564568,0.0,0.0,0.0,0.0,0.0,0.0
1998,0.11605937921727395,0.3734003914336257,0.4766227924122661,0.4046941678520626,0.016923806397490606,0.27226173541963017,0.97165991902834,0.25627242749976636,0.9763021569419373,0.029871977240398292,0.0007659481343691871,0.0009935989196017331,0.04048582995951417,0.5482253086419753,0.16556776556776556,0.1514935988620199,0.008717219243535034,0.08392603129445235,0.8393393393393394,0.02577916737337635,0.8903254286913461,0.14047619047619048,0.004933504933504934,0.05627643673957038,0.11789181692094314,0.07407407407407407,0.1298932384341637,0.03591160220994475,0.8338461538461538,0.03496503496503497,1.153103448275862,1.992343032159265,39,1.0,0.0,1.0,0.080464103752588,0.17931006905911814,1,0.005106320895794575,-0.0198190986012029,0.015281089739294096,0.00829777145566618,-0.0038206222416748772,-0.03539592223802751,0.0015318962687382864,0.01593348080866458,0.0025585975832768115,-0.0016595542911332362,-6.382901119743203e-05,-4.605446725842641e-05,-0.0036108983477404558,-0.026207583607552154,0.06556776556776557,0.026868974237395288,-0.008550048023732233,-0.03957246720404614,0.0,0.0,0.0,0.0,0.0,0.0
1999,0.12762762762762764,0.3454408649560526,0.47994556415609047,0.423015873015873,0.015057915057915058,0.27936507936507937,0.96996996996997,0.24401745766262073,0.9744604615335166,0.031746031746031744,0.0008580008580008578,0.0010868256325400063,0.05555555555555555,0.5067639729441082,0.17957957957957957,0.23492063492063492,0.013642213642213642,0.15294784580498866,0.8393393393393394,0.02577916737337635,0.8903254286913461,0.14047619047619048,0.004933504933504934,0.05627643673957038,0.12982998454404945,0.10909090909090909,0.1298932384341637,0.05401234567901234,0.8338461538461538,0.03496503496503497,1.1833590138674885,1.992343032159265,37,0.0,2.0,2.0,0.08440299716700334,0.1860032118715341,1,0.011568248410353685,-0.027959526477573104,0.0033227717438243376,0.01832170516381043,-0.001865891339575548,0.007103343945449203,-0.001689949058370055,-0.012254969837145635,-0.0018416954084207182,0.0018740545056334518,9.205272363167066e-05,9.322671293827316e-05,0.015069725596041382,-0.04146133569786703,0.014011814011814006,0.08342703605861501,0.004924994398678608,0.06902181451053631,0.0,0.0,0.0,0.0,0.0,0.0
2000,0.11861861861861862,0.316797351260053,0.4871386518445342,0.4031746031746032,0.011497211497211496,0.21031746031746032,0.975975975975976,0.2439853955506504,0.9792421392041886,0.025396825396825397,0.0006864006864006863,0.0008562952261748984,0.05105105105105105,0.47009611961552156,0.13393393393393394,0.2396825396825397,0.013470613470613471,0.13280423280423279,0.8228228228228228,0.02021951089562582,0.8797479361841085,0.15793650793650793,0.003517803517803518,0.006918300751074201,0.11981566820276497,0.0761904761904762,0.13793103448275862,0.04747320061255743,0.8206686930091185,0.043010752688172046,1.1684532924961715,1.9893778452200304,37,1.0,1.0,2.0,0.08678490063383536,0.19200969129911272,0,-0.009009009009009014,-0.0286435136959996,0.007193087688443733,-0.019841269841269826,-0.003560703560703562,-0.06904761904761905,0.006006006006005982,-3.206211197032127e-05,0.004781677670671947,-0.0063492063492063475,-0.00017160017160017152,-0.00023053040636510785,-0.0045045045045045,-0.036667853328586686,-0.04564564564564563,0.004761904761904773,-0.00017160017160017076,-0.020143613000755872,-0.016516516516516533,-0.00555965647775053,-0.010577492507237607,0.017460317460317454,-0.0014157014157014161,-0.049358135988496185
2001,0.12762762762762764,0.3477987903650951,0.5134075976181239,0.423015873015873,0.01244101244101244,0.22751322751322753,0.9774774774774775,0.24601244485719373,0.9799550070128491,0.023809523809523808,0.0006435006435006434,0.0007837277698488775,0.05555555555555555,0.5073372781065089,0.07717717717717718,0.23492063492063492,0.02385242385242385,0.1893424036281179,0.8228228228228228,0.02021951089562582,0.8797479361841085,0.15793650793650793,0.003517803517803518,0.006918300751074201,0.12883435582822086,0.08928571428571429,0.13793103448275862,0.05359877488514548,0.8206686930091185,0.043010752688172046,1.1837672281776417,1.9893778452200304,37,1.0,1.0,2.0,0.08718980446739193,0.1951095808885875,1,0.009009009009009014,0.031001439105042106,0.026268945773589736,0.019841269841269826,0.0009438009438009435,0.01719576719576721,0.0015015015015015232,0.0020270493065433215,0.0007128678086605333,-0.0015873015873015886,-4.2900042900042906e-05,-7.256745632602097e-05,0.0045045045045045,0.0372411584909873,-0.05675675675675676,-0.004761904761904773,0.01038181038181038,0.056538170823885125,0.0,0.0,0.0,0.0,0.0,0.0
2002,0.13213213213213212,0.3532164336988757,0.5269211111316374,0.41825396825396827,0.013642213642213642,0.24523809523809528,0.9774774774774775,0.2514347011932383,0.9800996200148854,0.023809523809523808,0.0006435006435006435,0.0007896625995958795,0.042042042042042045,0.5040170132325142,0.03873873873873874,0.16111111111111112,0.021364221364221368,0.23875661375661378,0.8228228228228228,0.02021951089562582,0.8797479361841085,0.15793650793650793,0.003517803517803518,0.006918300751074201,0.1334355828220859,0.07407407407407407,0.13793103448275862,0.039816232771822356,0.8206686930091185,0.043010752688172046,1.1745788667687596,1.9893778452200304,37,0.0,0.0,0.0,0.0859929952405759,0.18023894308307448,1,0.004504504504504486,0.005417643333780586,0.013513513513513487,-0.004761904761904745,0.0012012012012012022,0.017724867724867754,0.0,0.0054222563360445675,0.0001446130020362757,0.0,1.0842021724855044e-19,5.934829747001984e-06,-0.013513513513513507,-0.003320264873994616,-0.03843843843843844,-0.0738095238095238,-0.0024882024882024838,0.04941421012849587,0.0,0.0,0.0,0.0,0.0,0.0
2003,0.13015873015873017,0.3256651437785542,0.5145591699513268,0.40672268907563025,0.013725490196078431,0.2389355742296919,0.9793650793650793,0.2600108851829834,0.9819847594825194,0.021848739495798318,0.0006069094304388423,0.0007515464058764492,0.05714285714285714,0.49750800996796013,0.1816358024691358,0.21176470588235294,0.020588235294117643,0.1784873949579832,0.8228228228228228,0.02021951089562582,0.8797479361841085,0.15793650793650793,0.003517803517803518,0.006918300751074201,0.13106796116504854,0.05357142857142857,0.13793103448275862,0.05663430420711974,0.8206686930091185,0.043010752688172046,1.1893203883495145,1.9893778452200304,36,0.0,1.0,1.0,0.08884420883236756,0.1884414630174075,1,-0.001973401973401956,-0.027551289920321465,-0.012361941180310643,-0.011531279178338016,8.327655386478929e-05,-0.0063025210084033945,0.0018876018876018419,0.008576183989745079,0.0018851394676340227,-0.00196078431372549,-3.6591213061801155e-05,-3.8116193719430294e-05,0.015100815100815096,-0.006509003264554114,0.14289706373039707,0.05065359477124182,-0.0007759860701037243,-0.06026921879863059,0.0,0.0,0.0,0.0,0.0,0.0
2004,0.12698412698412698,0.29964062623995286,0.43122583661799346,0.41008403361344536,0.013725490196078431,0.2389355742296919,0.9809523809523809,0.25848122982852206,0.9837185273262123,0.020168067226890758,0.0005602240896358542,0.0007021148685556383,0.05714285714285714,0.5282921810699588,0.19199735449735447,0.1815126050420168,0.020168067226890758,0.21467787114845938,0.8228228228228228,0.02021951089562582,0.8797479361841085,0.15793650793650793,0.003517803517803518,0.006918300751074201,0.12762520193861066,0.05454545454545454,0.13793103448275862,0.05654281098546042,0.8206686930091185,0.043010752688172046,1.18578352180937,1.9893778452200304,36,0.0,0.0,0.0,0.09164021370518753,0.1977497927747157,1,-0.003174603174603191,-0.026024517538601355,-0.08333333333333331,0.003361344537815114,0.0,0.0,0.0015873015873015817,-0.0015296553544613123,0.001733767843692946,-0.0016806722689075605,-4.668534080298813e-05,-4.9431537320810846e-05,0.0,0.03078417110199866,0.010361552028218673,-0.030252100840336138,-0.0004201680672268858,0.03619047619047619,0.0,0.0,0.0,0.0,0.0,0.0
2005,0.13277310924369748,0.2853731551910914,0.443546574807079,0.4206773618538324,0.014973262032085561,0.25341651812240046,0.9865546218487395,0.2580778407930866,0.987596137656195,0.0142602495543672,0.0004074357015533486,0.0004767494028809334,0.04201680672268908,0.5047590719809637,0.08952380952380952,0.11140819964349376,0.013343519225872166,0.10190136660724895,0.8722689075630252,0.011536562457074268,0.9150440019384809,0.10427807486631016,0.00213903743315508,0.003409115610709326,0.1326530612244898,0.061224489795918366,0.15,0.04081632653061224,0.8745762711864407,0.034220532319391636,1.1751700680272108,2.047377326565144,35,0.0,1.0,1.0,0.09582116694201159,0.2028628909236143,0,0.005788982259570502,-0.014267471048861446,0.012320738189085523,0.010593328240387057,0.0012477718360071298,0.01448094389270857,0.0056022408963586345,-0.0004033890354354641,0.0038776103299826836,-0.005907817672523557,-0.00015278838808250559,-0.0002253654656747049,-0.015126050420168062,-0.023533109088995086,-0.10247354497354495,-0.07010440539852304,-0.006824548001018591,-0.11277650454121042,0.0494460847402024,-0.008682948438551552,0.035296065754372385,-0.05365843307019777,-0.001378766084648438,-0.003509185140364875
2006,0.12698412698412698,0.29964062623995286,0.43122583661799346,0.41008403361344536,0.013725490196078431,0.2389355742296919,0.9809523809523809,0.26109421378364916,0.9835612739266808,0.020168067226890758,0.0005602240896358544,0.0006981975310113016,0.03015873015873016,0.5817474048442905,0.10648148148148148,0.08907563025210084,0.01900093370681606,0.13613445378151262,,,,,,,0.12762520193861066,0.05319148936170213,,0.027419354838709678,,,1.1564516129032258,,36,1.0,0.0,1.0,0.09673458484634041,0.20991084985701314,1,-0.005788982259570502,0.014267471048861446,-0.012320738189085523,-0.010593328240387057,-0.0012477718360071298,-0.01448094389270857,-0.0056022408963586345,0.003016372990562566,-0.0040348637295142264,0.005907817672523557,0.0001527883880825058,0.00022144812813036814,-0.01185807656395892,0.07698833286332685,0.016957671957671963,-0.022332569391392915,0.005657414480943895,0.03423308717426367,,,,,,
2007,0.13277310924369748,0.2853731551910914,0.443546574807079,0.4206773618538324,0.014973262032085561,0.25341651812240046,0.9865546218487395,0.26003149439274537,0.9881772666707609,0.0142602495543672,0.00040743570155334855,0.0004975339217907212,0.021848739495798318,0.573224852071006,0.04285714285714286,0.10160427807486631,0.00718105423987777,0.0570409982174688,,,,,,,0.1326530612244898,0.045454545454545456,,0.02040816326530612,,,1.1547619047619047,,35,0.0,1.0,1.0,0.0991737901888292,0.2191971489588315,1,0.005788982259570502,-0.014267471048861446,0.012320738189085523,0.010593328240387057,0.0012477718360071298,0.01448094389270857,0.0056022408963586345,-0.001062719390903799,0.0046159927440800885,-0.005907817672523557,-0.00015278838808250586,-0.00020066360922058035,-0.008309990662931841,-0.008522552773284509,-0.06362433862433862,0.01252864782276547,-0.011819879466938292,-0.07909345556404382,,,,,,
2008,0.11932773109243698,0.3148588540978552,0.41370794471634803,0.4037433155080214,0.014005602240896357,0.23677956030897207,0.9798319327731092,0.2491225818205807,0.983255090892662,0.0213903743315508,0.0006111535523300228,0.0007926808590945211,0.02689075630252101,0.6058263971462545,0.04285714285714286,0.0962566844919786,0.01838553603259486,0.1265597147950089,,,,,,,0.11986301369863013,0.04819277108433735,,0.025684931506849314,,,1.1472602739726028,,35,1.0,1.0,2.0,0.10030697936919988,0.22353352362502604,1,-0.013445378151260498,0.02948569890676378,-0.029838630090730955,-0.016934046345811027,-0.0009676597911892036,-0.016636957813428388,-0.006722689075630339,-0.01090891257216467,-0.004922175778098836,0.0071301247771836,0.00020371785077667422,0.00029514693730379993,0.005042016806722692,0.032601545075248484,0.0,-0.005347593582887708,0.011204481792717089,0.06951871657754011,,,,,,
2009,0.11932773109243698,0.3148588540978552,0.41370794471634803,0.4037433155080214,0.014005602240896357,0.23677956030897207,0.9798319327731092,0.2394523818039753,0.982840265048045,0.0213903743315508,0.0006111535523300227,0.0007804749636731694,0.030252100840336135,0.5898919753086419,0.09142857142857141,0.12388591800356506,0.009371021135727018,0.06951871657754011,,,,,,,0.11986301369863013,0.07228915662650602,,0.02910958904109589,,,1.1506849315068493,,35,0.0,0.0,0.0,0.10893724599522243,0.24513110453157042,1,0.0,0.0,0.0,0.0,0.0,0.0,0.0,-0.009670200016605401,-0.0004148258446170505,0.0,-1.0842021724855044e-19,-1.2205895421351699e-05,0.0033613445378151245,-0.015934421837612622,0.04857142857142856,0.027629233511586457,-0.00901451489686784,-0.0570409982174688,,,,,,
2010,0.11932773109243698,0.3148588540978552,0.41370794471634803,0.4037433155080214,0.014005602240896357,0.23677956030897207,0.9815126050420168,0.2379272339222995,0.9846747496652619,0.0196078431372549,0.0005602240896358542,0.0007264588668763241,0.03529411764705882,0.54,0.09931972789115646,0.18092691622103388,0.014005602240896357,0.12774806892453952,,,,,,,0.11965811965811966,0.08235294117647059,,0.03418803418803419,,,1.1555555555555554,,35,0.0,0.0,0.0,0.10894567039871957,0.2436717254093367,1,0.0,0.0,0.0,0.0,0.0,0.0,0.001680672268907557,-0.0015251478816757924,0.0018344846172169138,-0.0017825311942958992,-5.0929462694168474e-05,-5.4016096796845325e-05,0.0050420168067226885,-0.04989197530864187,0.00789115646258505,0.057040998217468816,0.004634581105169339,0.05822935234699941,,,,,,
2011,0.11932773109243698,0.3148588540978552,0.41370794471634803,0.4037433155080214,0.014005602240896357,0.23677956030897207,0.9815126050420168,0.23881072866659048,0.9846747496652619,0.0196078431372549,0.0005602240896358542,0.0007264588668763241,0.0453781512605042,0.4883780991735537,0.1265079365079365,0.232620320855615,0.01614463967405144,0.1372549019607843,,,,,,,0.11965811965811966,0.07692307692307693,,0.044444444444444446,,,1.165811965811966,,35,0.0,0.0,0.0,0.11038737209691928,0.25004512142021024,1,0.0,0.0,0.0,0.0,0.0,0.0,0.0,0.0008834947442909746,0.0,0.0,0.0,0.0,0.010084033613445377,-0.051621900826446354,0.02718820861678005,0.05169340463458111,0.002139037433155081,0.009506833036244777,,,,,,
2012,0.11932773109243698,0.3148588540978552,0.41370794471634803,0.4037433155080214,0.014005602240896357,0.23677956030897207,0.9781512605042016,0.23134569211811742,0.981384894043338,0.023172905525846704,0.0006620830150241914,0.0008434973733835212,0.05546218487394958,0.5503308128544423,0.18312925170068028,0.19073083778966132,0.033358798064680416,0.23440285204991085,,,,,,,0.12006861063464837,0.09473684210526316,,0.053082191780821915,,,1.1746575342465753,,35,0.0,0.0,0.0,0.11213354730180612,0.2567264025069467,1,0.0,0.0,0.0,0.0,0.0,0.0,-0.003361344537815114,-0.007465036548473053,-0.003289855621923965,0.003565062388591802,0.00010185892538833717,0.00011703850650719705,0.010084033613445377,0.061952713680888616,0.05662131519274377,-0.041889483065953664,0.017214158390628977,0.09714795008912655,,,,,,
