ano,modelo,estrategia,y,prob,pred05,predthr,thr,celula,feature_set
1931,rf,balanced,0,0.4539321212237695,0,0,0.5393071801407119,proxy_N1_ge2,completo
1931,rf,sem_peso,0,0.32439602848132276,0,0,0.39301163623957713,proxy_N1_ge2,completo
1931,rf,undersampling,0,0.4920002004531418,0,0,0.5326282085561491,proxy_N1_ge2,completo
1931,rf,thr_calibrado,0,0.4539321212237695,0,0,0.49178103329186984,proxy_N1_ge2,completo
1932,rf,balanced,1,0.49569127379649336,0,0,0.541891616134567,proxy_N1_ge2,completo
1932,rf,sem_peso,1,0.38137283092724267,0,0,0.4141694144950333,proxy_N1_ge2,completo
1932,rf,undersampling,1,0.5315443660914247,1,0,0.5560399477973008,proxy_N1_ge2,completo
1932,rf,thr_calibrado,1,0.49569127379649336,0,1,0.29120371953720314,proxy_N1_ge2,completo
1933,rf,balanced,1,0.4190030197030796,0,0,0.5334509592251588,proxy_N1_ge2,completo
1933,rf,sem_peso,1,0.28191016254986845,0,0,0.4020273678935441,proxy_N1_ge2,completo
1933,rf,undersampling,1,0.44505074337427286,0,0,0.5193965271656452,proxy_N1_ge2,completo
1933,rf,thr_calibrado,1,0.4190030197030796,0,1,0.2853135065852925,proxy_N1_ge2,completo
1934,rf,balanced,0,0.4750974884542259,0,0,0.5318937049050878,proxy_N1_ge2,completo
1934,rf,sem_peso,0,0.33556756362832213,0,0,0.39455756829543687,proxy_N1_ge2,completo
1934,rf,undersampling,0,0.5269053779553782,1,0,0.5685910288971437,proxy_N1_ge2,completo
1934,rf,thr_calibrado,0,0.4750974884542259,0,1,0.2853135065852925,proxy_N1_ge2,completo
1935,rf,balanced,0,0.4951466491335765,0,0,0.509388443876249,proxy_N1_ge2,completo
1935,rf,sem_peso,0,0.38613010634987976,0,0,0.39263237989332994,proxy_N1_ge2,completo
1935,rf,undersampling,0,0.5096541353984854,1,0,0.523607487189453,proxy_N1_ge2,completo
1935,rf,thr_calibrado,0,0.4951466491335765,0,1,0.273137051504763,proxy_N1_ge2,completo
1936,rf,balanced,1,0.4962662994115856,0,0,0.5129641004634018,proxy_N1_ge2,completo
1936,rf,sem_peso,1,0.37182853029323615,0,0,0.38965941411529625,proxy_N1_ge2,completo
1936,rf,undersampling,1,0.6200200576427352,1,1,0.5302171685813327,proxy_N1_ge2,completo
1936,rf,thr_calibrado,1,0.4962662994115856,0,1,0.25648438515095107,proxy_N1_ge2,completo
1937,rf,balanced,1,0.4794136900211264,0,0,0.5184467036865014,proxy_N1_ge2,completo
1937,rf,sem_peso,1,0.3716790459540457,0,0,0.3845666163901455,proxy_N1_ge2,completo
1937,rf,undersampling,1,0.553279947434746,1,1,0.5233099911526382,proxy_N1_ge2,completo
1937,rf,thr_calibrado,1,0.4794136900211264,0,1,0.22569037469492612,proxy_N1_ge2,completo
1938,rf,balanced,1,0.5071783254648018,1,0,0.52016440076335,proxy_N1_ge2,completo
1938,rf,sem_peso,1,0.4052226877697465,0,1,0.4028365051615046,proxy_N1_ge2,completo
1938,rf,undersampling,1,0.5436798173704523,1,0,0.5580800963398486,proxy_N1_ge2,completo
1938,rf,thr_calibrado,1,0.5071783254648018,1,1,0.22923103650272963,proxy_N1_ge2,completo
1939,rf,balanced,1,0.5439918766398509,1,1,0.5212460914888348,proxy_N1_ge2,completo
1939,rf,sem_peso,1,0.45897759054670734,0,1,0.41932785588164795,proxy_N1_ge2,completo
1939,rf,undersampling,1,0.6839154953749379,1,1,0.554699787879819,proxy_N1_ge2,completo
1939,rf,thr_calibrado,1,0.5439918766398509,1,1,0.22923103650272963,proxy_N1_ge2,completo
1940,rf,balanced,1,0.5013502389703649,1,0,0.514506522779695,proxy_N1_ge2,completo
1940,rf,sem_peso,1,0.44107541739306433,0,1,0.42900786198665436,proxy_N1_ge2,completo
1940,rf,undersampling,1,0.6159990078548911,1,1,0.5769052899714674,proxy_N1_ge2,completo
1940,rf,thr_calibrado,1,0.5013502389703649,1,1,0.2818909817645226,proxy_N1_ge2,completo
1941,rf,balanced,0,0.47934817999624757,0,0,0.5194222969113825,proxy_N1_ge2,completo
1941,rf,sem_peso,0,0.42766708365593825,0,1,0.42635841373109157,proxy_N1_ge2,completo
1941,rf,undersampling,0,0.6043151926590782,1,1,0.5165306374653896,proxy_N1_ge2,completo
1941,rf,thr_calibrado,0,0.47934817999624757,0,1,0.26063090049495224,proxy_N1_ge2,completo
1942,rf,balanced,1,0.5309787796705369,1,1,0.5202548901964881,proxy_N1_ge2,completo
1942,rf,sem_peso,1,0.46977870047049547,0,1,0.44790062800976094,proxy_N1_ge2,completo
1942,rf,undersampling,1,0.6144296978219581,1,1,0.5475217037950009,proxy_N1_ge2,completo
1942,rf,thr_calibrado,1,0.5309787796705369,1,1,0.45556111954079803,proxy_N1_ge2,completo
1943,rf,balanced,0,0.3533698771706819,0,0,0.5121767735580268,proxy_N1_ge2,completo
1943,rf,sem_peso,0,0.3052389161200744,0,0,0.4403020617669226,proxy_N1_ge2,completo
1943,rf,undersampling,0,0.4524034492081702,0,0,0.571679966713713,proxy_N1_ge2,completo
1943,rf,thr_calibrado,0,0.3533698771706819,0,0,0.4190030197030796,proxy_N1_ge2,completo
1944,rf,balanced,0,0.42933786944100905,0,0,0.5068658118840436,proxy_N1_ge2,completo
1944,rf,sem_peso,0,0.3937425572793218,0,0,0.4405616336278101,proxy_N1_ge2,completo
1944,rf,undersampling,0,0.5104629067440986,1,0,0.5684064460049759,proxy_N1_ge2,completo
1944,rf,thr_calibrado,0,0.42933786944100905,0,1,0.4190030197030796,proxy_N1_ge2,completo
1945,rf,balanced,0,0.3197739569377488,0,0,0.5057406123993986,proxy_N1_ge2,completo
1945,rf,sem_peso,0,0.26749547511312216,0,0,0.43342620582032326,proxy_N1_ge2,completo
1945,rf,undersampling,0,0.42961196713503214,0,0,0.5422466461041539,proxy_N1_ge2,completo
1945,rf,thr_calibrado,0,0.3197739569377488,0,0,0.46821592262633577,proxy_N1_ge2,completo
1946,rf,balanced,1,0.2930900869135215,0,0,0.5041791005623439,proxy_N1_ge2,completo
1946,rf,sem_peso,1,0.25886639271461287,0,0,0.4275774237028883,proxy_N1_ge2,completo
1946,rf,undersampling,1,0.40689785876243695,0,0,0.5235855451737801,proxy_N1_ge2,completo
1946,rf,thr_calibrado,1,0.2930900869135215,0,0,0.47586224291944357,proxy_N1_ge2,completo
1947,rf,balanced,0,0.3052322942933279,0,0,0.5032423599442167,proxy_N1_ge2,completo
1947,rf,sem_peso,0,0.2803123272839991,0,0,0.42904784104784105,proxy_N1_ge2,completo
1947,rf,undersampling,0,0.4476371404880995,0,0,0.5529479411884982,proxy_N1_ge2,completo
1947,rf,thr_calibrado,0,0.3052322942933279,0,0,0.4758806858851361,proxy_N1_ge2,completo
1948,rf,balanced,0,0.43331822447818413,0,0,0.4952254046344894,proxy_N1_ge2,completo
1948,rf,sem_peso,0,0.3890096788028978,0,0,0.42419741616013973,proxy_N1_ge2,completo
1948,rf,undersampling,0,0.5315477279943996,1,0,0.5505809545287869,proxy_N1_ge2,completo
1948,rf,thr_calibrado,0,0.433318224478184,0,0,0.4505677251394368,proxy_N1_ge2,completo
1949,rf,balanced,1,0.4663196619265392,0,0,0.5108553315166157,proxy_N1_ge2,completo
1949,rf,sem_peso,1,0.3958709792821556,0,0,0.4268757938758866,proxy_N1_ge2,completo
1949,rf,undersampling,1,0.5539654170648751,1,0,0.5797765735210777,proxy_N1_ge2,completo
1949,rf,thr_calibrado,1,0.4663196619265392,0,1,0.45056772513943677,proxy_N1_ge2,completo
1950,rf,balanced,0,0.46262627380867843,0,0,0.500855009415128,proxy_N1_ge2,completo
1950,rf,sem_peso,0,0.3952479116858374,0,0,0.422103555334601,proxy_N1_ge2,completo
1950,rf,undersampling,0,0.5649401222874132,1,1,0.539897288478635,proxy_N1_ge2,completo
1950,rf,thr_calibrado,0,0.4626262738086785,0,0,0.4694446562570856,proxy_N1_ge2,completo
1951,rf,balanced,0,0.46509795535785725,0,0,0.49854044557076094,proxy_N1_ge2,completo
1951,rf,sem_peso,0,0.36854703889782175,0,0,0.4258299644346172,proxy_N1_ge2,completo
1951,rf,undersampling,0,0.5533807167978221,1,1,0.5206547061383744,proxy_N1_ge2,completo
1951,rf,thr_calibrado,0,0.46509795535785725,0,1,0.3596349901437121,proxy_N1_ge2,completo
1952,rf,balanced,0,0.37681497191884317,0,0,0.5080482427584524,proxy_N1_ge2,completo
1952,rf,sem_peso,0,0.28161012305163186,0,0,0.42182974006128027,proxy_N1_ge2,completo
1952,rf,undersampling,0,0.5086327631432896,1,0,0.5206547061383745,proxy_N1_ge2,completo
1952,rf,thr_calibrado,0,0.37681497191884317,0,1,0.3472635838221886,proxy_N1_ge2,completo
1953,rf,balanced,0,0.35749737011374977,0,0,0.49007909595824345,proxy_N1_ge2,completo
1953,rf,sem_peso,0,0.24635199202073815,0,0,0.40821941761891967,proxy_N1_ge2,completo
1953,rf,undersampling,0,0.46834866902103733,0,0,0.5169478322331261,proxy_N1_ge2,completo
1953,rf,thr_calibrado,0,0.35749737011374977,0,0,0.4412719965221854,proxy_N1_ge2,completo
1954,rf,balanced,1,0.24311583708149298,0,0,0.5101022331905778,proxy_N1_ge2,completo
1954,rf,sem_peso,1,0.16508765445594306,0,0,0.4211703373513375,proxy_N1_ge2,completo
1954,rf,undersampling,1,0.316290492256282,0,0,0.533459139355657,proxy_N1_ge2,completo
1954,rf,thr_calibrado,1,0.24311583708149298,0,0,0.4412719965221854,proxy_N1_ge2,completo
1955,rf,balanced,0,0.3481133806684847,0,0,0.5134016733197619,proxy_N1_ge2,completo
1955,rf,sem_peso,0,0.30762209376159494,0,0,0.41226231968066374,proxy_N1_ge2,completo
1955,rf,undersampling,0,0.4719431095306483,0,0,0.531332100312828,proxy_N1_ge2,completo
1955,rf,thr_calibrado,0,0.3481133806684847,0,0,0.4568376062084113,proxy_N1_ge2,completo
1956,rf,balanced,0,0.36975171884241087,0,0,0.49333702777343524,proxy_N1_ge2,completo
1956,rf,sem_peso,0,0.32579677261163337,0,0,0.40115201256775584,proxy_N1_ge2,completo
1956,rf,undersampling,0,0.45323414342795154,0,0,0.529726335102806,proxy_N1_ge2,completo
1956,rf,thr_calibrado,0,0.36975171884241087,0,0,0.4421904591918561,proxy_N1_ge2,completo
1957,rf,balanced,0,0.35206749483804844,0,0,0.5091496483523934,proxy_N1_ge2,completo
1957,rf,sem_peso,0,0.3048178170195819,0,0,0.3763513291786659,proxy_N1_ge2,completo
1957,rf,undersampling,0,0.4828568852286346,0,0,0.5443344074655995,proxy_N1_ge2,completo
1957,rf,thr_calibrado,0,0.35206749483804844,0,0,0.47561131575939897,proxy_N1_ge2,completo
1958,rf,balanced,0,0.4405821676312351,0,0,0.4991136163636827,proxy_N1_ge2,completo
1958,rf,sem_peso,0,0.37825012547995546,0,0,0.4054839812183004,proxy_N1_ge2,completo
1958,rf,undersampling,0,0.5427791422286005,1,0,0.5450937423687422,proxy_N1_ge2,completo
1958,rf,thr_calibrado,0,0.44058216763123503,0,1,0.31806310650520125,proxy_N1_ge2,completo
1959,rf,balanced,0,0.22759121979330268,0,0,0.4958821206509857,proxy_N1_ge2,completo
1959,rf,sem_peso,0,0.15139720556921818,0,0,0.4052669301278856,proxy_N1_ge2,completo
1959,rf,undersampling,0,0.3399768116128801,0,0,0.5697318534750423,proxy_N1_ge2,completo
1959,rf,thr_calibrado,0,0.22759121979330268,0,0,0.31806310650520125,proxy_N1_ge2,completo
1960,rf,balanced,1,0.41435279333548863,0,0,0.5115958719124929,proxy_N1_ge2,completo
1960,rf,sem_peso,1,0.30218670780860235,0,0,0.4245077187960093,proxy_N1_ge2,completo
1960,rf,undersampling,1,0.4940251900404381,0,0,0.5689697943783082,proxy_N1_ge2,completo
1960,rf,thr_calibrado,1,0.41435279333548863,0,0,0.45301405334494227,proxy_N1_ge2,completo
1961,rf,balanced,0,0.3778211021473688,0,0,0.5101289686427669,proxy_N1_ge2,completo
1961,rf,sem_peso,0,0.2878675128892102,0,0,0.415219162703456,proxy_N1_ge2,completo
1961,rf,undersampling,0,0.39784350849790345,0,0,0.5797496281496284,proxy_N1_ge2,completo
1961,rf,thr_calibrado,0,0.3778211021473688,0,0,0.4521567217019278,proxy_N1_ge2,completo
1962,rf,balanced,0,0.43752301290504214,0,0,0.508702633336178,proxy_N1_ge2,completo
1962,rf,sem_peso,0,0.35180322573276834,0,0,0.40333457983412707,proxy_N1_ge2,completo
1962,rf,undersampling,0,0.4959051222427386,0,0,0.5645132318232167,proxy_N1_ge2,completo
1962,rf,thr_calibrado,0,0.43752301290504214,0,0,0.45542526837758257,proxy_N1_ge2,completo
1963,rf,balanced,1,0.3762096346780316,0,0,0.5126012925943546,proxy_N1_ge2,completo
1963,rf,sem_peso,1,0.28640130036536754,0,0,0.40790396487146646,proxy_N1_ge2,completo
1963,rf,undersampling,1,0.456591974846619,0,0,0.5718345494031253,proxy_N1_ge2,completo
1963,rf,thr_calibrado,1,0.3762096346780316,0,0,0.44065772793827707,proxy_N1_ge2,completo
1964,rf,balanced,0,0.30554337432350354,0,0,0.5191137417772684,proxy_N1_ge2,completo
1964,rf,sem_peso,0,0.22222296624140767,0,0,0.4156057304822844,proxy_N1_ge2,completo
1964,rf,undersampling,0,0.41253718482240154,0,0,0.5742972229954434,proxy_N1_ge2,completo
1964,rf,thr_calibrado,0,0.30554337432350354,0,0,0.44065772793827707,proxy_N1_ge2,completo
1965,rf,balanced,0,0.39629648686116503,0,0,0.5068181986089356,proxy_N1_ge2,completo
1965,rf,sem_peso,0,0.3139558614137788,0,0,0.41126946709898426,proxy_N1_ge2,completo
1965,rf,undersampling,0,0.4148481691511102,0,0,0.563527967457379,proxy_N1_ge2,completo
1965,rf,thr_calibrado,0,0.39629648686116503,0,0,0.4074993958191316,proxy_N1_ge2,completo
1966,rf,balanced,0,0.35812311028526606,0,0,0.5124453036996347,proxy_N1_ge2,completo
1966,rf,sem_peso,0,0.25408671583079906,0,0,0.4083986645167309,proxy_N1_ge2,completo
1966,rf,undersampling,0,0.476666919269241,0,0,0.5766050154008359,proxy_N1_ge2,completo
1966,rf,thr_calibrado,0,0.35812311028526606,0,0,0.4389938249384745,proxy_N1_ge2,completo
1967,rf,balanced,0,0.261842892303744,0,0,0.5071798107524357,proxy_N1_ge2,completo
1967,rf,sem_peso,0,0.16548703367065135,0,0,0.39906040898457895,proxy_N1_ge2,completo
1967,rf,undersampling,0,0.3859340295239677,0,0,0.5704726486705589,proxy_N1_ge2,completo
1967,rf,thr_calibrado,0,0.261842892303744,0,0,0.42253245158315167,proxy_N1_ge2,completo
1968,rf,balanced,0,0.2569013788949701,0,0,0.5074677805267657,proxy_N1_ge2,completo
1968,rf,sem_peso,0,0.16105453169196587,0,0,0.39950684815870774,proxy_N1_ge2,completo
1968,rf,undersampling,0,0.3583537430577681,0,0,0.5404066800932127,proxy_N1_ge2,completo
1968,rf,thr_calibrado,0,0.2569013788949701,0,0,0.42243347701521655,proxy_N1_ge2,completo
1969,rf,balanced,0,0.13876710317873664,0,0,0.5102951407223313,proxy_N1_ge2,completo
1969,rf,sem_peso,0,0.08438533311612509,0,0,0.40145786077283024,proxy_N1_ge2,completo
1969,rf,undersampling,0,0.3040790713242726,0,0,0.5404066800932127,proxy_N1_ge2,completo
1969,rf,thr_calibrado,0,0.13876710317873664,0,0,0.42243347701521655,proxy_N1_ge2,completo
1970,rf,balanced,0,0.2823130716845219,0,0,0.5057219253409925,proxy_N1_ge2,completo
1970,rf,sem_peso,0,0.1910215729913375,0,0,0.4012958326417815,proxy_N1_ge2,completo
1970,rf,undersampling,0,0.4361312024147164,0,0,0.5285898692810459,proxy_N1_ge2,completo
1970,rf,thr_calibrado,0,0.2823130716845219,0,0,0.4180161944518052,proxy_N1_ge2,completo
1971,rf,balanced,0,0.43777846062480497,0,0,0.5275978977202798,proxy_N1_ge2,completo
1971,rf,sem_peso,0,0.34584971839400647,0,0,0.4024811572149799,proxy_N1_ge2,completo
1971,rf,undersampling,0,0.5623733523012934,1,1,0.545254455305616,proxy_N1_ge2,completo
1971,rf,thr_calibrado,0,0.43777846062480497,0,1,0.40954731258816873,proxy_N1_ge2,completo
1972,rf,balanced,0,0.3549095283742186,0,0,0.508948747466645,proxy_N1_ge2,completo
1972,rf,sem_peso,0,0.28751862339518647,0,0,0.4027394907776486,proxy_N1_ge2,completo
1972,rf,undersampling,0,0.579329816408222,1,0,0.6004419553528685,proxy_N1_ge2,completo
1972,rf,thr_calibrado,0,0.3549095283742186,0,0,0.42529454130177047,proxy_N1_ge2,completo
1973,rf,balanced,0,0.2915410383065602,0,0,0.5090753984636093,proxy_N1_ge2,completo
1973,rf,sem_peso,0,0.23784845488694384,0,0,0.40742661125530627,proxy_N1_ge2,completo
1973,rf,undersampling,0,0.37801803424473684,0,0,0.5435723273888131,proxy_N1_ge2,completo
1973,rf,thr_calibrado,0,0.2915410383065602,0,0,0.4129575054722124,proxy_N1_ge2,completo
1974,rf,balanced,0,0.38378864856436773,0,0,0.517434019821938,proxy_N1_ge2,completo
1974,rf,sem_peso,0,0.3019907869847654,0,0,0.40558902758467513,proxy_N1_ge2,completo
1974,rf,undersampling,0,0.5080178556221903,1,0,0.5913435609711928,proxy_N1_ge2,completo
1974,rf,thr_calibrado,0,0.38378864856436773,0,0,0.4129575054722124,proxy_N1_ge2,completo
1975,rf,balanced,0,0.3126428508329434,0,0,0.533863028680996,proxy_N1_ge2,completo
1975,rf,sem_peso,0,0.2472831660564331,0,0,0.3997695274196418,proxy_N1_ge2,completo
1975,rf,undersampling,0,0.37115149597564484,0,0,0.5623258257824048,proxy_N1_ge2,completo
1975,rf,thr_calibrado,0,0.3126428508329434,0,0,0.3950156382444853,proxy_N1_ge2,completo
1976,rf,balanced,0,0.29001616660495716,0,0,0.5325886413854061,proxy_N1_ge2,completo
1976,rf,sem_peso,0,0.21494040418455235,0,0,0.3915068722428199,proxy_N1_ge2,completo
1976,rf,undersampling,0,0.4610451026012171,0,0,0.5533489825018466,proxy_N1_ge2,completo
1976,rf,thr_calibrado,0,0.29001616660495716,0,0,0.3862693555476448,proxy_N1_ge2,completo
1977,rf,balanced,1,0.269137773572495,0,0,0.5208837658185818,proxy_N1_ge2,completo
1977,rf,sem_peso,1,0.20960976327452918,0,0,0.39067545204294096,proxy_N1_ge2,completo
1977,rf,undersampling,1,0.4184698471033607,0,0,0.5559359716221173,proxy_N1_ge2,completo
1977,rf,thr_calibrado,1,0.269137773572495,0,0,0.39411802122731027,proxy_N1_ge2,completo
1978,rf,balanced,0,0.22523202636975023,0,0,0.5278527845184415,proxy_N1_ge2,completo
1978,rf,sem_peso,0,0.16589743656186748,0,0,0.3863631394693423,proxy_N1_ge2,completo
1978,rf,undersampling,0,0.44383996356240946,0,0,0.5405289388801772,proxy_N1_ge2,completo
1978,rf,thr_calibrado,0,0.22523202636975023,0,0,0.399830505788434,proxy_N1_ge2,completo
1979,rf,balanced,0,0.3285954058048331,0,0,0.5074269369261095,proxy_N1_ge2,completo
1979,rf,sem_peso,0,0.23771670384710378,0,0,0.3972671891212757,proxy_N1_ge2,completo
1979,rf,undersampling,0,0.5208935759344427,1,0,0.5473580480206641,proxy_N1_ge2,completo
1979,rf,thr_calibrado,0,0.3285954058048331,0,0,0.399830505788434,proxy_N1_ge2,completo
1980,rf,balanced,0,0.39665788602754326,0,0,0.5094385024865637,proxy_N1_ge2,completo
1980,rf,sem_peso,0,0.3307966814705935,0,0,0.4011207352891902,proxy_N1_ge2,completo
1980,rf,undersampling,0,0.5856808703164741,1,1,0.5387937515185195,proxy_N1_ge2,completo
1980,rf,thr_calibrado,0,0.39665788602754337,0,0,0.43897898252956885,proxy_N1_ge2,completo
1981,rf,balanced,0,0.3285229217538295,0,0,0.5209843994585284,proxy_N1_ge2,completo
1981,rf,sem_peso,0,0.24312165586120296,0,0,0.39568449726595134,proxy_N1_ge2,completo
1981,rf,undersampling,0,0.4176237065823754,0,0,0.5344516903547087,proxy_N1_ge2,completo
1981,rf,thr_calibrado,0,0.3285229217538295,0,0,0.4556847781477967,proxy_N1_ge2,completo
1982,rf,balanced,0,0.25897543292986985,0,0,0.5165366119629996,proxy_N1_ge2,completo
1982,rf,sem_peso,0,0.16425980145044358,0,0,0.4102544739290005,proxy_N1_ge2,completo
1982,rf,undersampling,0,0.3572923744470185,0,0,0.5588381917446158,proxy_N1_ge2,completo
1982,rf,thr_calibrado,0,0.2589754329298699,0,0,0.31011769378549436,proxy_N1_ge2,completo
1983,rf,balanced,0,0.23857909363009946,0,0,0.5264562914730302,proxy_N1_ge2,completo
1983,rf,sem_peso,0,0.1603721134565554,0,0,0.3893086797694395,proxy_N1_ge2,completo
1983,rf,undersampling,0,0.390661750994104,0,0,0.5601061689170821,proxy_N1_ge2,completo
1983,rf,thr_calibrado,0,0.23857909363009946,0,0,0.4580222696575477,proxy_N1_ge2,completo
1984,rf,balanced,0,0.3419214713043843,0,0,0.5261656445449762,proxy_N1_ge2,completo
1984,rf,sem_peso,0,0.2563476404913366,0,0,0.3898926775430727,proxy_N1_ge2,completo
1984,rf,undersampling,0,0.42907782529647837,0,0,0.5737081363940496,proxy_N1_ge2,completo
1984,rf,thr_calibrado,0,0.3419214713043843,0,0,0.4580222696575477,proxy_N1_ge2,completo
1985,rf,balanced,1,0.4134255907472851,0,0,0.5288879256393518,proxy_N1_ge2,completo
1985,rf,sem_peso,1,0.3194203219717532,0,0,0.3979356462200167,proxy_N1_ge2,completo
1985,rf,undersampling,1,0.56155509173489,1,0,0.5857250443141306,proxy_N1_ge2,completo
1985,rf,thr_calibrado,1,0.4134255907472851,0,0,0.4639820152730871,proxy_N1_ge2,completo
1986,rf,balanced,0,0.2527246575975015,0,0,0.5306053802831496,proxy_N1_ge2,completo
1986,rf,sem_peso,0,0.18144481281617167,0,0,0.40119682032712106,proxy_N1_ge2,completo
1986,rf,undersampling,0,0.37078383974986157,0,0,0.5703660521710829,proxy_N1_ge2,completo
1986,rf,thr_calibrado,0,0.2527246575975015,0,0,0.44581482019424856,proxy_N1_ge2,completo
1987,rf,balanced,0,0.3605203504809176,0,0,0.5208021463321245,proxy_N1_ge2,completo
1987,rf,sem_peso,0,0.263485188798349,0,0,0.38926025852910573,proxy_N1_ge2,completo
1987,rf,undersampling,0,0.4360126064939533,0,0,0.5680108530788094,proxy_N1_ge2,completo
1987,rf,thr_calibrado,0,0.3605203504809176,0,0,0.5188469354791118,proxy_N1_ge2,completo
1988,rf,balanced,0,0.4924433897032881,0,0,0.5273600677444559,proxy_N1_ge2,completo
1988,rf,sem_peso,0,0.37587354108134846,0,0,0.39626312041364764,proxy_N1_ge2,completo
1988,rf,undersampling,0,0.6704602590220238,1,1,0.5882544295144139,proxy_N1_ge2,completo
1988,rf,thr_calibrado,0,0.4924433897032881,0,0,0.5179917073245652,proxy_N1_ge2,completo
1989,rf,balanced,1,0.24723071418336426,0,0,0.5191271899637662,proxy_N1_ge2,completo
1989,rf,sem_peso,1,0.20701567326783604,0,0,0.4002505029433314,proxy_N1_ge2,completo
1989,rf,undersampling,1,0.37544777510071636,0,0,0.5703385120211747,proxy_N1_ge2,completo
1989,rf,thr_calibrado,1,0.24723071418336426,0,0,0.5179917073245652,proxy_N1_ge2,completo
1990,rf,balanced,0,0.3345648752617509,0,0,0.48753960635338073,proxy_N1_ge2,completo
1990,rf,sem_peso,0,0.23514665820974148,0,0,0.3984206193340548,proxy_N1_ge2,completo
1990,rf,undersampling,0,0.45557129856727346,0,0,0.5548089955366269,proxy_N1_ge2,completo
1990,rf,thr_calibrado,0,0.3345648752617509,0,0,0.5180309880884861,proxy_N1_ge2,completo
1991,rf,balanced,0,0.38855279733123527,0,0,0.5079740197223122,proxy_N1_ge2,completo
1991,rf,sem_peso,0,0.3264484866909758,0,0,0.4001750746009333,proxy_N1_ge2,completo
1991,rf,undersampling,0,0.5552860076799707,1,1,0.5410123784110626,proxy_N1_ge2,completo
1991,rf,thr_calibrado,0,0.38855279733123527,0,0,0.5198514649362491,proxy_N1_ge2,completo
1992,rf,balanced,1,0.36807739765323766,0,0,0.5189052424256926,proxy_N1_ge2,completo
1992,rf,sem_peso,1,0.3012430022707473,0,0,0.39696037251072086,proxy_N1_ge2,completo
1992,rf,undersampling,1,0.491592552433806,0,0,0.551162387068269,proxy_N1_ge2,completo
1992,rf,thr_calibrado,1,0.36807739765323766,0,0,0.4963283640178917,proxy_N1_ge2,completo
1993,rf,balanced,0,0.4288329984283655,0,0,0.5238677991945482,proxy_N1_ge2,completo
1993,rf,sem_peso,0,0.32102577721458075,0,0,0.3873359370107835,proxy_N1_ge2,completo
1993,rf,undersampling,0,0.5631492871822594,1,1,0.5549261757735439,proxy_N1_ge2,completo
1993,rf,thr_calibrado,0,0.4288329984283655,0,0,0.48816736468664373,proxy_N1_ge2,completo
1994,rf,balanced,0,0.42450454396821324,0,0,0.524380463346407,proxy_N1_ge2,completo
1994,rf,sem_peso,0,0.3221634824877794,0,0,0.3974969980337882,proxy_N1_ge2,completo
1994,rf,undersampling,0,0.5051721933329827,1,0,0.5376354778096571,proxy_N1_ge2,completo
1994,rf,thr_calibrado,0,0.42450454396821324,0,0,0.4560777693945872,proxy_N1_ge2,completo
1995,rf,balanced,0,0.3551287804175095,0,0,0.5285331774774396,proxy_N1_ge2,completo
1995,rf,sem_peso,0,0.2490427006781012,0,0,0.3883760977867685,proxy_N1_ge2,completo
1995,rf,undersampling,0,0.46707317042823165,0,0,0.5492215228296327,proxy_N1_ge2,completo
1995,rf,thr_calibrado,0,0.3551287804175095,0,0,0.4478403902418085,proxy_N1_ge2,completo
1996,rf,balanced,1,0.3699792863641596,0,0,0.5327072344508152,proxy_N1_ge2,completo
1996,rf,sem_peso,1,0.2552536732665982,0,0,0.39367705776065726,proxy_N1_ge2,completo
1996,rf,undersampling,1,0.5184211386515104,1,0,0.5741986779783183,proxy_N1_ge2,completo
1996,rf,thr_calibrado,1,0.3699792863641596,0,0,0.43675655475459996,proxy_N1_ge2,completo
1997,rf,balanced,0,0.23552210535895163,0,0,0.5316020614120747,proxy_N1_ge2,completo
1997,rf,sem_peso,0,0.15537274473262216,0,0,0.3935335317788541,proxy_N1_ge2,completo
1997,rf,undersampling,0,0.4139254572685355,0,0,0.5458277716727714,proxy_N1_ge2,completo
1997,rf,thr_calibrado,0,0.23552210535895163,0,0,0.40753372017580747,proxy_N1_ge2,completo
1998,rf,balanced,0,0.2761373943025165,0,0,0.5302777089034031,proxy_N1_ge2,completo
1998,rf,sem_peso,0,0.16555069916107792,0,0,0.39640405343297275,proxy_N1_ge2,completo
1998,rf,undersampling,0,0.4680751398068737,0,0,0.5888953952622215,proxy_N1_ge2,completo
1998,rf,thr_calibrado,0,0.2761373943025165,0,1,0.269137773572495,proxy_N1_ge2,completo
1999,rf,balanced,0,0.32212087691702734,0,0,0.5269599094750782,proxy_N1_ge2,completo
1999,rf,sem_peso,0,0.21797912815339643,0,0,0.39914938526663796,proxy_N1_ge2,completo
1999,rf,undersampling,0,0.5003197368020124,1,0,0.5652880360609468,proxy_N1_ge2,completo
1999,rf,thr_calibrado,0,0.32212087691702734,0,0,0.3436105620304823,proxy_N1_ge2,completo
2000,rf,balanced,1,0.2743686930886237,0,0,0.5271785485655106,proxy_N1_ge2,completo
2000,rf,sem_peso,1,0.1621386237955788,0,0,0.4009588651532301,proxy_N1_ge2,completo
2000,rf,undersampling,1,0.4433859125079711,0,0,0.5601060008447004,proxy_N1_ge2,completo
2000,rf,thr_calibrado,1,0.2743686930886237,0,0,0.33625150270799004,proxy_N1_ge2,completo
2001,rf,balanced,0,0.20963665064029108,0,0,0.5089402749450866,proxy_N1_ge2,completo
2001,rf,sem_peso,0,0.1232806311760062,0,0,0.4021283619339192,proxy_N1_ge2,completo
2001,rf,undersampling,0,0.4038480942058643,0,0,0.5601060008447004,proxy_N1_ge2,completo
2001,rf,thr_calibrado,0,0.20963665064029108,0,0,0.444045117642201,proxy_N1_ge2,completo
2002,rf,balanced,0,0.2784260898096633,0,0,0.511312215201809,proxy_N1_ge2,completo
2002,rf,sem_peso,0,0.17835131649382605,0,0,0.4063121701274204,proxy_N1_ge2,completo
2002,rf,undersampling,0,0.4598625702213162,0,0,0.5385985952430679,proxy_N1_ge2,completo
2002,rf,thr_calibrado,0,0.2784260898096633,0,0,0.34788598411552457,proxy_N1_ge2,completo
2003,rf,balanced,0,0.4357728620588474,0,0,0.48072374460441186,proxy_N1_ge2,completo
2003,rf,sem_peso,0,0.31178694133894885,0,0,0.40449518262984807,proxy_N1_ge2,completo
2003,rf,undersampling,0,0.6196771235627118,1,1,0.5385985952430679,proxy_N1_ge2,completo
2003,rf,thr_calibrado,0,0.4357728620588474,0,1,0.33032460041958905,proxy_N1_ge2,completo
2004,rf,balanced,0,0.23444212406201928,0,0,0.4854944978185974,proxy_N1_ge2,completo
2004,rf,sem_peso,0,0.13720934396714454,0,0,0.3954827793893495,proxy_N1_ge2,completo
2004,rf,undersampling,0,0.413344771531164,0,0,0.5664535800456851,proxy_N1_ge2,completo
2004,rf,thr_calibrado,0,0.23444212406201928,0,0,0.33032460041958905,proxy_N1_ge2,completo
2005,rf,balanced,0,0.3031249091673492,0,0,0.5338106054465763,proxy_N1_ge2,completo
2005,rf,sem_peso,0,0.21921363927844806,0,0,0.3793887820213836,proxy_N1_ge2,completo
2005,rf,undersampling,0,0.45628746957365385,0,0,0.5689763417982234,proxy_N1_ge2,completo
2005,rf,thr_calibrado,0,0.3031249091673492,0,0,0.32776268563344224,proxy_N1_ge2,completo
1931,rf,balanced,0,0.45519681109947396,0,0,0.5348060430660516,proxy_N1_ge2,sem_dipl
1931,rf,sem_peso,0,0.3211885079746537,0,0,0.3957980821466114,proxy_N1_ge2,sem_dipl
1931,rf,undersampling,0,0.5290334095642917,1,0,0.5423385927797693,proxy_N1_ge2,sem_dipl
1931,rf,thr_calibrado,0,0.45519681109947396,0,0,0.46433868611453,proxy_N1_ge2,sem_dipl
1932,rf,balanced,1,0.4590102980875565,0,0,0.5326035258358701,proxy_N1_ge2,sem_dipl
1932,rf,sem_peso,1,0.35046943399737507,0,0,0.40952081611199204,proxy_N1_ge2,sem_dipl
1932,rf,undersampling,1,0.5309559252495013,1,0,0.5703231822099473,proxy_N1_ge2,sem_dipl
1932,rf,thr_calibrado,1,0.4590102980875565,0,1,0.27846739321614356,proxy_N1_ge2,sem_dipl
1933,rf,balanced,1,0.3879604724440482,0,0,0.5336582071273025,proxy_N1_ge2,sem_dipl
1933,rf,sem_peso,1,0.27565660628501193,0,0,0.3975236337020389,proxy_N1_ge2,sem_dipl
1933,rf,undersampling,1,0.4751819918643449,0,0,0.5355185378347143,proxy_N1_ge2,sem_dipl
1933,rf,thr_calibrado,1,0.3879604724440482,0,1,0.28392164750830395,proxy_N1_ge2,sem_dipl
1934,rf,balanced,0,0.45288863871755797,0,0,0.5265140959401592,proxy_N1_ge2,sem_dipl
1934,rf,sem_peso,0,0.3407969450226417,0,0,0.39118060028207075,proxy_N1_ge2,sem_dipl
1934,rf,undersampling,0,0.5023366239024135,1,0,0.5404886568883471,proxy_N1_ge2,sem_dipl
1934,rf,thr_calibrado,0,0.45288863871755797,0,1,0.28392164750830395,proxy_N1_ge2,sem_dipl
1935,rf,balanced,0,0.47334783046207196,0,0,0.5085037422442219,proxy_N1_ge2,sem_dipl
1935,rf,sem_peso,0,0.3754659211273762,0,0,0.4034571231829741,proxy_N1_ge2,sem_dipl
1935,rf,undersampling,0,0.5345164949687395,1,1,0.5342581787407641,proxy_N1_ge2,sem_dipl
1935,rf,thr_calibrado,0,0.47334783046207196,0,1,0.26164623680609356,proxy_N1_ge2,sem_dipl
1936,rf,balanced,1,0.4954103496883612,0,0,0.5102481178117395,proxy_N1_ge2,sem_dipl
1936,rf,sem_peso,1,0.3938013475258829,0,0,0.40028550478589164,proxy_N1_ge2,sem_dipl
1936,rf,undersampling,1,0.5839438399921373,1,1,0.533555702287049,proxy_N1_ge2,sem_dipl
1936,rf,thr_calibrado,1,0.4954103496883612,0,1,0.24136743225358592,proxy_N1_ge2,sem_dipl
1937,rf,balanced,1,0.47620404022129686,0,0,0.5168360118148655,proxy_N1_ge2,sem_dipl
1937,rf,sem_peso,1,0.36074920482853934,0,0,0.40337629741259734,proxy_N1_ge2,sem_dipl
1937,rf,undersampling,1,0.5570538192629524,1,1,0.5529051798992194,proxy_N1_ge2,sem_dipl
1937,rf,thr_calibrado,1,0.47620404022129686,0,1,0.2144252769438804,proxy_N1_ge2,sem_dipl
1938,rf,balanced,1,0.46581455934116345,0,0,0.527572423076635,proxy_N1_ge2,sem_dipl
1938,rf,sem_peso,1,0.382222086410322,0,0,0.414864890501655,proxy_N1_ge2,sem_dipl
1938,rf,undersampling,1,0.5066273909097434,1,0,0.5484390498046838,proxy_N1_ge2,sem_dipl
1938,rf,thr_calibrado,1,0.46581455934116345,0,1,0.21261076940626336,proxy_N1_ge2,sem_dipl
1939,rf,balanced,1,0.5081158331102605,1,1,0.5020641234072881,proxy_N1_ge2,sem_dipl
1939,rf,sem_peso,1,0.43395338338132394,0,1,0.4074236758081956,proxy_N1_ge2,sem_dipl
1939,rf,undersampling,1,0.6643368094839456,1,1,0.5653155485467404,proxy_N1_ge2,sem_dipl
1939,rf,thr_calibrado,1,0.5081158331102605,1,1,0.21261076940626336,proxy_N1_ge2,sem_dipl
1940,rf,balanced,1,0.5415032861478964,1,1,0.47927131019824515,proxy_N1_ge2,sem_dipl
1940,rf,sem_peso,1,0.47880336966954606,0,1,0.40152044164985323,proxy_N1_ge2,sem_dipl
1940,rf,undersampling,1,0.6288088141476691,1,1,0.5457098151074933,proxy_N1_ge2,sem_dipl
1940,rf,thr_calibrado,1,0.5415032861478964,1,1,0.2704013721004344,proxy_N1_ge2,sem_dipl
1941,rf,balanced,0,0.4949229846356075,0,0,0.5075931987298359,proxy_N1_ge2,sem_dipl
1941,rf,sem_peso,0,0.42661009154244456,0,1,0.4233730385627443,proxy_N1_ge2,sem_dipl
1941,rf,undersampling,0,0.6212203722404188,1,1,0.6186920859326429,proxy_N1_ge2,sem_dipl
1941,rf,thr_calibrado,0,0.4949229846356075,0,1,0.2517363531829405,proxy_N1_ge2,sem_dipl
1942,rf,balanced,1,0.5559937895311398,1,1,0.49916551327107805,proxy_N1_ge2,sem_dipl
1942,rf,sem_peso,1,0.5065312265735635,1,1,0.450333908411849,proxy_N1_ge2,sem_dipl
1942,rf,undersampling,1,0.6400571104162441,1,1,0.6222224427533252,proxy_N1_ge2,sem_dipl
1942,rf,thr_calibrado,1,0.5559937895311398,1,1,0.4376335165966607,proxy_N1_ge2,sem_dipl
1943,rf,balanced,0,0.3816679680584173,0,0,0.5009542466866728,proxy_N1_ge2,sem_dipl
1943,rf,sem_peso,0,0.3263349177740044,0,0,0.42140896575045156,proxy_N1_ge2,sem_dipl
1943,rf,undersampling,0,0.4797253921431161,0,0,0.5608376947527876,proxy_N1_ge2,sem_dipl
1943,rf,thr_calibrado,0,0.3816679680584173,0,0,0.3879604724440482,proxy_N1_ge2,sem_dipl
1944,rf,balanced,0,0.4370664511035752,0,0,0.5025100039809285,proxy_N1_ge2,sem_dipl
1944,rf,sem_peso,0,0.38964497414350335,0,0,0.4321565790934211,proxy_N1_ge2,sem_dipl
1944,rf,undersampling,0,0.4824349742105162,0,0,0.5375432023858496,proxy_N1_ge2,sem_dipl
1944,rf,thr_calibrado,0,0.4370664511035752,0,1,0.3879604724440482,proxy_N1_ge2,sem_dipl
1945,rf,balanced,0,0.2703813298723992,0,0,0.5063890794207924,proxy_N1_ge2,sem_dipl
1945,rf,sem_peso,0,0.23206636427727767,0,0,0.42857871907933837,proxy_N1_ge2,sem_dipl
1945,rf,undersampling,0,0.4060285430599674,0,0,0.5247921074883148,proxy_N1_ge2,sem_dipl
1945,rf,thr_calibrado,0,0.2703813298723992,0,0,0.4570882884408423,proxy_N1_ge2,sem_dipl
1946,rf,balanced,1,0.28427832179753665,0,0,0.5056644702779856,proxy_N1_ge2,sem_dipl
1946,rf,sem_peso,1,0.25557605555778934,0,0,0.4117877890083769,proxy_N1_ge2,sem_dipl
1946,rf,undersampling,1,0.4028393582853334,0,0,0.5174679952916021,proxy_N1_ge2,sem_dipl
1946,rf,thr_calibrado,1,0.28427832179753665,0,0,0.4843013633193381,proxy_N1_ge2,sem_dipl
1947,rf,balanced,0,0.353323345178355,0,0,0.5063994396664661,proxy_N1_ge2,sem_dipl
1947,rf,sem_peso,0,0.3105499227586998,0,0,0.4266266653109527,proxy_N1_ge2,sem_dipl
1947,rf,undersampling,0,0.46164683757075375,0,0,0.518148401383618,proxy_N1_ge2,sem_dipl
1947,rf,thr_calibrado,0,0.353323345178355,0,0,0.47984046219900733,proxy_N1_ge2,sem_dipl
1948,rf,balanced,0,0.4392589193510215,0,0,0.4930042649577299,proxy_N1_ge2,sem_dipl
1948,rf,sem_peso,0,0.39664965993758555,0,0,0.4445130477279856,proxy_N1_ge2,sem_dipl
1948,rf,undersampling,0,0.5619624709054276,1,0,0.5882574883922406,proxy_N1_ge2,sem_dipl
1948,rf,thr_calibrado,0,0.4392589193510215,0,0,0.44417601989916755,proxy_N1_ge2,sem_dipl
1949,rf,balanced,1,0.5297799431883021,1,1,0.48900656426469896,proxy_N1_ge2,sem_dipl
1949,rf,sem_peso,1,0.4544816939138146,0,1,0.4122503447121223,proxy_N1_ge2,sem_dipl
1949,rf,undersampling,1,0.5686629975455957,1,1,0.5279615691240304,proxy_N1_ge2,sem_dipl
1949,rf,thr_calibrado,1,0.5297799431883021,1,1,0.44417601989916755,proxy_N1_ge2,sem_dipl
1950,rf,balanced,0,0.525084694529714,1,1,0.5131757695431813,proxy_N1_ge2,sem_dipl
1950,rf,sem_peso,0,0.44363946756717637,0,1,0.4171172347501887,proxy_N1_ge2,sem_dipl
1950,rf,undersampling,0,0.5558062123463058,1,1,0.5017963150884203,proxy_N1_ge2,sem_dipl
1950,rf,thr_calibrado,0,0.525084694529714,1,1,0.46581455934116345,proxy_N1_ge2,sem_dipl
1951,rf,balanced,0,0.5141944379035827,1,1,0.5012227407745455,proxy_N1_ge2,sem_dipl
1951,rf,sem_peso,0,0.42453623386417516,0,1,0.4150721326300869,proxy_N1_ge2,sem_dipl
1951,rf,undersampling,0,0.6048445029686521,1,1,0.5403596697677969,proxy_N1_ge2,sem_dipl
1951,rf,thr_calibrado,0,0.5141944379035827,1,1,0.4543224732243916,proxy_N1_ge2,sem_dipl
1952,rf,balanced,0,0.3941264222390627,0,0,0.4995205369038735,proxy_N1_ge2,sem_dipl
1952,rf,sem_peso,0,0.302400532110362,0,0,0.41748465499069165,proxy_N1_ge2,sem_dipl
1952,rf,undersampling,0,0.5232105272178799,1,0,0.5403596697677969,proxy_N1_ge2,sem_dipl
1952,rf,thr_calibrado,0,0.3941264222390627,0,0,0.4531867159257747,proxy_N1_ge2,sem_dipl
1953,rf,balanced,0,0.37349058595919593,0,0,0.502701367228099,proxy_N1_ge2,sem_dipl
1953,rf,sem_peso,0,0.3042110600530556,0,0,0.4161514000192469,proxy_N1_ge2,sem_dipl
1953,rf,undersampling,0,0.4692844676393438,0,0,0.5587835673872047,proxy_N1_ge2,sem_dipl
1953,rf,thr_calibrado,0,0.37349058595919593,0,0,0.5021484237244661,proxy_N1_ge2,sem_dipl
1954,rf,balanced,1,0.30026854369491385,0,0,0.5006886567148473,proxy_N1_ge2,sem_dipl
1954,rf,sem_peso,1,0.22618123478960514,0,0,0.42214011023376297,proxy_N1_ge2,sem_dipl
1954,rf,undersampling,1,0.34762675176560665,0,0,0.5506375669651985,proxy_N1_ge2,sem_dipl
1954,rf,thr_calibrado,1,0.30026854369491385,0,0,0.5021484237244661,proxy_N1_ge2,sem_dipl
1955,rf,balanced,0,0.3454900116406443,0,0,0.5079532484744455,proxy_N1_ge2,sem_dipl
1955,rf,sem_peso,0,0.2827125413428607,0,0,0.3993494006251746,proxy_N1_ge2,sem_dipl
1955,rf,undersampling,0,0.4596513090968197,0,0,0.5243443036237928,proxy_N1_ge2,sem_dipl
1955,rf,thr_calibrado,0,0.3454900116406443,0,0,0.5136920216613915,proxy_N1_ge2,sem_dipl
1956,rf,balanced,0,0.3648512034126142,0,0,0.49301436443958224,proxy_N1_ge2,sem_dipl
1956,rf,sem_peso,0,0.2916668543357714,0,0,0.4239763105177962,proxy_N1_ge2,sem_dipl
1956,rf,undersampling,0,0.4652991864087064,0,0,0.5225881855502594,proxy_N1_ge2,sem_dipl
1956,rf,thr_calibrado,0,0.3648512034126142,0,0,0.5000997786952665,proxy_N1_ge2,sem_dipl
1957,rf,balanced,0,0.39878941095555326,0,0,0.5044090717480888,proxy_N1_ge2,sem_dipl
1957,rf,sem_peso,0,0.3117264800601261,0,0,0.411874390621831,proxy_N1_ge2,sem_dipl
1957,rf,undersampling,0,0.47523919686264887,0,0,0.5494028867417408,proxy_N1_ge2,sem_dipl
1957,rf,thr_calibrado,0,0.39878941095555326,0,0,0.5139217132031804,proxy_N1_ge2,sem_dipl
1958,rf,balanced,0,0.4905228331754976,0,1,0.48627663156542195,proxy_N1_ge2,sem_dipl
1958,rf,sem_peso,0,0.4030191622388512,0,1,0.39878123323876247,proxy_N1_ge2,sem_dipl
1958,rf,undersampling,0,0.5453295016558943,1,0,0.5498959597677865,proxy_N1_ge2,sem_dipl
1958,rf,thr_calibrado,0,0.4905228331754976,0,0,0.506143451318896,proxy_N1_ge2,sem_dipl
1959,rf,balanced,0,0.23946479477925273,0,0,0.49712635397937843,proxy_N1_ge2,sem_dipl
1959,rf,sem_peso,0,0.16323920813517329,0,0,0.3928139416727698,proxy_N1_ge2,sem_dipl
1959,rf,undersampling,0,0.34233636596461664,0,0,0.5526623453773607,proxy_N1_ge2,sem_dipl
1959,rf,thr_calibrado,0,0.23946479477925273,0,0,0.506143451318896,proxy_N1_ge2,sem_dipl
1960,rf,balanced,1,0.4063283599626917,0,0,0.48234657445488005,proxy_N1_ge2,sem_dipl
1960,rf,sem_peso,1,0.3155918986625276,0,0,0.37629242812298846,proxy_N1_ge2,sem_dipl
1960,rf,undersampling,1,0.4887902419475947,0,0,0.5612051233510209,proxy_N1_ge2,sem_dipl
1960,rf,thr_calibrado,1,0.4063283599626917,0,0,0.5191244722953349,proxy_N1_ge2,sem_dipl
1961,rf,balanced,0,0.3700684361332392,0,0,0.4838443180478754,proxy_N1_ge2,sem_dipl
1961,rf,sem_peso,0,0.2892116099047684,0,0,0.4241645787249949,proxy_N1_ge2,sem_dipl
1961,rf,undersampling,0,0.41682196031522695,0,0,0.5493329119796614,proxy_N1_ge2,sem_dipl
1961,rf,thr_calibrado,0,0.3700684361332392,0,0,0.5386830680257538,proxy_N1_ge2,sem_dipl
1962,rf,balanced,0,0.4176668703319428,0,0,0.48962087130689985,proxy_N1_ge2,sem_dipl
1962,rf,sem_peso,0,0.3405960879013241,0,0,0.40688189494594107,proxy_N1_ge2,sem_dipl
1962,rf,undersampling,0,0.4551516689107247,0,0,0.5538263670969554,proxy_N1_ge2,sem_dipl
1962,rf,thr_calibrado,0,0.4176668703319428,0,0,0.4832803739323697,proxy_N1_ge2,sem_dipl
1963,rf,balanced,1,0.4114772057193463,0,0,0.49505561491944705,proxy_N1_ge2,sem_dipl
1963,rf,sem_peso,1,0.3257569815377898,0,0,0.40628468122749867,proxy_N1_ge2,sem_dipl
1963,rf,undersampling,1,0.43007280383015684,0,0,0.551720788722801,proxy_N1_ge2,sem_dipl
1963,rf,thr_calibrado,1,0.4114772057193463,0,0,0.478166387270579,proxy_N1_ge2,sem_dipl
1964,rf,balanced,0,0.30671905907237806,0,0,0.4988459352934232,proxy_N1_ge2,sem_dipl
1964,rf,sem_peso,0,0.24700584389116267,0,0,0.3846429216831123,proxy_N1_ge2,sem_dipl
1964,rf,undersampling,0,0.46717094853031366,0,0,0.5198682715976831,proxy_N1_ge2,sem_dipl
1964,rf,thr_calibrado,0,0.30671905907237806,0,0,0.478166387270579,proxy_N1_ge2,sem_dipl
1965,rf,balanced,0,0.3565957141934782,0,0,0.49158134515911694,proxy_N1_ge2,sem_dipl
1965,rf,sem_peso,0,0.2793117721246642,0,0,0.38376397063704587,proxy_N1_ge2,sem_dipl
1965,rf,undersampling,0,0.4211293318566541,0,0,0.5882360112797419,proxy_N1_ge2,sem_dipl
1965,rf,thr_calibrado,0,0.3565957141934782,0,0,0.43796876774198135,proxy_N1_ge2,sem_dipl
1966,rf,balanced,0,0.3056681068102783,0,0,0.4982550852516408,proxy_N1_ge2,sem_dipl
1966,rf,sem_peso,0,0.22448479375205488,0,0,0.38184182322497917,proxy_N1_ge2,sem_dipl
1966,rf,undersampling,0,0.4425857891420583,0,0,0.5663469604870535,proxy_N1_ge2,sem_dipl
1966,rf,thr_calibrado,0,0.3056681068102783,0,0,0.44618246065436257,proxy_N1_ge2,sem_dipl
1967,rf,balanced,0,0.20037234795846584,0,0,0.48417557531534045,proxy_N1_ge2,sem_dipl
1967,rf,sem_peso,0,0.13987876864475698,0,0,0.4107112099702226,proxy_N1_ge2,sem_dipl
1967,rf,undersampling,0,0.314660038568243,0,0,0.5458800057785349,proxy_N1_ge2,sem_dipl
1967,rf,thr_calibrado,0,0.20037234795846584,0,0,0.44279894832014066,proxy_N1_ge2,sem_dipl
1968,rf,balanced,0,0.2386483944269549,0,0,0.48928116877080197,proxy_N1_ge2,sem_dipl
1968,rf,sem_peso,0,0.14075371151991864,0,0,0.36735208094834604,proxy_N1_ge2,sem_dipl
1968,rf,undersampling,0,0.3452509168506071,0,0,0.5274339255601639,proxy_N1_ge2,sem_dipl
1968,rf,thr_calibrado,0,0.2386483944269549,0,0,0.4244635874754676,proxy_N1_ge2,sem_dipl
1969,rf,balanced,0,0.13582468339902637,0,0,0.4982540312251877,proxy_N1_ge2,sem_dipl
1969,rf,sem_peso,0,0.0798333515174771,0,0,0.3712810838509101,proxy_N1_ge2,sem_dipl
1969,rf,undersampling,0,0.2834302852720037,0,0,0.5274339255601639,proxy_N1_ge2,sem_dipl
1969,rf,thr_calibrado,0,0.13582468339902637,0,0,0.4244635874754676,proxy_N1_ge2,sem_dipl
1970,rf,balanced,0,0.2599396080784523,0,0,0.4912996207690883,proxy_N1_ge2,sem_dipl
1970,rf,sem_peso,0,0.17508461129093822,0,0,0.37614179867150604,proxy_N1_ge2,sem_dipl
1970,rf,undersampling,0,0.39042102049137645,0,0,0.5345039667848495,proxy_N1_ge2,sem_dipl
1970,rf,thr_calibrado,0,0.2599396080784523,0,0,0.4284130009124806,proxy_N1_ge2,sem_dipl
1971,rf,balanced,0,0.39551444615450565,0,0,0.5029869049530705,proxy_N1_ge2,sem_dipl
1971,rf,sem_peso,0,0.3147794679179952,0,0,0.37106777714344596,proxy_N1_ge2,sem_dipl
1971,rf,undersampling,0,0.552729829406919,1,1,0.5259211692418343,proxy_N1_ge2,sem_dipl
1971,rf,thr_calibrado,0,0.39551444615450565,0,0,0.41583261290895895,proxy_N1_ge2,sem_dipl
1972,rf,balanced,0,0.36179806702403816,0,0,0.4878062189136067,proxy_N1_ge2,sem_dipl
1972,rf,sem_peso,0,0.29473158038476777,0,0,0.3610436455475048,proxy_N1_ge2,sem_dipl
1972,rf,undersampling,0,0.5875019249326524,1,1,0.5301431573328631,proxy_N1_ge2,sem_dipl
1972,rf,thr_calibrado,0,0.3617980670240381,0,0,0.45082594554079464,proxy_N1_ge2,sem_dipl
1973,rf,balanced,0,0.31780989862852727,0,0,0.49257846948621387,proxy_N1_ge2,sem_dipl
1973,rf,sem_peso,0,0.24870807723448843,0,0,0.36025369985819916,proxy_N1_ge2,sem_dipl
1973,rf,undersampling,0,0.3864495094344942,0,0,0.5429413574557537,proxy_N1_ge2,sem_dipl
1973,rf,thr_calibrado,0,0.31780989862852727,0,0,0.44849063401979106,proxy_N1_ge2,sem_dipl
1974,rf,balanced,0,0.41736100733806947,0,0,0.49365023157879756,proxy_N1_ge2,sem_dipl
1974,rf,sem_peso,0,0.3450162523219116,0,0,0.4063607236467919,proxy_N1_ge2,sem_dipl
1974,rf,undersampling,0,0.49035459745792565,0,0,0.5640366745311792,proxy_N1_ge2,sem_dipl
1974,rf,thr_calibrado,0,0.41736100733806947,0,0,0.44849063401979106,proxy_N1_ge2,sem_dipl
1975,rf,balanced,0,0.3128227668504464,0,0,0.4942280749567635,proxy_N1_ge2,sem_dipl
1975,rf,sem_peso,0,0.2597191652789989,0,0,0.400134019781894,proxy_N1_ge2,sem_dipl
1975,rf,undersampling,0,0.36337840354519924,0,0,0.5631999115779301,proxy_N1_ge2,sem_dipl
1975,rf,thr_calibrado,0,0.3128227668504464,0,0,0.4498071964906909,proxy_N1_ge2,sem_dipl
1976,rf,balanced,0,0.28375486176001996,0,0,0.4890345477602688,proxy_N1_ge2,sem_dipl
1976,rf,sem_peso,0,0.20789968768316033,0,0,0.3934531113400083,proxy_N1_ge2,sem_dipl
1976,rf,undersampling,0,0.46354131207144056,0,0,0.5436627019781044,proxy_N1_ge2,sem_dipl
1976,rf,thr_calibrado,0,0.28375486176001996,0,0,0.4417037342238334,proxy_N1_ge2,sem_dipl
1977,rf,balanced,1,0.24549338660781717,0,0,0.4988588664670389,proxy_N1_ge2,sem_dipl
1977,rf,sem_peso,1,0.2038514798740346,0,0,0.388000015430369,proxy_N1_ge2,sem_dipl
1977,rf,undersampling,1,0.39340772053883466,0,0,0.5747092971613869,proxy_N1_ge2,sem_dipl
1977,rf,thr_calibrado,1,0.24549338660781717,0,0,0.4425369406815289,proxy_N1_ge2,sem_dipl
1978,rf,balanced,0,0.25513353682059586,0,0,0.4836029186609703,proxy_N1_ge2,sem_dipl
1978,rf,sem_peso,0,0.18559993590023457,0,0,0.3928230967480459,proxy_N1_ge2,sem_dipl
1978,rf,undersampling,0,0.4368549411544766,0,0,0.5289207902348769,proxy_N1_ge2,sem_dipl
1978,rf,thr_calibrado,0,0.25513353682059586,0,0,0.39648101034002553,proxy_N1_ge2,sem_dipl
1979,rf,balanced,0,0.33728190017869114,0,0,0.48367023350020294,proxy_N1_ge2,sem_dipl
1979,rf,sem_peso,0,0.2338528961029759,0,0,0.38994307125420274,proxy_N1_ge2,sem_dipl
1979,rf,undersampling,0,0.46194073156805365,0,0,0.5296639332889334,proxy_N1_ge2,sem_dipl
1979,rf,thr_calibrado,0,0.33728190017869114,0,0,0.43615239427400676,proxy_N1_ge2,sem_dipl
1980,rf,balanced,0,0.42588141709885674,0,0,0.48279284016683843,proxy_N1_ge2,sem_dipl
1980,rf,sem_peso,0,0.3381370398168723,0,0,0.40017210949613136,proxy_N1_ge2,sem_dipl
1980,rf,undersampling,0,0.5739444328633188,1,1,0.5430480896554429,proxy_N1_ge2,sem_dipl
1980,rf,thr_calibrado,0,0.42588141709885674,0,0,0.4429018202995928,proxy_N1_ge2,sem_dipl
1981,rf,balanced,0,0.2982229665037617,0,0,0.5267210644161822,proxy_N1_ge2,sem_dipl
1981,rf,sem_peso,0,0.22059494299613733,0,0,0.3997380916071739,proxy_N1_ge2,sem_dipl
1981,rf,undersampling,0,0.4132371432489081,0,0,0.5893992438847705,proxy_N1_ge2,sem_dipl
1981,rf,thr_calibrado,0,0.2982229665037617,0,0,0.4114772057193463,proxy_N1_ge2,sem_dipl
1982,rf,balanced,0,0.22176345426042715,0,0,0.5317171083435944,proxy_N1_ge2,sem_dipl
1982,rf,sem_peso,0,0.14703658332402106,0,0,0.3979174781747896,proxy_N1_ge2,sem_dipl
1982,rf,undersampling,0,0.31964422731887404,0,0,0.5695415047370926,proxy_N1_ge2,sem_dipl
1982,rf,thr_calibrado,0,0.22176345426042715,0,0,0.35055438380026566,proxy_N1_ge2,sem_dipl
1983,rf,balanced,0,0.21373221114359162,0,0,0.5334847103991506,proxy_N1_ge2,sem_dipl
1983,rf,sem_peso,0,0.16019521252698532,0,0,0.4159570675339924,proxy_N1_ge2,sem_dipl
1983,rf,undersampling,0,0.3669306055399705,0,0,0.5851576975741837,proxy_N1_ge2,sem_dipl
1983,rf,thr_calibrado,0,0.21373221114359162,0,0,0.4535567211474204,proxy_N1_ge2,sem_dipl
1984,rf,balanced,0,0.3527149560913593,0,0,0.5413768478832693,proxy_N1_ge2,sem_dipl
1984,rf,sem_peso,0,0.26659844253713144,0,0,0.397371642976163,proxy_N1_ge2,sem_dipl
1984,rf,undersampling,0,0.44931468893425397,0,0,0.5760945946494532,proxy_N1_ge2,sem_dipl
1984,rf,thr_calibrado,0,0.3527149560913593,0,0,0.4535567211474204,proxy_N1_ge2,sem_dipl
1985,rf,balanced,1,0.37928580662713335,0,0,0.5386168797457506,proxy_N1_ge2,sem_dipl
1985,rf,sem_peso,1,0.255847194842009,0,0,0.40197468980840373,proxy_N1_ge2,sem_dipl
1985,rf,undersampling,1,0.5481896649274361,1,0,0.566038780784059,proxy_N1_ge2,sem_dipl
1985,rf,thr_calibrado,1,0.37928580662713335,0,0,0.4438101024534195,proxy_N1_ge2,sem_dipl
1986,rf,balanced,0,0.21435951342098453,0,0,0.5404868854690466,proxy_N1_ge2,sem_dipl
1986,rf,sem_peso,0,0.14358735008839255,0,0,0.4036349458598045,proxy_N1_ge2,sem_dipl
1986,rf,undersampling,0,0.35743255067086355,0,0,0.5870343318274434,proxy_N1_ge2,sem_dipl
1986,rf,thr_calibrado,0,0.21435951342098453,0,0,0.43873084234697174,proxy_N1_ge2,sem_dipl
1987,rf,balanced,0,0.22008768721636757,0,0,0.5337436139394295,proxy_N1_ge2,sem_dipl
1987,rf,sem_peso,0,0.14366936596811994,0,0,0.3987417919549135,proxy_N1_ge2,sem_dipl
1987,rf,undersampling,0,0.3819777725370605,0,0,0.5685601259851257,proxy_N1_ge2,sem_dipl
1987,rf,thr_calibrado,0,0.22008768721636757,0,0,0.5063621717153616,proxy_N1_ge2,sem_dipl
1988,rf,balanced,0,0.44233130105521845,0,0,0.5229210470375177,proxy_N1_ge2,sem_dipl
1988,rf,sem_peso,0,0.3348513367643178,0,0,0.3975364958365496,proxy_N1_ge2,sem_dipl
1988,rf,undersampling,0,0.6654454755684633,1,1,0.5835014931576852,proxy_N1_ge2,sem_dipl
1988,rf,thr_calibrado,0,0.44233130105521845,0,0,0.4957734024229317,proxy_N1_ge2,sem_dipl
1989,rf,balanced,1,0.20258896656269462,0,0,0.5233142939124817,proxy_N1_ge2,sem_dipl
1989,rf,sem_peso,1,0.13852946053695414,0,0,0.39813308343364034,proxy_N1_ge2,sem_dipl
1989,rf,undersampling,1,0.30499014276057634,0,0,0.5420611940776799,proxy_N1_ge2,sem_dipl
1989,rf,thr_calibrado,1,0.20258896656269462,0,0,0.4957734024229317,proxy_N1_ge2,sem_dipl
1990,rf,balanced,0,0.29630063154760417,0,0,0.5261295546683381,proxy_N1_ge2,sem_dipl
1990,rf,sem_peso,0,0.21511030779404336,0,0,0.40332460545728027,proxy_N1_ge2,sem_dipl
1990,rf,undersampling,0,0.4183440796905197,0,0,0.5791509797821714,proxy_N1_ge2,sem_dipl
1990,rf,thr_calibrado,0,0.29630063154760417,0,0,0.48827827360558357,proxy_N1_ge2,sem_dipl
1991,rf,balanced,0,0.3952142304338168,0,0,0.49214222286792936,proxy_N1_ge2,sem_dipl
1991,rf,sem_peso,0,0.3236656359972936,0,0,0.4059678335254155,proxy_N1_ge2,sem_dipl
1991,rf,undersampling,0,0.5369033550728592,1,0,0.5811395976142878,proxy_N1_ge2,sem_dipl
1991,rf,thr_calibrado,0,0.3952142304338168,0,0,0.4945779303138019,proxy_N1_ge2,sem_dipl
1992,rf,balanced,1,0.36961950004307054,0,0,0.5115103268342375,proxy_N1_ge2,sem_dipl
1992,rf,sem_peso,1,0.28833389928578285,0,0,0.41200196342529477,proxy_N1_ge2,sem_dipl
1992,rf,undersampling,1,0.48273747638416215,0,0,0.5870297456267866,proxy_N1_ge2,sem_dipl
1992,rf,thr_calibrado,1,0.36961950004307054,0,0,0.4602320691832767,proxy_N1_ge2,sem_dipl
1993,rf,balanced,0,0.46573136645267493,0,0,0.487469668718874,proxy_N1_ge2,sem_dipl
1993,rf,sem_peso,0,0.37086510862044875,0,0,0.4145347777208095,proxy_N1_ge2,sem_dipl
1993,rf,undersampling,0,0.6077177430494903,1,1,0.5925092687812026,proxy_N1_ge2,sem_dipl
1993,rf,thr_calibrado,0,0.46573136645267493,0,1,0.45011778760746834,proxy_N1_ge2,sem_dipl
1994,rf,balanced,0,0.4276370128694135,0,0,0.4606953077022115,proxy_N1_ge2,sem_dipl
1994,rf,sem_peso,0,0.3146952165361525,0,0,0.3269726233634581,proxy_N1_ge2,sem_dipl
1994,rf,undersampling,0,0.49353687586810824,0,0,0.5700719640001646,proxy_N1_ge2,sem_dipl
1994,rf,thr_calibrado,0,0.4276370128694135,0,0,0.45011778760746834,proxy_N1_ge2,sem_dipl
1995,rf,balanced,0,0.3903280292564122,0,0,0.46396790972216834,proxy_N1_ge2,sem_dipl
1995,rf,sem_peso,0,0.27337999292239085,0,0,0.4175120502185863,proxy_N1_ge2,sem_dipl
1995,rf,undersampling,0,0.43743873738710987,0,0,0.5624896734351036,proxy_N1_ge2,sem_dipl
1995,rf,thr_calibrado,0,0.3903280292564122,0,0,0.41859421905108685,proxy_N1_ge2,sem_dipl
1996,rf,balanced,1,0.41120814991731214,0,0,0.4897143407658711,proxy_N1_ge2,sem_dipl
1996,rf,sem_peso,1,0.2821257743892507,0,0,0.41287706800505797,proxy_N1_ge2,sem_dipl
1996,rf,undersampling,1,0.5012711072785517,1,0,0.5621625836358344,proxy_N1_ge2,sem_dipl
1996,rf,thr_calibrado,1,0.41120814991731214,0,0,0.4174156571189207,proxy_N1_ge2,sem_dipl
1997,rf,balanced,0,0.24793047095068912,0,0,0.4851419186632584,proxy_N1_ge2,sem_dipl
1997,rf,sem_peso,0,0.16591203743887678,0,0,0.40494950177403205,proxy_N1_ge2,sem_dipl
1997,rf,undersampling,0,0.4497743566804715,0,0,0.5586976195373253,proxy_N1_ge2,sem_dipl
1997,rf,thr_calibrado,0,0.24793047095068912,0,0,0.3907559765337498,proxy_N1_ge2,sem_dipl
1998,rf,balanced,0,0.2514979704562738,0,0,0.47031201114670546,proxy_N1_ge2,sem_dipl
1998,rf,sem_peso,0,0.18411616083051194,0,0,0.32725051137597344,proxy_N1_ge2,sem_dipl
1998,rf,undersampling,0,0.4325507190521893,0,0,0.5819931851571,proxy_N1_ge2,sem_dipl
1998,rf,thr_calibrado,0,0.2514979704562738,0,0,0.3423217027731466,proxy_N1_ge2,sem_dipl
1999,rf,balanced,0,0.3548912581606896,0,0,0.5030605207293884,proxy_N1_ge2,sem_dipl
1999,rf,sem_peso,0,0.20726892578327014,0,0,0.40704160516252386,proxy_N1_ge2,sem_dipl
1999,rf,undersampling,0,0.5050052520866462,1,0,0.5559409383427032,proxy_N1_ge2,sem_dipl
1999,rf,thr_calibrado,0,0.3548912581606896,0,1,0.3423217027731466,proxy_N1_ge2,sem_dipl
2000,rf,balanced,1,0.3030080248194938,0,0,0.46989423808303654,proxy_N1_ge2,sem_dipl
2000,rf,sem_peso,1,0.17342886345308592,0,0,0.4067953557667962,proxy_N1_ge2,sem_dipl
2000,rf,undersampling,1,0.45750416176874376,0,0,0.5556733511586447,proxy_N1_ge2,sem_dipl
2000,rf,thr_calibrado,1,0.3030080248194938,0,0,0.33384623636034155,proxy_N1_ge2,sem_dipl
2001,rf,balanced,0,0.19666206852883172,0,0,0.475105001896813,proxy_N1_ge2,sem_dipl
2001,rf,sem_peso,0,0.12975313406911942,0,0,0.40742279418355243,proxy_N1_ge2,sem_dipl
2001,rf,undersampling,0,0.38860491451273177,0,0,0.5556733511586446,proxy_N1_ge2,sem_dipl
2001,rf,thr_calibrado,0,0.19666206852883172,0,0,0.3965560697063816,proxy_N1_ge2,sem_dipl
2002,rf,balanced,0,0.2898085956295983,0,0,0.49712194411537153,proxy_N1_ge2,sem_dipl
2002,rf,sem_peso,0,0.19516522450145923,0,0,0.334940178569437,proxy_N1_ge2,sem_dipl
2002,rf,undersampling,0,0.42398194300310393,0,0,0.5924580033857897,proxy_N1_ge2,sem_dipl
2002,rf,thr_calibrado,0,0.2898085956295983,0,0,0.36811949110161135,proxy_N1_ge2,sem_dipl
2003,rf,balanced,0,0.4614950466015367,0,0,0.496809827325328,proxy_N1_ge2,sem_dipl
2003,rf,sem_peso,0,0.317915772366604,0,0,0.3251226543909527,proxy_N1_ge2,sem_dipl
2003,rf,undersampling,0,0.626693345754692,1,1,0.5924580033857897,proxy_N1_ge2,sem_dipl
2003,rf,thr_calibrado,0,0.4614950466015367,0,1,0.35449871528658405,proxy_N1_ge2,sem_dipl
2004,rf,balanced,0,0.22483334403607758,0,0,0.480564434407502,proxy_N1_ge2,sem_dipl
2004,rf,sem_peso,0,0.1357119764736163,0,0,0.33607201213035853,proxy_N1_ge2,sem_dipl
2004,rf,undersampling,0,0.3600747605765942,0,0,0.5639714316870256,proxy_N1_ge2,sem_dipl
2004,rf,thr_calibrado,0,0.22483334403607758,0,0,0.35449871528658405,proxy_N1_ge2,sem_dipl
2005,rf,balanced,0,0.2173296223400731,0,0,0.4697736395590633,proxy_N1_ge2,sem_dipl
2005,rf,sem_peso,0,0.11576971500348329,0,0,0.3445210151060564,proxy_N1_ge2,sem_dipl
2005,rf,undersampling,0,0.3918366649398824,0,0,0.5886188334747221,proxy_N1_ge2,sem_dipl
2005,rf,thr_calibrado,0,0.2173296223400731,0,0,0.3300368296790279,proxy_N1_ge2,sem_dipl
2006,rf,balanced,0,0.16019092858637182,0,0,0.4569557343317903,proxy_N1_ge2,sem_dipl
2006,rf,sem_peso,0,0.09437930066372432,0,0,0.3296678065060474,proxy_N1_ge2,sem_dipl
2006,rf,undersampling,0,0.3369948374306328,0,0,0.5823682730038987,proxy_N1_ge2,sem_dipl
2006,rf,thr_calibrado,0,0.16019092858637182,0,0,0.30846268389863657,proxy_N1_ge2,sem_dipl
2007,rf,balanced,0,0.1309558541385353,0,0,0.5090871785736991,proxy_N1_ge2,sem_dipl
2007,rf,sem_peso,0,0.08053868776370361,0,0,0.34415955322237635,proxy_N1_ge2,sem_dipl
2007,rf,undersampling,0,0.3480520464442066,0,0,0.5924268565913454,proxy_N1_ge2,sem_dipl
2007,rf,thr_calibrado,0,0.1309558541385353,0,0,0.2947723750389473,proxy_N1_ge2,sem_dipl
2008,rf,balanced,0,0.2003368832118905,0,0,0.4503679989216696,proxy_N1_ge2,sem_dipl
2008,rf,sem_peso,0,0.12838778388100147,0,0,0.3481890490450049,proxy_N1_ge2,sem_dipl
2008,rf,undersampling,0,0.31110810387069837,0,0,0.6073997598806422,proxy_N1_ge2,sem_dipl
2008,rf,thr_calibrado,0,0.2003368832118905,0,0,0.28970442031171556,proxy_N1_ge2,sem_dipl
2009,rf,balanced,0,0.3093385850727172,0,0,0.5064550530275775,proxy_N1_ge2,sem_dipl
2009,rf,sem_peso,0,0.23813133398528805,0,0,0.3470522768920034,proxy_N1_ge2,sem_dipl
2009,rf,undersampling,0,0.47550124304132,0,0,0.5981285058393695,proxy_N1_ge2,sem_dipl
2009,rf,thr_calibrado,0,0.3093385850727172,0,1,0.28970442031171556,proxy_N1_ge2,sem_dipl
2010,rf,balanced,0,0.2989123419117009,0,0,0.5148975432637848,proxy_N1_ge2,sem_dipl
2010,rf,sem_peso,0,0.2080848806536857,0,0,0.343878955611808,proxy_N1_ge2,sem_dipl
2010,rf,undersampling,0,0.43609091741975253,0,0,0.5725453753383313,proxy_N1_ge2,sem_dipl
2010,rf,thr_calibrado,0,0.2989123419117009,0,1,0.2704553693449483,proxy_N1_ge2,sem_dipl
2011,rf,balanced,0,0.2536684610699897,0,0,0.45842710796428543,proxy_N1_ge2,sem_dipl
2011,rf,sem_peso,0,0.1448225578762764,0,0,0.3525775012819886,proxy_N1_ge2,sem_dipl
2011,rf,undersampling,0,0.42413064697291525,0,0,0.5632629307555241,proxy_N1_ge2,sem_dipl
2011,rf,thr_calibrado,0,0.2536684610699897,0,0,0.3653497869475228,proxy_N1_ge2,sem_dipl
1931,rf,balanced,0,0.539053585271942,1,1,0.5157808034483511,war_N1_ge2,completo
1931,rf,sem_peso,0,0.38323437836673113,0,1,0.3667000483176952,war_N1_ge2,completo
1931,rf,undersampling,0,0.571885891885892,1,1,0.5398480907980907,war_N1_ge2,completo
1931,rf,thr_calibrado,0,0.539053585271942,1,1,0.40854039034527106,war_N1_ge2,completo
1932,rf,balanced,0,0.512644957537087,1,0,0.5320290754872176,war_N1_ge2,completo
1932,rf,sem_peso,0,0.40748859436916696,0,1,0.3871557902194126,war_N1_ge2,completo
1932,rf,undersampling,0,0.5729701104451108,1,1,0.5367846860655686,war_N1_ge2,completo
1932,rf,thr_calibrado,0,0.512644957537087,1,1,0.26372369889736685,war_N1_ge2,completo
1933,rf,balanced,0,0.44664729643568546,0,0,0.5253837939701491,war_N1_ge2,completo
1933,rf,sem_peso,0,0.32733994889699236,0,0,0.3702322177564437,war_N1_ge2,completo
1933,rf,undersampling,0,0.5903804034201099,1,1,0.5389722323428205,war_N1_ge2,completo
1933,rf,thr_calibrado,0,0.44664729643568546,0,1,0.25436838518144106,war_N1_ge2,completo
1934,rf,balanced,0,0.43822403320471076,0,0,0.5388837121588702,war_N1_ge2,completo
1934,rf,sem_peso,0,0.29770919940053064,0,0,0.3764524524666942,war_N1_ge2,completo
1934,rf,undersampling,0,0.49464855977355954,0,0,0.534959788903906,war_N1_ge2,completo
1934,rf,thr_calibrado,0,0.43822403320471076,0,1,0.25436838518144106,war_N1_ge2,completo
1935,rf,balanced,0,0.4231164053857036,0,0,0.5260981519210317,war_N1_ge2,completo
1935,rf,sem_peso,0,0.2742804277937407,0,0,0.3776389397753947,war_N1_ge2,completo
1935,rf,undersampling,0,0.5397001137751138,1,1,0.4998447430020968,war_N1_ge2,completo
1935,rf,thr_calibrado,0,0.4231164053857036,0,1,0.24997274176488274,war_N1_ge2,completo
1936,rf,balanced,1,0.4270137816589523,0,0,0.5315785546267058,war_N1_ge2,completo
1936,rf,sem_peso,1,0.3190898982424525,0,0,0.37061709637112095,war_N1_ge2,completo
1936,rf,undersampling,1,0.5010806087703146,1,0,0.5455289037759626,war_N1_ge2,completo
1936,rf,thr_calibrado,1,0.4270137816589523,0,1,0.23899056346210354,war_N1_ge2,completo
1937,rf,balanced,1,0.4996906242450023,0,0,0.5331617834561945,war_N1_ge2,completo
1937,rf,sem_peso,1,0.35720877233361753,0,0,0.3606759566199192,war_N1_ge2,completo
1937,rf,undersampling,1,0.6352875402375392,1,1,0.5339186537318893,war_N1_ge2,completo
1937,rf,thr_calibrado,1,0.4996906242450023,0,1,0.20410441358233686,war_N1_ge2,completo
1938,rf,balanced,1,0.3715266982849648,0,0,0.534386033405775,war_N1_ge2,completo
1938,rf,sem_peso,1,0.2543507557286196,0,0,0.3717655680920386,war_N1_ge2,completo
1938,rf,undersampling,1,0.5089728763067002,1,0,0.5744643696173112,war_N1_ge2,completo
1938,rf,thr_calibrado,1,0.3715266982849648,0,1,0.20952288626003837,war_N1_ge2,completo
1939,rf,balanced,0,0.4236012455828189,0,0,0.5359449603699983,war_N1_ge2,completo
1939,rf,sem_peso,0,0.34063071171174886,0,0,0.39225031863561255,war_N1_ge2,completo
1939,rf,undersampling,0,0.5379023363203707,1,1,0.5244451483329188,war_N1_ge2,completo
1939,rf,thr_calibrado,0,0.4236012455828189,0,1,0.20952288626003837,war_N1_ge2,completo
1940,rf,balanced,0,0.4190076083610779,0,0,0.5043567508368701,war_N1_ge2,completo
1940,rf,sem_peso,0,0.3546380131478428,0,0,0.38992333289345676,war_N1_ge2,completo
1940,rf,undersampling,0,0.5384145419939539,1,0,0.5637481918408388,war_N1_ge2,completo
1940,rf,thr_calibrado,0,0.4190076083610779,0,1,0.27523764629460273,war_N1_ge2,completo
1941,rf,balanced,0,0.380931358198949,0,0,0.49275100004647643,war_N1_ge2,completo
1941,rf,sem_peso,0,0.30612114454173267,0,0,0.3722008455596693,war_N1_ge2,completo
1941,rf,undersampling,0,0.4474647552481916,0,0,0.527536074915796,war_N1_ge2,completo
1941,rf,thr_calibrado,0,0.380931358198949,0,1,0.2666707193510634,war_N1_ge2,completo
1942,rf,balanced,0,0.35940835392374093,0,0,0.48660829242043013,war_N1_ge2,completo
1942,rf,sem_peso,0,0.2803627578304047,0,0,0.368013043002749,war_N1_ge2,completo
1942,rf,undersampling,0,0.5415583147502653,1,1,0.5384395953977226,war_N1_ge2,completo
1942,rf,thr_calibrado,0,0.35940835392374093,0,0,0.3851807825226481,war_N1_ge2,completo
1943,rf,balanced,0,0.30588164644315596,0,0,0.4879716551586562,war_N1_ge2,completo
1943,rf,sem_peso,0,0.2208550842690161,0,0,0.3600023321020226,war_N1_ge2,completo
1943,rf,undersampling,0,0.48340412019181384,0,0,0.5583227467149295,war_N1_ge2,completo
1943,rf,thr_calibrado,0,0.30588164644315596,0,0,0.37289731598223214,war_N1_ge2,completo
1944,rf,balanced,0,0.14024601724982308,0,0,0.46196194621017345,war_N1_ge2,completo
1944,rf,sem_peso,0,0.1276854824913649,0,0,0.35221226453285287,war_N1_ge2,completo
1944,rf,undersampling,0,0.39761630528054676,0,0,0.5583227467149295,war_N1_ge2,completo
1944,rf,thr_calibrado,0,0.14024601724982308,0,0,0.37289731598223214,war_N1_ge2,completo
1945,rf,balanced,0,0.14980354449010405,0,0,0.4658780752622629,war_N1_ge2,completo
1945,rf,sem_peso,0,0.11276244670362323,0,0,0.3474587543175777,war_N1_ge2,completo
1945,rf,undersampling,0,0.3566187905317938,0,0,0.5678015740365586,war_N1_ge2,completo
1945,rf,thr_calibrado,0,0.14980354449010405,0,0,0.37228383694951783,war_N1_ge2,completo
1946,rf,balanced,1,0.15386023882170669,0,0,0.46149432408134666,war_N1_ge2,completo
1946,rf,sem_peso,1,0.15054651639210473,0,0,0.34960492245972075,war_N1_ge2,completo
1946,rf,undersampling,1,0.31019505445534895,0,0,0.510272587543176,war_N1_ge2,completo
1946,rf,thr_calibrado,1,0.15386023882170669,0,0,0.43052350802013806,war_N1_ge2,completo
1947,rf,balanced,0,0.24450674853131224,0,0,0.4587184107924728,war_N1_ge2,completo
1947,rf,sem_peso,0,0.23406652350917057,0,0,0.3477054551056097,war_N1_ge2,completo
1947,rf,undersampling,0,0.4894752130738197,0,0,0.5461999190867611,war_N1_ge2,completo
1947,rf,thr_calibrado,0,0.24450674853131224,0,0,0.4270137816589523,war_N1_ge2,completo
1948,rf,balanced,0,0.39374459572207854,0,0,0.48802789621180287,war_N1_ge2,completo
1948,rf,sem_peso,0,0.315214943226708,0,0,0.3620315379065379,war_N1_ge2,completo
1948,rf,undersampling,0,0.48479851325145445,0,0,0.5556052398581812,war_N1_ge2,completo
1948,rf,thr_calibrado,0,0.39374459572207854,0,1,0.2715821534158943,war_N1_ge2,completo
1949,rf,balanced,1,0.30250347483681933,0,0,0.4693533130930185,war_N1_ge2,completo
1949,rf,sem_peso,1,0.24014157199010164,0,0,0.3517181903064255,war_N1_ge2,completo
1949,rf,undersampling,1,0.46578388360006,0,0,0.5576826753655704,war_N1_ge2,completo
1949,rf,thr_calibrado,1,0.30250347483681933,0,1,0.2715821534158943,war_N1_ge2,completo
1950,rf,balanced,0,0.3253440270252557,0,0,0.473641128590984,war_N1_ge2,completo
1950,rf,sem_peso,0,0.26098351077027543,0,0,0.335213096123003,war_N1_ge2,completo
1950,rf,undersampling,0,0.48592697857697853,0,0,0.5391017144104605,war_N1_ge2,completo
1950,rf,thr_calibrado,0,0.3253440270252557,0,0,0.5098664148567263,war_N1_ge2,completo
1951,rf,balanced,0,0.4078603317398679,0,0,0.4824803171228561,war_N1_ge2,completo
1951,rf,sem_peso,0,0.29817989233848385,0,0,0.3425491719065249,war_N1_ge2,completo
1951,rf,undersampling,0,0.5148994295779896,1,0,0.5689694851673953,war_N1_ge2,completo
1951,rf,thr_calibrado,0,0.4078603317398679,0,1,0.2774847979908802,war_N1_ge2,completo
1952,rf,balanced,0,0.423099967457525,0,0,0.4749200076867277,war_N1_ge2,completo
1952,rf,sem_peso,0,0.29224136370165765,0,0,0.33687626295273354,war_N1_ge2,completo
1952,rf,undersampling,0,0.5379043634470109,1,1,0.5351224691974696,war_N1_ge2,completo
1952,rf,thr_calibrado,0,0.423099967457525,0,1,0.27640967806374267,war_N1_ge2,completo
1953,rf,balanced,0,0.3611455710934254,0,0,0.47886475532962475,war_N1_ge2,completo
1953,rf,sem_peso,0,0.23285637578795476,0,0,0.33802474369455804,war_N1_ge2,completo
1953,rf,undersampling,0,0.4826444457245545,0,0,0.5294850094092358,war_N1_ge2,completo
1953,rf,thr_calibrado,0,0.3611455710934254,0,1,0.26198920093374634,war_N1_ge2,completo
1954,rf,balanced,0,0.2609661776533108,0,0,0.4885171845993967,war_N1_ge2,completo
1954,rf,sem_peso,0,0.1592660694023226,0,0,0.338584367770621,war_N1_ge2,completo
1954,rf,undersampling,0,0.3870249292674989,0,0,0.5679517905898709,war_N1_ge2,completo
1954,rf,thr_calibrado,0,0.2609661776533108,0,0,0.26198920093374634,war_N1_ge2,completo
1955,rf,balanced,1,0.2394046780890721,0,0,0.4831690802672532,war_N1_ge2,completo
1955,rf,sem_peso,1,0.16553289765789778,0,0,0.3387184092051738,war_N1_ge2,completo
1955,rf,undersampling,1,0.4727008540565043,0,0,0.5560326033271855,war_N1_ge2,completo
1955,rf,thr_calibrado,1,0.2394046780890721,0,0,0.24352556368169667,war_N1_ge2,completo
1956,rf,balanced,1,0.22324185622229653,0,0,0.46705829444764635,war_N1_ge2,completo
1956,rf,sem_peso,1,0.16283400997752406,0,0,0.32457183168139037,war_N1_ge2,completo
1956,rf,undersampling,1,0.42183547902905455,0,0,0.5831211514062132,war_N1_ge2,completo
1956,rf,thr_calibrado,1,0.22324185622229653,0,0,0.2360903675395809,war_N1_ge2,completo
1957,rf,balanced,0,0.31160134309046256,0,0,0.4899653688956231,war_N1_ge2,completo
1957,rf,sem_peso,0,0.20486247807490057,0,0,0.3593380190586846,war_N1_ge2,completo
1957,rf,undersampling,0,0.42253569224892773,0,0,0.561235838018191,war_N1_ge2,completo
1957,rf,thr_calibrado,0,0.31160134309046256,0,1,0.2098863276785908,war_N1_ge2,completo
1958,rf,balanced,0,0.5408634087685796,1,1,0.48411214501533595,war_N1_ge2,completo
1958,rf,sem_peso,0,0.40202802189425124,0,1,0.35808898359122815,war_N1_ge2,completo
1958,rf,undersampling,0,0.567004889606438,1,0,0.5776846514682425,war_N1_ge2,completo
1958,rf,thr_calibrado,0,0.5408634087685796,1,1,0.1593803401497903,war_N1_ge2,completo
1959,rf,balanced,0,0.44623003789307664,0,0,0.4866511716864521,war_N1_ge2,completo
1959,rf,sem_peso,0,0.27168331745606916,0,0,0.3474586315030051,war_N1_ge2,completo
1959,rf,undersampling,0,0.4944193108748837,0,0,0.5580147104615371,war_N1_ge2,completo
1959,rf,thr_calibrado,0,0.44623003789307664,0,1,0.1593803401497903,war_N1_ge2,completo
1960,rf,balanced,0,0.2980971447716129,0,0,0.4818697226932787,war_N1_ge2,completo
1960,rf,sem_peso,0,0.19156866195232797,0,0,0.3497323546905725,war_N1_ge2,completo
1960,rf,undersampling,0,0.38327247747952076,0,0,0.5332203144121102,war_N1_ge2,completo
1960,rf,thr_calibrado,0,0.2980971447716129,0,1,0.15386023882170669,war_N1_ge2,completo
1961,rf,balanced,1,0.3137543748035546,0,0,0.4842343294681157,war_N1_ge2,completo
1961,rf,sem_peso,1,0.1757329727252118,0,0,0.3495073232409146,war_N1_ge2,completo
1961,rf,undersampling,1,0.468699589874462,0,0,0.5594175599770025,war_N1_ge2,completo
1961,rf,thr_calibrado,1,0.3137543748035546,0,1,0.1305909842020462,war_N1_ge2,completo
1962,rf,balanced,0,0.2558134186082634,0,0,0.48667065086065814,war_N1_ge2,completo
1962,rf,sem_peso,0,0.1812577086558569,0,0,0.35485620117430455,war_N1_ge2,completo
1962,rf,undersampling,0,0.5022939347452776,1,0,0.5594175599770025,war_N1_ge2,completo
1962,rf,thr_calibrado,0,0.2558134186082634,0,0,0.30756283105312526,war_N1_ge2,completo
1963,rf,balanced,0,0.3703412393502515,0,0,0.4839377326592311,war_N1_ge2,completo
1963,rf,sem_peso,0,0.25385289687720425,0,0,0.36342883526002706,war_N1_ge2,completo
1963,rf,undersampling,0,0.526117625305551,1,0,0.5419946054805188,war_N1_ge2,completo
1963,rf,thr_calibrado,0,0.3703412393502515,0,1,0.30250347483681933,war_N1_ge2,completo
1964,rf,balanced,1,0.31997271043068637,0,0,0.48076152624036694,war_N1_ge2,completo
1964,rf,sem_peso,1,0.21587891896043448,0,0,0.3699582483488601,war_N1_ge2,completo
1964,rf,undersampling,1,0.4732876057379153,0,0,0.6004582939162657,war_N1_ge2,completo
1964,rf,thr_calibrado,1,0.31997271043068637,0,1,0.30250347483681933,war_N1_ge2,completo
1965,rf,balanced,0,0.41802821733059925,0,0,0.4881175744893324,war_N1_ge2,completo
1965,rf,sem_peso,0,0.25771828847449646,0,0,0.36997544431832363,war_N1_ge2,completo
1965,rf,undersampling,0,0.4248931426416719,0,0,0.6048725361240067,war_N1_ge2,completo
1965,rf,thr_calibrado,0,0.41802821733059925,0,1,0.25815237813912534,war_N1_ge2,completo
1966,rf,balanced,0,0.3779101169053579,0,0,0.49284794889286593,war_N1_ge2,completo
1966,rf,sem_peso,0,0.24989892619578277,0,0,0.37244850844191696,war_N1_ge2,completo
1966,rf,undersampling,0,0.4298361702023466,0,0,0.5591237657681153,war_N1_ge2,completo
1966,rf,thr_calibrado,0,0.3779101169053579,0,1,0.3286449938248834,war_N1_ge2,completo
1967,rf,balanced,0,0.4454428472793343,0,0,0.4980769271911846,war_N1_ge2,completo
1967,rf,sem_peso,0,0.2772111206775552,0,0,0.3677851556198309,war_N1_ge2,completo
1967,rf,undersampling,0,0.5462948272745489,1,0,0.5704186470392351,war_N1_ge2,completo
1967,rf,thr_calibrado,0,0.4454428472793343,0,1,0.3138646526291288,war_N1_ge2,completo
1968,rf,balanced,0,0.37800947732569656,0,0,0.5054851221278299,war_N1_ge2,completo
1968,rf,sem_peso,0,0.19402234526253911,0,0,0.364020894910947,war_N1_ge2,completo
1968,rf,undersampling,0,0.41770599739957315,0,0,0.552627577977578,war_N1_ge2,completo
1968,rf,thr_calibrado,0,0.37800947732569656,0,1,0.2646805769448261,war_N1_ge2,completo
1969,rf,balanced,0,0.31417220070731944,0,0,0.4915433705914466,war_N1_ge2,completo
1969,rf,sem_peso,0,0.15487846963750548,0,0,0.3570144397514586,war_N1_ge2,completo
1969,rf,undersampling,0,0.49839412494110646,0,0,0.5651309029635654,war_N1_ge2,completo
1969,rf,thr_calibrado,0,0.31417220070731944,0,1,0.2646805769448261,war_N1_ge2,completo
1970,rf,balanced,0,0.37601829903290995,0,0,0.5029114558210342,war_N1_ge2,completo
1970,rf,sem_peso,0,0.26576379477677237,0,0,0.35483780420991884,war_N1_ge2,completo
1970,rf,undersampling,0,0.4661685983607037,0,0,0.6100218394007094,war_N1_ge2,completo
1970,rf,thr_calibrado,0,0.37601829903290995,0,1,0.23799102920870635,war_N1_ge2,completo
1971,rf,balanced,0,0.38273744438430113,0,0,0.4997099370282248,war_N1_ge2,completo
1971,rf,sem_peso,0,0.2498628802630157,0,0,0.3621477814280601,war_N1_ge2,completo
1971,rf,undersampling,0,0.46251389501451423,0,0,0.6596791685352833,war_N1_ge2,completo
1971,rf,thr_calibrado,0,0.38273744438430113,0,1,0.22647739937929848,war_N1_ge2,completo
1972,rf,balanced,0,0.3504939320935924,0,0,0.4982160001279709,war_N1_ge2,completo
1972,rf,sem_peso,0,0.22547768208530167,0,0,0.3527430153401069,war_N1_ge2,completo
1972,rf,undersampling,0,0.5427249416991675,1,0,0.5862354814604038,war_N1_ge2,completo
1972,rf,thr_calibrado,0,0.3504939320935924,0,1,0.21046906777063648,war_N1_ge2,completo
1973,rf,balanced,0,0.3214384186363403,0,0,0.49563533235865054,war_N1_ge2,completo
1973,rf,sem_peso,0,0.20791240665087177,0,0,0.3461909846657888,war_N1_ge2,completo
1973,rf,undersampling,0,0.36141976266767306,0,0,0.5875389936430957,war_N1_ge2,completo
1973,rf,thr_calibrado,0,0.3214384186363403,0,0,0.36312719587433223,war_N1_ge2,completo
1974,rf,balanced,0,0.30488147223118073,0,0,0.47703721899767104,war_N1_ge2,completo
1974,rf,sem_peso,0,0.22938933358627858,0,0,0.33380097776530665,war_N1_ge2,completo
1974,rf,undersampling,0,0.42198964679111733,0,0,0.6093370656605175,war_N1_ge2,completo
1974,rf,thr_calibrado,0,0.30488147223118073,0,0,0.36312719587433223,war_N1_ge2,completo
1975,rf,balanced,0,0.28487101717831004,0,0,0.5213423880172557,war_N1_ge2,completo
1975,rf,sem_peso,0,0.2138521568881742,0,0,0.3317076234700653,war_N1_ge2,completo
1975,rf,undersampling,0,0.445316442174956,0,0,0.5359101495855364,war_N1_ge2,completo
1975,rf,thr_calibrado,0,0.28487101717831004,0,0,0.32117077945643246,war_N1_ge2,completo
1976,rf,balanced,0,0.2268225200157346,0,0,0.47816747842474305,war_N1_ge2,completo
1976,rf,sem_peso,0,0.13303987884043103,0,0,0.3367451378722703,war_N1_ge2,completo
1976,rf,undersampling,0,0.4223949249237174,0,0,0.6340227282177747,war_N1_ge2,completo
1976,rf,thr_calibrado,0,0.2268225200157346,0,0,0.28987839153202544,war_N1_ge2,completo
1977,rf,balanced,0,0.25311346135819424,0,0,0.4833996747838178,war_N1_ge2,completo
1977,rf,sem_peso,0,0.14555179190885043,0,0,0.3282192958307039,war_N1_ge2,completo
1977,rf,undersampling,0,0.3786339289795172,0,0,0.6106609879886193,war_N1_ge2,completo
1977,rf,thr_calibrado,0,0.25311346135819424,0,0,0.28844018622691686,war_N1_ge2,completo
1978,rf,balanced,0,0.18776709681087636,0,0,0.5331712176461187,war_N1_ge2,completo
1978,rf,sem_peso,0,0.125773040119262,0,0,0.32547240583787695,war_N1_ge2,completo
1978,rf,undersampling,0,0.36479591953454193,0,0,0.5896082508392877,war_N1_ge2,completo
1978,rf,thr_calibrado,0,0.18776709681087636,0,0,0.26057037902817026,war_N1_ge2,completo
1979,rf,balanced,0,0.16935877052385653,0,0,0.4892194382534601,war_N1_ge2,completo
1979,rf,sem_peso,0,0.08806356470556882,0,0,0.3334229401865506,war_N1_ge2,completo
1979,rf,undersampling,0,0.3370546836720212,0,0,0.5684505830340967,war_N1_ge2,completo
1979,rf,thr_calibrado,0,0.16935877052385653,0,0,0.26057037902817026,war_N1_ge2,completo
1980,rf,balanced,0,0.32117314814202885,0,0,0.5344715377104206,war_N1_ge2,completo
1980,rf,sem_peso,0,0.24649989949547615,0,0,0.3289370396809073,war_N1_ge2,completo
1980,rf,undersampling,0,0.4832392051962489,0,0,0.6414567647179105,war_N1_ge2,completo
1980,rf,thr_calibrado,0,0.32117314814202885,0,1,0.255770720214689,war_N1_ge2,completo
1981,rf,balanced,0,0.21085699894957596,0,0,0.5303952001557322,war_N1_ge2,completo
1981,rf,sem_peso,0,0.13490361659369587,0,0,0.33561202939210155,war_N1_ge2,completo
1981,rf,undersampling,0,0.38556966562848943,0,0,0.6203302733214494,war_N1_ge2,completo
1981,rf,thr_calibrado,0,0.21085699894957596,0,0,0.3541609267808185,war_N1_ge2,completo
1982,rf,balanced,0,0.20049156249962952,0,0,0.5059825982373821,war_N1_ge2,completo
1982,rf,sem_peso,0,0.10781133858888718,0,0,0.33386048642911215,war_N1_ge2,completo
1982,rf,undersampling,0,0.5051678015225228,1,0,0.5730135488694312,war_N1_ge2,completo
1982,rf,thr_calibrado,0,0.20049156249962952,0,0,0.31997271043068637,war_N1_ge2,completo
1983,rf,balanced,0,0.2289769428294802,0,0,0.49701019207603087,war_N1_ge2,completo
1983,rf,sem_peso,0,0.15559486760827493,0,0,0.333461492002864,war_N1_ge2,completo
1983,rf,undersampling,0,0.5131124973925284,1,0,0.56800482691543,war_N1_ge2,completo
1983,rf,thr_calibrado,0,0.2289769428294802,0,0,0.2923778728529151,war_N1_ge2,completo
1984,rf,balanced,0,0.24563001508420731,0,0,0.5295259322074536,war_N1_ge2,completo
1984,rf,sem_peso,0,0.16422656730364824,0,0,0.3325787687809887,war_N1_ge2,completo
1984,rf,undersampling,0,0.33583480359509804,0,0,0.5796913432972258,war_N1_ge2,completo
1984,rf,thr_calibrado,0,0.24563001508420731,0,0,0.2923778728529151,war_N1_ge2,completo
1985,rf,balanced,0,0.3251732138101042,0,0,0.5039130028344595,war_N1_ge2,completo
1985,rf,sem_peso,0,0.23737141770928133,0,0,0.31175081760087187,war_N1_ge2,completo
1985,rf,undersampling,0,0.4987707884822437,0,0,0.5904869279413393,war_N1_ge2,completo
1985,rf,thr_calibrado,0,0.3251732138101042,0,0,0.5039130028344595,war_N1_ge2,completo
1986,rf,balanced,1,0.22575240369943714,0,0,0.5075908009574395,war_N1_ge2,completo
1986,rf,sem_peso,1,0.17588202239862555,0,0,0.34998871659854547,war_N1_ge2,completo
1986,rf,undersampling,1,0.3046280208010086,0,0,0.6019270223756291,war_N1_ge2,completo
1986,rf,thr_calibrado,1,0.22575240369943714,0,0,0.5075908009574395,war_N1_ge2,completo
1987,rf,balanced,0,0.19805622254933775,0,0,0.5007602584894864,war_N1_ge2,completo
1987,rf,sem_peso,0,0.14584942871796355,0,0,0.3446268253057611,war_N1_ge2,completo
1987,rf,undersampling,0,0.4847098401168833,0,0,0.5676493830558849,war_N1_ge2,completo
1987,rf,thr_calibrado,0,0.19805622254933775,0,0,0.5007602584894864,war_N1_ge2,completo
1988,rf,balanced,0,0.4276763035624276,0,0,0.5192047397853268,war_N1_ge2,completo
1988,rf,sem_peso,0,0.29679826071483734,0,0,0.3393099698621437,war_N1_ge2,completo
1988,rf,undersampling,0,0.4673074470507133,0,0,0.5685548530760606,war_N1_ge2,completo
1988,rf,thr_calibrado,0,0.4276763035624276,0,0,0.43586364800987853,war_N1_ge2,completo
1989,rf,balanced,1,0.36038384900074805,0,0,0.5205325610639977,war_N1_ge2,completo
1989,rf,sem_peso,1,0.22861749377348567,0,0,0.3310507566519529,war_N1_ge2,completo
1989,rf,undersampling,1,0.49504664984138663,0,0,0.5605196608173385,war_N1_ge2,completo
1989,rf,thr_calibrado,1,0.36038384900074805,0,0,0.43586364800987853,war_N1_ge2,completo
1990,rf,balanced,0,0.28458264624220453,0,0,0.525906615481503,war_N1_ge2,completo
1990,rf,sem_peso,0,0.20522789165183816,0,0,0.34076210313458893,war_N1_ge2,completo
1990,rf,undersampling,0,0.47936965123799474,0,0,0.6027355353882443,war_N1_ge2,completo
1990,rf,thr_calibrado,0,0.28458264624220453,0,0,0.41833149666741276,war_N1_ge2,completo
1991,rf,balanced,0,0.4008034133547847,0,0,0.5095589462419222,war_N1_ge2,completo
1991,rf,sem_peso,0,0.2851258172224328,0,0,0.3316969774343336,war_N1_ge2,completo
1991,rf,undersampling,0,0.6171428899875498,1,1,0.5500022833375774,war_N1_ge2,completo
1991,rf,thr_calibrado,0,0.4008034133547847,0,0,0.41822690190783274,war_N1_ge2,completo
1992,rf,balanced,0,0.28924643258757066,0,0,0.5075581601361095,war_N1_ge2,completo
1992,rf,sem_peso,0,0.22215706491825146,0,0,0.3300972423932832,war_N1_ge2,completo
1992,rf,undersampling,0,0.377569507633749,0,0,0.5813964419739185,war_N1_ge2,completo
1992,rf,thr_calibrado,0,0.28924643258757066,0,0,0.4074420964564559,war_N1_ge2,completo
1993,rf,balanced,0,0.272020033893763,0,0,0.5059162366390427,war_N1_ge2,completo
1993,rf,sem_peso,0,0.1685740639049854,0,0,0.3221957588564797,war_N1_ge2,completo
1993,rf,undersampling,0,0.45530572860232305,0,0,0.5813964419739185,war_N1_ge2,completo
1993,rf,thr_calibrado,0,0.272020033893763,0,0,0.3968424781857259,war_N1_ge2,completo
1994,rf,balanced,0,0.2171947688835059,0,0,0.5053442506360791,war_N1_ge2,completo
1994,rf,sem_peso,0,0.11797401906932713,0,0,0.31778376972279204,war_N1_ge2,completo
1994,rf,undersampling,0,0.4014554396755632,0,0,0.5813964419739185,war_N1_ge2,completo
1994,rf,thr_calibrado,0,0.2171947688835059,0,0,0.3968424781857259,war_N1_ge2,completo
1995,rf,balanced,0,0.22107247116762874,0,0,0.5047644356238601,war_N1_ge2,completo
1995,rf,sem_peso,0,0.11255948069897073,0,0,0.32099481591488704,war_N1_ge2,completo
1995,rf,undersampling,0,0.3683013814874495,0,0,0.623949434208722,war_N1_ge2,completo
1995,rf,thr_calibrado,0,0.22107247116762874,0,0,0.38432680653846923,war_N1_ge2,completo
1996,rf,balanced,0,0.19583439117908605,0,0,0.5161561366530055,war_N1_ge2,completo
1996,rf,sem_peso,0,0.09635436819518452,0,0,0.3246817967941283,war_N1_ge2,completo
1996,rf,undersampling,0,0.3958425260927582,0,0,0.6006239030577267,war_N1_ge2,completo
1996,rf,thr_calibrado,0,0.19583439117908605,0,0,0.3659173637415388,war_N1_ge2,completo
1997,rf,balanced,0,0.17887603010315464,0,0,0.5220467796117433,war_N1_ge2,completo
1997,rf,sem_peso,0,0.09572147076484516,0,0,0.3186876687918665,war_N1_ge2,completo
1997,rf,undersampling,0,0.38538762761146655,0,0,0.619605559378702,war_N1_ge2,completo
1997,rf,thr_calibrado,0,0.17887603010315464,0,0,0.3460607161213385,war_N1_ge2,completo
1998,rf,balanced,1,0.12342103987283314,0,0,0.5051040960036152,war_N1_ge2,completo
1998,rf,sem_peso,1,0.06529451218050512,0,0,0.3178570130102672,war_N1_ge2,completo
1998,rf,undersampling,1,0.32943286027697805,0,0,0.5960680309886192,war_N1_ge2,completo
1998,rf,thr_calibrado,1,0.12342103987283314,0,0,0.3453710188543831,war_N1_ge2,completo
1999,rf,balanced,0,0.1448245728961653,0,0,0.5121283257334797,war_N1_ge2,completo
1999,rf,sem_peso,0,0.07653464170234783,0,0,0.34758487419504114,war_N1_ge2,completo
1999,rf,undersampling,0,0.3454089168657277,0,0,0.6585749114490597,war_N1_ge2,completo
1999,rf,thr_calibrado,0,0.1448245728961653,0,0,0.3453710188543831,war_N1_ge2,completo
2000,rf,balanced,1,0.279524104551428,0,0,0.5319441544806546,war_N1_ge2,completo
2000,rf,sem_peso,1,0.14087702401178673,0,0,0.32903708430022777,war_N1_ge2,completo
2000,rf,undersampling,1,0.43014308526011324,0,0,0.6293843293273634,war_N1_ge2,completo
2000,rf,thr_calibrado,1,0.279524104551428,0,0,0.3149705802735991,war_N1_ge2,completo
2001,rf,balanced,0,0.3175483053203912,0,0,0.532974709460771,war_N1_ge2,completo
2001,rf,sem_peso,0,0.1829957281734799,0,0,0.3230055017208328,war_N1_ge2,completo
2001,rf,undersampling,0,0.4587696710578428,0,0,0.6256162395997533,war_N1_ge2,completo
2001,rf,thr_calibrado,0,0.3175483053203912,0,1,0.3086396929089509,war_N1_ge2,completo
2002,rf,balanced,1,0.41220852829150156,0,0,0.5158090905752476,war_N1_ge2,completo
2002,rf,sem_peso,1,0.2636048789818125,0,0,0.3172698103916753,war_N1_ge2,completo
2002,rf,undersampling,1,0.4619457617202201,0,0,0.6052999996391638,war_N1_ge2,completo
2002,rf,thr_calibrado,1,0.41220852829150156,0,1,0.28766010369996303,war_N1_ge2,completo
2003,rf,balanced,0,0.2851204959069218,0,0,0.4937086678301486,war_N1_ge2,completo
2003,rf,sem_peso,0,0.1680474557166709,0,0,0.3326520436206085,war_N1_ge2,completo
2003,rf,undersampling,0,0.3823007131671216,0,0,0.6131288048638671,war_N1_ge2,completo
2003,rf,thr_calibrado,0,0.2851204959069218,0,1,0.28369705665011485,war_N1_ge2,completo
2004,rf,balanced,0,0.4964929976192851,0,0,0.5253304548480103,war_N1_ge2,completo
2004,rf,sem_peso,0,0.29108719019414586,0,0,0.3343347429276004,war_N1_ge2,completo
2004,rf,undersampling,0,0.5778103790000847,1,0,0.6184178636293184,war_N1_ge2,completo
2004,rf,thr_calibrado,0,0.4964929976192851,0,1,0.28369705665011485,war_N1_ge2,completo
2005,rf,balanced,0,0.4558834381236828,0,0,0.536612091498187,war_N1_ge2,completo
2005,rf,sem_peso,0,0.3261098401934591,0,1,0.3244105145239446,war_N1_ge2,completo
2005,rf,undersampling,0,0.6276555068684325,1,1,0.5986169351116722,war_N1_ge2,completo
2005,rf,thr_calibrado,0,0.4558834381236828,0,1,0.2713230903502105,war_N1_ge2,completo
1931,logreg,balanced,0,0.417990902929531,0,0,0.646964201619687,war_N1_ge2,nivel_delta
1931,logreg,sem_peso,0,0.2305314417396734,0,0,0.39680233623842354,war_N1_ge2,nivel_delta
1931,logreg,undersampling,0,0.24766800212442913,0,0,0.8540037207937855,war_N1_ge2,nivel_delta
1931,logreg,thr_calibrado,0,0.417990902929531,0,0,0.5214366178074794,war_N1_ge2,nivel_delta
1932,logreg,balanced,0,0.6723897831973614,1,0,0.679040333716775,war_N1_ge2,nivel_delta
1932,logreg,sem_peso,0,0.46004933292336536,0,1,0.4510671340903115,war_N1_ge2,nivel_delta
1932,logreg,undersampling,0,0.9751887372689129,1,1,0.6852534744026082,war_N1_ge2,nivel_delta
1932,logreg,thr_calibrado,0,0.6723897831973614,1,1,0.11924553833501404,war_N1_ge2,nivel_delta
1933,logreg,balanced,0,0.6156517982680192,1,0,0.6620752763733134,war_N1_ge2,nivel_delta
1933,logreg,sem_peso,0,0.4290098086009567,0,1,0.4206761750028173,war_N1_ge2,nivel_delta
1933,logreg,undersampling,0,0.9005115235612938,1,1,0.7759835409909244,war_N1_ge2,nivel_delta
1933,logreg,thr_calibrado,0,0.6156517982680192,1,1,0.12133094354139308,war_N1_ge2,nivel_delta
1934,logreg,balanced,0,0.36585747890041415,0,0,0.6454290972616793,war_N1_ge2,nivel_delta
1934,logreg,sem_peso,0,0.21861272675795174,0,0,0.391570591814146,war_N1_ge2,nivel_delta
1934,logreg,undersampling,0,0.8374083129794095,1,1,0.6909814846291666,war_N1_ge2,nivel_delta
1934,logreg,thr_calibrado,0,0.36585747890041415,0,1,0.12133094354139308,war_N1_ge2,nivel_delta
1935,logreg,balanced,0,0.7994754948666258,1,1,0.6584732369014806,war_N1_ge2,nivel_delta
1935,logreg,sem_peso,0,0.5918699685745953,1,1,0.4520231793259194,war_N1_ge2,nivel_delta
1935,logreg,undersampling,0,0.9644157300837513,1,1,0.6304432487052102,war_N1_ge2,nivel_delta
1935,logreg,thr_calibrado,0,0.7994754948666258,1,1,0.07311454408020775,war_N1_ge2,nivel_delta
1936,logreg,balanced,1,0.05950998045895493,0,0,0.5860436592800032,war_N1_ge2,nivel_delta
1936,logreg,sem_peso,1,0.0274730840566092,0,0,0.4360428294123351,war_N1_ge2,nivel_delta
1936,logreg,undersampling,1,0.5169699355879508,1,0,0.6885229113882979,war_N1_ge2,nivel_delta
1936,logreg,thr_calibrado,1,0.05950998045895493,0,0,0.0900749252694326,war_N1_ge2,nivel_delta
1937,logreg,balanced,1,0.9695021195984087,1,1,0.5733601291482042,war_N1_ge2,nivel_delta
1937,logreg,sem_peso,1,0.8906562279237196,1,1,0.4620579825436437,war_N1_ge2,nivel_delta
1937,logreg,undersampling,1,0.9885882824497839,1,1,0.5757147612505903,war_N1_ge2,nivel_delta
1937,logreg,thr_calibrado,1,0.9695021195984087,1,1,0.07694702251121131,war_N1_ge2,nivel_delta
1938,logreg,balanced,1,0.8451416320669298,1,1,0.5802390350975561,war_N1_ge2,nivel_delta
1938,logreg,sem_peso,1,0.634706471534668,1,1,0.33113642515886216,war_N1_ge2,nivel_delta
1938,logreg,undersampling,1,0.9142719745902868,1,1,0.6509880260811817,war_N1_ge2,nivel_delta
1938,logreg,thr_calibrado,1,0.8451416320669298,1,1,0.02343258550966119,war_N1_ge2,nivel_delta
1939,logreg,balanced,0,0.40943661652953023,0,0,0.5678467626149859,war_N1_ge2,nivel_delta
1939,logreg,sem_peso,0,0.32743515094393755,0,0,0.3416454643826745,war_N1_ge2,nivel_delta
1939,logreg,undersampling,0,0.20183760106125667,0,0,0.47036685471498263,war_N1_ge2,nivel_delta
1939,logreg,thr_calibrado,0,0.40943661652953023,0,1,0.02343258550966119,war_N1_ge2,nivel_delta
1940,logreg,balanced,0,0.9698016952112468,1,1,0.6626902211205004,war_N1_ge2,nivel_delta
1940,logreg,sem_peso,0,0.9593809478111393,1,1,0.3561476285319261,war_N1_ge2,nivel_delta
1940,logreg,undersampling,0,0.02425766943791376,0,0,0.5176507682750562,war_N1_ge2,nivel_delta
1940,logreg,thr_calibrado,0,0.9698016952112468,1,1,0.16174201381157166,war_N1_ge2,nivel_delta
1941,logreg,balanced,0,1.080588265100995e-05,0,0,0.6041581005455537,war_N1_ge2,nivel_delta
1941,logreg,sem_peso,0,1.568557784081077e-05,0,0,0.39659649963708343,war_N1_ge2,nivel_delta
1941,logreg,undersampling,0,1.2762682910267472e-08,0,0,0.6326890266542768,war_N1_ge2,nivel_delta
1941,logreg,thr_calibrado,0,1.080588265100995e-05,0,0,0.11003201777382113,war_N1_ge2,nivel_delta
1942,logreg,balanced,0,1.3923716670951189e-06,0,0,0.6250083891655402,war_N1_ge2,nivel_delta
1942,logreg,sem_peso,0,1.7567206265991518e-06,0,0,0.3941828968766453,war_N1_ge2,nivel_delta
1942,logreg,undersampling,0,0.0004580495653955939,0,0,0.6205092803873308,war_N1_ge2,nivel_delta
1942,logreg,thr_calibrado,0,1.3923716670951189e-06,0,0,0.6938360861866611,war_N1_ge2,nivel_delta
1943,logreg,balanced,0,5.691786946801213e-07,0,0,0.6260216380233249,war_N1_ge2,nivel_delta
1943,logreg,sem_peso,0,9.313235729911105e-07,0,0,0.38605453403614354,war_N1_ge2,nivel_delta
1943,logreg,undersampling,0,3.194825954826001e-05,0,0,0.5106862960262004,war_N1_ge2,nivel_delta
1943,logreg,thr_calibrado,0,5.691786946801213e-07,0,0,0.6954829156743149,war_N1_ge2,nivel_delta
1944,logreg,balanced,0,5.330989574632535e-07,0,0,0.6233111119828929,war_N1_ge2,nivel_delta
1944,logreg,sem_peso,0,1.2312112163646945e-06,0,0,0.37373954377726737,war_N1_ge2,nivel_delta
1944,logreg,undersampling,0,4.547277177598932e-09,0,0,0.5106862960262004,war_N1_ge2,nivel_delta
1944,logreg,thr_calibrado,0,5.330989574632535e-07,0,0,0.6954829156743149,war_N1_ge2,nivel_delta
1945,logreg,balanced,0,9.914438691920672e-07,0,0,0.6230897853451033,war_N1_ge2,nivel_delta
1945,logreg,sem_peso,0,1.661160188552015e-06,0,0,0.36566539865159664,war_N1_ge2,nivel_delta
1945,logreg,undersampling,0,2.0043035557182906e-06,0,0,0.5538417585020619,war_N1_ge2,nivel_delta
1945,logreg,thr_calibrado,0,9.914438691920672e-07,0,0,0.6722066535004859,war_N1_ge2,nivel_delta
1946,logreg,balanced,1,9.684010483294292e-07,0,0,0.6195347497510577,war_N1_ge2,nivel_delta
1946,logreg,sem_peso,1,1.5598712460787992e-06,0,0,0.35281548229388704,war_N1_ge2,nivel_delta
1946,logreg,undersampling,1,4.880327091347391e-06,0,0,0.6607236139407003,war_N1_ge2,nivel_delta
1946,logreg,thr_calibrado,1,9.684010483294292e-07,0,0,0.6616069787202749,war_N1_ge2,nivel_delta
1947,logreg,balanced,0,2.6252642814097526e-05,0,0,0.6216318272084653,war_N1_ge2,nivel_delta
1947,logreg,sem_peso,0,3.084530088319553e-05,0,0,0.34691964504903045,war_N1_ge2,nivel_delta
1947,logreg,undersampling,0,0.00367518085070698,0,0,0.6429035657461488,war_N1_ge2,nivel_delta
1947,logreg,thr_calibrado,0,2.6252642814097526e-05,0,0,0.05950998045895498,war_N1_ge2,nivel_delta
1948,logreg,balanced,0,0.07435261812202308,0,0,0.6427506736220076,war_N1_ge2,nivel_delta
1948,logreg,sem_peso,0,0.043070966479068475,0,0,0.3944462172287623,war_N1_ge2,nivel_delta
1948,logreg,undersampling,0,0.129311160055202,0,0,0.5665020107234403,war_N1_ge2,nivel_delta
1948,logreg,thr_calibrado,0,0.07435261812202308,0,1,0.05354606419834945,war_N1_ge2,nivel_delta
1949,logreg,balanced,1,0.012851913700893246,0,0,0.650171868745113,war_N1_ge2,nivel_delta
1949,logreg,sem_peso,1,0.007337542728095627,0,0,0.3971939667582871,war_N1_ge2,nivel_delta
1949,logreg,undersampling,1,0.01197386576171846,0,0,0.6041012649338902,war_N1_ge2,nivel_delta
1949,logreg,thr_calibrado,1,0.012851913700893246,0,0,0.05354606419834945,war_N1_ge2,nivel_delta
1950,logreg,balanced,0,0.009686859052163717,0,0,0.6527707404921984,war_N1_ge2,nivel_delta
1950,logreg,sem_peso,0,0.005177982718131715,0,0,0.3995619205590956,war_N1_ge2,nivel_delta
1950,logreg,undersampling,0,0.0077810646128173445,0,0,0.6162400332914706,war_N1_ge2,nivel_delta
1950,logreg,thr_calibrado,0,0.009686859052163717,0,0,0.8451416320669298,war_N1_ge2,nivel_delta
1951,logreg,balanced,0,0.34638859716351394,0,0,0.6168668777450663,war_N1_ge2,nivel_delta
1951,logreg,sem_peso,0,0.18988337123435794,0,0,0.3895986418579268,war_N1_ge2,nivel_delta
1951,logreg,undersampling,0,0.44670216178419836,0,0,0.6365579882598789,war_N1_ge2,nivel_delta
1951,logreg,thr_calibrado,0,0.34638859716351394,0,1,0.0008998324637519123,war_N1_ge2,nivel_delta
1952,logreg,balanced,0,0.3056046236121258,0,0,0.6207823168210221,war_N1_ge2,nivel_delta
1952,logreg,sem_peso,0,0.1749030286970866,0,0,0.3891424175210677,war_N1_ge2,nivel_delta
1952,logreg,undersampling,0,0.20766034439078204,0,0,0.6279799283593077,war_N1_ge2,nivel_delta
1952,logreg,thr_calibrado,0,0.3056046236121258,0,1,0.00035655682574113894,war_N1_ge2,nivel_delta
1953,logreg,balanced,0,0.1449600493538317,0,0,0.6477310976666447,war_N1_ge2,nivel_delta
1953,logreg,sem_peso,0,0.07954181577218485,0,0,0.3982157444073251,war_N1_ge2,nivel_delta
1953,logreg,undersampling,0,0.26246744006653183,0,0,0.7332277977164158,war_N1_ge2,nivel_delta
1953,logreg,thr_calibrado,0,0.1449600493538317,0,1,0.0002361746725013142,war_N1_ge2,nivel_delta
1954,logreg,balanced,0,0.07926702974877622,0,0,0.6306460303233951,war_N1_ge2,nivel_delta
1954,logreg,sem_peso,0,0.04447900262214273,0,0,0.39046415274315194,war_N1_ge2,nivel_delta
1954,logreg,undersampling,0,0.28425518995735205,0,0,0.6281227549086728,war_N1_ge2,nivel_delta
1954,logreg,thr_calibrado,0,0.07926702974877622,0,1,0.0002361746725013142,war_N1_ge2,nivel_delta
1955,logreg,balanced,1,0.004143334757388871,0,0,0.6348076355904103,war_N1_ge2,nivel_delta
1955,logreg,sem_peso,1,0.002736970578415124,0,0,0.390209570607097,war_N1_ge2,nivel_delta
1955,logreg,undersampling,1,0.7760231009347252,1,1,0.6257773342521417,war_N1_ge2,nivel_delta
1955,logreg,thr_calibrado,1,0.004143334757388871,0,1,0.0005162316538113239,war_N1_ge2,nivel_delta
1956,logreg,balanced,1,0.720015391769309,1,1,0.6396104608663689,war_N1_ge2,nivel_delta
1956,logreg,sem_peso,1,0.39365431076735213,0,1,0.3910974746358043,war_N1_ge2,nivel_delta
1956,logreg,undersampling,1,0.6280580484286727,1,0,0.7058656904567789,war_N1_ge2,nivel_delta
1956,logreg,thr_calibrado,1,0.720015391769309,1,1,0.0009469805874508566,war_N1_ge2,nivel_delta
1957,logreg,balanced,0,0.9118294834543454,1,1,0.6306188169340197,war_N1_ge2,nivel_delta
1957,logreg,sem_peso,0,0.7969622663343973,1,1,0.39388541106021147,war_N1_ge2,nivel_delta
1957,logreg,undersampling,0,0.17555275811750787,0,0,0.6785080896246276,war_N1_ge2,nivel_delta
1957,logreg,thr_calibrado,0,0.9118294834543454,1,1,2.934972956126699e-07,war_N1_ge2,nivel_delta
1958,logreg,balanced,0,0.9282331902780471,1,1,0.6222839854702529,war_N1_ge2,nivel_delta
1958,logreg,sem_peso,0,0.8597308829259172,1,1,0.3925759770236892,war_N1_ge2,nivel_delta
1958,logreg,undersampling,0,0.1888235967658246,0,0,0.596554554673389,war_N1_ge2,nivel_delta
1958,logreg,thr_calibrado,0,0.9282331902780471,1,1,4.053776873447376e-07,war_N1_ge2,nivel_delta
1959,logreg,balanced,0,0.5175701002848813,1,0,0.597168052373623,war_N1_ge2,nivel_delta
1959,logreg,sem_peso,0,0.33155351609065703,0,1,0.32509530420402377,war_N1_ge2,nivel_delta
1959,logreg,undersampling,0,0.4381727649131911,0,0,0.6777562998900575,war_N1_ge2,nivel_delta
1959,logreg,thr_calibrado,0,0.5175701002848813,1,1,4.053776873447376e-07,war_N1_ge2,nivel_delta
1960,logreg,balanced,0,0.021882246182300346,0,0,0.5963566859540241,war_N1_ge2,nivel_delta
1960,logreg,sem_peso,0,0.01112721282190334,0,0,0.3246126605356527,war_N1_ge2,nivel_delta
1960,logreg,undersampling,0,0.7255625458290064,1,1,0.5806621372197196,war_N1_ge2,nivel_delta
1960,logreg,thr_calibrado,0,0.021882246182300346,0,1,9.684010483294326e-07,war_N1_ge2,nivel_delta
1961,logreg,balanced,1,0.4991555007750166,0,0,0.5910972185827224,war_N1_ge2,nivel_delta
1961,logreg,sem_peso,1,0.2866802908736804,0,0,0.3171725990854313,war_N1_ge2,nivel_delta
1961,logreg,undersampling,1,0.7099414060301912,1,0,0.7422769434689422,war_N1_ge2,nivel_delta
1961,logreg,thr_calibrado,1,0.4991555007750166,0,1,1.8863192937786114e-06,war_N1_ge2,nivel_delta
1962,logreg,balanced,0,0.17181450577727847,0,0,0.5984044404428521,war_N1_ge2,nivel_delta
1962,logreg,sem_peso,0,0.10321366041607492,0,0,0.3145886773668217,war_N1_ge2,nivel_delta
1962,logreg,undersampling,0,0.7798347793883729,1,1,0.7422769434689422,war_N1_ge2,nivel_delta
1962,logreg,thr_calibrado,0,0.17181450577727847,0,0,0.3512495328082004,war_N1_ge2,nivel_delta
1963,logreg,balanced,0,0.880062412802905,1,1,0.630254667371157,war_N1_ge2,nivel_delta
1963,logreg,sem_peso,0,0.7233736024333717,1,1,0.34668803268486337,war_N1_ge2,nivel_delta
1963,logreg,undersampling,0,0.9791367662357735,1,1,0.5838111656541483,war_N1_ge2,nivel_delta
1963,logreg,thr_calibrado,0,0.880062412802905,1,1,0.34936737468344325,war_N1_ge2,nivel_delta
1964,logreg,balanced,1,0.520396887272689,1,0,0.5906510134781964,war_N1_ge2,nivel_delta
1964,logreg,sem_peso,1,0.3100339277181102,0,0,0.3763247066541181,war_N1_ge2,nivel_delta
1964,logreg,undersampling,1,0.8681524879426579,1,1,0.5992745113966575,war_N1_ge2,nivel_delta
1964,logreg,thr_calibrado,1,0.520396887272689,1,1,0.34936737468344325,war_N1_ge2,nivel_delta
1965,logreg,balanced,0,0.9683557351960803,1,1,0.5941159212570905,war_N1_ge2,nivel_delta
1965,logreg,sem_peso,0,0.8820665605781218,1,1,0.3319213308021198,war_N1_ge2,nivel_delta
1965,logreg,undersampling,0,0.7085551039624953,1,1,0.6815312730322447,war_N1_ge2,nivel_delta
1965,logreg,thr_calibrado,0,0.9683557351960803,1,1,0.28477266822242653,war_N1_ge2,nivel_delta
1966,logreg,balanced,0,0.7549847894039364,1,1,0.5801078117945758,war_N1_ge2,nivel_delta
1966,logreg,sem_peso,0,0.571947161609424,1,1,0.3476236296771676,war_N1_ge2,nivel_delta
1966,logreg,undersampling,0,0.585687983329995,1,0,0.6028964813782545,war_N1_ge2,nivel_delta
1966,logreg,thr_calibrado,0,0.7549847894039364,1,1,0.7117291153914772,war_N1_ge2,nivel_delta
1967,logreg,balanced,0,0.6742612734360653,1,1,0.5650416988997666,war_N1_ge2,nivel_delta
1967,logreg,sem_peso,0,0.447121294316955,0,1,0.34185491521874645,war_N1_ge2,nivel_delta
1967,logreg,undersampling,0,0.3779285751509069,0,0,0.5351623500632746,war_N1_ge2,nivel_delta
1967,logreg,thr_calibrado,0,0.6742612734360653,1,0,0.686143340325432,war_N1_ge2,nivel_delta
1968,logreg,balanced,0,0.48496269036468354,0,0,0.5626886717123071,war_N1_ge2,nivel_delta
1968,logreg,sem_peso,0,0.29004453685451836,0,1,0.27998185581778523,war_N1_ge2,nivel_delta
1968,logreg,undersampling,0,0.31748329515710116,0,0,0.6385041916083206,war_N1_ge2,nivel_delta
1968,logreg,thr_calibrado,0,0.48496269036468354,0,0,0.644326465469648,war_N1_ge2,nivel_delta
1969,logreg,balanced,0,0.49300471833383325,0,0,0.5645339476582181,war_N1_ge2,nivel_delta
1969,logreg,sem_peso,0,0.29370032437228133,0,1,0.2835465317499475,war_N1_ge2,nivel_delta
1969,logreg,undersampling,0,0.6467595021685282,1,1,0.6331755563331332,war_N1_ge2,nivel_delta
1969,logreg,thr_calibrado,0,0.49300471833383325,0,1,0.009347055572044792,war_N1_ge2,nivel_delta
1970,logreg,balanced,0,0.49530843052271706,0,0,0.5616841782426143,war_N1_ge2,nivel_delta
1970,logreg,sem_peso,0,0.2971131496644136,0,1,0.28143370506742715,war_N1_ge2,nivel_delta
1970,logreg,undersampling,0,0.974108363488649,1,1,0.544684129158682,war_N1_ge2,nivel_delta
1970,logreg,thr_calibrado,0,0.49530843052271706,0,0,0.6222398238394297,war_N1_ge2,nivel_delta
1971,logreg,balanced,0,0.6986138435738743,1,1,0.5587957262099129,war_N1_ge2,nivel_delta
1971,logreg,sem_peso,0,0.46027284036094995,0,1,0.27465358087044106,war_N1_ge2,nivel_delta
1971,logreg,undersampling,0,0.804937143009368,1,1,0.669671446214799,war_N1_ge2,nivel_delta
1971,logreg,thr_calibrado,0,0.6986138435738743,1,1,0.6173431095998027,war_N1_ge2,nivel_delta
1972,logreg,balanced,0,0.3621607813909992,0,0,0.5537193585492128,war_N1_ge2,nivel_delta
1972,logreg,sem_peso,0,0.2400670879488359,0,0,0.27899182507416725,war_N1_ge2,nivel_delta
1972,logreg,undersampling,0,0.8954432523833633,1,1,0.4750723643792673,war_N1_ge2,nivel_delta
1972,logreg,thr_calibrado,0,0.3621607813909992,0,0,0.6154401301251171,war_N1_ge2,nivel_delta
1973,logreg,balanced,0,0.27441604733836367,0,0,0.5563226242507437,war_N1_ge2,nivel_delta
1973,logreg,sem_peso,0,0.17351543609399725,0,0,0.32723724733451837,war_N1_ge2,nivel_delta
1973,logreg,undersampling,0,0.33343130425850204,0,0,0.5295057675025977,war_N1_ge2,nivel_delta
1973,logreg,thr_calibrado,0,0.27441604733836367,0,0,0.6748526114291901,war_N1_ge2,nivel_delta
1974,logreg,balanced,0,0.6846904614044745,1,1,0.561092090325152,war_N1_ge2,nivel_delta
1974,logreg,sem_peso,0,0.5130603581057207,1,1,0.30062612148219964,war_N1_ge2,nivel_delta
1974,logreg,undersampling,0,0.44955197296190913,0,0,0.6371652980476314,war_N1_ge2,nivel_delta
1974,logreg,thr_calibrado,0,0.6846904614044745,1,1,0.6748526114291901,war_N1_ge2,nivel_delta
1975,logreg,balanced,0,0.5018155372572394,1,0,0.5623621320253861,war_N1_ge2,nivel_delta
1975,logreg,sem_peso,0,0.33413524165393466,0,1,0.3063032355101715,war_N1_ge2,nivel_delta
1975,logreg,undersampling,0,0.9283633411578617,1,1,0.5988719695904434,war_N1_ge2,nivel_delta
1975,logreg,thr_calibrado,0,0.5018155372572394,1,0,0.6845998778158789,war_N1_ge2,nivel_delta
1976,logreg,balanced,0,0.2039553252877534,0,0,0.560779081309039,war_N1_ge2,nivel_delta
1976,logreg,sem_peso,0,0.11461726725402531,0,0,0.30784073094995557,war_N1_ge2,nivel_delta
1976,logreg,undersampling,0,0.103785467056639,0,0,0.5774574507934733,war_N1_ge2,nivel_delta
1976,logreg,thr_calibrado,0,0.2039553252877534,0,0,0.5495660036746872,war_N1_ge2,nivel_delta
1977,logreg,balanced,0,0.2187063989708494,0,0,0.5710959438535286,war_N1_ge2,nivel_delta
1977,logreg,sem_peso,0,0.1236767729895168,0,0,0.30111736446793486,war_N1_ge2,nivel_delta
1977,logreg,undersampling,0,0.323731714030914,0,0,0.5912831735437306,war_N1_ge2,nivel_delta
1977,logreg,thr_calibrado,0,0.2187063989708494,0,0,0.5223294556128322,war_N1_ge2,nivel_delta
1978,logreg,balanced,0,0.25353267397845786,0,0,0.5769016174068536,war_N1_ge2,nivel_delta
1978,logreg,sem_peso,0,0.1377636342855987,0,0,0.29866838666737744,war_N1_ge2,nivel_delta
1978,logreg,undersampling,0,0.12246772471877568,0,0,0.5900516111766505,war_N1_ge2,nivel_delta
1978,logreg,thr_calibrado,0,0.25353267397845786,0,0,0.4802178764849591,war_N1_ge2,nivel_delta
1979,logreg,balanced,0,0.18728314788016948,0,0,0.5801542334865016,war_N1_ge2,nivel_delta
1979,logreg,sem_peso,0,0.09824909988792048,0,0,0.29161820703036073,war_N1_ge2,nivel_delta
1979,logreg,undersampling,0,0.16319818470930245,0,0,0.5122733406759299,war_N1_ge2,nivel_delta
1979,logreg,thr_calibrado,0,0.18728314788016948,0,0,0.4802178764849591,war_N1_ge2,nivel_delta
1980,logreg,balanced,0,0.10969389896131956,0,0,0.5855810828767515,war_N1_ge2,nivel_delta
1980,logreg,sem_peso,0,0.05602348330692593,0,0,0.2923960259203145,war_N1_ge2,nivel_delta
1980,logreg,undersampling,0,0.05883976509699003,0,0,0.5978909062002284,war_N1_ge2,nivel_delta
1980,logreg,thr_calibrado,0,0.10969389896131956,0,0,0.4780237971003421,war_N1_ge2,nivel_delta
1981,logreg,balanced,0,0.3076396120689104,0,0,0.5917597031781802,war_N1_ge2,nivel_delta
1981,logreg,sem_peso,0,0.1580211325044156,0,0,0.3090473151898448,war_N1_ge2,nivel_delta
1981,logreg,undersampling,0,0.6597121098146548,1,0,0.6699474380332195,war_N1_ge2,nivel_delta
1981,logreg,thr_calibrado,0,0.3076396120689104,0,0,0.6177895448379801,war_N1_ge2,nivel_delta
1982,logreg,balanced,0,0.581373726473697,1,0,0.5965902815832897,war_N1_ge2,nivel_delta
1982,logreg,sem_peso,0,0.35423507993765985,0,1,0.28834674134850874,war_N1_ge2,nivel_delta
1982,logreg,undersampling,0,0.6986192579581046,1,1,0.6623047432547495,war_N1_ge2,nivel_delta
1982,logreg,thr_calibrado,0,0.581373726473697,1,1,0.5203968872726888,war_N1_ge2,nivel_delta
1983,logreg,balanced,0,0.4714610406034556,0,0,0.5986381833159278,war_N1_ge2,nivel_delta
1983,logreg,sem_peso,0,0.2676180315708425,0,0,0.29114920271116945,war_N1_ge2,nivel_delta
1983,logreg,undersampling,0,0.935957561036118,1,1,0.5898128203181906,war_N1_ge2,nivel_delta
1983,logreg,thr_calibrado,0,0.4714610406034556,0,1,0.2741011355379878,war_N1_ge2,nivel_delta
1984,logreg,balanced,0,0.37346374271248056,0,0,0.5985515348848476,war_N1_ge2,nivel_delta
1984,logreg,sem_peso,0,0.18333387498936138,0,0,0.28612087323200497,war_N1_ge2,nivel_delta
1984,logreg,undersampling,0,0.5706680569192599,1,1,0.563372091085158,war_N1_ge2,nivel_delta
1984,logreg,thr_calibrado,0,0.37346374271248056,0,1,0.2741011355379878,war_N1_ge2,nivel_delta
1985,logreg,balanced,0,0.2958093439110636,0,0,0.5953009294267119,war_N1_ge2,nivel_delta
1985,logreg,sem_peso,0,0.1561424082635148,0,0,0.2843747530342901,war_N1_ge2,nivel_delta
1985,logreg,undersampling,0,0.4131011617545183,0,0,0.6850750485229319,war_N1_ge2,nivel_delta
1985,logreg,thr_calibrado,0,0.2958093439110636,0,0,0.5953009294267119,war_N1_ge2,nivel_delta
1986,logreg,balanced,1,0.4438715527793307,0,0,0.597806698160809,war_N1_ge2,nivel_delta
1986,logreg,sem_peso,1,0.21986723932928687,0,0,0.2840884414235066,war_N1_ge2,nivel_delta
1986,logreg,undersampling,1,0.46587575975233186,0,0,0.5869177327905394,war_N1_ge2,nivel_delta
1986,logreg,thr_calibrado,1,0.4438715527793307,0,0,0.597806698160809,war_N1_ge2,nivel_delta
1987,logreg,balanced,0,0.4379104280891234,0,0,0.5990710193283107,war_N1_ge2,nivel_delta
1987,logreg,sem_peso,0,0.22789249097507513,0,0,0.3545775204971342,war_N1_ge2,nivel_delta
1987,logreg,undersampling,0,0.8699109488304062,1,1,0.6316411783638795,war_N1_ge2,nivel_delta
1987,logreg,thr_calibrado,0,0.4379104280891234,0,0,0.5990710193283107,war_N1_ge2,nivel_delta
1988,logreg,balanced,0,0.22996675532295313,0,0,0.5968376149674733,war_N1_ge2,nivel_delta
1988,logreg,sem_peso,0,0.09432038746328959,0,0,0.36488362881662495,war_N1_ge2,nivel_delta
1988,logreg,undersampling,0,0.6956090892258875,1,1,0.6318004016175489,war_N1_ge2,nivel_delta
1988,logreg,thr_calibrado,0,0.22996675532295313,0,0,0.8472743254445272,war_N1_ge2,nivel_delta
1989,logreg,balanced,1,0.5361190573813674,1,0,0.5941406457169731,war_N1_ge2,nivel_delta
1989,logreg,sem_peso,1,0.29626342243538406,0,0,0.35285938069591305,war_N1_ge2,nivel_delta
1989,logreg,undersampling,1,0.32257370677298636,0,0,0.5251566517701299,war_N1_ge2,nivel_delta
1989,logreg,thr_calibrado,1,0.5361190573813674,1,0,0.8472743254445272,war_N1_ge2,nivel_delta
1990,logreg,balanced,0,0.037203438746262855,0,0,0.5930763004315125,war_N1_ge2,nivel_delta
1990,logreg,sem_peso,0,0.02867291111857309,0,0,0.35512157681879625,war_N1_ge2,nivel_delta
1990,logreg,undersampling,0,0.988386359840043,1,1,0.6941074330219394,war_N1_ge2,nivel_delta
1990,logreg,thr_calibrado,0,0.037203438746262855,0,0,0.852092311827405,war_N1_ge2,nivel_delta
1991,logreg,balanced,0,0.18681083799155296,0,0,0.5729079614774086,war_N1_ge2,nivel_delta
1991,logreg,sem_peso,0,0.12069852215459856,0,0,0.37495682939048747,war_N1_ge2,nivel_delta
1991,logreg,undersampling,0,0.8030698685557406,1,1,0.5795863687004997,war_N1_ge2,nivel_delta
1991,logreg,thr_calibrado,0,0.18681083799155296,0,0,0.8435808792586897,war_N1_ge2,nivel_delta
1992,logreg,balanced,0,0.23413124973993285,0,0,0.5766005713481747,war_N1_ge2,nivel_delta
1992,logreg,sem_peso,0,0.15483381363377338,0,0,0.37397493512965935,war_N1_ge2,nivel_delta
1992,logreg,undersampling,0,0.5362792994018829,1,0,0.6562890890802938,war_N1_ge2,nivel_delta
1992,logreg,thr_calibrado,0,0.23413124973993285,0,0,0.8088095785713305,war_N1_ge2,nivel_delta
1993,logreg,balanced,0,0.05636543386296738,0,0,0.5985086071169279,war_N1_ge2,nivel_delta
1993,logreg,sem_peso,0,0.03471631376274596,0,0,0.36935269352859323,war_N1_ge2,nivel_delta
1993,logreg,undersampling,0,0.25645536296080096,0,0,0.6562890890802938,war_N1_ge2,nivel_delta
1993,logreg,thr_calibrado,0,0.05636543386296738,0,0,0.7381723939592846,war_N1_ge2,nivel_delta
1994,logreg,balanced,0,0.057286238688651486,0,0,0.5819542677909475,war_N1_ge2,nivel_delta
1994,logreg,sem_peso,0,0.03481232545903027,0,0,0.3323679744237038,war_N1_ge2,nivel_delta
1994,logreg,undersampling,0,0.14994417851122374,0,0,0.6562890890802938,war_N1_ge2,nivel_delta
1994,logreg,thr_calibrado,0,0.057286238688651486,0,0,0.7381723939592846,war_N1_ge2,nivel_delta
1995,logreg,balanced,0,0.03277743332357306,0,0,0.5854445098442819,war_N1_ge2,nivel_delta
1995,logreg,sem_peso,0,0.020512301850599206,0,0,0.3061772903139764,war_N1_ge2,nivel_delta
1995,logreg,undersampling,0,0.034099642025755494,0,0,0.6942717472118409,war_N1_ge2,nivel_delta
1995,logreg,thr_calibrado,0,0.03277743332357306,0,0,0.7287078394962393,war_N1_ge2,nivel_delta
1996,logreg,balanced,0,0.034427831103371734,0,0,0.5887142567086943,war_N1_ge2,nivel_delta
1996,logreg,sem_peso,0,0.02244585290834543,0,0,0.30852635095610853,war_N1_ge2,nivel_delta
1996,logreg,undersampling,0,0.05508393673973955,0,0,0.6204127339052073,war_N1_ge2,nivel_delta
1996,logreg,thr_calibrado,0,0.034427831103371734,0,0,0.7224066012911391,war_N1_ge2,nivel_delta
1997,logreg,balanced,0,0.047690535714833185,0,0,0.5920184238326834,war_N1_ge2,nivel_delta
1997,logreg,sem_peso,0,0.028092499697296578,0,0,0.31014040437345536,war_N1_ge2,nivel_delta
1997,logreg,undersampling,0,0.09133685804347692,0,0,0.683890512061842,war_N1_ge2,nivel_delta
1997,logreg,thr_calibrado,0,0.047690535714833185,0,0,0.7124230634944306,war_N1_ge2,nivel_delta
1998,logreg,balanced,1,0.025887164476455043,0,0,0.5948492538491527,war_N1_ge2,nivel_delta
1998,logreg,sem_peso,1,0.01773228718581435,0,0,0.3114293202507052,war_N1_ge2,nivel_delta
1998,logreg,undersampling,1,0.055505305609879846,0,0,0.597505491153868,war_N1_ge2,nivel_delta
1998,logreg,thr_calibrado,1,0.025887164476455043,0,0,0.6805648209774382,war_N1_ge2,nivel_delta
1999,logreg,balanced,0,0.02799187046072472,0,0,0.5980627940506065,war_N1_ge2,nivel_delta
1999,logreg,sem_peso,0,0.01734286084451017,0,0,0.3133656530655581,war_N1_ge2,nivel_delta
1999,logreg,undersampling,0,0.07563451445995616,0,0,0.5720777159464481,war_N1_ge2,nivel_delta
1999,logreg,thr_calibrado,0,0.02799187046072472,0,0,0.680564820977438,war_N1_ge2,nivel_delta
2000,logreg,balanced,1,0.3217366032907672,0,0,0.590550511849473,war_N1_ge2,nivel_delta
2000,logreg,sem_peso,1,0.10365970875352383,0,0,0.3382422630306612,war_N1_ge2,nivel_delta
2000,logreg,undersampling,1,0.8552170625611853,1,1,0.6838688501185777,war_N1_ge2,nivel_delta
2000,logreg,thr_calibrado,1,0.3217366032907672,0,0,0.6755034962306826,war_N1_ge2,nivel_delta
2001,logreg,balanced,0,0.3590499282399833,0,0,0.5848581411478565,war_N1_ge2,nivel_delta
2001,logreg,sem_peso,0,0.124818373055395,0,0,0.3694447009583688,war_N1_ge2,nivel_delta
2001,logreg,undersampling,0,0.5262703409995683,1,0,0.6482947890972908,war_N1_ge2,nivel_delta
2001,logreg,thr_calibrado,0,0.3590499282399833,0,0,0.6512207145897081,war_N1_ge2,nivel_delta
2002,logreg,balanced,1,0.728377932160311,1,1,0.56878450105514,war_N1_ge2,nivel_delta
2002,logreg,sem_peso,1,0.3754911499363519,0,1,0.31767216273810206,war_N1_ge2,nivel_delta
2002,logreg,undersampling,1,0.4608459859737289,0,0,0.6838550482084359,war_N1_ge2,nivel_delta
2002,logreg,thr_calibrado,1,0.728377932160311,1,1,0.6422838838870282,war_N1_ge2,nivel_delta
2003,logreg,balanced,0,0.21210358462726014,0,0,0.6104000118760579,war_N1_ge2,nivel_delta
2003,logreg,sem_peso,0,0.06582769207905545,0,0,0.3485134933931034,war_N1_ge2,nivel_delta
2003,logreg,undersampling,0,0.159373591652929,0,0,0.6791035548158214,war_N1_ge2,nivel_delta
2003,logreg,thr_calibrado,0,0.21210358462726014,0,0,0.6329103472103313,war_N1_ge2,nivel_delta
2004,logreg,balanced,0,0.4515901475295774,0,0,0.5682210724206285,war_N1_ge2,nivel_delta
2004,logreg,sem_peso,0,0.17323375948463446,0,0,0.3510629132057789,war_N1_ge2,nivel_delta
2004,logreg,undersampling,0,0.49334295930850114,0,0,0.6243931203222015,war_N1_ge2,nivel_delta
2004,logreg,thr_calibrado,0,0.4515901475295774,0,0,0.6329103472103313,war_N1_ge2,nivel_delta
2005,logreg,balanced,0,0.7842341920088868,1,1,0.5641213163967087,war_N1_ge2,nivel_delta
2005,logreg,sem_peso,0,0.4871996590758868,0,1,0.3513412642574446,war_N1_ge2,nivel_delta
2005,logreg,undersampling,0,0.5717100760900315,1,0,0.6970517168479677,war_N1_ge2,nivel_delta
2005,logreg,thr_calibrado,0,0.7842341920088868,1,1,0.6255743775897876,war_N1_ge2,nivel_delta
