ano,modelo,y,prob,pred05,predthr,thr,rodada,teste,celula,familia,N,min_sys,feature_set,n_features,protocolo
1931,rf,0,0.518721425201716,1,1,0.5002717877072602,robustez,A_ablacao,proxy_N1_ge2,proxy,1,2,nivel_delta,48,walk_forward
1931,xgb,0,0.5341163277626038,1,0,0.9006879925727844,robustez,A_ablacao,proxy_N1_ge2,proxy,1,2,nivel_delta,48,walk_forward
1932,rf,1,0.49151574692158745,0,0,0.5248615957446302,robustez,A_ablacao,proxy_N1_ge2,proxy,1,2,nivel_delta,48,walk_forward
1932,xgb,1,0.21045055985450745,0,0,0.9040533304214478,robustez,A_ablacao,proxy_N1_ge2,proxy,1,2,nivel_delta,48,walk_forward
1933,rf,1,0.4187263286530547,0,0,0.5239843820294733,robustez,A_ablacao,proxy_N1_ge2,proxy,1,2,nivel_delta,48,walk_forward
1933,xgb,1,0.04098276421427727,0,0,0.9024763703346252,robustez,A_ablacao,proxy_N1_ge2,proxy,1,2,nivel_delta,48,walk_forward
1934,rf,0,0.4789385910757291,0,0,0.5190986756675878,robustez,A_ablacao,proxy_N1_ge2,proxy,1,2,nivel_delta,48,walk_forward
1934,xgb,0,0.14320959150791168,0,0,0.8970142602920532,robustez,A_ablacao,proxy_N1_ge2,proxy,1,2,nivel_delta,48,walk_forward
1935,rf,0,0.49984719421882856,0,0,0.5133828223679219,robustez,A_ablacao,proxy_N1_ge2,proxy,1,2,nivel_delta,48,walk_forward
1935,xgb,0,0.08303149789571762,0,0,0.8916541934013367,robustez,A_ablacao,proxy_N1_ge2,proxy,1,2,nivel_delta,48,walk_forward
1936,rf,1,0.46225158657561305,0,0,0.51032457598186,robustez,A_ablacao,proxy_N1_ge2,proxy,1,2,nivel_delta,48,walk_forward
1936,xgb,1,0.21836505830287933,0,0,0.8868281841278076,robustez,A_ablacao,proxy_N1_ge2,proxy,1,2,nivel_delta,48,walk_forward
1937,rf,1,0.48769980647541983,0,0,0.5172021980137369,robustez,A_ablacao,proxy_N1_ge2,proxy,1,2,nivel_delta,48,walk_forward
1937,xgb,1,0.6570561528205872,1,0,0.8942979574203491,robustez,A_ablacao,proxy_N1_ge2,proxy,1,2,nivel_delta,48,walk_forward
1938,rf,1,0.4528546217398959,0,0,0.49373038880374776,robustez,A_ablacao,proxy_N1_ge2,proxy,1,2,nivel_delta,48,walk_forward
1938,xgb,1,0.17815428972244263,0,0,0.8993093371391296,robustez,A_ablacao,proxy_N1_ge2,proxy,1,2,nivel_delta,48,walk_forward
1939,rf,1,0.4940721052312296,0,0,0.5219488935198621,robustez,A_ablacao,proxy_N1_ge2,proxy,1,2,nivel_delta,48,walk_forward
1939,xgb,1,0.6154857277870178,1,0,0.8905460238456726,robustez,A_ablacao,proxy_N1_ge2,proxy,1,2,nivel_delta,48,walk_forward
1940,rf,1,0.48644075120756897,0,1,0.46936421321818605,robustez,A_ablacao,proxy_N1_ge2,proxy,1,2,nivel_delta,48,walk_forward
1940,xgb,1,0.8686680197715759,1,0,0.8943394422531128,robustez,A_ablacao,proxy_N1_ge2,proxy,1,2,nivel_delta,48,walk_forward
1941,rf,0,0.4638099434947455,0,0,0.5079048904584426,robustez,A_ablacao,proxy_N1_ge2,proxy,1,2,nivel_delta,48,walk_forward
1941,xgb,0,0.41592520475387573,0,0,0.8811731338500977,robustez,A_ablacao,proxy_N1_ge2,proxy,1,2,nivel_delta,48,walk_forward
1942,rf,1,0.5696370623157248,1,1,0.5396076039728375,robustez,A_ablacao,proxy_N1_ge2,proxy,1,2,nivel_delta,48,walk_forward
1942,xgb,1,0.8608217239379883,1,0,0.8773061037063599,robustez,A_ablacao,proxy_N1_ge2,proxy,1,2,nivel_delta,48,walk_forward
1943,rf,0,0.3462145676210981,0,0,0.517795976624628,robustez,A_ablacao,proxy_N1_ge2,proxy,1,2,nivel_delta,48,walk_forward
1943,xgb,0,0.0510585680603981,0,0,0.8799082636833191,robustez,A_ablacao,proxy_N1_ge2,proxy,1,2,nivel_delta,48,walk_forward
1944,rf,0,0.4810458593978939,0,0,0.5102534311742473,robustez,A_ablacao,proxy_N1_ge2,proxy,1,2,nivel_delta,48,walk_forward
1944,xgb,0,0.4701957404613495,0,0,0.8750616908073425,robustez,A_ablacao,proxy_N1_ge2,proxy,1,2,nivel_delta,48,walk_forward
1945,rf,0,0.326950024588555,0,0,0.5289894084110123,robustez,A_ablacao,proxy_N1_ge2,proxy,1,2,nivel_delta,48,walk_forward
1945,xgb,0,0.05078177899122238,0,0,0.8714703321456909,robustez,A_ablacao,proxy_N1_ge2,proxy,1,2,nivel_delta,48,walk_forward
1946,rf,1,0.25685612903671534,0,0,0.5315619559389233,robustez,A_ablacao,proxy_N1_ge2,proxy,1,2,nivel_delta,48,walk_forward
1946,xgb,1,0.01730967126786709,0,0,0.868948757648468,robustez,A_ablacao,proxy_N1_ge2,proxy,1,2,nivel_delta,48,walk_forward
1947,rf,0,0.2802501142483828,0,0,0.5311683078089391,robustez,A_ablacao,proxy_N1_ge2,proxy,1,2,nivel_delta,48,walk_forward
1947,xgb,0,0.13647989928722382,0,0,0.8756861090660095,robustez,A_ablacao,proxy_N1_ge2,proxy,1,2,nivel_delta,48,walk_forward
1948,rf,0,0.45015347122214083,0,0,0.4847074560342421,robustez,A_ablacao,proxy_N1_ge2,proxy,1,2,nivel_delta,48,walk_forward
1948,xgb,0,0.5357720255851746,1,0,0.8812814354896545,robustez,A_ablacao,proxy_N1_ge2,proxy,1,2,nivel_delta,48,walk_forward
1949,rf,1,0.4520504587698306,0,0,0.4861651263245204,robustez,A_ablacao,proxy_N1_ge2,proxy,1,2,nivel_delta,48,walk_forward
1949,xgb,1,0.7118203043937683,1,0,0.8880606889724731,robustez,A_ablacao,proxy_N1_ge2,proxy,1,2,nivel_delta,48,walk_forward
1950,rf,0,0.49972841740172086,0,1,0.4506258560182663,robustez,A_ablacao,proxy_N1_ge2,proxy,1,2,nivel_delta,48,walk_forward
1950,xgb,0,0.24974429607391357,0,0,0.8921297788619995,robustez,A_ablacao,proxy_N1_ge2,proxy,1,2,nivel_delta,48,walk_forward
1951,rf,0,0.4553440849825588,0,1,0.4495513543754826,robustez,A_ablacao,proxy_N1_ge2,proxy,1,2,nivel_delta,48,walk_forward
1951,xgb,0,0.24649374186992645,0,0,0.8841069936752319,robustez,A_ablacao,proxy_N1_ge2,proxy,1,2,nivel_delta,48,walk_forward
1952,rf,0,0.4147678065514888,0,0,0.4485892837184051,robustez,A_ablacao,proxy_N1_ge2,proxy,1,2,nivel_delta,48,walk_forward
1952,xgb,0,0.12623509764671326,0,0,0.8892906904220581,robustez,A_ablacao,proxy_N1_ge2,proxy,1,2,nivel_delta,48,walk_forward
1953,rf,0,0.41843259547021794,0,0,0.4651280077819704,robustez,A_ablacao,proxy_N1_ge2,proxy,1,2,nivel_delta,48,walk_forward
1953,xgb,0,0.2113683968782425,0,0,0.8919241428375244,robustez,A_ablacao,proxy_N1_ge2,proxy,1,2,nivel_delta,48,walk_forward
1954,rf,1,0.2936777095091259,0,0,0.4740185153442776,robustez,A_ablacao,proxy_N1_ge2,proxy,1,2,nivel_delta,48,walk_forward
1954,xgb,1,0.015604868531227112,0,0,0.8909769058227539,robustez,A_ablacao,proxy_N1_ge2,proxy,1,2,nivel_delta,48,walk_forward
1955,rf,0,0.30523293202193624,0,0,0.4720085433909465,robustez,A_ablacao,proxy_N1_ge2,proxy,1,2,nivel_delta,48,walk_forward
1955,xgb,0,0.046119529753923416,0,0,0.8936446309089661,robustez,A_ablacao,proxy_N1_ge2,proxy,1,2,nivel_delta,48,walk_forward
1956,rf,0,0.3235597859834703,0,0,0.4620317309366563,robustez,A_ablacao,proxy_N1_ge2,proxy,1,2,nivel_delta,48,walk_forward
1956,xgb,0,0.03723781928420067,0,0,0.8833886384963989,robustez,A_ablacao,proxy_N1_ge2,proxy,1,2,nivel_delta,48,walk_forward
1957,rf,0,0.3473337918704963,0,0,0.4714462643551357,robustez,A_ablacao,proxy_N1_ge2,proxy,1,2,nivel_delta,48,walk_forward
1957,xgb,0,0.22807449102401733,0,0,0.8901554942131042,robustez,A_ablacao,proxy_N1_ge2,proxy,1,2,nivel_delta,48,walk_forward
1958,rf,0,0.4804585424331929,0,1,0.46487448246919333,robustez,A_ablacao,proxy_N1_ge2,proxy,1,2,nivel_delta,48,walk_forward
1958,xgb,0,0.8756371140480042,1,0,0.8952842354774475,robustez,A_ablacao,proxy_N1_ge2,proxy,1,2,nivel_delta,48,walk_forward
1959,rf,0,0.2549188545165027,0,0,0.46735077173067124,robustez,A_ablacao,proxy_N1_ge2,proxy,1,2,nivel_delta,48,walk_forward
1959,xgb,0,0.20471735298633575,0,0,0.8912794589996338,robustez,A_ablacao,proxy_N1_ge2,proxy,1,2,nivel_delta,48,walk_forward
1960,rf,1,0.49954420212728423,0,1,0.47674444152730194,robustez,A_ablacao,proxy_N1_ge2,proxy,1,2,nivel_delta,48,walk_forward
1960,xgb,1,0.45312416553497314,0,0,0.8980971574783325,robustez,A_ablacao,proxy_N1_ge2,proxy,1,2,nivel_delta,48,walk_forward
1961,rf,0,0.44193554434027044,0,0,0.4823243533879415,robustez,A_ablacao,proxy_N1_ge2,proxy,1,2,nivel_delta,48,walk_forward
1961,xgb,0,0.4540189206600189,0,0,0.8964086174964905,robustez,A_ablacao,proxy_N1_ge2,proxy,1,2,nivel_delta,48,walk_forward
1962,rf,0,0.45455103373059075,0,0,0.4608425189397225,robustez,A_ablacao,proxy_N1_ge2,proxy,1,2,nivel_delta,48,walk_forward
1962,xgb,0,0.129787877202034,0,0,0.8921180367469788,robustez,A_ablacao,proxy_N1_ge2,proxy,1,2,nivel_delta,48,walk_forward
1963,rf,1,0.3713050609452368,0,0,0.4623617494085945,robustez,A_ablacao,proxy_N1_ge2,proxy,1,2,nivel_delta,48,walk_forward
1963,xgb,1,0.07965072244405746,0,0,0.8981828093528748,robustez,A_ablacao,proxy_N1_ge2,proxy,1,2,nivel_delta,48,walk_forward
1964,rf,0,0.30446101213501814,0,0,0.4611388818923669,robustez,A_ablacao,proxy_N1_ge2,proxy,1,2,nivel_delta,48,walk_forward
1964,xgb,0,0.011378254741430283,0,0,0.8872859477996826,robustez,A_ablacao,proxy_N1_ge2,proxy,1,2,nivel_delta,48,walk_forward
1965,rf,0,0.4286125437693372,0,0,0.45662778385238895,robustez,A_ablacao,proxy_N1_ge2,proxy,1,2,nivel_delta,48,walk_forward
1965,xgb,0,0.10693417489528656,0,0,0.890393078327179,robustez,A_ablacao,proxy_N1_ge2,proxy,1,2,nivel_delta,48,walk_forward
1966,rf,0,0.3714857261223932,0,0,0.4649193756178503,robustez,A_ablacao,proxy_N1_ge2,proxy,1,2,nivel_delta,48,walk_forward
1966,xgb,0,0.03853083774447441,0,0,0.8960355520248413,robustez,A_ablacao,proxy_N1_ge2,proxy,1,2,nivel_delta,48,walk_forward
1967,rf,0,0.2767727863070907,0,0,0.45994710069915906,robustez,A_ablacao,proxy_N1_ge2,proxy,1,2,nivel_delta,48,walk_forward
1967,xgb,0,0.012700685299932957,0,0,0.8946710228919983,robustez,A_ablacao,proxy_N1_ge2,proxy,1,2,nivel_delta,48,walk_forward
1968,rf,0,0.32701171900415565,0,0,0.4617031188161064,robustez,A_ablacao,proxy_N1_ge2,proxy,1,2,nivel_delta,48,walk_forward
1968,xgb,0,0.05916573479771614,0,0,0.8993242383003235,robustez,A_ablacao,proxy_N1_ge2,proxy,1,2,nivel_delta,48,walk_forward
1969,rf,0,0.21130554126263065,0,0,0.4590206218339056,robustez,A_ablacao,proxy_N1_ge2,proxy,1,2,nivel_delta,48,walk_forward
1969,xgb,0,0.0021666958928108215,0,0,0.8991658687591553,robustez,A_ablacao,proxy_N1_ge2,proxy,1,2,nivel_delta,48,walk_forward
1970,rf,0,0.28048248867823855,0,0,0.4653736913742722,robustez,A_ablacao,proxy_N1_ge2,proxy,1,2,nivel_delta,48,walk_forward
1970,xgb,0,0.013748804107308388,0,0,0.9026058912277222,robustez,A_ablacao,proxy_N1_ge2,proxy,1,2,nivel_delta,48,walk_forward
1971,rf,0,0.35798163930090265,0,0,0.4698706605136358,robustez,A_ablacao,proxy_N1_ge2,proxy,1,2,nivel_delta,48,walk_forward
1971,xgb,0,0.05956656485795975,0,0,0.9047984480857849,robustez,A_ablacao,proxy_N1_ge2,proxy,1,2,nivel_delta,48,walk_forward
1972,rf,0,0.30950477347979427,0,0,0.46659908453567384,robustez,A_ablacao,proxy_N1_ge2,proxy,1,2,nivel_delta,48,walk_forward
1972,xgb,0,0.12157578021287918,0,0,0.9096736311912537,robustez,A_ablacao,proxy_N1_ge2,proxy,1,2,nivel_delta,48,walk_forward
1973,rf,0,0.29663904805110236,0,0,0.472153090387601,robustez,A_ablacao,proxy_N1_ge2,proxy,1,2,nivel_delta,48,walk_forward
1973,xgb,0,0.08891846239566803,0,0,0.9056519269943237,robustez,A_ablacao,proxy_N1_ge2,proxy,1,2,nivel_delta,48,walk_forward
1974,rf,0,0.3603041310624909,0,0,0.47064661606904723,robustez,A_ablacao,proxy_N1_ge2,proxy,1,2,nivel_delta,48,walk_forward
1974,xgb,0,0.2775392532348633,0,0,0.9104340076446533,robustez,A_ablacao,proxy_N1_ge2,proxy,1,2,nivel_delta,48,walk_forward
1975,rf,0,0.2601655021983269,0,0,0.47247963799837267,robustez,A_ablacao,proxy_N1_ge2,proxy,1,2,nivel_delta,48,walk_forward
1975,xgb,0,0.09183160215616226,0,0,0.9107609987258911,robustez,A_ablacao,proxy_N1_ge2,proxy,1,2,nivel_delta,48,walk_forward
1976,rf,0,0.25404297020114025,0,0,0.49380066019323715,robustez,A_ablacao,proxy_N1_ge2,proxy,1,2,nivel_delta,48,walk_forward
1976,xgb,0,0.03179340809583664,0,0,0.9091732501983643,robustez,A_ablacao,proxy_N1_ge2,proxy,1,2,nivel_delta,48,walk_forward
1977,rf,1,0.20922095828183015,0,0,0.4618132728428858,robustez,A_ablacao,proxy_N1_ge2,proxy,1,2,nivel_delta,48,walk_forward
1977,xgb,1,0.01101434975862503,0,0,0.9122540354728699,robustez,A_ablacao,proxy_N1_ge2,proxy,1,2,nivel_delta,48,walk_forward
1978,rf,0,0.19653140219921322,0,0,0.46819776524373313,robustez,A_ablacao,proxy_N1_ge2,proxy,1,2,nivel_delta,48,walk_forward
1978,xgb,0,0.007672690320760012,0,0,0.913934588432312,robustez,A_ablacao,proxy_N1_ge2,proxy,1,2,nivel_delta,48,walk_forward
1979,rf,0,0.31370511620690933,0,0,0.4760211788636022,robustez,A_ablacao,proxy_N1_ge2,proxy,1,2,nivel_delta,48,walk_forward
1979,xgb,0,0.1604333221912384,0,0,0.9024786949157715,robustez,A_ablacao,proxy_N1_ge2,proxy,1,2,nivel_delta,48,walk_forward
1980,rf,0,0.42293088975792054,0,0,0.4833651356294848,robustez,A_ablacao,proxy_N1_ge2,proxy,1,2,nivel_delta,48,walk_forward
1980,xgb,0,0.13603749871253967,0,0,0.902552604675293,robustez,A_ablacao,proxy_N1_ge2,proxy,1,2,nivel_delta,48,walk_forward
1981,rf,0,0.32490903887698414,0,0,0.4965793175520524,robustez,A_ablacao,proxy_N1_ge2,proxy,1,2,nivel_delta,48,walk_forward
1981,xgb,0,0.10613035410642624,0,0,0.9066968560218811,robustez,A_ablacao,proxy_N1_ge2,proxy,1,2,nivel_delta,48,walk_forward
1982,rf,0,0.24642969760554137,0,0,0.48848189941498993,robustez,A_ablacao,proxy_N1_ge2,proxy,1,2,nivel_delta,48,walk_forward
1982,xgb,0,0.03480011969804764,0,0,0.9131034016609192,robustez,A_ablacao,proxy_N1_ge2,proxy,1,2,nivel_delta,48,walk_forward
1983,rf,0,0.1779848652004417,0,0,0.49004170107076545,robustez,A_ablacao,proxy_N1_ge2,proxy,1,2,nivel_delta,48,walk_forward
1983,xgb,0,0.012413932010531425,0,0,0.9149183034896851,robustez,A_ablacao,proxy_N1_ge2,proxy,1,2,nivel_delta,48,walk_forward
1984,rf,0,0.3666306727125959,0,0,0.48961699304239037,robustez,A_ablacao,proxy_N1_ge2,proxy,1,2,nivel_delta,48,walk_forward
1984,xgb,0,0.057912442833185196,0,0,0.9137539863586426,robustez,A_ablacao,proxy_N1_ge2,proxy,1,2,nivel_delta,48,walk_forward
1985,rf,1,0.40237658532838816,0,0,0.4905956263287027,robustez,A_ablacao,proxy_N1_ge2,proxy,1,2,nivel_delta,48,walk_forward
1985,xgb,1,0.39203983545303345,0,0,0.9158707857131958,robustez,A_ablacao,proxy_N1_ge2,proxy,1,2,nivel_delta,48,walk_forward
1986,rf,0,0.221184105000689,0,0,0.4973570424688122,robustez,A_ablacao,proxy_N1_ge2,proxy,1,2,nivel_delta,48,walk_forward
1986,xgb,0,0.005805809050798416,0,0,0.9214012026786804,robustez,A_ablacao,proxy_N1_ge2,proxy,1,2,nivel_delta,48,walk_forward
1987,rf,0,0.3019016385673914,0,0,0.5071635319001812,robustez,A_ablacao,proxy_N1_ge2,proxy,1,2,nivel_delta,48,walk_forward
1987,xgb,0,0.056745413690805435,0,0,0.9201205968856812,robustez,A_ablacao,proxy_N1_ge2,proxy,1,2,nivel_delta,48,walk_forward
1988,rf,0,0.4701287882693761,0,0,0.48297603238907727,robustez,A_ablacao,proxy_N1_ge2,proxy,1,2,nivel_delta,48,walk_forward
1988,xgb,0,0.3379686772823334,0,0,0.9194524884223938,robustez,A_ablacao,proxy_N1_ge2,proxy,1,2,nivel_delta,48,walk_forward
1989,rf,1,0.24877114213838067,0,0,0.49372506864973653,robustez,A_ablacao,proxy_N1_ge2,proxy,1,2,nivel_delta,48,walk_forward
1989,xgb,1,0.014538154006004333,0,0,0.9222180843353271,robustez,A_ablacao,proxy_N1_ge2,proxy,1,2,nivel_delta,48,walk_forward
1990,rf,0,0.2604244303952995,0,0,0.5014457841499336,robustez,A_ablacao,proxy_N1_ge2,proxy,1,2,nivel_delta,48,walk_forward
1990,xgb,0,0.06871296465396881,0,0,0.9236732125282288,robustez,A_ablacao,proxy_N1_ge2,proxy,1,2,nivel_delta,48,walk_forward
1991,rf,0,0.3057784479808543,0,0,0.48270963616593876,robustez,A_ablacao,proxy_N1_ge2,proxy,1,2,nivel_delta,48,walk_forward
1991,xgb,0,0.18839912116527557,0,0,0.9212973713874817,robustez,A_ablacao,proxy_N1_ge2,proxy,1,2,nivel_delta,48,walk_forward
1992,rf,1,0.34081022452730575,0,0,0.48350496800977444,robustez,A_ablacao,proxy_N1_ge2,proxy,1,2,nivel_delta,48,walk_forward
1992,xgb,1,0.18059596419334412,0,0,0.9200853705406189,robustez,A_ablacao,proxy_N1_ge2,proxy,1,2,nivel_delta,48,walk_forward
1993,rf,0,0.37615285993586844,0,0,0.49276120035641435,robustez,A_ablacao,proxy_N1_ge2,proxy,1,2,nivel_delta,48,walk_forward
1993,xgb,0,0.37685301899909973,0,0,0.9180206060409546,robustez,A_ablacao,proxy_N1_ge2,proxy,1,2,nivel_delta,48,walk_forward
1994,rf,0,0.3695691150658989,0,0,0.49730976106494845,robustez,A_ablacao,proxy_N1_ge2,proxy,1,2,nivel_delta,48,walk_forward
1994,xgb,0,0.26302191615104675,0,0,0.9122174978256226,robustez,A_ablacao,proxy_N1_ge2,proxy,1,2,nivel_delta,48,walk_forward
1995,rf,0,0.27479615282767517,0,0,0.5020780985386913,robustez,A_ablacao,proxy_N1_ge2,proxy,1,2,nivel_delta,48,walk_forward
1995,xgb,0,0.05324619263410568,0,0,0.9174871444702148,robustez,A_ablacao,proxy_N1_ge2,proxy,1,2,nivel_delta,48,walk_forward
1996,rf,1,0.31376483898793855,0,0,0.4968336410335721,robustez,A_ablacao,proxy_N1_ge2,proxy,1,2,nivel_delta,48,walk_forward
1996,xgb,1,0.2826468348503113,0,0,0.9194582104682922,robustez,A_ablacao,proxy_N1_ge2,proxy,1,2,nivel_delta,48,walk_forward
1997,rf,0,0.17715955218743235,0,0,0.5139449291800205,robustez,A_ablacao,proxy_N1_ge2,proxy,1,2,nivel_delta,48,walk_forward
1997,xgb,0,0.022307442501187325,0,0,0.9185126423835754,robustez,A_ablacao,proxy_N1_ge2,proxy,1,2,nivel_delta,48,walk_forward
1998,rf,0,0.23949868777034947,0,0,0.4975659195959581,robustez,A_ablacao,proxy_N1_ge2,proxy,1,2,nivel_delta,48,walk_forward
1998,xgb,0,0.017293618991971016,0,0,0.9153974652290344,robustez,A_ablacao,proxy_N1_ge2,proxy,1,2,nivel_delta,48,walk_forward
1999,rf,0,0.2975142747677153,0,0,0.5085473113546742,robustez,A_ablacao,proxy_N1_ge2,proxy,1,2,nivel_delta,48,walk_forward
1999,xgb,0,0.13468720018863678,0,0,0.9142500162124634,robustez,A_ablacao,proxy_N1_ge2,proxy,1,2,nivel_delta,48,walk_forward
2000,rf,1,0.2512699294130421,0,0,0.5035283830016833,robustez,A_ablacao,proxy_N1_ge2,proxy,1,2,nivel_delta,48,walk_forward
2000,xgb,1,0.12218254804611206,0,0,0.9107269048690796,robustez,A_ablacao,proxy_N1_ge2,proxy,1,2,nivel_delta,48,walk_forward
2001,rf,0,0.1789099822588195,0,0,0.5091758098010495,robustez,A_ablacao,proxy_N1_ge2,proxy,1,2,nivel_delta,48,walk_forward
2001,xgb,0,0.008008132688701153,0,0,0.9200534820556641,robustez,A_ablacao,proxy_N1_ge2,proxy,1,2,nivel_delta,48,walk_forward
2002,rf,0,0.24815336754980746,0,0,0.4656766111631346,robustez,A_ablacao,proxy_N1_ge2,proxy,1,2,nivel_delta,48,walk_forward
2002,xgb,0,0.009599854238331318,0,0,0.9195460081100464,robustez,A_ablacao,proxy_N1_ge2,proxy,1,2,nivel_delta,48,walk_forward
2003,rf,0,0.39914499383411095,0,0,0.46074068291163445,robustez,A_ablacao,proxy_N1_ge2,proxy,1,2,nivel_delta,48,walk_forward
2003,xgb,0,0.3845154643058777,0,0,0.919037938117981,robustez,A_ablacao,proxy_N1_ge2,proxy,1,2,nivel_delta,48,walk_forward
2004,rf,0,0.19348356136470354,0,0,0.5167310526341344,robustez,A_ablacao,proxy_N1_ge2,proxy,1,2,nivel_delta,48,walk_forward
2004,xgb,0,0.00955941341817379,0,0,0.9137306809425354,robustez,A_ablacao,proxy_N1_ge2,proxy,1,2,nivel_delta,48,walk_forward
2005,rf,0,0.2642102562841974,0,0,0.4705711906889259,robustez,A_ablacao,proxy_N1_ge2,proxy,1,2,nivel_delta,48,walk_forward
2005,xgb,0,0.007421805057674646,0,0,0.9203218221664429,robustez,A_ablacao,proxy_N1_ge2,proxy,1,2,nivel_delta,48,walk_forward
1931,prevalencia,0,0.275,0,0,0.5,robustez,A_ablacao,proxy_N1_ge2,proxy,1,2,nivel_delta,48,walk_forward
1931,persistencia,0,1.0,1,1,0.5,robustez,A_ablacao,proxy_N1_ge2,proxy,1,2,nivel_delta,48,walk_forward
1931,persistencia_purgada,0,0.0,0,0,0.5,robustez,A_ablacao,proxy_N1_ge2,proxy,1,2,nivel_delta,48,walk_forward
1932,prevalencia,1,0.2926829268292683,0,0,0.5,robustez,A_ablacao,proxy_N1_ge2,proxy,1,2,nivel_delta,48,walk_forward
1932,persistencia,1,0.0,0,0,0.5,robustez,A_ablacao,proxy_N1_ge2,proxy,1,2,nivel_delta,48,walk_forward
1932,persistencia_purgada,1,1.0,1,1,0.5,robustez,A_ablacao,proxy_N1_ge2,proxy,1,2,nivel_delta,48,walk_forward
1933,prevalencia,1,0.2857142857142857,0,0,0.5,robustez,A_ablacao,proxy_N1_ge2,proxy,1,2,nivel_delta,48,walk_forward
1933,persistencia,1,1.0,1,1,0.5,robustez,A_ablacao,proxy_N1_ge2,proxy,1,2,nivel_delta,48,walk_forward
1933,persistencia_purgada,1,0.0,0,0,0.5,robustez,A_ablacao,proxy_N1_ge2,proxy,1,2,nivel_delta,48,walk_forward
1934,prevalencia,0,0.3023255813953488,0,0,0.5,robustez,A_ablacao,proxy_N1_ge2,proxy,1,2,nivel_delta,48,walk_forward
1934,persistencia,0,1.0,1,1,0.5,robustez,A_ablacao,proxy_N1_ge2,proxy,1,2,nivel_delta,48,walk_forward
1934,persistencia_purgada,0,1.0,1,1,0.5,robustez,A_ablacao,proxy_N1_ge2,proxy,1,2,nivel_delta,48,walk_forward
1935,prevalencia,0,0.3181818181818182,0,0,0.5,robustez,A_ablacao,proxy_N1_ge2,proxy,1,2,nivel_delta,48,walk_forward
1935,persistencia,0,0.0,0,0,0.5,robustez,A_ablacao,proxy_N1_ge2,proxy,1,2,nivel_delta,48,walk_forward
1935,persistencia_purgada,0,1.0,1,1,0.5,robustez,A_ablacao,proxy_N1_ge2,proxy,1,2,nivel_delta,48,walk_forward
1936,prevalencia,1,0.3111111111111111,0,0,0.5,robustez,A_ablacao,proxy_N1_ge2,proxy,1,2,nivel_delta,48,walk_forward
1936,persistencia,1,0.0,0,0,0.5,robustez,A_ablacao,proxy_N1_ge2,proxy,1,2,nivel_delta,48,walk_forward
1936,persistencia_purgada,1,0.0,0,0,0.5,robustez,A_ablacao,proxy_N1_ge2,proxy,1,2,nivel_delta,48,walk_forward
1937,prevalencia,1,0.30434782608695654,0,0,0.5,robustez,A_ablacao,proxy_N1_ge2,proxy,1,2,nivel_delta,48,walk_forward
1937,persistencia,1,1.0,1,1,0.5,robustez,A_ablacao,proxy_N1_ge2,proxy,1,2,nivel_delta,48,walk_forward
1937,persistencia_purgada,1,0.0,0,0,0.5,robustez,A_ablacao,proxy_N1_ge2,proxy,1,2,nivel_delta,48,walk_forward
1938,prevalencia,1,0.3191489361702128,0,0,0.5,robustez,A_ablacao,proxy_N1_ge2,proxy,1,2,nivel_delta,48,walk_forward
1938,persistencia,1,1.0,1,1,0.5,robustez,A_ablacao,proxy_N1_ge2,proxy,1,2,nivel_delta,48,walk_forward
1938,persistencia_purgada,1,1.0,1,1,0.5,robustez,A_ablacao,proxy_N1_ge2,proxy,1,2,nivel_delta,48,walk_forward
1939,prevalencia,1,0.3333333333333333,0,0,0.5,robustez,A_ablacao,proxy_N1_ge2,proxy,1,2,nivel_delta,48,walk_forward
1939,persistencia,1,1.0,1,1,0.5,robustez,A_ablacao,proxy_N1_ge2,proxy,1,2,nivel_delta,48,walk_forward
1939,persistencia_purgada,1,1.0,1,1,0.5,robustez,A_ablacao,proxy_N1_ge2,proxy,1,2,nivel_delta,48,walk_forward
1940,prevalencia,1,0.3469387755102041,0,0,0.5,robustez,A_ablacao,proxy_N1_ge2,proxy,1,2,nivel_delta,48,walk_forward
1940,persistencia,1,1.0,1,1,0.5,robustez,A_ablacao,proxy_N1_ge2,proxy,1,2,nivel_delta,48,walk_forward
1940,persistencia_purgada,1,1.0,1,1,0.5,robustez,A_ablacao,proxy_N1_ge2,proxy,1,2,nivel_delta,48,walk_forward
1941,prevalencia,0,0.36,0,0,0.5,robustez,A_ablacao,proxy_N1_ge2,proxy,1,2,nivel_delta,48,walk_forward
1941,persistencia,0,1.0,1,1,0.5,robustez,A_ablacao,proxy_N1_ge2,proxy,1,2,nivel_delta,48,walk_forward
1941,persistencia_purgada,0,1.0,1,1,0.5,robustez,A_ablacao,proxy_N1_ge2,proxy,1,2,nivel_delta,48,walk_forward
1942,prevalencia,1,0.37254901960784315,0,0,0.5,robustez,A_ablacao,proxy_N1_ge2,proxy,1,2,nivel_delta,48,walk_forward
1942,persistencia,1,0.0,0,0,0.5,robustez,A_ablacao,proxy_N1_ge2,proxy,1,2,nivel_delta,48,walk_forward
1942,persistencia_purgada,1,1.0,1,1,0.5,robustez,A_ablacao,proxy_N1_ge2,proxy,1,2,nivel_delta,48,walk_forward
1943,prevalencia,0,0.36538461538461536,0,0,0.5,robustez,A_ablacao,proxy_N1_ge2,proxy,1,2,nivel_delta,48,walk_forward
1943,persistencia,0,1.0,1,1,0.5,robustez,A_ablacao,proxy_N1_ge2,proxy,1,2,nivel_delta,48,walk_forward
1943,persistencia_purgada,0,0.0,0,0,0.5,robustez,A_ablacao,proxy_N1_ge2,proxy,1,2,nivel_delta,48,walk_forward
1944,prevalencia,0,0.37735849056603776,0,0,0.5,robustez,A_ablacao,proxy_N1_ge2,proxy,1,2,nivel_delta,48,walk_forward
1944,persistencia,0,0.0,0,0,0.5,robustez,A_ablacao,proxy_N1_ge2,proxy,1,2,nivel_delta,48,walk_forward
1944,persistencia_purgada,0,1.0,1,1,0.5,robustez,A_ablacao,proxy_N1_ge2,proxy,1,2,nivel_delta,48,walk_forward
1945,prevalencia,0,0.37037037037037035,0,0,0.5,robustez,A_ablacao,proxy_N1_ge2,proxy,1,2,nivel_delta,48,walk_forward
1945,persistencia,0,0.0,0,0,0.5,robustez,A_ablacao,proxy_N1_ge2,proxy,1,2,nivel_delta,48,walk_forward
1945,persistencia_purgada,0,0.0,0,0,0.5,robustez,A_ablacao,proxy_N1_ge2,proxy,1,2,nivel_delta,48,walk_forward
1946,prevalencia,1,0.36363636363636365,0,0,0.5,robustez,A_ablacao,proxy_N1_ge2,proxy,1,2,nivel_delta,48,walk_forward
1946,persistencia,1,0.0,0,0,0.5,robustez,A_ablacao,proxy_N1_ge2,proxy,1,2,nivel_delta,48,walk_forward
1946,persistencia_purgada,1,0.0,0,0,0.5,robustez,A_ablacao,proxy_N1_ge2,proxy,1,2,nivel_delta,48,walk_forward
1947,prevalencia,0,0.35714285714285715,0,0,0.5,robustez,A_ablacao,proxy_N1_ge2,proxy,1,2,nivel_delta,48,walk_forward
1947,persistencia,0,1.0,1,1,0.5,robustez,A_ablacao,proxy_N1_ge2,proxy,1,2,nivel_delta,48,walk_forward
1947,persistencia_purgada,0,0.0,0,0,0.5,robustez,A_ablacao,proxy_N1_ge2,proxy,1,2,nivel_delta,48,walk_forward
1948,prevalencia,0,0.3684210526315789,0,0,0.5,robustez,A_ablacao,proxy_N1_ge2,proxy,1,2,nivel_delta,48,walk_forward
1948,persistencia,0,0.0,0,0,0.5,robustez,A_ablacao,proxy_N1_ge2,proxy,1,2,nivel_delta,48,walk_forward
1948,persistencia_purgada,0,1.0,1,1,0.5,robustez,A_ablacao,proxy_N1_ge2,proxy,1,2,nivel_delta,48,walk_forward
1949,prevalencia,1,0.3620689655172414,0,0,0.5,robustez,A_ablacao,proxy_N1_ge2,proxy,1,2,nivel_delta,48,walk_forward
1949,persistencia,1,0.0,0,0,0.5,robustez,A_ablacao,proxy_N1_ge2,proxy,1,2,nivel_delta,48,walk_forward
1949,persistencia_purgada,1,0.0,0,0,0.5,robustez,A_ablacao,proxy_N1_ge2,proxy,1,2,nivel_delta,48,walk_forward
1950,prevalencia,0,0.3559322033898305,0,0,0.5,robustez,A_ablacao,proxy_N1_ge2,proxy,1,2,nivel_delta,48,walk_forward
1950,persistencia,0,1.0,1,1,0.5,robustez,A_ablacao,proxy_N1_ge2,proxy,1,2,nivel_delta,48,walk_forward
1950,persistencia_purgada,0,0.0,0,0,0.5,robustez,A_ablacao,proxy_N1_ge2,proxy,1,2,nivel_delta,48,walk_forward
1951,prevalencia,0,0.36666666666666664,0,0,0.5,robustez,A_ablacao,proxy_N1_ge2,proxy,1,2,nivel_delta,48,walk_forward
1951,persistencia,0,0.0,0,0,0.5,robustez,A_ablacao,proxy_N1_ge2,proxy,1,2,nivel_delta,48,walk_forward
1951,persistencia_purgada,0,1.0,1,1,0.5,robustez,A_ablacao,proxy_N1_ge2,proxy,1,2,nivel_delta,48,walk_forward
1952,prevalencia,0,0.36065573770491804,0,0,0.5,robustez,A_ablacao,proxy_N1_ge2,proxy,1,2,nivel_delta,48,walk_forward
1952,persistencia,0,0.0,0,0,0.5,robustez,A_ablacao,proxy_N1_ge2,proxy,1,2,nivel_delta,48,walk_forward
1952,persistencia_purgada,0,0.0,0,0,0.5,robustez,A_ablacao,proxy_N1_ge2,proxy,1,2,nivel_delta,48,walk_forward
1953,prevalencia,0,0.3548387096774194,0,0,0.5,robustez,A_ablacao,proxy_N1_ge2,proxy,1,2,nivel_delta,48,walk_forward
1953,persistencia,0,0.0,0,0,0.5,robustez,A_ablacao,proxy_N1_ge2,proxy,1,2,nivel_delta,48,walk_forward
1953,persistencia_purgada,0,0.0,0,0,0.5,robustez,A_ablacao,proxy_N1_ge2,proxy,1,2,nivel_delta,48,walk_forward
1954,prevalencia,1,0.3492063492063492,0,0,0.5,robustez,A_ablacao,proxy_N1_ge2,proxy,1,2,nivel_delta,48,walk_forward
1954,persistencia,1,0.0,0,0,0.5,robustez,A_ablacao,proxy_N1_ge2,proxy,1,2,nivel_delta,48,walk_forward
1954,persistencia_purgada,1,0.0,0,0,0.5,robustez,A_ablacao,proxy_N1_ge2,proxy,1,2,nivel_delta,48,walk_forward
1955,prevalencia,0,0.34375,0,0,0.5,robustez,A_ablacao,proxy_N1_ge2,proxy,1,2,nivel_delta,48,walk_forward
1955,persistencia,0,1.0,1,1,0.5,robustez,A_ablacao,proxy_N1_ge2,proxy,1,2,nivel_delta,48,walk_forward
1955,persistencia_purgada,0,0.0,0,0,0.5,robustez,A_ablacao,proxy_N1_ge2,proxy,1,2,nivel_delta,48,walk_forward
1956,prevalencia,0,0.35384615384615387,0,0,0.5,robustez,A_ablacao,proxy_N1_ge2,proxy,1,2,nivel_delta,48,walk_forward
1956,persistencia,0,0.0,0,0,0.5,robustez,A_ablacao,proxy_N1_ge2,proxy,1,2,nivel_delta,48,walk_forward
1956,persistencia_purgada,0,1.0,1,1,0.5,robustez,A_ablacao,proxy_N1_ge2,proxy,1,2,nivel_delta,48,walk_forward
1957,prevalencia,0,0.3484848484848485,0,0,0.5,robustez,A_ablacao,proxy_N1_ge2,proxy,1,2,nivel_delta,48,walk_forward
1957,persistencia,0,0.0,0,0,0.5,robustez,A_ablacao,proxy_N1_ge2,proxy,1,2,nivel_delta,48,walk_forward
1957,persistencia_purgada,0,0.0,0,0,0.5,robustez,A_ablacao,proxy_N1_ge2,proxy,1,2,nivel_delta,48,walk_forward
1958,prevalencia,0,0.34328358208955223,0,0,0.5,robustez,A_ablacao,proxy_N1_ge2,proxy,1,2,nivel_delta,48,walk_forward
1958,persistencia,0,0.0,0,0,0.5,robustez,A_ablacao,proxy_N1_ge2,proxy,1,2,nivel_delta,48,walk_forward
1958,persistencia_purgada,0,0.0,0,0,0.5,robustez,A_ablacao,proxy_N1_ge2,proxy,1,2,nivel_delta,48,walk_forward
1959,prevalencia,0,0.3382352941176471,0,0,0.5,robustez,A_ablacao,proxy_N1_ge2,proxy,1,2,nivel_delta,48,walk_forward
1959,persistencia,0,0.0,0,0,0.5,robustez,A_ablacao,proxy_N1_ge2,proxy,1,2,nivel_delta,48,walk_forward
1959,persistencia_purgada,0,0.0,0,0,0.5,robustez,A_ablacao,proxy_N1_ge2,proxy,1,2,nivel_delta,48,walk_forward
1960,prevalencia,1,0.3333333333333333,0,0,0.5,robustez,A_ablacao,proxy_N1_ge2,proxy,1,2,nivel_delta,48,walk_forward
1960,persistencia,1,0.0,0,0,0.5,robustez,A_ablacao,proxy_N1_ge2,proxy,1,2,nivel_delta,48,walk_forward
1960,persistencia_purgada,1,0.0,0,0,0.5,robustez,A_ablacao,proxy_N1_ge2,proxy,1,2,nivel_delta,48,walk_forward
1961,prevalencia,0,0.32857142857142857,0,0,0.5,robustez,A_ablacao,proxy_N1_ge2,proxy,1,2,nivel_delta,48,walk_forward
1961,persistencia,0,1.0,1,1,0.5,robustez,A_ablacao,proxy_N1_ge2,proxy,1,2,nivel_delta,48,walk_forward
1961,persistencia_purgada,0,0.0,0,0,0.5,robustez,A_ablacao,proxy_N1_ge2,proxy,1,2,nivel_delta,48,walk_forward
1962,prevalencia,0,0.3380281690140845,0,0,0.5,robustez,A_ablacao,proxy_N1_ge2,proxy,1,2,nivel_delta,48,walk_forward
1962,persistencia,0,0.0,0,0,0.5,robustez,A_ablacao,proxy_N1_ge2,proxy,1,2,nivel_delta,48,walk_forward
1962,persistencia_purgada,0,1.0,1,1,0.5,robustez,A_ablacao,proxy_N1_ge2,proxy,1,2,nivel_delta,48,walk_forward
1963,prevalencia,1,0.3333333333333333,0,0,0.5,robustez,A_ablacao,proxy_N1_ge2,proxy,1,2,nivel_delta,48,walk_forward
1963,persistencia,1,0.0,0,0,0.5,robustez,A_ablacao,proxy_N1_ge2,proxy,1,2,nivel_delta,48,walk_forward
1963,persistencia_purgada,1,0.0,0,0,0.5,robustez,A_ablacao,proxy_N1_ge2,proxy,1,2,nivel_delta,48,walk_forward
1964,prevalencia,0,0.3287671232876712,0,0,0.5,robustez,A_ablacao,proxy_N1_ge2,proxy,1,2,nivel_delta,48,walk_forward
1964,persistencia,0,1.0,1,1,0.5,robustez,A_ablacao,proxy_N1_ge2,proxy,1,2,nivel_delta,48,walk_forward
1964,persistencia_purgada,0,0.0,0,0,0.5,robustez,A_ablacao,proxy_N1_ge2,proxy,1,2,nivel_delta,48,walk_forward
1965,prevalencia,0,0.33783783783783783,0,0,0.5,robustez,A_ablacao,proxy_N1_ge2,proxy,1,2,nivel_delta,48,walk_forward
1965,persistencia,0,0.0,0,0,0.5,robustez,A_ablacao,proxy_N1_ge2,proxy,1,2,nivel_delta,48,walk_forward
1965,persistencia_purgada,0,1.0,1,1,0.5,robustez,A_ablacao,proxy_N1_ge2,proxy,1,2,nivel_delta,48,walk_forward
1966,prevalencia,0,0.3333333333333333,0,0,0.5,robustez,A_ablacao,proxy_N1_ge2,proxy,1,2,nivel_delta,48,walk_forward
1966,persistencia,0,0.0,0,0,0.5,robustez,A_ablacao,proxy_N1_ge2,proxy,1,2,nivel_delta,48,walk_forward
1966,persistencia_purgada,0,0.0,0,0,0.5,robustez,A_ablacao,proxy_N1_ge2,proxy,1,2,nivel_delta,48,walk_forward
1967,prevalencia,0,0.32894736842105265,0,0,0.5,robustez,A_ablacao,proxy_N1_ge2,proxy,1,2,nivel_delta,48,walk_forward
1967,persistencia,0,0.0,0,0,0.5,robustez,A_ablacao,proxy_N1_ge2,proxy,1,2,nivel_delta,48,walk_forward
1967,persistencia_purgada,0,0.0,0,0,0.5,robustez,A_ablacao,proxy_N1_ge2,proxy,1,2,nivel_delta,48,walk_forward
1968,prevalencia,0,0.3246753246753247,0,0,0.5,robustez,A_ablacao,proxy_N1_ge2,proxy,1,2,nivel_delta,48,walk_forward
1968,persistencia,0,0.0,0,0,0.5,robustez,A_ablacao,proxy_N1_ge2,proxy,1,2,nivel_delta,48,walk_forward
1968,persistencia_purgada,0,0.0,0,0,0.5,robustez,A_ablacao,proxy_N1_ge2,proxy,1,2,nivel_delta,48,walk_forward
1969,prevalencia,0,0.32051282051282054,0,0,0.5,robustez,A_ablacao,proxy_N1_ge2,proxy,1,2,nivel_delta,48,walk_forward
1969,persistencia,0,0.0,0,0,0.5,robustez,A_ablacao,proxy_N1_ge2,proxy,1,2,nivel_delta,48,walk_forward
1969,persistencia_purgada,0,0.0,0,0,0.5,robustez,A_ablacao,proxy_N1_ge2,proxy,1,2,nivel_delta,48,walk_forward
1970,prevalencia,0,0.31645569620253167,0,0,0.5,robustez,A_ablacao,proxy_N1_ge2,proxy,1,2,nivel_delta,48,walk_forward
1970,persistencia,0,0.0,0,0,0.5,robustez,A_ablacao,proxy_N1_ge2,proxy,1,2,nivel_delta,48,walk_forward
1970,persistencia_purgada,0,0.0,0,0,0.5,robustez,A_ablacao,proxy_N1_ge2,proxy,1,2,nivel_delta,48,walk_forward
1971,prevalencia,0,0.3125,0,0,0.5,robustez,A_ablacao,proxy_N1_ge2,proxy,1,2,nivel_delta,48,walk_forward
1971,persistencia,0,0.0,0,0,0.5,robustez,A_ablacao,proxy_N1_ge2,proxy,1,2,nivel_delta,48,walk_forward
1971,persistencia_purgada,0,0.0,0,0,0.5,robustez,A_ablacao,proxy_N1_ge2,proxy,1,2,nivel_delta,48,walk_forward
1972,prevalencia,0,0.30864197530864196,0,0,0.5,robustez,A_ablacao,proxy_N1_ge2,proxy,1,2,nivel_delta,48,walk_forward
1972,persistencia,0,0.0,0,0,0.5,robustez,A_ablacao,proxy_N1_ge2,proxy,1,2,nivel_delta,48,walk_forward
1972,persistencia_purgada,0,0.0,0,0,0.5,robustez,A_ablacao,proxy_N1_ge2,proxy,1,2,nivel_delta,48,walk_forward
1973,prevalencia,0,0.3048780487804878,0,0,0.5,robustez,A_ablacao,proxy_N1_ge2,proxy,1,2,nivel_delta,48,walk_forward
1973,persistencia,0,0.0,0,0,0.5,robustez,A_ablacao,proxy_N1_ge2,proxy,1,2,nivel_delta,48,walk_forward
1973,persistencia_purgada,0,0.0,0,0,0.5,robustez,A_ablacao,proxy_N1_ge2,proxy,1,2,nivel_delta,48,walk_forward
1974,prevalencia,0,0.30120481927710846,0,0,0.5,robustez,A_ablacao,proxy_N1_ge2,proxy,1,2,nivel_delta,48,walk_forward
1974,persistencia,0,0.0,0,0,0.5,robustez,A_ablacao,proxy_N1_ge2,proxy,1,2,nivel_delta,48,walk_forward
1974,persistencia_purgada,0,0.0,0,0,0.5,robustez,A_ablacao,proxy_N1_ge2,proxy,1,2,nivel_delta,48,walk_forward
1975,prevalencia,0,0.2976190476190476,0,0,0.5,robustez,A_ablacao,proxy_N1_ge2,proxy,1,2,nivel_delta,48,walk_forward
1975,persistencia,0,0.0,0,0,0.5,robustez,A_ablacao,proxy_N1_ge2,proxy,1,2,nivel_delta,48,walk_forward
1975,persistencia_purgada,0,0.0,0,0,0.5,robustez,A_ablacao,proxy_N1_ge2,proxy,1,2,nivel_delta,48,walk_forward
1976,prevalencia,0,0.29411764705882354,0,0,0.5,robustez,A_ablacao,proxy_N1_ge2,proxy,1,2,nivel_delta,48,walk_forward
1976,persistencia,0,0.0,0,0,0.5,robustez,A_ablacao,proxy_N1_ge2,proxy,1,2,nivel_delta,48,walk_forward
1976,persistencia_purgada,0,0.0,0,0,0.5,robustez,A_ablacao,proxy_N1_ge2,proxy,1,2,nivel_delta,48,walk_forward
1977,prevalencia,1,0.29069767441860467,0,0,0.5,robustez,A_ablacao,proxy_N1_ge2,proxy,1,2,nivel_delta,48,walk_forward
1977,persistencia,1,0.0,0,0,0.5,robustez,A_ablacao,proxy_N1_ge2,proxy,1,2,nivel_delta,48,walk_forward
1977,persistencia_purgada,1,0.0,0,0,0.5,robustez,A_ablacao,proxy_N1_ge2,proxy,1,2,nivel_delta,48,walk_forward
1978,prevalencia,0,0.28735632183908044,0,0,0.5,robustez,A_ablacao,proxy_N1_ge2,proxy,1,2,nivel_delta,48,walk_forward
1978,persistencia,0,1.0,1,1,0.5,robustez,A_ablacao,proxy_N1_ge2,proxy,1,2,nivel_delta,48,walk_forward
1978,persistencia_purgada,0,0.0,0,0,0.5,robustez,A_ablacao,proxy_N1_ge2,proxy,1,2,nivel_delta,48,walk_forward
1979,prevalencia,0,0.29545454545454547,0,0,0.5,robustez,A_ablacao,proxy_N1_ge2,proxy,1,2,nivel_delta,48,walk_forward
1979,persistencia,0,0.0,0,0,0.5,robustez,A_ablacao,proxy_N1_ge2,proxy,1,2,nivel_delta,48,walk_forward
1979,persistencia_purgada,0,1.0,1,1,0.5,robustez,A_ablacao,proxy_N1_ge2,proxy,1,2,nivel_delta,48,walk_forward
1980,prevalencia,0,0.29213483146067415,0,0,0.5,robustez,A_ablacao,proxy_N1_ge2,proxy,1,2,nivel_delta,48,walk_forward
1980,persistencia,0,0.0,0,0,0.5,robustez,A_ablacao,proxy_N1_ge2,proxy,1,2,nivel_delta,48,walk_forward
1980,persistencia_purgada,0,0.0,0,0,0.5,robustez,A_ablacao,proxy_N1_ge2,proxy,1,2,nivel_delta,48,walk_forward
1981,prevalencia,0,0.28888888888888886,0,0,0.5,robustez,A_ablacao,proxy_N1_ge2,proxy,1,2,nivel_delta,48,walk_forward
1981,persistencia,0,0.0,0,0,0.5,robustez,A_ablacao,proxy_N1_ge2,proxy,1,2,nivel_delta,48,walk_forward
1981,persistencia_purgada,0,0.0,0,0,0.5,robustez,A_ablacao,proxy_N1_ge2,proxy,1,2,nivel_delta,48,walk_forward
1982,prevalencia,0,0.2857142857142857,0,0,0.5,robustez,A_ablacao,proxy_N1_ge2,proxy,1,2,nivel_delta,48,walk_forward
1982,persistencia,0,0.0,0,0,0.5,robustez,A_ablacao,proxy_N1_ge2,proxy,1,2,nivel_delta,48,walk_forward
1982,persistencia_purgada,0,0.0,0,0,0.5,robustez,A_ablacao,proxy_N1_ge2,proxy,1,2,nivel_delta,48,walk_forward
1983,prevalencia,0,0.2826086956521739,0,0,0.5,robustez,A_ablacao,proxy_N1_ge2,proxy,1,2,nivel_delta,48,walk_forward
1983,persistencia,0,0.0,0,0,0.5,robustez,A_ablacao,proxy_N1_ge2,proxy,1,2,nivel_delta,48,walk_forward
1983,persistencia_purgada,0,0.0,0,0,0.5,robustez,A_ablacao,proxy_N1_ge2,proxy,1,2,nivel_delta,48,walk_forward
1984,prevalencia,0,0.27956989247311825,0,0,0.5,robustez,A_ablacao,proxy_N1_ge2,proxy,1,2,nivel_delta,48,walk_forward
1984,persistencia,0,0.0,0,0,0.5,robustez,A_ablacao,proxy_N1_ge2,proxy,1,2,nivel_delta,48,walk_forward
1984,persistencia_purgada,0,0.0,0,0,0.5,robustez,A_ablacao,proxy_N1_ge2,proxy,1,2,nivel_delta,48,walk_forward
1985,prevalencia,1,0.2765957446808511,0,0,0.5,robustez,A_ablacao,proxy_N1_ge2,proxy,1,2,nivel_delta,48,walk_forward
1985,persistencia,1,0.0,0,0,0.5,robustez,A_ablacao,proxy_N1_ge2,proxy,1,2,nivel_delta,48,walk_forward
1985,persistencia_purgada,1,0.0,0,0,0.5,robustez,A_ablacao,proxy_N1_ge2,proxy,1,2,nivel_delta,48,walk_forward
1986,prevalencia,0,0.2736842105263158,0,0,0.5,robustez,A_ablacao,proxy_N1_ge2,proxy,1,2,nivel_delta,48,walk_forward
1986,persistencia,0,1.0,1,1,0.5,robustez,A_ablacao,proxy_N1_ge2,proxy,1,2,nivel_delta,48,walk_forward
1986,persistencia_purgada,0,0.0,0,0,0.5,robustez,A_ablacao,proxy_N1_ge2,proxy,1,2,nivel_delta,48,walk_forward
1987,prevalencia,0,0.28125,0,0,0.5,robustez,A_ablacao,proxy_N1_ge2,proxy,1,2,nivel_delta,48,walk_forward
1987,persistencia,0,0.0,0,0,0.5,robustez,A_ablacao,proxy_N1_ge2,proxy,1,2,nivel_delta,48,walk_forward
1987,persistencia_purgada,0,1.0,1,1,0.5,robustez,A_ablacao,proxy_N1_ge2,proxy,1,2,nivel_delta,48,walk_forward
1988,prevalencia,0,0.27835051546391754,0,0,0.5,robustez,A_ablacao,proxy_N1_ge2,proxy,1,2,nivel_delta,48,walk_forward
1988,persistencia,0,0.0,0,0,0.5,robustez,A_ablacao,proxy_N1_ge2,proxy,1,2,nivel_delta,48,walk_forward
1988,persistencia_purgada,0,0.0,0,0,0.5,robustez,A_ablacao,proxy_N1_ge2,proxy,1,2,nivel_delta,48,walk_forward
1989,prevalencia,1,0.2755102040816326,0,0,0.5,robustez,A_ablacao,proxy_N1_ge2,proxy,1,2,nivel_delta,48,walk_forward
1989,persistencia,1,0.0,0,0,0.5,robustez,A_ablacao,proxy_N1_ge2,proxy,1,2,nivel_delta,48,walk_forward
1989,persistencia_purgada,1,0.0,0,0,0.5,robustez,A_ablacao,proxy_N1_ge2,proxy,1,2,nivel_delta,48,walk_forward
1990,prevalencia,0,0.2727272727272727,0,0,0.5,robustez,A_ablacao,proxy_N1_ge2,proxy,1,2,nivel_delta,48,walk_forward
1990,persistencia,0,1.0,1,1,0.5,robustez,A_ablacao,proxy_N1_ge2,proxy,1,2,nivel_delta,48,walk_forward
1990,persistencia_purgada,0,0.0,0,0,0.5,robustez,A_ablacao,proxy_N1_ge2,proxy,1,2,nivel_delta,48,walk_forward
1991,prevalencia,0,0.28,0,0,0.5,robustez,A_ablacao,proxy_N1_ge2,proxy,1,2,nivel_delta,48,walk_forward
1991,persistencia,0,0.0,0,0,0.5,robustez,A_ablacao,proxy_N1_ge2,proxy,1,2,nivel_delta,48,walk_forward
1991,persistencia_purgada,0,1.0,1,1,0.5,robustez,A_ablacao,proxy_N1_ge2,proxy,1,2,nivel_delta,48,walk_forward
1992,prevalencia,1,0.27722772277227725,0,0,0.5,robustez,A_ablacao,proxy_N1_ge2,proxy,1,2,nivel_delta,48,walk_forward
1992,persistencia,1,0.0,0,0,0.5,robustez,A_ablacao,proxy_N1_ge2,proxy,1,2,nivel_delta,48,walk_forward
1992,persistencia_purgada,1,0.0,0,0,0.5,robustez,A_ablacao,proxy_N1_ge2,proxy,1,2,nivel_delta,48,walk_forward
1993,prevalencia,0,0.27450980392156865,0,0,0.5,robustez,A_ablacao,proxy_N1_ge2,proxy,1,2,nivel_delta,48,walk_forward
1993,persistencia,0,1.0,1,1,0.5,robustez,A_ablacao,proxy_N1_ge2,proxy,1,2,nivel_delta,48,walk_forward
1993,persistencia_purgada,0,0.0,0,0,0.5,robustez,A_ablacao,proxy_N1_ge2,proxy,1,2,nivel_delta,48,walk_forward
1994,prevalencia,0,0.2815533980582524,0,0,0.5,robustez,A_ablacao,proxy_N1_ge2,proxy,1,2,nivel_delta,48,walk_forward
1994,persistencia,0,0.0,0,0,0.5,robustez,A_ablacao,proxy_N1_ge2,proxy,1,2,nivel_delta,48,walk_forward
1994,persistencia_purgada,0,1.0,1,1,0.5,robustez,A_ablacao,proxy_N1_ge2,proxy,1,2,nivel_delta,48,walk_forward
1995,prevalencia,0,0.27884615384615385,0,0,0.5,robustez,A_ablacao,proxy_N1_ge2,proxy,1,2,nivel_delta,48,walk_forward
1995,persistencia,0,0.0,0,0,0.5,robustez,A_ablacao,proxy_N1_ge2,proxy,1,2,nivel_delta,48,walk_forward
1995,persistencia_purgada,0,0.0,0,0,0.5,robustez,A_ablacao,proxy_N1_ge2,proxy,1,2,nivel_delta,48,walk_forward
1996,prevalencia,1,0.2761904761904762,0,0,0.5,robustez,A_ablacao,proxy_N1_ge2,proxy,1,2,nivel_delta,48,walk_forward
1996,persistencia,1,0.0,0,0,0.5,robustez,A_ablacao,proxy_N1_ge2,proxy,1,2,nivel_delta,48,walk_forward
1996,persistencia_purgada,1,0.0,0,0,0.5,robustez,A_ablacao,proxy_N1_ge2,proxy,1,2,nivel_delta,48,walk_forward
1997,prevalencia,0,0.27358490566037735,0,0,0.5,robustez,A_ablacao,proxy_N1_ge2,proxy,1,2,nivel_delta,48,walk_forward
1997,persistencia,0,1.0,1,1,0.5,robustez,A_ablacao,proxy_N1_ge2,proxy,1,2,nivel_delta,48,walk_forward
1997,persistencia_purgada,0,0.0,0,0,0.5,robustez,A_ablacao,proxy_N1_ge2,proxy,1,2,nivel_delta,48,walk_forward
1998,prevalencia,0,0.2803738317757009,0,0,0.5,robustez,A_ablacao,proxy_N1_ge2,proxy,1,2,nivel_delta,48,walk_forward
1998,persistencia,0,0.0,0,0,0.5,robustez,A_ablacao,proxy_N1_ge2,proxy,1,2,nivel_delta,48,walk_forward
1998,persistencia_purgada,0,1.0,1,1,0.5,robustez,A_ablacao,proxy_N1_ge2,proxy,1,2,nivel_delta,48,walk_forward
1999,prevalencia,0,0.2777777777777778,0,0,0.5,robustez,A_ablacao,proxy_N1_ge2,proxy,1,2,nivel_delta,48,walk_forward
1999,persistencia,0,0.0,0,0,0.5,robustez,A_ablacao,proxy_N1_ge2,proxy,1,2,nivel_delta,48,walk_forward
1999,persistencia_purgada,0,0.0,0,0,0.5,robustez,A_ablacao,proxy_N1_ge2,proxy,1,2,nivel_delta,48,walk_forward
2000,prevalencia,1,0.27522935779816515,0,0,0.5,robustez,A_ablacao,proxy_N1_ge2,proxy,1,2,nivel_delta,48,walk_forward
2000,persistencia,1,0.0,0,0,0.5,robustez,A_ablacao,proxy_N1_ge2,proxy,1,2,nivel_delta,48,walk_forward
2000,persistencia_purgada,1,0.0,0,0,0.5,robustez,A_ablacao,proxy_N1_ge2,proxy,1,2,nivel_delta,48,walk_forward
2001,prevalencia,0,0.2727272727272727,0,0,0.5,robustez,A_ablacao,proxy_N1_ge2,proxy,1,2,nivel_delta,48,walk_forward
2001,persistencia,0,1.0,1,1,0.5,robustez,A_ablacao,proxy_N1_ge2,proxy,1,2,nivel_delta,48,walk_forward
2001,persistencia_purgada,0,0.0,0,0,0.5,robustez,A_ablacao,proxy_N1_ge2,proxy,1,2,nivel_delta,48,walk_forward
2002,prevalencia,0,0.27927927927927926,0,0,0.5,robustez,A_ablacao,proxy_N1_ge2,proxy,1,2,nivel_delta,48,walk_forward
2002,persistencia,0,0.0,0,0,0.5,robustez,A_ablacao,proxy_N1_ge2,proxy,1,2,nivel_delta,48,walk_forward
2002,persistencia_purgada,0,1.0,1,1,0.5,robustez,A_ablacao,proxy_N1_ge2,proxy,1,2,nivel_delta,48,walk_forward
2003,prevalencia,0,0.2767857142857143,0,0,0.5,robustez,A_ablacao,proxy_N1_ge2,proxy,1,2,nivel_delta,48,walk_forward
2003,persistencia,0,0.0,0,0,0.5,robustez,A_ablacao,proxy_N1_ge2,proxy,1,2,nivel_delta,48,walk_forward
2003,persistencia_purgada,0,0.0,0,0,0.5,robustez,A_ablacao,proxy_N1_ge2,proxy,1,2,nivel_delta,48,walk_forward
2004,prevalencia,0,0.2743362831858407,0,0,0.5,robustez,A_ablacao,proxy_N1_ge2,proxy,1,2,nivel_delta,48,walk_forward
2004,persistencia,0,0.0,0,0,0.5,robustez,A_ablacao,proxy_N1_ge2,proxy,1,2,nivel_delta,48,walk_forward
2004,persistencia_purgada,0,0.0,0,0,0.5,robustez,A_ablacao,proxy_N1_ge2,proxy,1,2,nivel_delta,48,walk_forward
2005,prevalencia,0,0.2719298245614035,0,0,0.5,robustez,A_ablacao,proxy_N1_ge2,proxy,1,2,nivel_delta,48,walk_forward
2005,persistencia,0,0.0,0,0,0.5,robustez,A_ablacao,proxy_N1_ge2,proxy,1,2,nivel_delta,48,walk_forward
2005,persistencia_purgada,0,0.0,0,0,0.5,robustez,A_ablacao,proxy_N1_ge2,proxy,1,2,nivel_delta,48,walk_forward
1931,rf,0,0.4539321212237695,0,0,0.5393071801407119,robustez,A_ablacao,proxy_N1_ge2,proxy,1,2,completo,63,walk_forward
1931,xgb,0,0.23068968951702118,0,0,0.904769241809845,robustez,A_ablacao,proxy_N1_ge2,proxy,1,2,completo,63,walk_forward
1932,rf,1,0.49569127379649336,0,0,0.5418916161345672,robustez,A_ablacao,proxy_N1_ge2,proxy,1,2,completo,63,walk_forward
1932,xgb,1,0.15668484568595886,0,0,0.902633786201477,robustez,A_ablacao,proxy_N1_ge2,proxy,1,2,completo,63,walk_forward
1933,rf,1,0.4190030197030796,0,0,0.5334509592251588,robustez,A_ablacao,proxy_N1_ge2,proxy,1,2,completo,63,walk_forward
1933,xgb,1,0.05026305094361305,0,0,0.9092283248901367,robustez,A_ablacao,proxy_N1_ge2,proxy,1,2,completo,63,walk_forward
1934,rf,0,0.4750974884542259,0,0,0.5318937049050878,robustez,A_ablacao,proxy_N1_ge2,proxy,1,2,completo,63,walk_forward
1934,xgb,0,0.16283467411994934,0,0,0.905463457107544,robustez,A_ablacao,proxy_N1_ge2,proxy,1,2,completo,63,walk_forward
1935,rf,0,0.4951466491335765,0,0,0.509388443876249,robustez,A_ablacao,proxy_N1_ge2,proxy,1,2,completo,63,walk_forward
1935,xgb,0,0.10298921912908554,0,0,0.9023247957229614,robustez,A_ablacao,proxy_N1_ge2,proxy,1,2,completo,63,walk_forward
1936,rf,1,0.4962662994115856,0,0,0.5129641004634018,robustez,A_ablacao,proxy_N1_ge2,proxy,1,2,completo,63,walk_forward
1936,xgb,1,0.319888710975647,0,0,0.905548095703125,robustez,A_ablacao,proxy_N1_ge2,proxy,1,2,completo,63,walk_forward
1937,rf,1,0.4794136900211264,0,0,0.5184467036865015,robustez,A_ablacao,proxy_N1_ge2,proxy,1,2,completo,63,walk_forward
1937,xgb,1,0.2713468670845032,0,0,0.9086174368858337,robustez,A_ablacao,proxy_N1_ge2,proxy,1,2,completo,63,walk_forward
1938,rf,1,0.5071783254648018,1,0,0.52016440076335,robustez,A_ablacao,proxy_N1_ge2,proxy,1,2,completo,63,walk_forward
1938,xgb,1,0.20782482624053955,0,0,0.9062460064888,robustez,A_ablacao,proxy_N1_ge2,proxy,1,2,completo,63,walk_forward
1939,rf,1,0.5439918766398509,1,1,0.5212460914888348,robustez,A_ablacao,proxy_N1_ge2,proxy,1,2,completo,63,walk_forward
1939,xgb,1,0.7374204993247986,1,0,0.8995471000671387,robustez,A_ablacao,proxy_N1_ge2,proxy,1,2,completo,63,walk_forward
1940,rf,1,0.5013502389703649,1,0,0.514506522779695,robustez,A_ablacao,proxy_N1_ge2,proxy,1,2,completo,63,walk_forward
1940,xgb,1,0.889082133769989,1,0,0.889360249042511,robustez,A_ablacao,proxy_N1_ge2,proxy,1,2,completo,63,walk_forward
1941,rf,0,0.47934817999624757,0,0,0.5194222969113825,robustez,A_ablacao,proxy_N1_ge2,proxy,1,2,completo,63,walk_forward
1941,xgb,0,0.4989652633666992,0,0,0.8985984325408936,robustez,A_ablacao,proxy_N1_ge2,proxy,1,2,completo,63,walk_forward
1942,rf,1,0.5309787796705369,1,1,0.5202548901964881,robustez,A_ablacao,proxy_N1_ge2,proxy,1,2,completo,63,walk_forward
1942,xgb,1,0.7950787544250488,1,0,0.8964259624481201,robustez,A_ablacao,proxy_N1_ge2,proxy,1,2,completo,63,walk_forward
1943,rf,0,0.3533698771706819,0,0,0.5121767735580268,robustez,A_ablacao,proxy_N1_ge2,proxy,1,2,completo,63,walk_forward
1943,xgb,0,0.05593026429414749,0,0,0.8847918510437012,robustez,A_ablacao,proxy_N1_ge2,proxy,1,2,completo,63,walk_forward
1944,rf,0,0.42933786944100905,0,0,0.5068658118840436,robustez,A_ablacao,proxy_N1_ge2,proxy,1,2,completo,63,walk_forward
1944,xgb,0,0.5282654166221619,1,0,0.885702908039093,robustez,A_ablacao,proxy_N1_ge2,proxy,1,2,completo,63,walk_forward
1945,rf,0,0.3197739569377488,0,0,0.5057406123993986,robustez,A_ablacao,proxy_N1_ge2,proxy,1,2,completo,63,walk_forward
1945,xgb,0,0.04732733964920044,0,0,0.8841537237167358,robustez,A_ablacao,proxy_N1_ge2,proxy,1,2,completo,63,walk_forward
1946,rf,1,0.2930900869135215,0,0,0.5041791005623439,robustez,A_ablacao,proxy_N1_ge2,proxy,1,2,completo,63,walk_forward
1946,xgb,1,0.07087063044309616,0,0,0.890845000743866,robustez,A_ablacao,proxy_N1_ge2,proxy,1,2,completo,63,walk_forward
1947,rf,0,0.3052322942933279,0,0,0.5032423599442167,robustez,A_ablacao,proxy_N1_ge2,proxy,1,2,completo,63,walk_forward
1947,xgb,0,0.12469273805618286,0,0,0.8886219263076782,robustez,A_ablacao,proxy_N1_ge2,proxy,1,2,completo,63,walk_forward
1948,rf,0,0.43331822447818413,0,0,0.4952254046344894,robustez,A_ablacao,proxy_N1_ge2,proxy,1,2,completo,63,walk_forward
1948,xgb,0,0.731281042098999,1,0,0.9068326354026794,robustez,A_ablacao,proxy_N1_ge2,proxy,1,2,completo,63,walk_forward
1949,rf,1,0.4663196619265391,0,0,0.5108553315166157,robustez,A_ablacao,proxy_N1_ge2,proxy,1,2,completo,63,walk_forward
1949,xgb,1,0.8228850364685059,1,0,0.9035561680793762,robustez,A_ablacao,proxy_N1_ge2,proxy,1,2,completo,63,walk_forward
1950,rf,0,0.4626262738086785,0,0,0.5008550094151278,robustez,A_ablacao,proxy_N1_ge2,proxy,1,2,completo,63,walk_forward
1950,xgb,0,0.17935143411159515,0,0,0.9043707251548767,robustez,A_ablacao,proxy_N1_ge2,proxy,1,2,completo,63,walk_forward
1951,rf,0,0.46509795535785725,0,0,0.49854044557076094,robustez,A_ablacao,proxy_N1_ge2,proxy,1,2,completo,63,walk_forward
1951,xgb,0,0.22067710757255554,0,0,0.8954498171806335,robustez,A_ablacao,proxy_N1_ge2,proxy,1,2,completo,63,walk_forward
1952,rf,0,0.37681497191884317,0,0,0.5080482427584523,robustez,A_ablacao,proxy_N1_ge2,proxy,1,2,completo,63,walk_forward
1952,xgb,0,0.02575882337987423,0,0,0.9029733538627625,robustez,A_ablacao,proxy_N1_ge2,proxy,1,2,completo,63,walk_forward
1953,rf,0,0.35749737011374977,0,0,0.4900790959582434,robustez,A_ablacao,proxy_N1_ge2,proxy,1,2,completo,63,walk_forward
1953,xgb,0,0.02873496524989605,0,0,0.9083409905433655,robustez,A_ablacao,proxy_N1_ge2,proxy,1,2,completo,63,walk_forward
1954,rf,1,0.24311583708149298,0,0,0.5101022331905778,robustez,A_ablacao,proxy_N1_ge2,proxy,1,2,completo,63,walk_forward
1954,xgb,1,0.002822709269821644,0,0,0.9069634079933167,robustez,A_ablacao,proxy_N1_ge2,proxy,1,2,completo,63,walk_forward
1955,rf,0,0.3481133806684847,0,0,0.513401673319762,robustez,A_ablacao,proxy_N1_ge2,proxy,1,2,completo,63,walk_forward
1955,xgb,0,0.019582828506827354,0,0,0.9079713225364685,robustez,A_ablacao,proxy_N1_ge2,proxy,1,2,completo,63,walk_forward
1956,rf,0,0.36975171884241087,0,0,0.49333702777343524,robustez,A_ablacao,proxy_N1_ge2,proxy,1,2,completo,63,walk_forward
1956,xgb,0,0.07228082418441772,0,0,0.9025136232376099,robustez,A_ablacao,proxy_N1_ge2,proxy,1,2,completo,63,walk_forward
1957,rf,0,0.35206749483804844,0,0,0.5091496483523933,robustez,A_ablacao,proxy_N1_ge2,proxy,1,2,completo,63,walk_forward
1957,xgb,0,0.31537505984306335,0,0,0.9054999947547913,robustez,A_ablacao,proxy_N1_ge2,proxy,1,2,completo,63,walk_forward
1958,rf,0,0.4405821676312351,0,0,0.4991136163636826,robustez,A_ablacao,proxy_N1_ge2,proxy,1,2,completo,63,walk_forward
1958,xgb,0,0.8673225045204163,1,0,0.9088571667671204,robustez,A_ablacao,proxy_N1_ge2,proxy,1,2,completo,63,walk_forward
1959,rf,0,0.22759121979330268,0,0,0.49588212065098575,robustez,A_ablacao,proxy_N1_ge2,proxy,1,2,completo,63,walk_forward
1959,xgb,0,0.07332473248243332,0,0,0.9059969782829285,robustez,A_ablacao,proxy_N1_ge2,proxy,1,2,completo,63,walk_forward
1960,rf,1,0.41435279333548863,0,0,0.5115958719124929,robustez,A_ablacao,proxy_N1_ge2,proxy,1,2,completo,63,walk_forward
1960,xgb,1,0.23531244695186615,0,0,0.9054585695266724,robustez,A_ablacao,proxy_N1_ge2,proxy,1,2,completo,63,walk_forward
1961,rf,0,0.3778211021473688,0,0,0.5101289686427669,robustez,A_ablacao,proxy_N1_ge2,proxy,1,2,completo,63,walk_forward
1961,xgb,0,0.30059385299682617,0,0,0.9064624309539795,robustez,A_ablacao,proxy_N1_ge2,proxy,1,2,completo,63,walk_forward
1962,rf,0,0.43752301290504214,0,0,0.508702633336178,robustez,A_ablacao,proxy_N1_ge2,proxy,1,2,completo,63,walk_forward
1962,xgb,0,0.11900673806667328,0,0,0.9033814668655396,robustez,A_ablacao,proxy_N1_ge2,proxy,1,2,completo,63,walk_forward
1963,rf,1,0.3762096346780316,0,0,0.5126012925943546,robustez,A_ablacao,proxy_N1_ge2,proxy,1,2,completo,63,walk_forward
1963,xgb,1,0.052324481308460236,0,0,0.9047057628631592,robustez,A_ablacao,proxy_N1_ge2,proxy,1,2,completo,63,walk_forward
1964,rf,0,0.30554337432350354,0,0,0.5191137417772684,robustez,A_ablacao,proxy_N1_ge2,proxy,1,2,completo,63,walk_forward
1964,xgb,0,0.01746387593448162,0,0,0.9099153876304626,robustez,A_ablacao,proxy_N1_ge2,proxy,1,2,completo,63,walk_forward
1965,rf,0,0.39629648686116503,0,0,0.5068181986089356,robustez,A_ablacao,proxy_N1_ge2,proxy,1,2,completo,63,walk_forward
1965,xgb,0,0.04974566027522087,0,0,0.8993636965751648,robustez,A_ablacao,proxy_N1_ge2,proxy,1,2,completo,63,walk_forward
1966,rf,0,0.35812311028526606,0,0,0.5124453036996346,robustez,A_ablacao,proxy_N1_ge2,proxy,1,2,completo,63,walk_forward
1966,xgb,0,0.027435407042503357,0,0,0.9064393639564514,robustez,A_ablacao,proxy_N1_ge2,proxy,1,2,completo,63,walk_forward
1967,rf,0,0.261842892303744,0,0,0.5071798107524357,robustez,A_ablacao,proxy_N1_ge2,proxy,1,2,completo,63,walk_forward
1967,xgb,0,0.008052044548094273,0,0,0.9077218770980835,robustez,A_ablacao,proxy_N1_ge2,proxy,1,2,completo,63,walk_forward
1968,rf,0,0.2569013788949701,0,0,0.5074677805267657,robustez,A_ablacao,proxy_N1_ge2,proxy,1,2,completo,63,walk_forward
1968,xgb,0,0.021498478949069977,0,0,0.9100672602653503,robustez,A_ablacao,proxy_N1_ge2,proxy,1,2,completo,63,walk_forward
1969,rf,0,0.13876710317873664,0,0,0.5102951407223313,robustez,A_ablacao,proxy_N1_ge2,proxy,1,2,completo,63,walk_forward
1969,xgb,0,0.0015419437550008297,0,0,0.9089832901954651,robustez,A_ablacao,proxy_N1_ge2,proxy,1,2,completo,63,walk_forward
1970,rf,0,0.2823130716845219,0,0,0.5057219253409925,robustez,A_ablacao,proxy_N1_ge2,proxy,1,2,completo,63,walk_forward
1970,xgb,0,0.021018799394369125,0,0,0.9092177152633667,robustez,A_ablacao,proxy_N1_ge2,proxy,1,2,completo,63,walk_forward
1971,rf,0,0.437778460624805,0,0,0.5275978977202797,robustez,A_ablacao,proxy_N1_ge2,proxy,1,2,completo,63,walk_forward
1971,xgb,0,0.25070494413375854,0,0,0.913398027420044,robustez,A_ablacao,proxy_N1_ge2,proxy,1,2,completo,63,walk_forward
1972,rf,0,0.3549095283742186,0,0,0.508948747466645,robustez,A_ablacao,proxy_N1_ge2,proxy,1,2,completo,63,walk_forward
1972,xgb,0,0.22605375945568085,0,0,0.912925660610199,robustez,A_ablacao,proxy_N1_ge2,proxy,1,2,completo,63,walk_forward
1973,rf,0,0.2915410383065602,0,0,0.5090753984636093,robustez,A_ablacao,proxy_N1_ge2,proxy,1,2,completo,63,walk_forward
1973,xgb,0,0.07233382016420364,0,0,0.9191074371337891,robustez,A_ablacao,proxy_N1_ge2,proxy,1,2,completo,63,walk_forward
1974,rf,0,0.38378864856436773,0,0,0.5174340198219379,robustez,A_ablacao,proxy_N1_ge2,proxy,1,2,completo,63,walk_forward
1974,xgb,0,0.2526690661907196,0,0,0.9153679609298706,robustez,A_ablacao,proxy_N1_ge2,proxy,1,2,completo,63,walk_forward
1975,rf,0,0.3126428508329434,0,0,0.533863028680996,robustez,A_ablacao,proxy_N1_ge2,proxy,1,2,completo,63,walk_forward
1975,xgb,0,0.22955012321472168,0,0,0.9205449819564819,robustez,A_ablacao,proxy_N1_ge2,proxy,1,2,completo,63,walk_forward
1976,rf,0,0.29001616660495716,0,0,0.532588641385406,robustez,A_ablacao,proxy_N1_ge2,proxy,1,2,completo,63,walk_forward
1976,xgb,0,0.09230475127696991,0,0,0.9195875525474548,robustez,A_ablacao,proxy_N1_ge2,proxy,1,2,completo,63,walk_forward
1977,rf,1,0.269137773572495,0,0,0.5208837658185816,robustez,A_ablacao,proxy_N1_ge2,proxy,1,2,completo,63,walk_forward
1977,xgb,1,0.0315132737159729,0,0,0.9196028709411621,robustez,A_ablacao,proxy_N1_ge2,proxy,1,2,completo,63,walk_forward
1978,rf,0,0.22523202636975023,0,0,0.5278527845184415,robustez,A_ablacao,proxy_N1_ge2,proxy,1,2,completo,63,walk_forward
1978,xgb,0,0.014140291139483452,0,0,0.9217377305030823,robustez,A_ablacao,proxy_N1_ge2,proxy,1,2,completo,63,walk_forward
1979,rf,0,0.3285954058048331,0,0,0.5074269369261095,robustez,A_ablacao,proxy_N1_ge2,proxy,1,2,completo,63,walk_forward
1979,xgb,0,0.14071522653102875,0,0,0.9181116223335266,robustez,A_ablacao,proxy_N1_ge2,proxy,1,2,completo,63,walk_forward
1980,rf,0,0.39665788602754326,0,0,0.5094385024865636,robustez,A_ablacao,proxy_N1_ge2,proxy,1,2,completo,63,walk_forward
1980,xgb,0,0.41475626826286316,0,0,0.9196973443031311,robustez,A_ablacao,proxy_N1_ge2,proxy,1,2,completo,63,walk_forward
1981,rf,0,0.3285229217538295,0,0,0.5209843994585283,robustez,A_ablacao,proxy_N1_ge2,proxy,1,2,completo,63,walk_forward
1981,xgb,0,0.11677471548318863,0,0,0.9227020144462585,robustez,A_ablacao,proxy_N1_ge2,proxy,1,2,completo,63,walk_forward
1982,rf,0,0.2589754329298699,0,0,0.5165366119629996,robustez,A_ablacao,proxy_N1_ge2,proxy,1,2,completo,63,walk_forward
1982,xgb,0,0.02875673957169056,0,0,0.9217569828033447,robustez,A_ablacao,proxy_N1_ge2,proxy,1,2,completo,63,walk_forward
1983,rf,0,0.23857909363009946,0,0,0.5264562914730302,robustez,A_ablacao,proxy_N1_ge2,proxy,1,2,completo,63,walk_forward
1983,xgb,0,0.04639696702361107,0,0,0.9197156429290771,robustez,A_ablacao,proxy_N1_ge2,proxy,1,2,completo,63,walk_forward
1984,rf,0,0.3419214713043843,0,0,0.5261656445449762,robustez,A_ablacao,proxy_N1_ge2,proxy,1,2,completo,63,walk_forward
1984,xgb,0,0.07811219990253448,0,0,0.9242841601371765,robustez,A_ablacao,proxy_N1_ge2,proxy,1,2,completo,63,walk_forward
1985,rf,1,0.4134255907472851,0,0,0.5288879256393518,robustez,A_ablacao,proxy_N1_ge2,proxy,1,2,completo,63,walk_forward
1985,xgb,1,0.5408349633216858,1,0,0.9216817617416382,robustez,A_ablacao,proxy_N1_ge2,proxy,1,2,completo,63,walk_forward
1986,rf,0,0.2527246575975015,0,0,0.5306053802831496,robustez,A_ablacao,proxy_N1_ge2,proxy,1,2,completo,63,walk_forward
1986,xgb,0,0.02019168622791767,0,0,0.9274144172668457,robustez,A_ablacao,proxy_N1_ge2,proxy,1,2,completo,63,walk_forward
1987,rf,0,0.3605203504809176,0,0,0.5208021463321245,robustez,A_ablacao,proxy_N1_ge2,proxy,1,2,completo,63,walk_forward
1987,xgb,0,0.20483024418354034,0,0,0.9277960062026978,robustez,A_ablacao,proxy_N1_ge2,proxy,1,2,completo,63,walk_forward
1988,rf,0,0.4924433897032881,0,0,0.527360067744456,robustez,A_ablacao,proxy_N1_ge2,proxy,1,2,completo,63,walk_forward
1988,xgb,0,0.28957703709602356,0,0,0.9315724968910217,robustez,A_ablacao,proxy_N1_ge2,proxy,1,2,completo,63,walk_forward
1989,rf,1,0.24723071418336426,0,0,0.5191271899637662,robustez,A_ablacao,proxy_N1_ge2,proxy,1,2,completo,63,walk_forward
1989,xgb,1,0.03511746600270271,0,0,0.9291248917579651,robustez,A_ablacao,proxy_N1_ge2,proxy,1,2,completo,63,walk_forward
1990,rf,0,0.3345648752617509,0,0,0.48753960635338073,robustez,A_ablacao,proxy_N1_ge2,proxy,1,2,completo,63,walk_forward
1990,xgb,0,0.2312222421169281,0,0,0.9259432554244995,robustez,A_ablacao,proxy_N1_ge2,proxy,1,2,completo,63,walk_forward
1991,rf,0,0.38855279733123527,0,0,0.5079740197223122,robustez,A_ablacao,proxy_N1_ge2,proxy,1,2,completo,63,walk_forward
1991,xgb,0,0.484139621257782,0,0,0.9238744378089905,robustez,A_ablacao,proxy_N1_ge2,proxy,1,2,completo,63,walk_forward
1992,rf,1,0.36807739765323766,0,0,0.5189052424256926,robustez,A_ablacao,proxy_N1_ge2,proxy,1,2,completo,63,walk_forward
1992,xgb,1,0.25283917784690857,0,0,0.925503671169281,robustez,A_ablacao,proxy_N1_ge2,proxy,1,2,completo,63,walk_forward
1993,rf,0,0.4288329984283655,0,0,0.5238677991945483,robustez,A_ablacao,proxy_N1_ge2,proxy,1,2,completo,63,walk_forward
1993,xgb,0,0.4895276129245758,0,0,0.9253445267677307,robustez,A_ablacao,proxy_N1_ge2,proxy,1,2,completo,63,walk_forward
1994,rf,0,0.42450454396821324,0,0,0.5243804633464068,robustez,A_ablacao,proxy_N1_ge2,proxy,1,2,completo,63,walk_forward
1994,xgb,0,0.4706443250179291,0,0,0.922544002532959,robustez,A_ablacao,proxy_N1_ge2,proxy,1,2,completo,63,walk_forward
1995,rf,0,0.3551287804175095,0,0,0.5285331774774396,robustez,A_ablacao,proxy_N1_ge2,proxy,1,2,completo,63,walk_forward
1995,xgb,0,0.1687401831150055,0,0,0.9249407649040222,robustez,A_ablacao,proxy_N1_ge2,proxy,1,2,completo,63,walk_forward
1996,rf,1,0.3699792863641596,0,0,0.5327072344508154,robustez,A_ablacao,proxy_N1_ge2,proxy,1,2,completo,63,walk_forward
1996,xgb,1,0.24638593196868896,0,0,0.9256600141525269,robustez,A_ablacao,proxy_N1_ge2,proxy,1,2,completo,63,walk_forward
1997,rf,0,0.23552210535895163,0,0,0.5316020614120747,robustez,A_ablacao,proxy_N1_ge2,proxy,1,2,completo,63,walk_forward
1997,xgb,0,0.0323801264166832,0,0,0.9297919273376465,robustez,A_ablacao,proxy_N1_ge2,proxy,1,2,completo,63,walk_forward
1998,rf,0,0.2761373943025165,0,0,0.5302777089034031,robustez,A_ablacao,proxy_N1_ge2,proxy,1,2,completo,63,walk_forward
1998,xgb,0,0.020238108932971954,0,0,0.9279818534851074,robustez,A_ablacao,proxy_N1_ge2,proxy,1,2,completo,63,walk_forward
1999,rf,0,0.32212087691702734,0,0,0.5269599094750782,robustez,A_ablacao,proxy_N1_ge2,proxy,1,2,completo,63,walk_forward
1999,xgb,0,0.12841299176216125,0,0,0.9241286516189575,robustez,A_ablacao,proxy_N1_ge2,proxy,1,2,completo,63,walk_forward
2000,rf,1,0.2743686930886237,0,0,0.5271785485655106,robustez,A_ablacao,proxy_N1_ge2,proxy,1,2,completo,63,walk_forward
2000,xgb,1,0.24009302258491516,0,0,0.9241474866867065,robustez,A_ablacao,proxy_N1_ge2,proxy,1,2,completo,63,walk_forward
2001,rf,0,0.20963665064029108,0,0,0.5089402749450866,robustez,A_ablacao,proxy_N1_ge2,proxy,1,2,completo,63,walk_forward
2001,xgb,0,0.010447092354297638,0,0,0.9219793677330017,robustez,A_ablacao,proxy_N1_ge2,proxy,1,2,completo,63,walk_forward
2002,rf,0,0.2784260898096633,0,0,0.511312215201809,robustez,A_ablacao,proxy_N1_ge2,proxy,1,2,completo,63,walk_forward
2002,xgb,0,0.0380714051425457,0,0,0.9267383217811584,robustez,A_ablacao,proxy_N1_ge2,proxy,1,2,completo,63,walk_forward
2003,rf,0,0.4357728620588474,0,0,0.48072374460441186,robustez,A_ablacao,proxy_N1_ge2,proxy,1,2,completo,63,walk_forward
2003,xgb,0,0.26032549142837524,0,0,0.9265664219856262,robustez,A_ablacao,proxy_N1_ge2,proxy,1,2,completo,63,walk_forward
2004,rf,0,0.23444212406201928,0,0,0.4854944978185974,robustez,A_ablacao,proxy_N1_ge2,proxy,1,2,completo,63,walk_forward
2004,xgb,0,0.013644623570144176,0,0,0.9289918541908264,robustez,A_ablacao,proxy_N1_ge2,proxy,1,2,completo,63,walk_forward
2005,rf,0,0.30312490916734924,0,0,0.5338106054465764,robustez,A_ablacao,proxy_N1_ge2,proxy,1,2,completo,63,walk_forward
2005,xgb,0,0.007376204710453749,0,0,0.9344325065612793,robustez,A_ablacao,proxy_N1_ge2,proxy,1,2,completo,63,walk_forward
1931,prevalencia,0,0.275,0,0,0.5,robustez,A_ablacao,proxy_N1_ge2,proxy,1,2,completo,63,walk_forward
1931,persistencia,0,1.0,1,1,0.5,robustez,A_ablacao,proxy_N1_ge2,proxy,1,2,completo,63,walk_forward
1931,persistencia_purgada,0,0.0,0,0,0.5,robustez,A_ablacao,proxy_N1_ge2,proxy,1,2,completo,63,walk_forward
1932,prevalencia,1,0.2926829268292683,0,0,0.5,robustez,A_ablacao,proxy_N1_ge2,proxy,1,2,completo,63,walk_forward
1932,persistencia,1,0.0,0,0,0.5,robustez,A_ablacao,proxy_N1_ge2,proxy,1,2,completo,63,walk_forward
1932,persistencia_purgada,1,1.0,1,1,0.5,robustez,A_ablacao,proxy_N1_ge2,proxy,1,2,completo,63,walk_forward
1933,prevalencia,1,0.2857142857142857,0,0,0.5,robustez,A_ablacao,proxy_N1_ge2,proxy,1,2,completo,63,walk_forward
1933,persistencia,1,1.0,1,1,0.5,robustez,A_ablacao,proxy_N1_ge2,proxy,1,2,completo,63,walk_forward
1933,persistencia_purgada,1,0.0,0,0,0.5,robustez,A_ablacao,proxy_N1_ge2,proxy,1,2,completo,63,walk_forward
1934,prevalencia,0,0.3023255813953488,0,0,0.5,robustez,A_ablacao,proxy_N1_ge2,proxy,1,2,completo,63,walk_forward
1934,persistencia,0,1.0,1,1,0.5,robustez,A_ablacao,proxy_N1_ge2,proxy,1,2,completo,63,walk_forward
1934,persistencia_purgada,0,1.0,1,1,0.5,robustez,A_ablacao,proxy_N1_ge2,proxy,1,2,completo,63,walk_forward
1935,prevalencia,0,0.3181818181818182,0,0,0.5,robustez,A_ablacao,proxy_N1_ge2,proxy,1,2,completo,63,walk_forward
1935,persistencia,0,0.0,0,0,0.5,robustez,A_ablacao,proxy_N1_ge2,proxy,1,2,completo,63,walk_forward
1935,persistencia_purgada,0,1.0,1,1,0.5,robustez,A_ablacao,proxy_N1_ge2,proxy,1,2,completo,63,walk_forward
1936,prevalencia,1,0.3111111111111111,0,0,0.5,robustez,A_ablacao,proxy_N1_ge2,proxy,1,2,completo,63,walk_forward
1936,persistencia,1,0.0,0,0,0.5,robustez,A_ablacao,proxy_N1_ge2,proxy,1,2,completo,63,walk_forward
1936,persistencia_purgada,1,0.0,0,0,0.5,robustez,A_ablacao,proxy_N1_ge2,proxy,1,2,completo,63,walk_forward
1937,prevalencia,1,0.30434782608695654,0,0,0.5,robustez,A_ablacao,proxy_N1_ge2,proxy,1,2,completo,63,walk_forward
1937,persistencia,1,1.0,1,1,0.5,robustez,A_ablacao,proxy_N1_ge2,proxy,1,2,completo,63,walk_forward
1937,persistencia_purgada,1,0.0,0,0,0.5,robustez,A_ablacao,proxy_N1_ge2,proxy,1,2,completo,63,walk_forward
1938,prevalencia,1,0.3191489361702128,0,0,0.5,robustez,A_ablacao,proxy_N1_ge2,proxy,1,2,completo,63,walk_forward
1938,persistencia,1,1.0,1,1,0.5,robustez,A_ablacao,proxy_N1_ge2,proxy,1,2,completo,63,walk_forward
1938,persistencia_purgada,1,1.0,1,1,0.5,robustez,A_ablacao,proxy_N1_ge2,proxy,1,2,completo,63,walk_forward
1939,prevalencia,1,0.3333333333333333,0,0,0.5,robustez,A_ablacao,proxy_N1_ge2,proxy,1,2,completo,63,walk_forward
1939,persistencia,1,1.0,1,1,0.5,robustez,A_ablacao,proxy_N1_ge2,proxy,1,2,completo,63,walk_forward
1939,persistencia_purgada,1,1.0,1,1,0.5,robustez,A_ablacao,proxy_N1_ge2,proxy,1,2,completo,63,walk_forward
1940,prevalencia,1,0.3469387755102041,0,0,0.5,robustez,A_ablacao,proxy_N1_ge2,proxy,1,2,completo,63,walk_forward
1940,persistencia,1,1.0,1,1,0.5,robustez,A_ablacao,proxy_N1_ge2,proxy,1,2,completo,63,walk_forward
1940,persistencia_purgada,1,1.0,1,1,0.5,robustez,A_ablacao,proxy_N1_ge2,proxy,1,2,completo,63,walk_forward
1941,prevalencia,0,0.36,0,0,0.5,robustez,A_ablacao,proxy_N1_ge2,proxy,1,2,completo,63,walk_forward
1941,persistencia,0,1.0,1,1,0.5,robustez,A_ablacao,proxy_N1_ge2,proxy,1,2,completo,63,walk_forward
1941,persistencia_purgada,0,1.0,1,1,0.5,robustez,A_ablacao,proxy_N1_ge2,proxy,1,2,completo,63,walk_forward
1942,prevalencia,1,0.37254901960784315,0,0,0.5,robustez,A_ablacao,proxy_N1_ge2,proxy,1,2,completo,63,walk_forward
1942,persistencia,1,0.0,0,0,0.5,robustez,A_ablacao,proxy_N1_ge2,proxy,1,2,completo,63,walk_forward
1942,persistencia_purgada,1,1.0,1,1,0.5,robustez,A_ablacao,proxy_N1_ge2,proxy,1,2,completo,63,walk_forward
1943,prevalencia,0,0.36538461538461536,0,0,0.5,robustez,A_ablacao,proxy_N1_ge2,proxy,1,2,completo,63,walk_forward
1943,persistencia,0,1.0,1,1,0.5,robustez,A_ablacao,proxy_N1_ge2,proxy,1,2,completo,63,walk_forward
1943,persistencia_purgada,0,0.0,0,0,0.5,robustez,A_ablacao,proxy_N1_ge2,proxy,1,2,completo,63,walk_forward
1944,prevalencia,0,0.37735849056603776,0,0,0.5,robustez,A_ablacao,proxy_N1_ge2,proxy,1,2,completo,63,walk_forward
1944,persistencia,0,0.0,0,0,0.5,robustez,A_ablacao,proxy_N1_ge2,proxy,1,2,completo,63,walk_forward
1944,persistencia_purgada,0,1.0,1,1,0.5,robustez,A_ablacao,proxy_N1_ge2,proxy,1,2,completo,63,walk_forward
1945,prevalencia,0,0.37037037037037035,0,0,0.5,robustez,A_ablacao,proxy_N1_ge2,proxy,1,2,completo,63,walk_forward
1945,persistencia,0,0.0,0,0,0.5,robustez,A_ablacao,proxy_N1_ge2,proxy,1,2,completo,63,walk_forward
1945,persistencia_purgada,0,0.0,0,0,0.5,robustez,A_ablacao,proxy_N1_ge2,proxy,1,2,completo,63,walk_forward
1946,prevalencia,1,0.36363636363636365,0,0,0.5,robustez,A_ablacao,proxy_N1_ge2,proxy,1,2,completo,63,walk_forward
1946,persistencia,1,0.0,0,0,0.5,robustez,A_ablacao,proxy_N1_ge2,proxy,1,2,completo,63,walk_forward
1946,persistencia_purgada,1,0.0,0,0,0.5,robustez,A_ablacao,proxy_N1_ge2,proxy,1,2,completo,63,walk_forward
1947,prevalencia,0,0.35714285714285715,0,0,0.5,robustez,A_ablacao,proxy_N1_ge2,proxy,1,2,completo,63,walk_forward
1947,persistencia,0,1.0,1,1,0.5,robustez,A_ablacao,proxy_N1_ge2,proxy,1,2,completo,63,walk_forward
1947,persistencia_purgada,0,0.0,0,0,0.5,robustez,A_ablacao,proxy_N1_ge2,proxy,1,2,completo,63,walk_forward
1948,prevalencia,0,0.3684210526315789,0,0,0.5,robustez,A_ablacao,proxy_N1_ge2,proxy,1,2,completo,63,walk_forward
1948,persistencia,0,0.0,0,0,0.5,robustez,A_ablacao,proxy_N1_ge2,proxy,1,2,completo,63,walk_forward
1948,persistencia_purgada,0,1.0,1,1,0.5,robustez,A_ablacao,proxy_N1_ge2,proxy,1,2,completo,63,walk_forward
1949,prevalencia,1,0.3620689655172414,0,0,0.5,robustez,A_ablacao,proxy_N1_ge2,proxy,1,2,completo,63,walk_forward
1949,persistencia,1,0.0,0,0,0.5,robustez,A_ablacao,proxy_N1_ge2,proxy,1,2,completo,63,walk_forward
1949,persistencia_purgada,1,0.0,0,0,0.5,robustez,A_ablacao,proxy_N1_ge2,proxy,1,2,completo,63,walk_forward
1950,prevalencia,0,0.3559322033898305,0,0,0.5,robustez,A_ablacao,proxy_N1_ge2,proxy,1,2,completo,63,walk_forward
1950,persistencia,0,1.0,1,1,0.5,robustez,A_ablacao,proxy_N1_ge2,proxy,1,2,completo,63,walk_forward
1950,persistencia_purgada,0,0.0,0,0,0.5,robustez,A_ablacao,proxy_N1_ge2,proxy,1,2,completo,63,walk_forward
1951,prevalencia,0,0.36666666666666664,0,0,0.5,robustez,A_ablacao,proxy_N1_ge2,proxy,1,2,completo,63,walk_forward
1951,persistencia,0,0.0,0,0,0.5,robustez,A_ablacao,proxy_N1_ge2,proxy,1,2,completo,63,walk_forward
1951,persistencia_purgada,0,1.0,1,1,0.5,robustez,A_ablacao,proxy_N1_ge2,proxy,1,2,completo,63,walk_forward
1952,prevalencia,0,0.36065573770491804,0,0,0.5,robustez,A_ablacao,proxy_N1_ge2,proxy,1,2,completo,63,walk_forward
1952,persistencia,0,0.0,0,0,0.5,robustez,A_ablacao,proxy_N1_ge2,proxy,1,2,completo,63,walk_forward
1952,persistencia_purgada,0,0.0,0,0,0.5,robustez,A_ablacao,proxy_N1_ge2,proxy,1,2,completo,63,walk_forward
1953,prevalencia,0,0.3548387096774194,0,0,0.5,robustez,A_ablacao,proxy_N1_ge2,proxy,1,2,completo,63,walk_forward
1953,persistencia,0,0.0,0,0,0.5,robustez,A_ablacao,proxy_N1_ge2,proxy,1,2,completo,63,walk_forward
1953,persistencia_purgada,0,0.0,0,0,0.5,robustez,A_ablacao,proxy_N1_ge2,proxy,1,2,completo,63,walk_forward
1954,prevalencia,1,0.3492063492063492,0,0,0.5,robustez,A_ablacao,proxy_N1_ge2,proxy,1,2,completo,63,walk_forward
1954,persistencia,1,0.0,0,0,0.5,robustez,A_ablacao,proxy_N1_ge2,proxy,1,2,completo,63,walk_forward
1954,persistencia_purgada,1,0.0,0,0,0.5,robustez,A_ablacao,proxy_N1_ge2,proxy,1,2,completo,63,walk_forward
1955,prevalencia,0,0.34375,0,0,0.5,robustez,A_ablacao,proxy_N1_ge2,proxy,1,2,completo,63,walk_forward
1955,persistencia,0,1.0,1,1,0.5,robustez,A_ablacao,proxy_N1_ge2,proxy,1,2,completo,63,walk_forward
1955,persistencia_purgada,0,0.0,0,0,0.5,robustez,A_ablacao,proxy_N1_ge2,proxy,1,2,completo,63,walk_forward
1956,prevalencia,0,0.35384615384615387,0,0,0.5,robustez,A_ablacao,proxy_N1_ge2,proxy,1,2,completo,63,walk_forward
1956,persistencia,0,0.0,0,0,0.5,robustez,A_ablacao,proxy_N1_ge2,proxy,1,2,completo,63,walk_forward
1956,persistencia_purgada,0,1.0,1,1,0.5,robustez,A_ablacao,proxy_N1_ge2,proxy,1,2,completo,63,walk_forward
1957,prevalencia,0,0.3484848484848485,0,0,0.5,robustez,A_ablacao,proxy_N1_ge2,proxy,1,2,completo,63,walk_forward
1957,persistencia,0,0.0,0,0,0.5,robustez,A_ablacao,proxy_N1_ge2,proxy,1,2,completo,63,walk_forward
1957,persistencia_purgada,0,0.0,0,0,0.5,robustez,A_ablacao,proxy_N1_ge2,proxy,1,2,completo,63,walk_forward
1958,prevalencia,0,0.34328358208955223,0,0,0.5,robustez,A_ablacao,proxy_N1_ge2,proxy,1,2,completo,63,walk_forward
1958,persistencia,0,0.0,0,0,0.5,robustez,A_ablacao,proxy_N1_ge2,proxy,1,2,completo,63,walk_forward
1958,persistencia_purgada,0,0.0,0,0,0.5,robustez,A_ablacao,proxy_N1_ge2,proxy,1,2,completo,63,walk_forward
1959,prevalencia,0,0.3382352941176471,0,0,0.5,robustez,A_ablacao,proxy_N1_ge2,proxy,1,2,completo,63,walk_forward
1959,persistencia,0,0.0,0,0,0.5,robustez,A_ablacao,proxy_N1_ge2,proxy,1,2,completo,63,walk_forward
1959,persistencia_purgada,0,0.0,0,0,0.5,robustez,A_ablacao,proxy_N1_ge2,proxy,1,2,completo,63,walk_forward
1960,prevalencia,1,0.3333333333333333,0,0,0.5,robustez,A_ablacao,proxy_N1_ge2,proxy,1,2,completo,63,walk_forward
1960,persistencia,1,0.0,0,0,0.5,robustez,A_ablacao,proxy_N1_ge2,proxy,1,2,completo,63,walk_forward
1960,persistencia_purgada,1,0.0,0,0,0.5,robustez,A_ablacao,proxy_N1_ge2,proxy,1,2,completo,63,walk_forward
1961,prevalencia,0,0.32857142857142857,0,0,0.5,robustez,A_ablacao,proxy_N1_ge2,proxy,1,2,completo,63,walk_forward
1961,persistencia,0,1.0,1,1,0.5,robustez,A_ablacao,proxy_N1_ge2,proxy,1,2,completo,63,walk_forward
1961,persistencia_purgada,0,0.0,0,0,0.5,robustez,A_ablacao,proxy_N1_ge2,proxy,1,2,completo,63,walk_forward
1962,prevalencia,0,0.3380281690140845,0,0,0.5,robustez,A_ablacao,proxy_N1_ge2,proxy,1,2,completo,63,walk_forward
1962,persistencia,0,0.0,0,0,0.5,robustez,A_ablacao,proxy_N1_ge2,proxy,1,2,completo,63,walk_forward
1962,persistencia_purgada,0,1.0,1,1,0.5,robustez,A_ablacao,proxy_N1_ge2,proxy,1,2,completo,63,walk_forward
1963,prevalencia,1,0.3333333333333333,0,0,0.5,robustez,A_ablacao,proxy_N1_ge2,proxy,1,2,completo,63,walk_forward
1963,persistencia,1,0.0,0,0,0.5,robustez,A_ablacao,proxy_N1_ge2,proxy,1,2,completo,63,walk_forward
1963,persistencia_purgada,1,0.0,0,0,0.5,robustez,A_ablacao,proxy_N1_ge2,proxy,1,2,completo,63,walk_forward
1964,prevalencia,0,0.3287671232876712,0,0,0.5,robustez,A_ablacao,proxy_N1_ge2,proxy,1,2,completo,63,walk_forward
1964,persistencia,0,1.0,1,1,0.5,robustez,A_ablacao,proxy_N1_ge2,proxy,1,2,completo,63,walk_forward
1964,persistencia_purgada,0,0.0,0,0,0.5,robustez,A_ablacao,proxy_N1_ge2,proxy,1,2,completo,63,walk_forward
1965,prevalencia,0,0.33783783783783783,0,0,0.5,robustez,A_ablacao,proxy_N1_ge2,proxy,1,2,completo,63,walk_forward
1965,persistencia,0,0.0,0,0,0.5,robustez,A_ablacao,proxy_N1_ge2,proxy,1,2,completo,63,walk_forward
1965,persistencia_purgada,0,1.0,1,1,0.5,robustez,A_ablacao,proxy_N1_ge2,proxy,1,2,completo,63,walk_forward
1966,prevalencia,0,0.3333333333333333,0,0,0.5,robustez,A_ablacao,proxy_N1_ge2,proxy,1,2,completo,63,walk_forward
1966,persistencia,0,0.0,0,0,0.5,robustez,A_ablacao,proxy_N1_ge2,proxy,1,2,completo,63,walk_forward
1966,persistencia_purgada,0,0.0,0,0,0.5,robustez,A_ablacao,proxy_N1_ge2,proxy,1,2,completo,63,walk_forward
1967,prevalencia,0,0.32894736842105265,0,0,0.5,robustez,A_ablacao,proxy_N1_ge2,proxy,1,2,completo,63,walk_forward
1967,persistencia,0,0.0,0,0,0.5,robustez,A_ablacao,proxy_N1_ge2,proxy,1,2,completo,63,walk_forward
1967,persistencia_purgada,0,0.0,0,0,0.5,robustez,A_ablacao,proxy_N1_ge2,proxy,1,2,completo,63,walk_forward
1968,prevalencia,0,0.3246753246753247,0,0,0.5,robustez,A_ablacao,proxy_N1_ge2,proxy,1,2,completo,63,walk_forward
1968,persistencia,0,0.0,0,0,0.5,robustez,A_ablacao,proxy_N1_ge2,proxy,1,2,completo,63,walk_forward
1968,persistencia_purgada,0,0.0,0,0,0.5,robustez,A_ablacao,proxy_N1_ge2,proxy,1,2,completo,63,walk_forward
1969,prevalencia,0,0.32051282051282054,0,0,0.5,robustez,A_ablacao,proxy_N1_ge2,proxy,1,2,completo,63,walk_forward
1969,persistencia,0,0.0,0,0,0.5,robustez,A_ablacao,proxy_N1_ge2,proxy,1,2,completo,63,walk_forward
1969,persistencia_purgada,0,0.0,0,0,0.5,robustez,A_ablacao,proxy_N1_ge2,proxy,1,2,completo,63,walk_forward
1970,prevalencia,0,0.31645569620253167,0,0,0.5,robustez,A_ablacao,proxy_N1_ge2,proxy,1,2,completo,63,walk_forward
1970,persistencia,0,0.0,0,0,0.5,robustez,A_ablacao,proxy_N1_ge2,proxy,1,2,completo,63,walk_forward
1970,persistencia_purgada,0,0.0,0,0,0.5,robustez,A_ablacao,proxy_N1_ge2,proxy,1,2,completo,63,walk_forward
1971,prevalencia,0,0.3125,0,0,0.5,robustez,A_ablacao,proxy_N1_ge2,proxy,1,2,completo,63,walk_forward
1971,persistencia,0,0.0,0,0,0.5,robustez,A_ablacao,proxy_N1_ge2,proxy,1,2,completo,63,walk_forward
1971,persistencia_purgada,0,0.0,0,0,0.5,robustez,A_ablacao,proxy_N1_ge2,proxy,1,2,completo,63,walk_forward
1972,prevalencia,0,0.30864197530864196,0,0,0.5,robustez,A_ablacao,proxy_N1_ge2,proxy,1,2,completo,63,walk_forward
1972,persistencia,0,0.0,0,0,0.5,robustez,A_ablacao,proxy_N1_ge2,proxy,1,2,completo,63,walk_forward
1972,persistencia_purgada,0,0.0,0,0,0.5,robustez,A_ablacao,proxy_N1_ge2,proxy,1,2,completo,63,walk_forward
1973,prevalencia,0,0.3048780487804878,0,0,0.5,robustez,A_ablacao,proxy_N1_ge2,proxy,1,2,completo,63,walk_forward
1973,persistencia,0,0.0,0,0,0.5,robustez,A_ablacao,proxy_N1_ge2,proxy,1,2,completo,63,walk_forward
1973,persistencia_purgada,0,0.0,0,0,0.5,robustez,A_ablacao,proxy_N1_ge2,proxy,1,2,completo,63,walk_forward
1974,prevalencia,0,0.30120481927710846,0,0,0.5,robustez,A_ablacao,proxy_N1_ge2,proxy,1,2,completo,63,walk_forward
1974,persistencia,0,0.0,0,0,0.5,robustez,A_ablacao,proxy_N1_ge2,proxy,1,2,completo,63,walk_forward
1974,persistencia_purgada,0,0.0,0,0,0.5,robustez,A_ablacao,proxy_N1_ge2,proxy,1,2,completo,63,walk_forward
1975,prevalencia,0,0.2976190476190476,0,0,0.5,robustez,A_ablacao,proxy_N1_ge2,proxy,1,2,completo,63,walk_forward
1975,persistencia,0,0.0,0,0,0.5,robustez,A_ablacao,proxy_N1_ge2,proxy,1,2,completo,63,walk_forward
1975,persistencia_purgada,0,0.0,0,0,0.5,robustez,A_ablacao,proxy_N1_ge2,proxy,1,2,completo,63,walk_forward
1976,prevalencia,0,0.29411764705882354,0,0,0.5,robustez,A_ablacao,proxy_N1_ge2,proxy,1,2,completo,63,walk_forward
1976,persistencia,0,0.0,0,0,0.5,robustez,A_ablacao,proxy_N1_ge2,proxy,1,2,completo,63,walk_forward
1976,persistencia_purgada,0,0.0,0,0,0.5,robustez,A_ablacao,proxy_N1_ge2,proxy,1,2,completo,63,walk_forward
1977,prevalencia,1,0.29069767441860467,0,0,0.5,robustez,A_ablacao,proxy_N1_ge2,proxy,1,2,completo,63,walk_forward
1977,persistencia,1,0.0,0,0,0.5,robustez,A_ablacao,proxy_N1_ge2,proxy,1,2,completo,63,walk_forward
1977,persistencia_purgada,1,0.0,0,0,0.5,robustez,A_ablacao,proxy_N1_ge2,proxy,1,2,completo,63,walk_forward
1978,prevalencia,0,0.28735632183908044,0,0,0.5,robustez,A_ablacao,proxy_N1_ge2,proxy,1,2,completo,63,walk_forward
1978,persistencia,0,1.0,1,1,0.5,robustez,A_ablacao,proxy_N1_ge2,proxy,1,2,completo,63,walk_forward
1978,persistencia_purgada,0,0.0,0,0,0.5,robustez,A_ablacao,proxy_N1_ge2,proxy,1,2,completo,63,walk_forward
1979,prevalencia,0,0.29545454545454547,0,0,0.5,robustez,A_ablacao,proxy_N1_ge2,proxy,1,2,completo,63,walk_forward
1979,persistencia,0,0.0,0,0,0.5,robustez,A_ablacao,proxy_N1_ge2,proxy,1,2,completo,63,walk_forward
1979,persistencia_purgada,0,1.0,1,1,0.5,robustez,A_ablacao,proxy_N1_ge2,proxy,1,2,completo,63,walk_forward
1980,prevalencia,0,0.29213483146067415,0,0,0.5,robustez,A_ablacao,proxy_N1_ge2,proxy,1,2,completo,63,walk_forward
1980,persistencia,0,0.0,0,0,0.5,robustez,A_ablacao,proxy_N1_ge2,proxy,1,2,completo,63,walk_forward
1980,persistencia_purgada,0,0.0,0,0,0.5,robustez,A_ablacao,proxy_N1_ge2,proxy,1,2,completo,63,walk_forward
1981,prevalencia,0,0.28888888888888886,0,0,0.5,robustez,A_ablacao,proxy_N1_ge2,proxy,1,2,completo,63,walk_forward
1981,persistencia,0,0.0,0,0,0.5,robustez,A_ablacao,proxy_N1_ge2,proxy,1,2,completo,63,walk_forward
1981,persistencia_purgada,0,0.0,0,0,0.5,robustez,A_ablacao,proxy_N1_ge2,proxy,1,2,completo,63,walk_forward
1982,prevalencia,0,0.2857142857142857,0,0,0.5,robustez,A_ablacao,proxy_N1_ge2,proxy,1,2,completo,63,walk_forward
1982,persistencia,0,0.0,0,0,0.5,robustez,A_ablacao,proxy_N1_ge2,proxy,1,2,completo,63,walk_forward
1982,persistencia_purgada,0,0.0,0,0,0.5,robustez,A_ablacao,proxy_N1_ge2,proxy,1,2,completo,63,walk_forward
1983,prevalencia,0,0.2826086956521739,0,0,0.5,robustez,A_ablacao,proxy_N1_ge2,proxy,1,2,completo,63,walk_forward
1983,persistencia,0,0.0,0,0,0.5,robustez,A_ablacao,proxy_N1_ge2,proxy,1,2,completo,63,walk_forward
1983,persistencia_purgada,0,0.0,0,0,0.5,robustez,A_ablacao,proxy_N1_ge2,proxy,1,2,completo,63,walk_forward
1984,prevalencia,0,0.27956989247311825,0,0,0.5,robustez,A_ablacao,proxy_N1_ge2,proxy,1,2,completo,63,walk_forward
1984,persistencia,0,0.0,0,0,0.5,robustez,A_ablacao,proxy_N1_ge2,proxy,1,2,completo,63,walk_forward
1984,persistencia_purgada,0,0.0,0,0,0.5,robustez,A_ablacao,proxy_N1_ge2,proxy,1,2,completo,63,walk_forward
1985,prevalencia,1,0.2765957446808511,0,0,0.5,robustez,A_ablacao,proxy_N1_ge2,proxy,1,2,completo,63,walk_forward
1985,persistencia,1,0.0,0,0,0.5,robustez,A_ablacao,proxy_N1_ge2,proxy,1,2,completo,63,walk_forward
1985,persistencia_purgada,1,0.0,0,0,0.5,robustez,A_ablacao,proxy_N1_ge2,proxy,1,2,completo,63,walk_forward
1986,prevalencia,0,0.2736842105263158,0,0,0.5,robustez,A_ablacao,proxy_N1_ge2,proxy,1,2,completo,63,walk_forward
1986,persistencia,0,1.0,1,1,0.5,robustez,A_ablacao,proxy_N1_ge2,proxy,1,2,completo,63,walk_forward
1986,persistencia_purgada,0,0.0,0,0,0.5,robustez,A_ablacao,proxy_N1_ge2,proxy,1,2,completo,63,walk_forward
1987,prevalencia,0,0.28125,0,0,0.5,robustez,A_ablacao,proxy_N1_ge2,proxy,1,2,completo,63,walk_forward
1987,persistencia,0,0.0,0,0,0.5,robustez,A_ablacao,proxy_N1_ge2,proxy,1,2,completo,63,walk_forward
1987,persistencia_purgada,0,1.0,1,1,0.5,robustez,A_ablacao,proxy_N1_ge2,proxy,1,2,completo,63,walk_forward
1988,prevalencia,0,0.27835051546391754,0,0,0.5,robustez,A_ablacao,proxy_N1_ge2,proxy,1,2,completo,63,walk_forward
1988,persistencia,0,0.0,0,0,0.5,robustez,A_ablacao,proxy_N1_ge2,proxy,1,2,completo,63,walk_forward
1988,persistencia_purgada,0,0.0,0,0,0.5,robustez,A_ablacao,proxy_N1_ge2,proxy,1,2,completo,63,walk_forward
1989,prevalencia,1,0.2755102040816326,0,0,0.5,robustez,A_ablacao,proxy_N1_ge2,proxy,1,2,completo,63,walk_forward
1989,persistencia,1,0.0,0,0,0.5,robustez,A_ablacao,proxy_N1_ge2,proxy,1,2,completo,63,walk_forward
1989,persistencia_purgada,1,0.0,0,0,0.5,robustez,A_ablacao,proxy_N1_ge2,proxy,1,2,completo,63,walk_forward
1990,prevalencia,0,0.2727272727272727,0,0,0.5,robustez,A_ablacao,proxy_N1_ge2,proxy,1,2,completo,63,walk_forward
1990,persistencia,0,1.0,1,1,0.5,robustez,A_ablacao,proxy_N1_ge2,proxy,1,2,completo,63,walk_forward
1990,persistencia_purgada,0,0.0,0,0,0.5,robustez,A_ablacao,proxy_N1_ge2,proxy,1,2,completo,63,walk_forward
1991,prevalencia,0,0.28,0,0,0.5,robustez,A_ablacao,proxy_N1_ge2,proxy,1,2,completo,63,walk_forward
1991,persistencia,0,0.0,0,0,0.5,robustez,A_ablacao,proxy_N1_ge2,proxy,1,2,completo,63,walk_forward
1991,persistencia_purgada,0,1.0,1,1,0.5,robustez,A_ablacao,proxy_N1_ge2,proxy,1,2,completo,63,walk_forward
1992,prevalencia,1,0.27722772277227725,0,0,0.5,robustez,A_ablacao,proxy_N1_ge2,proxy,1,2,completo,63,walk_forward
1992,persistencia,1,0.0,0,0,0.5,robustez,A_ablacao,proxy_N1_ge2,proxy,1,2,completo,63,walk_forward
1992,persistencia_purgada,1,0.0,0,0,0.5,robustez,A_ablacao,proxy_N1_ge2,proxy,1,2,completo,63,walk_forward
1993,prevalencia,0,0.27450980392156865,0,0,0.5,robustez,A_ablacao,proxy_N1_ge2,proxy,1,2,completo,63,walk_forward
1993,persistencia,0,1.0,1,1,0.5,robustez,A_ablacao,proxy_N1_ge2,proxy,1,2,completo,63,walk_forward
1993,persistencia_purgada,0,0.0,0,0,0.5,robustez,A_ablacao,proxy_N1_ge2,proxy,1,2,completo,63,walk_forward
1994,prevalencia,0,0.2815533980582524,0,0,0.5,robustez,A_ablacao,proxy_N1_ge2,proxy,1,2,completo,63,walk_forward
1994,persistencia,0,0.0,0,0,0.5,robustez,A_ablacao,proxy_N1_ge2,proxy,1,2,completo,63,walk_forward
1994,persistencia_purgada,0,1.0,1,1,0.5,robustez,A_ablacao,proxy_N1_ge2,proxy,1,2,completo,63,walk_forward
1995,prevalencia,0,0.27884615384615385,0,0,0.5,robustez,A_ablacao,proxy_N1_ge2,proxy,1,2,completo,63,walk_forward
1995,persistencia,0,0.0,0,0,0.5,robustez,A_ablacao,proxy_N1_ge2,proxy,1,2,completo,63,walk_forward
1995,persistencia_purgada,0,0.0,0,0,0.5,robustez,A_ablacao,proxy_N1_ge2,proxy,1,2,completo,63,walk_forward
1996,prevalencia,1,0.2761904761904762,0,0,0.5,robustez,A_ablacao,proxy_N1_ge2,proxy,1,2,completo,63,walk_forward
1996,persistencia,1,0.0,0,0,0.5,robustez,A_ablacao,proxy_N1_ge2,proxy,1,2,completo,63,walk_forward
1996,persistencia_purgada,1,0.0,0,0,0.5,robustez,A_ablacao,proxy_N1_ge2,proxy,1,2,completo,63,walk_forward
1997,prevalencia,0,0.27358490566037735,0,0,0.5,robustez,A_ablacao,proxy_N1_ge2,proxy,1,2,completo,63,walk_forward
1997,persistencia,0,1.0,1,1,0.5,robustez,A_ablacao,proxy_N1_ge2,proxy,1,2,completo,63,walk_forward
1997,persistencia_purgada,0,0.0,0,0,0.5,robustez,A_ablacao,proxy_N1_ge2,proxy,1,2,completo,63,walk_forward
1998,prevalencia,0,0.2803738317757009,0,0,0.5,robustez,A_ablacao,proxy_N1_ge2,proxy,1,2,completo,63,walk_forward
1998,persistencia,0,0.0,0,0,0.5,robustez,A_ablacao,proxy_N1_ge2,proxy,1,2,completo,63,walk_forward
1998,persistencia_purgada,0,1.0,1,1,0.5,robustez,A_ablacao,proxy_N1_ge2,proxy,1,2,completo,63,walk_forward
1999,prevalencia,0,0.2777777777777778,0,0,0.5,robustez,A_ablacao,proxy_N1_ge2,proxy,1,2,completo,63,walk_forward
1999,persistencia,0,0.0,0,0,0.5,robustez,A_ablacao,proxy_N1_ge2,proxy,1,2,completo,63,walk_forward
1999,persistencia_purgada,0,0.0,0,0,0.5,robustez,A_ablacao,proxy_N1_ge2,proxy,1,2,completo,63,walk_forward
2000,prevalencia,1,0.27522935779816515,0,0,0.5,robustez,A_ablacao,proxy_N1_ge2,proxy,1,2,completo,63,walk_forward
2000,persistencia,1,0.0,0,0,0.5,robustez,A_ablacao,proxy_N1_ge2,proxy,1,2,completo,63,walk_forward
2000,persistencia_purgada,1,0.0,0,0,0.5,robustez,A_ablacao,proxy_N1_ge2,proxy,1,2,completo,63,walk_forward
2001,prevalencia,0,0.2727272727272727,0,0,0.5,robustez,A_ablacao,proxy_N1_ge2,proxy,1,2,completo,63,walk_forward
2001,persistencia,0,1.0,1,1,0.5,robustez,A_ablacao,proxy_N1_ge2,proxy,1,2,completo,63,walk_forward
2001,persistencia_purgada,0,0.0,0,0,0.5,robustez,A_ablacao,proxy_N1_ge2,proxy,1,2,completo,63,walk_forward
2002,prevalencia,0,0.27927927927927926,0,0,0.5,robustez,A_ablacao,proxy_N1_ge2,proxy,1,2,completo,63,walk_forward
2002,persistencia,0,0.0,0,0,0.5,robustez,A_ablacao,proxy_N1_ge2,proxy,1,2,completo,63,walk_forward
2002,persistencia_purgada,0,1.0,1,1,0.5,robustez,A_ablacao,proxy_N1_ge2,proxy,1,2,completo,63,walk_forward
2003,prevalencia,0,0.2767857142857143,0,0,0.5,robustez,A_ablacao,proxy_N1_ge2,proxy,1,2,completo,63,walk_forward
2003,persistencia,0,0.0,0,0,0.5,robustez,A_ablacao,proxy_N1_ge2,proxy,1,2,completo,63,walk_forward
2003,persistencia_purgada,0,0.0,0,0,0.5,robustez,A_ablacao,proxy_N1_ge2,proxy,1,2,completo,63,walk_forward
2004,prevalencia,0,0.2743362831858407,0,0,0.5,robustez,A_ablacao,proxy_N1_ge2,proxy,1,2,completo,63,walk_forward
2004,persistencia,0,0.0,0,0,0.5,robustez,A_ablacao,proxy_N1_ge2,proxy,1,2,completo,63,walk_forward
2004,persistencia_purgada,0,0.0,0,0,0.5,robustez,A_ablacao,proxy_N1_ge2,proxy,1,2,completo,63,walk_forward
2005,prevalencia,0,0.2719298245614035,0,0,0.5,robustez,A_ablacao,proxy_N1_ge2,proxy,1,2,completo,63,walk_forward
2005,persistencia,0,0.0,0,0,0.5,robustez,A_ablacao,proxy_N1_ge2,proxy,1,2,completo,63,walk_forward
2005,persistencia_purgada,0,0.0,0,0,0.5,robustez,A_ablacao,proxy_N1_ge2,proxy,1,2,completo,63,walk_forward
1931,rf,0,0.45519681109947396,0,0,0.5348060430660516,robustez,A_ablacao,proxy_N1_ge2,proxy,1,2,sem_dipl,46,walk_forward
1931,xgb,0,0.283403217792511,0,0,0.9058775305747986,robustez,A_ablacao,proxy_N1_ge2,proxy,1,2,sem_dipl,46,walk_forward
1932,rf,1,0.4590102980875565,0,0,0.5326035258358702,robustez,A_ablacao,proxy_N1_ge2,proxy,1,2,sem_dipl,46,walk_forward
1932,xgb,1,0.24985717236995697,0,0,0.9020289182662964,robustez,A_ablacao,proxy_N1_ge2,proxy,1,2,sem_dipl,46,walk_forward
1933,rf,1,0.3879604724440482,0,0,0.5336582071273025,robustez,A_ablacao,proxy_N1_ge2,proxy,1,2,sem_dipl,46,walk_forward
1933,xgb,1,0.05141529068350792,0,0,0.905786395072937,robustez,A_ablacao,proxy_N1_ge2,proxy,1,2,sem_dipl,46,walk_forward
1934,rf,0,0.452888638717558,0,0,0.5265140959401592,robustez,A_ablacao,proxy_N1_ge2,proxy,1,2,sem_dipl,46,walk_forward
1934,xgb,0,0.14504322409629822,0,0,0.9005857110023499,robustez,A_ablacao,proxy_N1_ge2,proxy,1,2,sem_dipl,46,walk_forward
1935,rf,0,0.47334783046207196,0,0,0.5085037422442219,robustez,A_ablacao,proxy_N1_ge2,proxy,1,2,sem_dipl,46,walk_forward
1935,xgb,0,0.10681267827749252,0,0,0.8866810202598572,robustez,A_ablacao,proxy_N1_ge2,proxy,1,2,sem_dipl,46,walk_forward
1936,rf,1,0.4954103496883612,0,0,0.5102481178117395,robustez,A_ablacao,proxy_N1_ge2,proxy,1,2,sem_dipl,46,walk_forward
1936,xgb,1,0.32751816511154175,0,0,0.8950265049934387,robustez,A_ablacao,proxy_N1_ge2,proxy,1,2,sem_dipl,46,walk_forward
1937,rf,1,0.47620404022129686,0,0,0.5168360118148655,robustez,A_ablacao,proxy_N1_ge2,proxy,1,2,sem_dipl,46,walk_forward
1937,xgb,1,0.33106932044029236,0,0,0.8976007699966431,robustez,A_ablacao,proxy_N1_ge2,proxy,1,2,sem_dipl,46,walk_forward
1938,rf,1,0.46581455934116345,0,0,0.527572423076635,robustez,A_ablacao,proxy_N1_ge2,proxy,1,2,sem_dipl,46,walk_forward
1938,xgb,1,0.10805780440568924,0,0,0.9029665589332581,robustez,A_ablacao,proxy_N1_ge2,proxy,1,2,sem_dipl,46,walk_forward
1939,rf,1,0.5081158331102605,1,1,0.5020641234072881,robustez,A_ablacao,proxy_N1_ge2,proxy,1,2,sem_dipl,46,walk_forward
1939,xgb,1,0.7262513041496277,1,0,0.8917180895805359,robustez,A_ablacao,proxy_N1_ge2,proxy,1,2,sem_dipl,46,walk_forward
1940,rf,1,0.5415032861478964,1,1,0.47927131019824515,robustez,A_ablacao,proxy_N1_ge2,proxy,1,2,sem_dipl,46,walk_forward
1940,xgb,1,0.9496776461601257,1,1,0.8877704739570618,robustez,A_ablacao,proxy_N1_ge2,proxy,1,2,sem_dipl,46,walk_forward
1941,rf,0,0.4949229846356075,0,0,0.5075931987298359,robustez,A_ablacao,proxy_N1_ge2,proxy,1,2,sem_dipl,46,walk_forward
1941,xgb,0,0.69359290599823,1,0,0.8924351930618286,robustez,A_ablacao,proxy_N1_ge2,proxy,1,2,sem_dipl,46,walk_forward
1942,rf,1,0.5559937895311398,1,1,0.49916551327107805,robustez,A_ablacao,proxy_N1_ge2,proxy,1,2,sem_dipl,46,walk_forward
1942,xgb,1,0.7265206575393677,1,0,0.8873694539070129,robustez,A_ablacao,proxy_N1_ge2,proxy,1,2,sem_dipl,46,walk_forward
1943,rf,0,0.3816679680584173,0,0,0.5009542466866728,robustez,A_ablacao,proxy_N1_ge2,proxy,1,2,sem_dipl,46,walk_forward
1943,xgb,0,0.0783449113368988,0,0,0.8890542387962341,robustez,A_ablacao,proxy_N1_ge2,proxy,1,2,sem_dipl,46,walk_forward
1944,rf,0,0.4370664511035752,0,0,0.5025100039809285,robustez,A_ablacao,proxy_N1_ge2,proxy,1,2,sem_dipl,46,walk_forward
1944,xgb,0,0.41745591163635254,0,0,0.8825066685676575,robustez,A_ablacao,proxy_N1_ge2,proxy,1,2,sem_dipl,46,walk_forward
1945,rf,0,0.2703813298723992,0,0,0.5063890794207924,robustez,A_ablacao,proxy_N1_ge2,proxy,1,2,sem_dipl,46,walk_forward
1945,xgb,0,0.040276531130075455,0,0,0.8892984390258789,robustez,A_ablacao,proxy_N1_ge2,proxy,1,2,sem_dipl,46,walk_forward
1946,rf,1,0.28427832179753665,0,0,0.5056644702779856,robustez,A_ablacao,proxy_N1_ge2,proxy,1,2,sem_dipl,46,walk_forward
1946,xgb,1,0.07407207787036896,0,0,0.8860394954681396,robustez,A_ablacao,proxy_N1_ge2,proxy,1,2,sem_dipl,46,walk_forward
1947,rf,0,0.353323345178355,0,0,0.5063994396664661,robustez,A_ablacao,proxy_N1_ge2,proxy,1,2,sem_dipl,46,walk_forward
1947,xgb,0,0.10026513785123825,0,0,0.8941475749015808,robustez,A_ablacao,proxy_N1_ge2,proxy,1,2,sem_dipl,46,walk_forward
1948,rf,0,0.4392589193510215,0,0,0.4930042649577299,robustez,A_ablacao,proxy_N1_ge2,proxy,1,2,sem_dipl,46,walk_forward
1948,xgb,0,0.7438047528266907,1,0,0.8996202349662781,robustez,A_ablacao,proxy_N1_ge2,proxy,1,2,sem_dipl,46,walk_forward
1949,rf,1,0.5297799431883022,1,1,0.489006564264699,robustez,A_ablacao,proxy_N1_ge2,proxy,1,2,sem_dipl,46,walk_forward
1949,xgb,1,0.7728604078292847,1,0,0.8989253044128418,robustez,A_ablacao,proxy_N1_ge2,proxy,1,2,sem_dipl,46,walk_forward
1950,rf,0,0.525084694529714,1,1,0.5131757695431813,robustez,A_ablacao,proxy_N1_ge2,proxy,1,2,sem_dipl,46,walk_forward
1950,xgb,0,0.14728623628616333,0,0,0.9052672982215881,robustez,A_ablacao,proxy_N1_ge2,proxy,1,2,sem_dipl,46,walk_forward
1951,rf,0,0.5141944379035827,1,1,0.5012227407745455,robustez,A_ablacao,proxy_N1_ge2,proxy,1,2,sem_dipl,46,walk_forward
1951,xgb,0,0.20543272793293,0,0,0.9003171920776367,robustez,A_ablacao,proxy_N1_ge2,proxy,1,2,sem_dipl,46,walk_forward
1952,rf,0,0.3941264222390627,0,0,0.49952053690387355,robustez,A_ablacao,proxy_N1_ge2,proxy,1,2,sem_dipl,46,walk_forward
1952,xgb,0,0.029311103746294975,0,0,0.9039514660835266,robustez,A_ablacao,proxy_N1_ge2,proxy,1,2,sem_dipl,46,walk_forward
1953,rf,0,0.37349058595919593,0,0,0.502701367228099,robustez,A_ablacao,proxy_N1_ge2,proxy,1,2,sem_dipl,46,walk_forward
1953,xgb,0,0.04522377625107765,0,0,0.9101252555847168,robustez,A_ablacao,proxy_N1_ge2,proxy,1,2,sem_dipl,46,walk_forward
1954,rf,1,0.30026854369491385,0,0,0.5006886567148473,robustez,A_ablacao,proxy_N1_ge2,proxy,1,2,sem_dipl,46,walk_forward
1954,xgb,1,0.003709657583385706,0,0,0.9081607460975647,robustez,A_ablacao,proxy_N1_ge2,proxy,1,2,sem_dipl,46,walk_forward
1955,rf,0,0.3454900116406443,0,0,0.5079532484744455,robustez,A_ablacao,proxy_N1_ge2,proxy,1,2,sem_dipl,46,walk_forward
1955,xgb,0,0.005712966434657574,0,0,0.9101759791374207,robustez,A_ablacao,proxy_N1_ge2,proxy,1,2,sem_dipl,46,walk_forward
1956,rf,0,0.3648512034126142,0,0,0.4930143644395823,robustez,A_ablacao,proxy_N1_ge2,proxy,1,2,sem_dipl,46,walk_forward
1956,xgb,0,0.021816600114107132,0,0,0.8987029790878296,robustez,A_ablacao,proxy_N1_ge2,proxy,1,2,sem_dipl,46,walk_forward
1957,rf,0,0.3987894109555532,0,0,0.5044090717480888,robustez,A_ablacao,proxy_N1_ge2,proxy,1,2,sem_dipl,46,walk_forward
1957,xgb,0,0.22694365680217743,0,0,0.8962388038635254,robustez,A_ablacao,proxy_N1_ge2,proxy,1,2,sem_dipl,46,walk_forward
1958,rf,0,0.4905228331754976,0,1,0.48627663156542206,robustez,A_ablacao,proxy_N1_ge2,proxy,1,2,sem_dipl,46,walk_forward
1958,xgb,0,0.8892520666122437,1,0,0.8970517516136169,robustez,A_ablacao,proxy_N1_ge2,proxy,1,2,sem_dipl,46,walk_forward
1959,rf,0,0.23946479477925273,0,0,0.49712635397937843,robustez,A_ablacao,proxy_N1_ge2,proxy,1,2,sem_dipl,46,walk_forward
1959,xgb,0,0.061295442283153534,0,0,0.8952743411064148,robustez,A_ablacao,proxy_N1_ge2,proxy,1,2,sem_dipl,46,walk_forward
1960,rf,1,0.40632835996269173,0,0,0.4823465744548801,robustez,A_ablacao,proxy_N1_ge2,proxy,1,2,sem_dipl,46,walk_forward
1960,xgb,1,0.19847729802131653,0,0,0.8928288221359253,robustez,A_ablacao,proxy_N1_ge2,proxy,1,2,sem_dipl,46,walk_forward
1961,rf,0,0.3700684361332392,0,0,0.4838443180478754,robustez,A_ablacao,proxy_N1_ge2,proxy,1,2,sem_dipl,46,walk_forward
1961,xgb,0,0.25488653779029846,0,0,0.9000133872032166,robustez,A_ablacao,proxy_N1_ge2,proxy,1,2,sem_dipl,46,walk_forward
1962,rf,0,0.4176668703319428,0,0,0.48962087130689985,robustez,A_ablacao,proxy_N1_ge2,proxy,1,2,sem_dipl,46,walk_forward
1962,xgb,0,0.12274138629436493,0,0,0.8883225321769714,robustez,A_ablacao,proxy_N1_ge2,proxy,1,2,sem_dipl,46,walk_forward
1963,rf,1,0.4114772057193463,0,0,0.49505561491944705,robustez,A_ablacao,proxy_N1_ge2,proxy,1,2,sem_dipl,46,walk_forward
1963,xgb,1,0.053968001157045364,0,0,0.8977160453796387,robustez,A_ablacao,proxy_N1_ge2,proxy,1,2,sem_dipl,46,walk_forward
1964,rf,0,0.30671905907237806,0,0,0.4988459352934232,robustez,A_ablacao,proxy_N1_ge2,proxy,1,2,sem_dipl,46,walk_forward
1964,xgb,0,0.029758889228105545,0,0,0.8934729695320129,robustez,A_ablacao,proxy_N1_ge2,proxy,1,2,sem_dipl,46,walk_forward
1965,rf,0,0.3565957141934782,0,0,0.49158134515911694,robustez,A_ablacao,proxy_N1_ge2,proxy,1,2,sem_dipl,46,walk_forward
1965,xgb,0,0.07348749786615372,0,0,0.9003886580467224,robustez,A_ablacao,proxy_N1_ge2,proxy,1,2,sem_dipl,46,walk_forward
1966,rf,0,0.3056681068102783,0,0,0.4982550852516408,robustez,A_ablacao,proxy_N1_ge2,proxy,1,2,sem_dipl,46,walk_forward
1966,xgb,0,0.017056770622730255,0,0,0.9009614586830139,robustez,A_ablacao,proxy_N1_ge2,proxy,1,2,sem_dipl,46,walk_forward
1967,rf,0,0.20037234795846584,0,0,0.48417557531534045,robustez,A_ablacao,proxy_N1_ge2,proxy,1,2,sem_dipl,46,walk_forward
1967,xgb,0,0.0054419818334281445,0,0,0.9067732095718384,robustez,A_ablacao,proxy_N1_ge2,proxy,1,2,sem_dipl,46,walk_forward
1968,rf,0,0.2386483944269549,0,0,0.48928116877080197,robustez,A_ablacao,proxy_N1_ge2,proxy,1,2,sem_dipl,46,walk_forward
1968,xgb,0,0.01788792572915554,0,0,0.9072009921073914,robustez,A_ablacao,proxy_N1_ge2,proxy,1,2,sem_dipl,46,walk_forward
1969,rf,0,0.13582468339902637,0,0,0.49825403122518763,robustez,A_ablacao,proxy_N1_ge2,proxy,1,2,sem_dipl,46,walk_forward
1969,xgb,0,0.0018352650804445148,0,0,0.9074889421463013,robustez,A_ablacao,proxy_N1_ge2,proxy,1,2,sem_dipl,46,walk_forward
1970,rf,0,0.2599396080784523,0,0,0.4912996207690883,robustez,A_ablacao,proxy_N1_ge2,proxy,1,2,sem_dipl,46,walk_forward
1970,xgb,0,0.014842639677226543,0,0,0.9079834222793579,robustez,A_ablacao,proxy_N1_ge2,proxy,1,2,sem_dipl,46,walk_forward
1971,rf,0,0.39551444615450565,0,0,0.5029869049530705,robustez,A_ablacao,proxy_N1_ge2,proxy,1,2,sem_dipl,46,walk_forward
1971,xgb,0,0.17239758372306824,0,0,0.9107137322425842,robustez,A_ablacao,proxy_N1_ge2,proxy,1,2,sem_dipl,46,walk_forward
1972,rf,0,0.3617980670240381,0,0,0.4878062189136067,robustez,A_ablacao,proxy_N1_ge2,proxy,1,2,sem_dipl,46,walk_forward
1972,xgb,0,0.24318256974220276,0,0,0.9162015914916992,robustez,A_ablacao,proxy_N1_ge2,proxy,1,2,sem_dipl,46,walk_forward
1973,rf,0,0.31780989862852727,0,0,0.4925784694862138,robustez,A_ablacao,proxy_N1_ge2,proxy,1,2,sem_dipl,46,walk_forward
1973,xgb,0,0.08984509110450745,0,0,0.92024165391922,robustez,A_ablacao,proxy_N1_ge2,proxy,1,2,sem_dipl,46,walk_forward
1974,rf,0,0.41736100733806947,0,0,0.49365023157879756,robustez,A_ablacao,proxy_N1_ge2,proxy,1,2,sem_dipl,46,walk_forward
1974,xgb,0,0.2825770974159241,0,0,0.9153763651847839,robustez,A_ablacao,proxy_N1_ge2,proxy,1,2,sem_dipl,46,walk_forward
1975,rf,0,0.3128227668504464,0,0,0.4942280749567635,robustez,A_ablacao,proxy_N1_ge2,proxy,1,2,sem_dipl,46,walk_forward
1975,xgb,0,0.15909279882907867,0,0,0.9164009690284729,robustez,A_ablacao,proxy_N1_ge2,proxy,1,2,sem_dipl,46,walk_forward
1976,rf,0,0.28375486176001996,0,0,0.4890345477602688,robustez,A_ablacao,proxy_N1_ge2,proxy,1,2,sem_dipl,46,walk_forward
1976,xgb,0,0.052627235651016235,0,0,0.9187555313110352,robustez,A_ablacao,proxy_N1_ge2,proxy,1,2,sem_dipl,46,walk_forward
1977,rf,1,0.24549338660781717,0,0,0.4988588664670389,robustez,A_ablacao,proxy_N1_ge2,proxy,1,2,sem_dipl,46,walk_forward
1977,xgb,1,0.028187502175569534,0,0,0.9239060878753662,robustez,A_ablacao,proxy_N1_ge2,proxy,1,2,sem_dipl,46,walk_forward
1978,rf,0,0.25513353682059586,0,0,0.4836029186609703,robustez,A_ablacao,proxy_N1_ge2,proxy,1,2,sem_dipl,46,walk_forward
1978,xgb,0,0.022581391036510468,0,0,0.9227879047393799,robustez,A_ablacao,proxy_N1_ge2,proxy,1,2,sem_dipl,46,walk_forward
1979,rf,0,0.33728190017869114,0,0,0.48367023350020294,robustez,A_ablacao,proxy_N1_ge2,proxy,1,2,sem_dipl,46,walk_forward
1979,xgb,0,0.25859445333480835,0,0,0.9144033193588257,robustez,A_ablacao,proxy_N1_ge2,proxy,1,2,sem_dipl,46,walk_forward
1980,rf,0,0.42588141709885674,0,0,0.48279284016683843,robustez,A_ablacao,proxy_N1_ge2,proxy,1,2,sem_dipl,46,walk_forward
1980,xgb,0,0.5870727300643921,1,0,0.9191761016845703,robustez,A_ablacao,proxy_N1_ge2,proxy,1,2,sem_dipl,46,walk_forward
1981,rf,0,0.2982229665037617,0,0,0.5267210644161822,robustez,A_ablacao,proxy_N1_ge2,proxy,1,2,sem_dipl,46,walk_forward
1981,xgb,0,0.08271516114473343,0,0,0.9195846319198608,robustez,A_ablacao,proxy_N1_ge2,proxy,1,2,sem_dipl,46,walk_forward
1982,rf,0,0.22176345426042715,0,0,0.5317171083435944,robustez,A_ablacao,proxy_N1_ge2,proxy,1,2,sem_dipl,46,walk_forward
1982,xgb,0,0.033851511776447296,0,0,0.9188591837882996,robustez,A_ablacao,proxy_N1_ge2,proxy,1,2,sem_dipl,46,walk_forward
1983,rf,0,0.21373221114359164,0,0,0.5334847103991506,robustez,A_ablacao,proxy_N1_ge2,proxy,1,2,sem_dipl,46,walk_forward
1983,xgb,0,0.02478039637207985,0,0,0.9174597859382629,robustez,A_ablacao,proxy_N1_ge2,proxy,1,2,sem_dipl,46,walk_forward
1984,rf,0,0.3527149560913593,0,0,0.5413768478832692,robustez,A_ablacao,proxy_N1_ge2,proxy,1,2,sem_dipl,46,walk_forward
1984,xgb,0,0.09598340094089508,0,0,0.9194532632827759,robustez,A_ablacao,proxy_N1_ge2,proxy,1,2,sem_dipl,46,walk_forward
1985,rf,1,0.37928580662713335,0,0,0.5386168797457506,robustez,A_ablacao,proxy_N1_ge2,proxy,1,2,sem_dipl,46,walk_forward
1985,xgb,1,0.46829846501350403,0,0,0.9223002791404724,robustez,A_ablacao,proxy_N1_ge2,proxy,1,2,sem_dipl,46,walk_forward
1986,rf,0,0.21435951342098453,0,0,0.5404868854690467,robustez,A_ablacao,proxy_N1_ge2,proxy,1,2,sem_dipl,46,walk_forward
1986,xgb,0,0.011695312336087227,0,0,0.9243631958961487,robustez,A_ablacao,proxy_N1_ge2,proxy,1,2,sem_dipl,46,walk_forward
1987,rf,0,0.22008768721636757,0,0,0.5337436139394295,robustez,A_ablacao,proxy_N1_ge2,proxy,1,2,sem_dipl,46,walk_forward
1987,xgb,0,0.09197880327701569,0,0,0.920539140701294,robustez,A_ablacao,proxy_N1_ge2,proxy,1,2,sem_dipl,46,walk_forward
1988,rf,0,0.44233130105521845,0,0,0.5229210470375177,robustez,A_ablacao,proxy_N1_ge2,proxy,1,2,sem_dipl,46,walk_forward
1988,xgb,0,0.13568061590194702,0,0,0.9253361225128174,robustez,A_ablacao,proxy_N1_ge2,proxy,1,2,sem_dipl,46,walk_forward
1989,rf,1,0.20258896656269462,0,0,0.5233142939124817,robustez,A_ablacao,proxy_N1_ge2,proxy,1,2,sem_dipl,46,walk_forward
1989,xgb,1,0.014746894128620625,0,0,0.92884361743927,robustez,A_ablacao,proxy_N1_ge2,proxy,1,2,sem_dipl,46,walk_forward
1990,rf,0,0.29630063154760417,0,0,0.5261295546683381,robustez,A_ablacao,proxy_N1_ge2,proxy,1,2,sem_dipl,46,walk_forward
1990,xgb,0,0.1889735758304596,0,0,0.9306169152259827,robustez,A_ablacao,proxy_N1_ge2,proxy,1,2,sem_dipl,46,walk_forward
1991,rf,0,0.3952142304338168,0,0,0.49214222286792936,robustez,A_ablacao,proxy_N1_ge2,proxy,1,2,sem_dipl,46,walk_forward
1991,xgb,0,0.48529407382011414,0,0,0.9268094301223755,robustez,A_ablacao,proxy_N1_ge2,proxy,1,2,sem_dipl,46,walk_forward
1992,rf,1,0.36961950004307054,0,0,0.5115103268342375,robustez,A_ablacao,proxy_N1_ge2,proxy,1,2,sem_dipl,46,walk_forward
1992,xgb,1,0.3138594329357147,0,0,0.9264702200889587,robustez,A_ablacao,proxy_N1_ge2,proxy,1,2,sem_dipl,46,walk_forward
1993,rf,0,0.46573136645267493,0,0,0.487469668718874,robustez,A_ablacao,proxy_N1_ge2,proxy,1,2,sem_dipl,46,walk_forward
1993,xgb,0,0.4705352187156677,0,0,0.9279744625091553,robustez,A_ablacao,proxy_N1_ge2,proxy,1,2,sem_dipl,46,walk_forward
1994,rf,0,0.4276370128694135,0,0,0.46069530770221145,robustez,A_ablacao,proxy_N1_ge2,proxy,1,2,sem_dipl,46,walk_forward
1994,xgb,0,0.6306610703468323,1,0,0.9217191338539124,robustez,A_ablacao,proxy_N1_ge2,proxy,1,2,sem_dipl,46,walk_forward
1995,rf,0,0.3903280292564122,0,0,0.46396790972216845,robustez,A_ablacao,proxy_N1_ge2,proxy,1,2,sem_dipl,46,walk_forward
1995,xgb,0,0.19720925390720367,0,0,0.9225783348083496,robustez,A_ablacao,proxy_N1_ge2,proxy,1,2,sem_dipl,46,walk_forward
1996,rf,1,0.41120814991731214,0,0,0.48971434076587106,robustez,A_ablacao,proxy_N1_ge2,proxy,1,2,sem_dipl,46,walk_forward
1996,xgb,1,0.36247196793556213,0,0,0.9268490672111511,robustez,A_ablacao,proxy_N1_ge2,proxy,1,2,sem_dipl,46,walk_forward
1997,rf,0,0.24793047095068912,0,0,0.48514191866325834,robustez,A_ablacao,proxy_N1_ge2,proxy,1,2,sem_dipl,46,walk_forward
1997,xgb,0,0.06405901163816452,0,0,0.9303085207939148,robustez,A_ablacao,proxy_N1_ge2,proxy,1,2,sem_dipl,46,walk_forward
1998,rf,0,0.2514979704562738,0,0,0.4703120111467055,robustez,A_ablacao,proxy_N1_ge2,proxy,1,2,sem_dipl,46,walk_forward
1998,xgb,0,0.015594404190778732,0,0,0.9280621409416199,robustez,A_ablacao,proxy_N1_ge2,proxy,1,2,sem_dipl,46,walk_forward
1999,rf,0,0.3548912581606896,0,0,0.5030605207293884,robustez,A_ablacao,proxy_N1_ge2,proxy,1,2,sem_dipl,46,walk_forward
1999,xgb,0,0.13818156719207764,0,0,0.9249277114868164,robustez,A_ablacao,proxy_N1_ge2,proxy,1,2,sem_dipl,46,walk_forward
2000,rf,1,0.3030080248194938,0,0,0.46989423808303654,robustez,A_ablacao,proxy_N1_ge2,proxy,1,2,sem_dipl,46,walk_forward
2000,xgb,1,0.2047266811132431,0,0,0.9266902804374695,robustez,A_ablacao,proxy_N1_ge2,proxy,1,2,sem_dipl,46,walk_forward
2001,rf,0,0.19666206852883172,0,0,0.47510500189681293,robustez,A_ablacao,proxy_N1_ge2,proxy,1,2,sem_dipl,46,walk_forward
2001,xgb,0,0.015625428408384323,0,0,0.9280125498771667,robustez,A_ablacao,proxy_N1_ge2,proxy,1,2,sem_dipl,46,walk_forward
2002,rf,0,0.2898085956295983,0,0,0.4971219441153716,robustez,A_ablacao,proxy_N1_ge2,proxy,1,2,sem_dipl,46,walk_forward
2002,xgb,0,0.04009047895669937,0,0,0.9224796295166016,robustez,A_ablacao,proxy_N1_ge2,proxy,1,2,sem_dipl,46,walk_forward
2003,rf,0,0.4614950466015367,0,0,0.4968098273253281,robustez,A_ablacao,proxy_N1_ge2,proxy,1,2,sem_dipl,46,walk_forward
2003,xgb,0,0.2995055019855499,0,0,0.9229539036750793,robustez,A_ablacao,proxy_N1_ge2,proxy,1,2,sem_dipl,46,walk_forward
2004,rf,0,0.22483334403607758,0,0,0.48056443440750213,robustez,A_ablacao,proxy_N1_ge2,proxy,1,2,sem_dipl,46,walk_forward
2004,xgb,0,0.012128747999668121,0,0,0.9236512184143066,robustez,A_ablacao,proxy_N1_ge2,proxy,1,2,sem_dipl,46,walk_forward
2005,rf,0,0.2173296223400731,0,0,0.46977363955906337,robustez,A_ablacao,proxy_N1_ge2,proxy,1,2,sem_dipl,46,walk_forward
2005,xgb,0,0.005011953413486481,0,0,0.926295816898346,robustez,A_ablacao,proxy_N1_ge2,proxy,1,2,sem_dipl,46,walk_forward
2006,rf,0,0.16019092858637182,0,0,0.4569557343317903,robustez,A_ablacao,proxy_N1_ge2,proxy,1,2,sem_dipl,46,walk_forward
2006,xgb,0,0.00639988761395216,0,0,0.9235780239105225,robustez,A_ablacao,proxy_N1_ge2,proxy,1,2,sem_dipl,46,walk_forward
2007,rf,0,0.1309558541385353,0,0,0.5090871785736991,robustez,A_ablacao,proxy_N1_ge2,proxy,1,2,sem_dipl,46,walk_forward
2007,xgb,0,0.003306868253275752,0,0,0.9296301603317261,robustez,A_ablacao,proxy_N1_ge2,proxy,1,2,sem_dipl,46,walk_forward
2008,rf,0,0.2003368832118905,0,0,0.4503679989216696,robustez,A_ablacao,proxy_N1_ge2,proxy,1,2,sem_dipl,46,walk_forward
2008,xgb,0,0.02479778416454792,0,0,0.9319047927856445,robustez,A_ablacao,proxy_N1_ge2,proxy,1,2,sem_dipl,46,walk_forward
2009,rf,0,0.3093385850727172,0,0,0.5064550530275777,robustez,A_ablacao,proxy_N1_ge2,proxy,1,2,sem_dipl,46,walk_forward
2009,xgb,0,0.15516646206378937,0,0,0.9289466142654419,robustez,A_ablacao,proxy_N1_ge2,proxy,1,2,sem_dipl,46,walk_forward
2010,rf,0,0.2989123419117009,0,0,0.5148975432637849,robustez,A_ablacao,proxy_N1_ge2,proxy,1,2,sem_dipl,46,walk_forward
2010,xgb,0,0.023238958790898323,0,0,0.9292846322059631,robustez,A_ablacao,proxy_N1_ge2,proxy,1,2,sem_dipl,46,walk_forward
2011,rf,0,0.2536684610699897,0,0,0.4584271079642855,robustez,A_ablacao,proxy_N1_ge2,proxy,1,2,sem_dipl,46,walk_forward
2011,xgb,0,0.012855279259383678,0,0,0.9345995187759399,robustez,A_ablacao,proxy_N1_ge2,proxy,1,2,sem_dipl,46,walk_forward
1931,prevalencia,0,0.275,0,0,0.5,robustez,A_ablacao,proxy_N1_ge2,proxy,1,2,sem_dipl,46,walk_forward
1931,persistencia,0,1.0,1,1,0.5,robustez,A_ablacao,proxy_N1_ge2,proxy,1,2,sem_dipl,46,walk_forward
1931,persistencia_purgada,0,0.0,0,0,0.5,robustez,A_ablacao,proxy_N1_ge2,proxy,1,2,sem_dipl,46,walk_forward
1932,prevalencia,1,0.2926829268292683,0,0,0.5,robustez,A_ablacao,proxy_N1_ge2,proxy,1,2,sem_dipl,46,walk_forward
1932,persistencia,1,0.0,0,0,0.5,robustez,A_ablacao,proxy_N1_ge2,proxy,1,2,sem_dipl,46,walk_forward
1932,persistencia_purgada,1,1.0,1,1,0.5,robustez,A_ablacao,proxy_N1_ge2,proxy,1,2,sem_dipl,46,walk_forward
1933,prevalencia,1,0.2857142857142857,0,0,0.5,robustez,A_ablacao,proxy_N1_ge2,proxy,1,2,sem_dipl,46,walk_forward
1933,persistencia,1,1.0,1,1,0.5,robustez,A_ablacao,proxy_N1_ge2,proxy,1,2,sem_dipl,46,walk_forward
1933,persistencia_purgada,1,0.0,0,0,0.5,robustez,A_ablacao,proxy_N1_ge2,proxy,1,2,sem_dipl,46,walk_forward
1934,prevalencia,0,0.3023255813953488,0,0,0.5,robustez,A_ablacao,proxy_N1_ge2,proxy,1,2,sem_dipl,46,walk_forward
1934,persistencia,0,1.0,1,1,0.5,robustez,A_ablacao,proxy_N1_ge2,proxy,1,2,sem_dipl,46,walk_forward
1934,persistencia_purgada,0,1.0,1,1,0.5,robustez,A_ablacao,proxy_N1_ge2,proxy,1,2,sem_dipl,46,walk_forward
1935,prevalencia,0,0.3181818181818182,0,0,0.5,robustez,A_ablacao,proxy_N1_ge2,proxy,1,2,sem_dipl,46,walk_forward
1935,persistencia,0,0.0,0,0,0.5,robustez,A_ablacao,proxy_N1_ge2,proxy,1,2,sem_dipl,46,walk_forward
1935,persistencia_purgada,0,1.0,1,1,0.5,robustez,A_ablacao,proxy_N1_ge2,proxy,1,2,sem_dipl,46,walk_forward
1936,prevalencia,1,0.3111111111111111,0,0,0.5,robustez,A_ablacao,proxy_N1_ge2,proxy,1,2,sem_dipl,46,walk_forward
1936,persistencia,1,0.0,0,0,0.5,robustez,A_ablacao,proxy_N1_ge2,proxy,1,2,sem_dipl,46,walk_forward
1936,persistencia_purgada,1,0.0,0,0,0.5,robustez,A_ablacao,proxy_N1_ge2,proxy,1,2,sem_dipl,46,walk_forward
1937,prevalencia,1,0.30434782608695654,0,0,0.5,robustez,A_ablacao,proxy_N1_ge2,proxy,1,2,sem_dipl,46,walk_forward
1937,persistencia,1,1.0,1,1,0.5,robustez,A_ablacao,proxy_N1_ge2,proxy,1,2,sem_dipl,46,walk_forward
1937,persistencia_purgada,1,0.0,0,0,0.5,robustez,A_ablacao,proxy_N1_ge2,proxy,1,2,sem_dipl,46,walk_forward
1938,prevalencia,1,0.3191489361702128,0,0,0.5,robustez,A_ablacao,proxy_N1_ge2,proxy,1,2,sem_dipl,46,walk_forward
1938,persistencia,1,1.0,1,1,0.5,robustez,A_ablacao,proxy_N1_ge2,proxy,1,2,sem_dipl,46,walk_forward
1938,persistencia_purgada,1,1.0,1,1,0.5,robustez,A_ablacao,proxy_N1_ge2,proxy,1,2,sem_dipl,46,walk_forward
1939,prevalencia,1,0.3333333333333333,0,0,0.5,robustez,A_ablacao,proxy_N1_ge2,proxy,1,2,sem_dipl,46,walk_forward
1939,persistencia,1,1.0,1,1,0.5,robustez,A_ablacao,proxy_N1_ge2,proxy,1,2,sem_dipl,46,walk_forward
1939,persistencia_purgada,1,1.0,1,1,0.5,robustez,A_ablacao,proxy_N1_ge2,proxy,1,2,sem_dipl,46,walk_forward
1940,prevalencia,1,0.3469387755102041,0,0,0.5,robustez,A_ablacao,proxy_N1_ge2,proxy,1,2,sem_dipl,46,walk_forward
1940,persistencia,1,1.0,1,1,0.5,robustez,A_ablacao,proxy_N1_ge2,proxy,1,2,sem_dipl,46,walk_forward
1940,persistencia_purgada,1,1.0,1,1,0.5,robustez,A_ablacao,proxy_N1_ge2,proxy,1,2,sem_dipl,46,walk_forward
1941,prevalencia,0,0.36,0,0,0.5,robustez,A_ablacao,proxy_N1_ge2,proxy,1,2,sem_dipl,46,walk_forward
1941,persistencia,0,1.0,1,1,0.5,robustez,A_ablacao,proxy_N1_ge2,proxy,1,2,sem_dipl,46,walk_forward
1941,persistencia_purgada,0,1.0,1,1,0.5,robustez,A_ablacao,proxy_N1_ge2,proxy,1,2,sem_dipl,46,walk_forward
1942,prevalencia,1,0.37254901960784315,0,0,0.5,robustez,A_ablacao,proxy_N1_ge2,proxy,1,2,sem_dipl,46,walk_forward
1942,persistencia,1,0.0,0,0,0.5,robustez,A_ablacao,proxy_N1_ge2,proxy,1,2,sem_dipl,46,walk_forward
1942,persistencia_purgada,1,1.0,1,1,0.5,robustez,A_ablacao,proxy_N1_ge2,proxy,1,2,sem_dipl,46,walk_forward
1943,prevalencia,0,0.36538461538461536,0,0,0.5,robustez,A_ablacao,proxy_N1_ge2,proxy,1,2,sem_dipl,46,walk_forward
1943,persistencia,0,1.0,1,1,0.5,robustez,A_ablacao,proxy_N1_ge2,proxy,1,2,sem_dipl,46,walk_forward
1943,persistencia_purgada,0,0.0,0,0,0.5,robustez,A_ablacao,proxy_N1_ge2,proxy,1,2,sem_dipl,46,walk_forward
1944,prevalencia,0,0.37735849056603776,0,0,0.5,robustez,A_ablacao,proxy_N1_ge2,proxy,1,2,sem_dipl,46,walk_forward
1944,persistencia,0,0.0,0,0,0.5,robustez,A_ablacao,proxy_N1_ge2,proxy,1,2,sem_dipl,46,walk_forward
1944,persistencia_purgada,0,1.0,1,1,0.5,robustez,A_ablacao,proxy_N1_ge2,proxy,1,2,sem_dipl,46,walk_forward
1945,prevalencia,0,0.37037037037037035,0,0,0.5,robustez,A_ablacao,proxy_N1_ge2,proxy,1,2,sem_dipl,46,walk_forward
1945,persistencia,0,0.0,0,0,0.5,robustez,A_ablacao,proxy_N1_ge2,proxy,1,2,sem_dipl,46,walk_forward
1945,persistencia_purgada,0,0.0,0,0,0.5,robustez,A_ablacao,proxy_N1_ge2,proxy,1,2,sem_dipl,46,walk_forward
1946,prevalencia,1,0.36363636363636365,0,0,0.5,robustez,A_ablacao,proxy_N1_ge2,proxy,1,2,sem_dipl,46,walk_forward
1946,persistencia,1,0.0,0,0,0.5,robustez,A_ablacao,proxy_N1_ge2,proxy,1,2,sem_dipl,46,walk_forward
1946,persistencia_purgada,1,0.0,0,0,0.5,robustez,A_ablacao,proxy_N1_ge2,proxy,1,2,sem_dipl,46,walk_forward
1947,prevalencia,0,0.35714285714285715,0,0,0.5,robustez,A_ablacao,proxy_N1_ge2,proxy,1,2,sem_dipl,46,walk_forward
1947,persistencia,0,1.0,1,1,0.5,robustez,A_ablacao,proxy_N1_ge2,proxy,1,2,sem_dipl,46,walk_forward
1947,persistencia_purgada,0,0.0,0,0,0.5,robustez,A_ablacao,proxy_N1_ge2,proxy,1,2,sem_dipl,46,walk_forward
1948,prevalencia,0,0.3684210526315789,0,0,0.5,robustez,A_ablacao,proxy_N1_ge2,proxy,1,2,sem_dipl,46,walk_forward
1948,persistencia,0,0.0,0,0,0.5,robustez,A_ablacao,proxy_N1_ge2,proxy,1,2,sem_dipl,46,walk_forward
1948,persistencia_purgada,0,1.0,1,1,0.5,robustez,A_ablacao,proxy_N1_ge2,proxy,1,2,sem_dipl,46,walk_forward
1949,prevalencia,1,0.3620689655172414,0,0,0.5,robustez,A_ablacao,proxy_N1_ge2,proxy,1,2,sem_dipl,46,walk_forward
1949,persistencia,1,0.0,0,0,0.5,robustez,A_ablacao,proxy_N1_ge2,proxy,1,2,sem_dipl,46,walk_forward
1949,persistencia_purgada,1,0.0,0,0,0.5,robustez,A_ablacao,proxy_N1_ge2,proxy,1,2,sem_dipl,46,walk_forward
1950,prevalencia,0,0.3559322033898305,0,0,0.5,robustez,A_ablacao,proxy_N1_ge2,proxy,1,2,sem_dipl,46,walk_forward
1950,persistencia,0,1.0,1,1,0.5,robustez,A_ablacao,proxy_N1_ge2,proxy,1,2,sem_dipl,46,walk_forward
1950,persistencia_purgada,0,0.0,0,0,0.5,robustez,A_ablacao,proxy_N1_ge2,proxy,1,2,sem_dipl,46,walk_forward
1951,prevalencia,0,0.36666666666666664,0,0,0.5,robustez,A_ablacao,proxy_N1_ge2,proxy,1,2,sem_dipl,46,walk_forward
1951,persistencia,0,0.0,0,0,0.5,robustez,A_ablacao,proxy_N1_ge2,proxy,1,2,sem_dipl,46,walk_forward
1951,persistencia_purgada,0,1.0,1,1,0.5,robustez,A_ablacao,proxy_N1_ge2,proxy,1,2,sem_dipl,46,walk_forward
1952,prevalencia,0,0.36065573770491804,0,0,0.5,robustez,A_ablacao,proxy_N1_ge2,proxy,1,2,sem_dipl,46,walk_forward
1952,persistencia,0,0.0,0,0,0.5,robustez,A_ablacao,proxy_N1_ge2,proxy,1,2,sem_dipl,46,walk_forward
1952,persistencia_purgada,0,0.0,0,0,0.5,robustez,A_ablacao,proxy_N1_ge2,proxy,1,2,sem_dipl,46,walk_forward
1953,prevalencia,0,0.3548387096774194,0,0,0.5,robustez,A_ablacao,proxy_N1_ge2,proxy,1,2,sem_dipl,46,walk_forward
1953,persistencia,0,0.0,0,0,0.5,robustez,A_ablacao,proxy_N1_ge2,proxy,1,2,sem_dipl,46,walk_forward
1953,persistencia_purgada,0,0.0,0,0,0.5,robustez,A_ablacao,proxy_N1_ge2,proxy,1,2,sem_dipl,46,walk_forward
1954,prevalencia,1,0.3492063492063492,0,0,0.5,robustez,A_ablacao,proxy_N1_ge2,proxy,1,2,sem_dipl,46,walk_forward
1954,persistencia,1,0.0,0,0,0.5,robustez,A_ablacao,proxy_N1_ge2,proxy,1,2,sem_dipl,46,walk_forward
1954,persistencia_purgada,1,0.0,0,0,0.5,robustez,A_ablacao,proxy_N1_ge2,proxy,1,2,sem_dipl,46,walk_forward
1955,prevalencia,0,0.34375,0,0,0.5,robustez,A_ablacao,proxy_N1_ge2,proxy,1,2,sem_dipl,46,walk_forward
1955,persistencia,0,1.0,1,1,0.5,robustez,A_ablacao,proxy_N1_ge2,proxy,1,2,sem_dipl,46,walk_forward
1955,persistencia_purgada,0,0.0,0,0,0.5,robustez,A_ablacao,proxy_N1_ge2,proxy,1,2,sem_dipl,46,walk_forward
1956,prevalencia,0,0.35384615384615387,0,0,0.5,robustez,A_ablacao,proxy_N1_ge2,proxy,1,2,sem_dipl,46,walk_forward
1956,persistencia,0,0.0,0,0,0.5,robustez,A_ablacao,proxy_N1_ge2,proxy,1,2,sem_dipl,46,walk_forward
1956,persistencia_purgada,0,1.0,1,1,0.5,robustez,A_ablacao,proxy_N1_ge2,proxy,1,2,sem_dipl,46,walk_forward
1957,prevalencia,0,0.3484848484848485,0,0,0.5,robustez,A_ablacao,proxy_N1_ge2,proxy,1,2,sem_dipl,46,walk_forward
1957,persistencia,0,0.0,0,0,0.5,robustez,A_ablacao,proxy_N1_ge2,proxy,1,2,sem_dipl,46,walk_forward
1957,persistencia_purgada,0,0.0,0,0,0.5,robustez,A_ablacao,proxy_N1_ge2,proxy,1,2,sem_dipl,46,walk_forward
1958,prevalencia,0,0.34328358208955223,0,0,0.5,robustez,A_ablacao,proxy_N1_ge2,proxy,1,2,sem_dipl,46,walk_forward
1958,persistencia,0,0.0,0,0,0.5,robustez,A_ablacao,proxy_N1_ge2,proxy,1,2,sem_dipl,46,walk_forward
1958,persistencia_purgada,0,0.0,0,0,0.5,robustez,A_ablacao,proxy_N1_ge2,proxy,1,2,sem_dipl,46,walk_forward
1959,prevalencia,0,0.3382352941176471,0,0,0.5,robustez,A_ablacao,proxy_N1_ge2,proxy,1,2,sem_dipl,46,walk_forward
1959,persistencia,0,0.0,0,0,0.5,robustez,A_ablacao,proxy_N1_ge2,proxy,1,2,sem_dipl,46,walk_forward
1959,persistencia_purgada,0,0.0,0,0,0.5,robustez,A_ablacao,proxy_N1_ge2,proxy,1,2,sem_dipl,46,walk_forward
1960,prevalencia,1,0.3333333333333333,0,0,0.5,robustez,A_ablacao,proxy_N1_ge2,proxy,1,2,sem_dipl,46,walk_forward
1960,persistencia,1,0.0,0,0,0.5,robustez,A_ablacao,proxy_N1_ge2,proxy,1,2,sem_dipl,46,walk_forward
1960,persistencia_purgada,1,0.0,0,0,0.5,robustez,A_ablacao,proxy_N1_ge2,proxy,1,2,sem_dipl,46,walk_forward
1961,prevalencia,0,0.32857142857142857,0,0,0.5,robustez,A_ablacao,proxy_N1_ge2,proxy,1,2,sem_dipl,46,walk_forward
1961,persistencia,0,1.0,1,1,0.5,robustez,A_ablacao,proxy_N1_ge2,proxy,1,2,sem_dipl,46,walk_forward
1961,persistencia_purgada,0,0.0,0,0,0.5,robustez,A_ablacao,proxy_N1_ge2,proxy,1,2,sem_dipl,46,walk_forward
1962,prevalencia,0,0.3380281690140845,0,0,0.5,robustez,A_ablacao,proxy_N1_ge2,proxy,1,2,sem_dipl,46,walk_forward
1962,persistencia,0,0.0,0,0,0.5,robustez,A_ablacao,proxy_N1_ge2,proxy,1,2,sem_dipl,46,walk_forward
1962,persistencia_purgada,0,1.0,1,1,0.5,robustez,A_ablacao,proxy_N1_ge2,proxy,1,2,sem_dipl,46,walk_forward
1963,prevalencia,1,0.3333333333333333,0,0,0.5,robustez,A_ablacao,proxy_N1_ge2,proxy,1,2,sem_dipl,46,walk_forward
1963,persistencia,1,0.0,0,0,0.5,robustez,A_ablacao,proxy_N1_ge2,proxy,1,2,sem_dipl,46,walk_forward
1963,persistencia_purgada,1,0.0,0,0,0.5,robustez,A_ablacao,proxy_N1_ge2,proxy,1,2,sem_dipl,46,walk_forward
1964,prevalencia,0,0.3287671232876712,0,0,0.5,robustez,A_ablacao,proxy_N1_ge2,proxy,1,2,sem_dipl,46,walk_forward
1964,persistencia,0,1.0,1,1,0.5,robustez,A_ablacao,proxy_N1_ge2,proxy,1,2,sem_dipl,46,walk_forward
1964,persistencia_purgada,0,0.0,0,0,0.5,robustez,A_ablacao,proxy_N1_ge2,proxy,1,2,sem_dipl,46,walk_forward
1965,prevalencia,0,0.33783783783783783,0,0,0.5,robustez,A_ablacao,proxy_N1_ge2,proxy,1,2,sem_dipl,46,walk_forward
1965,persistencia,0,0.0,0,0,0.5,robustez,A_ablacao,proxy_N1_ge2,proxy,1,2,sem_dipl,46,walk_forward
1965,persistencia_purgada,0,1.0,1,1,0.5,robustez,A_ablacao,proxy_N1_ge2,proxy,1,2,sem_dipl,46,walk_forward
1966,prevalencia,0,0.3333333333333333,0,0,0.5,robustez,A_ablacao,proxy_N1_ge2,proxy,1,2,sem_dipl,46,walk_forward
1966,persistencia,0,0.0,0,0,0.5,robustez,A_ablacao,proxy_N1_ge2,proxy,1,2,sem_dipl,46,walk_forward
1966,persistencia_purgada,0,0.0,0,0,0.5,robustez,A_ablacao,proxy_N1_ge2,proxy,1,2,sem_dipl,46,walk_forward
1967,prevalencia,0,0.32894736842105265,0,0,0.5,robustez,A_ablacao,proxy_N1_ge2,proxy,1,2,sem_dipl,46,walk_forward
1967,persistencia,0,0.0,0,0,0.5,robustez,A_ablacao,proxy_N1_ge2,proxy,1,2,sem_dipl,46,walk_forward
1967,persistencia_purgada,0,0.0,0,0,0.5,robustez,A_ablacao,proxy_N1_ge2,proxy,1,2,sem_dipl,46,walk_forward
1968,prevalencia,0,0.3246753246753247,0,0,0.5,robustez,A_ablacao,proxy_N1_ge2,proxy,1,2,sem_dipl,46,walk_forward
1968,persistencia,0,0.0,0,0,0.5,robustez,A_ablacao,proxy_N1_ge2,proxy,1,2,sem_dipl,46,walk_forward
1968,persistencia_purgada,0,0.0,0,0,0.5,robustez,A_ablacao,proxy_N1_ge2,proxy,1,2,sem_dipl,46,walk_forward
1969,prevalencia,0,0.32051282051282054,0,0,0.5,robustez,A_ablacao,proxy_N1_ge2,proxy,1,2,sem_dipl,46,walk_forward
1969,persistencia,0,0.0,0,0,0.5,robustez,A_ablacao,proxy_N1_ge2,proxy,1,2,sem_dipl,46,walk_forward
1969,persistencia_purgada,0,0.0,0,0,0.5,robustez,A_ablacao,proxy_N1_ge2,proxy,1,2,sem_dipl,46,walk_forward
1970,prevalencia,0,0.31645569620253167,0,0,0.5,robustez,A_ablacao,proxy_N1_ge2,proxy,1,2,sem_dipl,46,walk_forward
1970,persistencia,0,0.0,0,0,0.5,robustez,A_ablacao,proxy_N1_ge2,proxy,1,2,sem_dipl,46,walk_forward
1970,persistencia_purgada,0,0.0,0,0,0.5,robustez,A_ablacao,proxy_N1_ge2,proxy,1,2,sem_dipl,46,walk_forward
1971,prevalencia,0,0.3125,0,0,0.5,robustez,A_ablacao,proxy_N1_ge2,proxy,1,2,sem_dipl,46,walk_forward
1971,persistencia,0,0.0,0,0,0.5,robustez,A_ablacao,proxy_N1_ge2,proxy,1,2,sem_dipl,46,walk_forward
1971,persistencia_purgada,0,0.0,0,0,0.5,robustez,A_ablacao,proxy_N1_ge2,proxy,1,2,sem_dipl,46,walk_forward
1972,prevalencia,0,0.30864197530864196,0,0,0.5,robustez,A_ablacao,proxy_N1_ge2,proxy,1,2,sem_dipl,46,walk_forward
1972,persistencia,0,0.0,0,0,0.5,robustez,A_ablacao,proxy_N1_ge2,proxy,1,2,sem_dipl,46,walk_forward
1972,persistencia_purgada,0,0.0,0,0,0.5,robustez,A_ablacao,proxy_N1_ge2,proxy,1,2,sem_dipl,46,walk_forward
1973,prevalencia,0,0.3048780487804878,0,0,0.5,robustez,A_ablacao,proxy_N1_ge2,proxy,1,2,sem_dipl,46,walk_forward
1973,persistencia,0,0.0,0,0,0.5,robustez,A_ablacao,proxy_N1_ge2,proxy,1,2,sem_dipl,46,walk_forward
1973,persistencia_purgada,0,0.0,0,0,0.5,robustez,A_ablacao,proxy_N1_ge2,proxy,1,2,sem_dipl,46,walk_forward
1974,prevalencia,0,0.30120481927710846,0,0,0.5,robustez,A_ablacao,proxy_N1_ge2,proxy,1,2,sem_dipl,46,walk_forward
1974,persistencia,0,0.0,0,0,0.5,robustez,A_ablacao,proxy_N1_ge2,proxy,1,2,sem_dipl,46,walk_forward
1974,persistencia_purgada,0,0.0,0,0,0.5,robustez,A_ablacao,proxy_N1_ge2,proxy,1,2,sem_dipl,46,walk_forward
1975,prevalencia,0,0.2976190476190476,0,0,0.5,robustez,A_ablacao,proxy_N1_ge2,proxy,1,2,sem_dipl,46,walk_forward
1975,persistencia,0,0.0,0,0,0.5,robustez,A_ablacao,proxy_N1_ge2,proxy,1,2,sem_dipl,46,walk_forward
1975,persistencia_purgada,0,0.0,0,0,0.5,robustez,A_ablacao,proxy_N1_ge2,proxy,1,2,sem_dipl,46,walk_forward
1976,prevalencia,0,0.29411764705882354,0,0,0.5,robustez,A_ablacao,proxy_N1_ge2,proxy,1,2,sem_dipl,46,walk_forward
1976,persistencia,0,0.0,0,0,0.5,robustez,A_ablacao,proxy_N1_ge2,proxy,1,2,sem_dipl,46,walk_forward
1976,persistencia_purgada,0,0.0,0,0,0.5,robustez,A_ablacao,proxy_N1_ge2,proxy,1,2,sem_dipl,46,walk_forward
1977,prevalencia,1,0.29069767441860467,0,0,0.5,robustez,A_ablacao,proxy_N1_ge2,proxy,1,2,sem_dipl,46,walk_forward
1977,persistencia,1,0.0,0,0,0.5,robustez,A_ablacao,proxy_N1_ge2,proxy,1,2,sem_dipl,46,walk_forward
1977,persistencia_purgada,1,0.0,0,0,0.5,robustez,A_ablacao,proxy_N1_ge2,proxy,1,2,sem_dipl,46,walk_forward
1978,prevalencia,0,0.28735632183908044,0,0,0.5,robustez,A_ablacao,proxy_N1_ge2,proxy,1,2,sem_dipl,46,walk_forward
1978,persistencia,0,1.0,1,1,0.5,robustez,A_ablacao,proxy_N1_ge2,proxy,1,2,sem_dipl,46,walk_forward
1978,persistencia_purgada,0,0.0,0,0,0.5,robustez,A_ablacao,proxy_N1_ge2,proxy,1,2,sem_dipl,46,walk_forward
1979,prevalencia,0,0.29545454545454547,0,0,0.5,robustez,A_ablacao,proxy_N1_ge2,proxy,1,2,sem_dipl,46,walk_forward
1979,persistencia,0,0.0,0,0,0.5,robustez,A_ablacao,proxy_N1_ge2,proxy,1,2,sem_dipl,46,walk_forward
1979,persistencia_purgada,0,1.0,1,1,0.5,robustez,A_ablacao,proxy_N1_ge2,proxy,1,2,sem_dipl,46,walk_forward
1980,prevalencia,0,0.29213483146067415,0,0,0.5,robustez,A_ablacao,proxy_N1_ge2,proxy,1,2,sem_dipl,46,walk_forward
1980,persistencia,0,0.0,0,0,0.5,robustez,A_ablacao,proxy_N1_ge2,proxy,1,2,sem_dipl,46,walk_forward
1980,persistencia_purgada,0,0.0,0,0,0.5,robustez,A_ablacao,proxy_N1_ge2,proxy,1,2,sem_dipl,46,walk_forward
1981,prevalencia,0,0.28888888888888886,0,0,0.5,robustez,A_ablacao,proxy_N1_ge2,proxy,1,2,sem_dipl,46,walk_forward
1981,persistencia,0,0.0,0,0,0.5,robustez,A_ablacao,proxy_N1_ge2,proxy,1,2,sem_dipl,46,walk_forward
1981,persistencia_purgada,0,0.0,0,0,0.5,robustez,A_ablacao,proxy_N1_ge2,proxy,1,2,sem_dipl,46,walk_forward
1982,prevalencia,0,0.2857142857142857,0,0,0.5,robustez,A_ablacao,proxy_N1_ge2,proxy,1,2,sem_dipl,46,walk_forward
1982,persistencia,0,0.0,0,0,0.5,robustez,A_ablacao,proxy_N1_ge2,proxy,1,2,sem_dipl,46,walk_forward
1982,persistencia_purgada,0,0.0,0,0,0.5,robustez,A_ablacao,proxy_N1_ge2,proxy,1,2,sem_dipl,46,walk_forward
1983,prevalencia,0,0.2826086956521739,0,0,0.5,robustez,A_ablacao,proxy_N1_ge2,proxy,1,2,sem_dipl,46,walk_forward
1983,persistencia,0,0.0,0,0,0.5,robustez,A_ablacao,proxy_N1_ge2,proxy,1,2,sem_dipl,46,walk_forward
1983,persistencia_purgada,0,0.0,0,0,0.5,robustez,A_ablacao,proxy_N1_ge2,proxy,1,2,sem_dipl,46,walk_forward
1984,prevalencia,0,0.27956989247311825,0,0,0.5,robustez,A_ablacao,proxy_N1_ge2,proxy,1,2,sem_dipl,46,walk_forward
1984,persistencia,0,0.0,0,0,0.5,robustez,A_ablacao,proxy_N1_ge2,proxy,1,2,sem_dipl,46,walk_forward
1984,persistencia_purgada,0,0.0,0,0,0.5,robustez,A_ablacao,proxy_N1_ge2,proxy,1,2,sem_dipl,46,walk_forward
1985,prevalencia,1,0.2765957446808511,0,0,0.5,robustez,A_ablacao,proxy_N1_ge2,proxy,1,2,sem_dipl,46,walk_forward
1985,persistencia,1,0.0,0,0,0.5,robustez,A_ablacao,proxy_N1_ge2,proxy,1,2,sem_dipl,46,walk_forward
1985,persistencia_purgada,1,0.0,0,0,0.5,robustez,A_ablacao,proxy_N1_ge2,proxy,1,2,sem_dipl,46,walk_forward
1986,prevalencia,0,0.2736842105263158,0,0,0.5,robustez,A_ablacao,proxy_N1_ge2,proxy,1,2,sem_dipl,46,walk_forward
1986,persistencia,0,1.0,1,1,0.5,robustez,A_ablacao,proxy_N1_ge2,proxy,1,2,sem_dipl,46,walk_forward
1986,persistencia_purgada,0,0.0,0,0,0.5,robustez,A_ablacao,proxy_N1_ge2,proxy,1,2,sem_dipl,46,walk_forward
1987,prevalencia,0,0.28125,0,0,0.5,robustez,A_ablacao,proxy_N1_ge2,proxy,1,2,sem_dipl,46,walk_forward
1987,persistencia,0,0.0,0,0,0.5,robustez,A_ablacao,proxy_N1_ge2,proxy,1,2,sem_dipl,46,walk_forward
1987,persistencia_purgada,0,1.0,1,1,0.5,robustez,A_ablacao,proxy_N1_ge2,proxy,1,2,sem_dipl,46,walk_forward
1988,prevalencia,0,0.27835051546391754,0,0,0.5,robustez,A_ablacao,proxy_N1_ge2,proxy,1,2,sem_dipl,46,walk_forward
1988,persistencia,0,0.0,0,0,0.5,robustez,A_ablacao,proxy_N1_ge2,proxy,1,2,sem_dipl,46,walk_forward
1988,persistencia_purgada,0,0.0,0,0,0.5,robustez,A_ablacao,proxy_N1_ge2,proxy,1,2,sem_dipl,46,walk_forward
1989,prevalencia,1,0.2755102040816326,0,0,0.5,robustez,A_ablacao,proxy_N1_ge2,proxy,1,2,sem_dipl,46,walk_forward
1989,persistencia,1,0.0,0,0,0.5,robustez,A_ablacao,proxy_N1_ge2,proxy,1,2,sem_dipl,46,walk_forward
1989,persistencia_purgada,1,0.0,0,0,0.5,robustez,A_ablacao,proxy_N1_ge2,proxy,1,2,sem_dipl,46,walk_forward
1990,prevalencia,0,0.2727272727272727,0,0,0.5,robustez,A_ablacao,proxy_N1_ge2,proxy,1,2,sem_dipl,46,walk_forward
1990,persistencia,0,1.0,1,1,0.5,robustez,A_ablacao,proxy_N1_ge2,proxy,1,2,sem_dipl,46,walk_forward
1990,persistencia_purgada,0,0.0,0,0,0.5,robustez,A_ablacao,proxy_N1_ge2,proxy,1,2,sem_dipl,46,walk_forward
1991,prevalencia,0,0.28,0,0,0.5,robustez,A_ablacao,proxy_N1_ge2,proxy,1,2,sem_dipl,46,walk_forward
1991,persistencia,0,0.0,0,0,0.5,robustez,A_ablacao,proxy_N1_ge2,proxy,1,2,sem_dipl,46,walk_forward
1991,persistencia_purgada,0,1.0,1,1,0.5,robustez,A_ablacao,proxy_N1_ge2,proxy,1,2,sem_dipl,46,walk_forward
1992,prevalencia,1,0.27722772277227725,0,0,0.5,robustez,A_ablacao,proxy_N1_ge2,proxy,1,2,sem_dipl,46,walk_forward
1992,persistencia,1,0.0,0,0,0.5,robustez,A_ablacao,proxy_N1_ge2,proxy,1,2,sem_dipl,46,walk_forward
1992,persistencia_purgada,1,0.0,0,0,0.5,robustez,A_ablacao,proxy_N1_ge2,proxy,1,2,sem_dipl,46,walk_forward
1993,prevalencia,0,0.27450980392156865,0,0,0.5,robustez,A_ablacao,proxy_N1_ge2,proxy,1,2,sem_dipl,46,walk_forward
1993,persistencia,0,1.0,1,1,0.5,robustez,A_ablacao,proxy_N1_ge2,proxy,1,2,sem_dipl,46,walk_forward
1993,persistencia_purgada,0,0.0,0,0,0.5,robustez,A_ablacao,proxy_N1_ge2,proxy,1,2,sem_dipl,46,walk_forward
1994,prevalencia,0,0.2815533980582524,0,0,0.5,robustez,A_ablacao,proxy_N1_ge2,proxy,1,2,sem_dipl,46,walk_forward
1994,persistencia,0,0.0,0,0,0.5,robustez,A_ablacao,proxy_N1_ge2,proxy,1,2,sem_dipl,46,walk_forward
1994,persistencia_purgada,0,1.0,1,1,0.5,robustez,A_ablacao,proxy_N1_ge2,proxy,1,2,sem_dipl,46,walk_forward
1995,prevalencia,0,0.27884615384615385,0,0,0.5,robustez,A_ablacao,proxy_N1_ge2,proxy,1,2,sem_dipl,46,walk_forward
1995,persistencia,0,0.0,0,0,0.5,robustez,A_ablacao,proxy_N1_ge2,proxy,1,2,sem_dipl,46,walk_forward
1995,persistencia_purgada,0,0.0,0,0,0.5,robustez,A_ablacao,proxy_N1_ge2,proxy,1,2,sem_dipl,46,walk_forward
1996,prevalencia,1,0.2761904761904762,0,0,0.5,robustez,A_ablacao,proxy_N1_ge2,proxy,1,2,sem_dipl,46,walk_forward
1996,persistencia,1,0.0,0,0,0.5,robustez,A_ablacao,proxy_N1_ge2,proxy,1,2,sem_dipl,46,walk_forward
1996,persistencia_purgada,1,0.0,0,0,0.5,robustez,A_ablacao,proxy_N1_ge2,proxy,1,2,sem_dipl,46,walk_forward
1997,prevalencia,0,0.27358490566037735,0,0,0.5,robustez,A_ablacao,proxy_N1_ge2,proxy,1,2,sem_dipl,46,walk_forward
1997,persistencia,0,1.0,1,1,0.5,robustez,A_ablacao,proxy_N1_ge2,proxy,1,2,sem_dipl,46,walk_forward
1997,persistencia_purgada,0,0.0,0,0,0.5,robustez,A_ablacao,proxy_N1_ge2,proxy,1,2,sem_dipl,46,walk_forward
1998,prevalencia,0,0.2803738317757009,0,0,0.5,robustez,A_ablacao,proxy_N1_ge2,proxy,1,2,sem_dipl,46,walk_forward
1998,persistencia,0,0.0,0,0,0.5,robustez,A_ablacao,proxy_N1_ge2,proxy,1,2,sem_dipl,46,walk_forward
1998,persistencia_purgada,0,1.0,1,1,0.5,robustez,A_ablacao,proxy_N1_ge2,proxy,1,2,sem_dipl,46,walk_forward
1999,prevalencia,0,0.2777777777777778,0,0,0.5,robustez,A_ablacao,proxy_N1_ge2,proxy,1,2,sem_dipl,46,walk_forward
1999,persistencia,0,0.0,0,0,0.5,robustez,A_ablacao,proxy_N1_ge2,proxy,1,2,sem_dipl,46,walk_forward
1999,persistencia_purgada,0,0.0,0,0,0.5,robustez,A_ablacao,proxy_N1_ge2,proxy,1,2,sem_dipl,46,walk_forward
2000,prevalencia,1,0.27522935779816515,0,0,0.5,robustez,A_ablacao,proxy_N1_ge2,proxy,1,2,sem_dipl,46,walk_forward
2000,persistencia,1,0.0,0,0,0.5,robustez,A_ablacao,proxy_N1_ge2,proxy,1,2,sem_dipl,46,walk_forward
2000,persistencia_purgada,1,0.0,0,0,0.5,robustez,A_ablacao,proxy_N1_ge2,proxy,1,2,sem_dipl,46,walk_forward
2001,prevalencia,0,0.2727272727272727,0,0,0.5,robustez,A_ablacao,proxy_N1_ge2,proxy,1,2,sem_dipl,46,walk_forward
2001,persistencia,0,1.0,1,1,0.5,robustez,A_ablacao,proxy_N1_ge2,proxy,1,2,sem_dipl,46,walk_forward
2001,persistencia_purgada,0,0.0,0,0,0.5,robustez,A_ablacao,proxy_N1_ge2,proxy,1,2,sem_dipl,46,walk_forward
2002,prevalencia,0,0.27927927927927926,0,0,0.5,robustez,A_ablacao,proxy_N1_ge2,proxy,1,2,sem_dipl,46,walk_forward
2002,persistencia,0,0.0,0,0,0.5,robustez,A_ablacao,proxy_N1_ge2,proxy,1,2,sem_dipl,46,walk_forward
2002,persistencia_purgada,0,1.0,1,1,0.5,robustez,A_ablacao,proxy_N1_ge2,proxy,1,2,sem_dipl,46,walk_forward
2003,prevalencia,0,0.2767857142857143,0,0,0.5,robustez,A_ablacao,proxy_N1_ge2,proxy,1,2,sem_dipl,46,walk_forward
2003,persistencia,0,0.0,0,0,0.5,robustez,A_ablacao,proxy_N1_ge2,proxy,1,2,sem_dipl,46,walk_forward
2003,persistencia_purgada,0,0.0,0,0,0.5,robustez,A_ablacao,proxy_N1_ge2,proxy,1,2,sem_dipl,46,walk_forward
2004,prevalencia,0,0.2743362831858407,0,0,0.5,robustez,A_ablacao,proxy_N1_ge2,proxy,1,2,sem_dipl,46,walk_forward
2004,persistencia,0,0.0,0,0,0.5,robustez,A_ablacao,proxy_N1_ge2,proxy,1,2,sem_dipl,46,walk_forward
2004,persistencia_purgada,0,0.0,0,0,0.5,robustez,A_ablacao,proxy_N1_ge2,proxy,1,2,sem_dipl,46,walk_forward
2005,prevalencia,0,0.2719298245614035,0,0,0.5,robustez,A_ablacao,proxy_N1_ge2,proxy,1,2,sem_dipl,46,walk_forward
2005,persistencia,0,0.0,0,0,0.5,robustez,A_ablacao,proxy_N1_ge2,proxy,1,2,sem_dipl,46,walk_forward
2005,persistencia_purgada,0,0.0,0,0,0.5,robustez,A_ablacao,proxy_N1_ge2,proxy,1,2,sem_dipl,46,walk_forward
2006,prevalencia,0,0.26956521739130435,0,0,0.5,robustez,A_ablacao,proxy_N1_ge2,proxy,1,2,sem_dipl,46,walk_forward
2006,persistencia,0,0.0,0,0,0.5,robustez,A_ablacao,proxy_N1_ge2,proxy,1,2,sem_dipl,46,walk_forward
2006,persistencia_purgada,0,0.0,0,0,0.5,robustez,A_ablacao,proxy_N1_ge2,proxy,1,2,sem_dipl,46,walk_forward
2007,prevalencia,0,0.2672413793103448,0,0,0.5,robustez,A_ablacao,proxy_N1_ge2,proxy,1,2,sem_dipl,46,walk_forward
2007,persistencia,0,0.0,0,0,0.5,robustez,A_ablacao,proxy_N1_ge2,proxy,1,2,sem_dipl,46,walk_forward
2007,persistencia_purgada,0,0.0,0,0,0.5,robustez,A_ablacao,proxy_N1_ge2,proxy,1,2,sem_dipl,46,walk_forward
2008,prevalencia,0,0.26495726495726496,0,0,0.5,robustez,A_ablacao,proxy_N1_ge2,proxy,1,2,sem_dipl,46,walk_forward
2008,persistencia,0,0.0,0,0,0.5,robustez,A_ablacao,proxy_N1_ge2,proxy,1,2,sem_dipl,46,walk_forward
2008,persistencia_purgada,0,0.0,0,0,0.5,robustez,A_ablacao,proxy_N1_ge2,proxy,1,2,sem_dipl,46,walk_forward
2009,prevalencia,0,0.2627118644067797,0,0,0.5,robustez,A_ablacao,proxy_N1_ge2,proxy,1,2,sem_dipl,46,walk_forward
2009,persistencia,0,0.0,0,0,0.5,robustez,A_ablacao,proxy_N1_ge2,proxy,1,2,sem_dipl,46,walk_forward
2009,persistencia_purgada,0,0.0,0,0,0.5,robustez,A_ablacao,proxy_N1_ge2,proxy,1,2,sem_dipl,46,walk_forward
2010,prevalencia,0,0.2605042016806723,0,0,0.5,robustez,A_ablacao,proxy_N1_ge2,proxy,1,2,sem_dipl,46,walk_forward
2010,persistencia,0,0.0,0,0,0.5,robustez,A_ablacao,proxy_N1_ge2,proxy,1,2,sem_dipl,46,walk_forward
2010,persistencia_purgada,0,0.0,0,0,0.5,robustez,A_ablacao,proxy_N1_ge2,proxy,1,2,sem_dipl,46,walk_forward
2011,prevalencia,0,0.25833333333333336,0,0,0.5,robustez,A_ablacao,proxy_N1_ge2,proxy,1,2,sem_dipl,46,walk_forward
2011,persistencia,0,0.0,0,0,0.5,robustez,A_ablacao,proxy_N1_ge2,proxy,1,2,sem_dipl,46,walk_forward
2011,persistencia_purgada,0,0.0,0,0,0.5,robustez,A_ablacao,proxy_N1_ge2,proxy,1,2,sem_dipl,46,walk_forward
1931,rf,0,0.4383742485116372,0,0,0.5128747532521034,robustez,B_sem_disputas,proxy_N1_ge2,proxy,1,2,completo_sem_disputas,46,walk_forward
1931,xgb,0,0.08001969009637833,0,0,0.9025350213050842,robustez,B_sem_disputas,proxy_N1_ge2,proxy,1,2,completo_sem_disputas,46,walk_forward
1932,rf,1,0.4376379293446708,0,0,0.5036903794471816,robustez,B_sem_disputas,proxy_N1_ge2,proxy,1,2,completo_sem_disputas,46,walk_forward
1932,xgb,1,0.17521299421787262,0,0,0.8978353142738342,robustez,B_sem_disputas,proxy_N1_ge2,proxy,1,2,completo_sem_disputas,46,walk_forward
1933,rf,1,0.38393268564909167,0,0,0.5077308318129033,robustez,B_sem_disputas,proxy_N1_ge2,proxy,1,2,completo_sem_disputas,46,walk_forward
1933,xgb,1,0.022002914920449257,0,0,0.9043031334877014,robustez,B_sem_disputas,proxy_N1_ge2,proxy,1,2,completo_sem_disputas,46,walk_forward
1934,rf,0,0.48681176785282887,0,1,0.47289005235992243,robustez,B_sem_disputas,proxy_N1_ge2,proxy,1,2,completo_sem_disputas,46,walk_forward
1934,xgb,0,0.040320985019207,0,0,0.8932008147239685,robustez,B_sem_disputas,proxy_N1_ge2,proxy,1,2,completo_sem_disputas,46,walk_forward
1935,rf,0,0.5235575502142985,1,1,0.5026989869205567,robustez,B_sem_disputas,proxy_N1_ge2,proxy,1,2,completo_sem_disputas,46,walk_forward
1935,xgb,0,0.1458156853914261,0,0,0.8771852254867554,robustez,B_sem_disputas,proxy_N1_ge2,proxy,1,2,completo_sem_disputas,46,walk_forward
1936,rf,1,0.5963304150876397,1,1,0.5028816547980718,robustez,B_sem_disputas,proxy_N1_ge2,proxy,1,2,completo_sem_disputas,46,walk_forward
1936,xgb,1,0.7041770219802856,1,0,0.885624885559082,robustez,B_sem_disputas,proxy_N1_ge2,proxy,1,2,completo_sem_disputas,46,walk_forward
1937,rf,1,0.5575641657149425,1,1,0.4623921020267179,robustez,B_sem_disputas,proxy_N1_ge2,proxy,1,2,completo_sem_disputas,46,walk_forward
1937,xgb,1,0.6244118213653564,1,0,0.8912525177001953,robustez,B_sem_disputas,proxy_N1_ge2,proxy,1,2,completo_sem_disputas,46,walk_forward
1938,rf,1,0.4875308042931782,0,1,0.4598321863208951,robustez,B_sem_disputas,proxy_N1_ge2,proxy,1,2,completo_sem_disputas,46,walk_forward
1938,xgb,1,0.17162424325942993,0,0,0.8751562237739563,robustez,B_sem_disputas,proxy_N1_ge2,proxy,1,2,completo_sem_disputas,46,walk_forward
1939,rf,1,0.49310489841636246,0,1,0.45236907704960866,robustez,B_sem_disputas,proxy_N1_ge2,proxy,1,2,completo_sem_disputas,46,walk_forward
1939,xgb,1,0.7827659249305725,1,0,0.86765056848526,robustez,B_sem_disputas,proxy_N1_ge2,proxy,1,2,completo_sem_disputas,46,walk_forward
1940,rf,1,0.4660885393535187,0,0,0.4756707590103072,robustez,B_sem_disputas,proxy_N1_ge2,proxy,1,2,completo_sem_disputas,46,walk_forward
1940,xgb,1,0.48077961802482605,0,0,0.8596799969673157,robustez,B_sem_disputas,proxy_N1_ge2,proxy,1,2,completo_sem_disputas,46,walk_forward
1941,rf,0,0.376701333570116,0,0,0.5078717860812457,robustez,B_sem_disputas,proxy_N1_ge2,proxy,1,2,completo_sem_disputas,46,walk_forward
1941,xgb,0,0.06789969652891159,0,0,0.8565652966499329,robustez,B_sem_disputas,proxy_N1_ge2,proxy,1,2,completo_sem_disputas,46,walk_forward
1942,rf,1,0.47565597535749343,0,0,0.5092167360672166,robustez,B_sem_disputas,proxy_N1_ge2,proxy,1,2,completo_sem_disputas,46,walk_forward
1942,xgb,1,0.6930633783340454,1,0,0.8773984909057617,robustez,B_sem_disputas,proxy_N1_ge2,proxy,1,2,completo_sem_disputas,46,walk_forward
1943,rf,0,0.3314964865653737,0,0,0.5011365842462538,robustez,B_sem_disputas,proxy_N1_ge2,proxy,1,2,completo_sem_disputas,46,walk_forward
1943,xgb,0,0.09548326581716537,0,0,0.8709321022033691,robustez,B_sem_disputas,proxy_N1_ge2,proxy,1,2,completo_sem_disputas,46,walk_forward
1944,rf,0,0.3896793711923239,0,0,0.5069604838548963,robustez,B_sem_disputas,proxy_N1_ge2,proxy,1,2,completo_sem_disputas,46,walk_forward
1944,xgb,0,0.3230673670768738,0,0,0.8709417581558228,robustez,B_sem_disputas,proxy_N1_ge2,proxy,1,2,completo_sem_disputas,46,walk_forward
1945,rf,0,0.24526213089040266,0,0,0.5035839688435372,robustez,B_sem_disputas,proxy_N1_ge2,proxy,1,2,completo_sem_disputas,46,walk_forward
1945,xgb,0,0.03361384570598602,0,0,0.8714443445205688,robustez,B_sem_disputas,proxy_N1_ge2,proxy,1,2,completo_sem_disputas,46,walk_forward
1946,rf,1,0.23946172619198652,0,0,0.5058742739032546,robustez,B_sem_disputas,proxy_N1_ge2,proxy,1,2,completo_sem_disputas,46,walk_forward
1946,xgb,1,0.04236377775669098,0,0,0.8798604607582092,robustez,B_sem_disputas,proxy_N1_ge2,proxy,1,2,completo_sem_disputas,46,walk_forward
1947,rf,0,0.317958240890025,0,0,0.5164545240326068,robustez,B_sem_disputas,proxy_N1_ge2,proxy,1,2,completo_sem_disputas,46,walk_forward
1947,xgb,0,0.07276352494955063,0,0,0.8815568685531616,robustez,B_sem_disputas,proxy_N1_ge2,proxy,1,2,completo_sem_disputas,46,walk_forward
1948,rf,0,0.35282014574752224,0,0,0.48878219915085347,robustez,B_sem_disputas,proxy_N1_ge2,proxy,1,2,completo_sem_disputas,46,walk_forward
1948,xgb,0,0.13058044016361237,0,0,0.8648397326469421,robustez,B_sem_disputas,proxy_N1_ge2,proxy,1,2,completo_sem_disputas,46,walk_forward
1949,rf,1,0.5255591397231915,1,1,0.491225132219831,robustez,B_sem_disputas,proxy_N1_ge2,proxy,1,2,completo_sem_disputas,46,walk_forward
1949,xgb,1,0.6306164860725403,1,0,0.8779852390289307,robustez,B_sem_disputas,proxy_N1_ge2,proxy,1,2,completo_sem_disputas,46,walk_forward
1950,rf,0,0.4392462533107398,0,0,0.44860191125067783,robustez,B_sem_disputas,proxy_N1_ge2,proxy,1,2,completo_sem_disputas,46,walk_forward
1950,xgb,0,0.07742620259523392,0,0,0.8824771642684937,robustez,B_sem_disputas,proxy_N1_ge2,proxy,1,2,completo_sem_disputas,46,walk_forward
1951,rf,0,0.5417210826804131,1,1,0.484465735038164,robustez,B_sem_disputas,proxy_N1_ge2,proxy,1,2,completo_sem_disputas,46,walk_forward
1951,xgb,0,0.6931933164596558,1,0,0.8700641989707947,robustez,B_sem_disputas,proxy_N1_ge2,proxy,1,2,completo_sem_disputas,46,walk_forward
1952,rf,0,0.44397114872711724,0,0,0.4892723728403892,robustez,B_sem_disputas,proxy_N1_ge2,proxy,1,2,completo_sem_disputas,46,walk_forward
1952,xgb,0,0.08185171335935593,0,0,0.872227668762207,robustez,B_sem_disputas,proxy_N1_ge2,proxy,1,2,completo_sem_disputas,46,walk_forward
1953,rf,0,0.30799539075160687,0,0,0.45959598139444124,robustez,B_sem_disputas,proxy_N1_ge2,proxy,1,2,completo_sem_disputas,46,walk_forward
1953,xgb,0,0.01292357500642538,0,0,0.8833695650100708,robustez,B_sem_disputas,proxy_N1_ge2,proxy,1,2,completo_sem_disputas,46,walk_forward
1954,rf,1,0.2599483448346976,0,0,0.464422274844455,robustez,B_sem_disputas,proxy_N1_ge2,proxy,1,2,completo_sem_disputas,46,walk_forward
1954,xgb,1,0.005555042997002602,0,0,0.8797720670700073,robustez,B_sem_disputas,proxy_N1_ge2,proxy,1,2,completo_sem_disputas,46,walk_forward
1955,rf,0,0.35918855956222,0,0,0.4658442210220757,robustez,B_sem_disputas,proxy_N1_ge2,proxy,1,2,completo_sem_disputas,46,walk_forward
1955,xgb,0,0.16372795403003693,0,0,0.8806713819503784,robustez,B_sem_disputas,proxy_N1_ge2,proxy,1,2,completo_sem_disputas,46,walk_forward
1956,rf,0,0.4263792598232527,0,0,0.4499504503732079,robustez,B_sem_disputas,proxy_N1_ge2,proxy,1,2,completo_sem_disputas,46,walk_forward
1956,xgb,0,0.1114046648144722,0,0,0.8763509392738342,robustez,B_sem_disputas,proxy_N1_ge2,proxy,1,2,completo_sem_disputas,46,walk_forward
1957,rf,0,0.4071032254378504,0,0,0.45409117204684607,robustez,B_sem_disputas,proxy_N1_ge2,proxy,1,2,completo_sem_disputas,46,walk_forward
1957,xgb,0,0.16940146684646606,0,0,0.8855197429656982,robustez,B_sem_disputas,proxy_N1_ge2,proxy,1,2,completo_sem_disputas,46,walk_forward
1958,rf,0,0.5211888777532159,1,1,0.4819897954474554,robustez,B_sem_disputas,proxy_N1_ge2,proxy,1,2,completo_sem_disputas,46,walk_forward
1958,xgb,0,0.9605457186698914,1,1,0.8842962980270386,robustez,B_sem_disputas,proxy_N1_ge2,proxy,1,2,completo_sem_disputas,46,walk_forward
1959,rf,0,0.25051878320601545,0,0,0.4852007011392886,robustez,B_sem_disputas,proxy_N1_ge2,proxy,1,2,completo_sem_disputas,46,walk_forward
1959,xgb,0,0.13399632275104523,0,0,0.8877916932106018,robustez,B_sem_disputas,proxy_N1_ge2,proxy,1,2,completo_sem_disputas,46,walk_forward
1960,rf,1,0.5036345678473899,1,1,0.4827147166730751,robustez,B_sem_disputas,proxy_N1_ge2,proxy,1,2,completo_sem_disputas,46,walk_forward
1960,xgb,1,0.3754601776599884,0,0,0.8845099806785583,robustez,B_sem_disputas,proxy_N1_ge2,proxy,1,2,completo_sem_disputas,46,walk_forward
1961,rf,0,0.3276149913122672,0,0,0.48304655601695257,robustez,B_sem_disputas,proxy_N1_ge2,proxy,1,2,completo_sem_disputas,46,walk_forward
1961,xgb,0,0.042611606419086456,0,0,0.8873947262763977,robustez,B_sem_disputas,proxy_N1_ge2,proxy,1,2,completo_sem_disputas,46,walk_forward
1962,rf,0,0.4258328092556765,0,0,0.5135768708417663,robustez,B_sem_disputas,proxy_N1_ge2,proxy,1,2,completo_sem_disputas,46,walk_forward
1962,xgb,0,0.05028848722577095,0,0,0.875053882598877,robustez,B_sem_disputas,proxy_N1_ge2,proxy,1,2,completo_sem_disputas,46,walk_forward
1963,rf,1,0.33498785748071835,0,0,0.4781803029996396,robustez,B_sem_disputas,proxy_N1_ge2,proxy,1,2,completo_sem_disputas,46,walk_forward
1963,xgb,1,0.01849355362355709,0,0,0.8842086791992188,robustez,B_sem_disputas,proxy_N1_ge2,proxy,1,2,completo_sem_disputas,46,walk_forward
1964,rf,0,0.27309227142158743,0,0,0.4757364355998137,robustez,B_sem_disputas,proxy_N1_ge2,proxy,1,2,completo_sem_disputas,46,walk_forward
1964,xgb,0,0.007065554615110159,0,0,0.8863535523414612,robustez,B_sem_disputas,proxy_N1_ge2,proxy,1,2,completo_sem_disputas,46,walk_forward
1965,rf,0,0.45220989020101293,0,0,0.4787432081001859,robustez,B_sem_disputas,proxy_N1_ge2,proxy,1,2,completo_sem_disputas,46,walk_forward
1965,xgb,0,0.0935395285487175,0,0,0.8936352729797363,robustez,B_sem_disputas,proxy_N1_ge2,proxy,1,2,completo_sem_disputas,46,walk_forward
1966,rf,0,0.4204427981614186,0,0,0.4803223511912621,robustez,B_sem_disputas,proxy_N1_ge2,proxy,1,2,completo_sem_disputas,46,walk_forward
1966,xgb,0,0.06201180815696716,0,0,0.8867002129554749,robustez,B_sem_disputas,proxy_N1_ge2,proxy,1,2,completo_sem_disputas,46,walk_forward
1967,rf,0,0.31782319015994054,0,0,0.49197079423292733,robustez,B_sem_disputas,proxy_N1_ge2,proxy,1,2,completo_sem_disputas,46,walk_forward
1967,xgb,0,0.036664094775915146,0,0,0.8935040235519409,robustez,B_sem_disputas,proxy_N1_ge2,proxy,1,2,completo_sem_disputas,46,walk_forward
1968,rf,0,0.2622203609177103,0,0,0.4872573503505719,robustez,B_sem_disputas,proxy_N1_ge2,proxy,1,2,completo_sem_disputas,46,walk_forward
1968,xgb,0,0.013880105689167976,0,0,0.8968136310577393,robustez,B_sem_disputas,proxy_N1_ge2,proxy,1,2,completo_sem_disputas,46,walk_forward
1969,rf,0,0.20503942712772452,0,0,0.48264287385417953,robustez,B_sem_disputas,proxy_N1_ge2,proxy,1,2,completo_sem_disputas,46,walk_forward
1969,xgb,0,0.006310078781098127,0,0,0.8968801498413086,robustez,B_sem_disputas,proxy_N1_ge2,proxy,1,2,completo_sem_disputas,46,walk_forward
1970,rf,0,0.38132656466522463,0,0,0.5116749784616589,robustez,B_sem_disputas,proxy_N1_ge2,proxy,1,2,completo_sem_disputas,46,walk_forward
1970,xgb,0,0.05545331910252571,0,0,0.9031540751457214,robustez,B_sem_disputas,proxy_N1_ge2,proxy,1,2,completo_sem_disputas,46,walk_forward
1971,rf,0,0.5117843017682668,1,1,0.5099889030509162,robustez,B_sem_disputas,proxy_N1_ge2,proxy,1,2,completo_sem_disputas,46,walk_forward
1971,xgb,0,0.6194813847541809,1,0,0.9016393423080444,robustez,B_sem_disputas,proxy_N1_ge2,proxy,1,2,completo_sem_disputas,46,walk_forward
1972,rf,0,0.35803190043765026,0,0,0.5146746350795733,robustez,B_sem_disputas,proxy_N1_ge2,proxy,1,2,completo_sem_disputas,46,walk_forward
1972,xgb,0,0.042098935693502426,0,0,0.9093347787857056,robustez,B_sem_disputas,proxy_N1_ge2,proxy,1,2,completo_sem_disputas,46,walk_forward
1973,rf,0,0.2901253611126272,0,0,0.48439538130393167,robustez,B_sem_disputas,proxy_N1_ge2,proxy,1,2,completo_sem_disputas,46,walk_forward
1973,xgb,0,0.027971327304840088,0,0,0.9054139852523804,robustez,B_sem_disputas,proxy_N1_ge2,proxy,1,2,completo_sem_disputas,46,walk_forward
1974,rf,0,0.38282625143209054,0,0,0.485605845997135,robustez,B_sem_disputas,proxy_N1_ge2,proxy,1,2,completo_sem_disputas,46,walk_forward
1974,xgb,0,0.5175797939300537,1,0,0.909511148929596,robustez,B_sem_disputas,proxy_N1_ge2,proxy,1,2,completo_sem_disputas,46,walk_forward
1975,rf,0,0.30395694042424426,0,0,0.4842785155224981,robustez,B_sem_disputas,proxy_N1_ge2,proxy,1,2,completo_sem_disputas,46,walk_forward
1975,xgb,0,0.3034561276435852,0,0,0.9123252630233765,robustez,B_sem_disputas,proxy_N1_ge2,proxy,1,2,completo_sem_disputas,46,walk_forward
1976,rf,0,0.2086622563702195,0,0,0.5001114486727635,robustez,B_sem_disputas,proxy_N1_ge2,proxy,1,2,completo_sem_disputas,46,walk_forward
1976,xgb,0,0.02061670832335949,0,0,0.9061494469642639,robustez,B_sem_disputas,proxy_N1_ge2,proxy,1,2,completo_sem_disputas,46,walk_forward
1977,rf,1,0.2637669966919623,0,0,0.49946618125269104,robustez,B_sem_disputas,proxy_N1_ge2,proxy,1,2,completo_sem_disputas,46,walk_forward
1977,xgb,1,0.1043996512889862,0,0,0.9062387347221375,robustez,B_sem_disputas,proxy_N1_ge2,proxy,1,2,completo_sem_disputas,46,walk_forward
1978,rf,0,0.18027286150229174,0,0,0.4971158915209927,robustez,B_sem_disputas,proxy_N1_ge2,proxy,1,2,completo_sem_disputas,46,walk_forward
1978,xgb,0,0.012564959935843945,0,0,0.9099379777908325,robustez,B_sem_disputas,proxy_N1_ge2,proxy,1,2,completo_sem_disputas,46,walk_forward
1979,rf,0,0.33870763021811795,0,0,0.4992426031072675,robustez,B_sem_disputas,proxy_N1_ge2,proxy,1,2,completo_sem_disputas,46,walk_forward
1979,xgb,0,0.2571451663970947,0,0,0.9041450619697571,robustez,B_sem_disputas,proxy_N1_ge2,proxy,1,2,completo_sem_disputas,46,walk_forward
1980,rf,0,0.31659684383767916,0,0,0.48513142121273234,robustez,B_sem_disputas,proxy_N1_ge2,proxy,1,2,completo_sem_disputas,46,walk_forward
1980,xgb,0,0.0769588053226471,0,0,0.9043586850166321,robustez,B_sem_disputas,proxy_N1_ge2,proxy,1,2,completo_sem_disputas,46,walk_forward
1981,rf,0,0.41597552653939623,0,0,0.5338709503444508,robustez,B_sem_disputas,proxy_N1_ge2,proxy,1,2,completo_sem_disputas,46,walk_forward
1981,xgb,0,0.33778995275497437,0,0,0.9031320214271545,robustez,B_sem_disputas,proxy_N1_ge2,proxy,1,2,completo_sem_disputas,46,walk_forward
1982,rf,0,0.34802057654717267,0,0,0.5071372310345342,robustez,B_sem_disputas,proxy_N1_ge2,proxy,1,2,completo_sem_disputas,46,walk_forward
1982,xgb,0,0.23578722774982452,0,0,0.9072468876838684,robustez,B_sem_disputas,proxy_N1_ge2,proxy,1,2,completo_sem_disputas,46,walk_forward
1983,rf,0,0.26971809555407744,0,0,0.5043681312980046,robustez,B_sem_disputas,proxy_N1_ge2,proxy,1,2,completo_sem_disputas,46,walk_forward
1983,xgb,0,0.021594729274511337,0,0,0.9102545976638794,robustez,B_sem_disputas,proxy_N1_ge2,proxy,1,2,completo_sem_disputas,46,walk_forward
1984,rf,0,0.2771387287690184,0,0,0.5069401625286283,robustez,B_sem_disputas,proxy_N1_ge2,proxy,1,2,completo_sem_disputas,46,walk_forward
1984,xgb,0,0.06310632079839706,0,0,0.9073923230171204,robustez,B_sem_disputas,proxy_N1_ge2,proxy,1,2,completo_sem_disputas,46,walk_forward
1985,rf,1,0.35065865174446814,0,0,0.5068722529679144,robustez,B_sem_disputas,proxy_N1_ge2,proxy,1,2,completo_sem_disputas,46,walk_forward
1985,xgb,1,0.5757896304130554,1,0,0.9054844379425049,robustez,B_sem_disputas,proxy_N1_ge2,proxy,1,2,completo_sem_disputas,46,walk_forward
1986,rf,0,0.3048061263448247,0,0,0.5238109929717204,robustez,B_sem_disputas,proxy_N1_ge2,proxy,1,2,completo_sem_disputas,46,walk_forward
1986,xgb,0,0.04439716041088104,0,0,0.9089506268501282,robustez,B_sem_disputas,proxy_N1_ge2,proxy,1,2,completo_sem_disputas,46,walk_forward
1987,rf,0,0.3954078133405079,0,0,0.509713163522491,robustez,B_sem_disputas,proxy_N1_ge2,proxy,1,2,completo_sem_disputas,46,walk_forward
1987,xgb,0,0.16752499341964722,0,0,0.9079138040542603,robustez,B_sem_disputas,proxy_N1_ge2,proxy,1,2,completo_sem_disputas,46,walk_forward
1988,rf,0,0.3719954037051214,0,0,0.5086592823376851,robustez,B_sem_disputas,proxy_N1_ge2,proxy,1,2,completo_sem_disputas,46,walk_forward
1988,xgb,0,0.2705221474170685,0,0,0.912506639957428,robustez,B_sem_disputas,proxy_N1_ge2,proxy,1,2,completo_sem_disputas,46,walk_forward
1989,rf,1,0.34926163075670924,0,0,0.50809506372355,robustez,B_sem_disputas,proxy_N1_ge2,proxy,1,2,completo_sem_disputas,46,walk_forward
1989,xgb,1,0.09340889751911163,0,0,0.9129971861839294,robustez,B_sem_disputas,proxy_N1_ge2,proxy,1,2,completo_sem_disputas,46,walk_forward
1990,rf,0,0.4006693390160545,0,0,0.5216887538196373,robustez,B_sem_disputas,proxy_N1_ge2,proxy,1,2,completo_sem_disputas,46,walk_forward
1990,xgb,0,0.7160264849662781,1,0,0.9160957336425781,robustez,B_sem_disputas,proxy_N1_ge2,proxy,1,2,completo_sem_disputas,46,walk_forward
1991,rf,0,0.4967279187974335,0,0,0.5147694648044789,robustez,B_sem_disputas,proxy_N1_ge2,proxy,1,2,completo_sem_disputas,46,walk_forward
1991,xgb,0,0.9753066897392273,1,1,0.9081742167472839,robustez,B_sem_disputas,proxy_N1_ge2,proxy,1,2,completo_sem_disputas,46,walk_forward
1992,rf,1,0.3833961835935953,0,0,0.5227486362326961,robustez,B_sem_disputas,proxy_N1_ge2,proxy,1,2,completo_sem_disputas,46,walk_forward
1992,xgb,1,0.4572288691997528,0,0,0.9062784910202026,robustez,B_sem_disputas,proxy_N1_ge2,proxy,1,2,completo_sem_disputas,46,walk_forward
1993,rf,0,0.37556094968358333,0,0,0.5009419044789888,robustez,B_sem_disputas,proxy_N1_ge2,proxy,1,2,completo_sem_disputas,46,walk_forward
1993,xgb,0,0.10659381002187729,0,0,0.9110287427902222,robustez,B_sem_disputas,proxy_N1_ge2,proxy,1,2,completo_sem_disputas,46,walk_forward
1994,rf,0,0.3865920265601445,0,0,0.511600100896646,robustez,B_sem_disputas,proxy_N1_ge2,proxy,1,2,completo_sem_disputas,46,walk_forward
1994,xgb,0,0.2900597155094147,0,0,0.9018063545227051,robustez,B_sem_disputas,proxy_N1_ge2,proxy,1,2,completo_sem_disputas,46,walk_forward
1995,rf,0,0.32999487129680904,0,0,0.5085336719320336,robustez,B_sem_disputas,proxy_N1_ge2,proxy,1,2,completo_sem_disputas,46,walk_forward
1995,xgb,0,0.20117861032485962,0,0,0.9108073115348816,robustez,B_sem_disputas,proxy_N1_ge2,proxy,1,2,completo_sem_disputas,46,walk_forward
1996,rf,1,0.34165904842435174,0,0,0.5332231198763002,robustez,B_sem_disputas,proxy_N1_ge2,proxy,1,2,completo_sem_disputas,46,walk_forward
1996,xgb,1,0.13848787546157837,0,0,0.907086968421936,robustez,B_sem_disputas,proxy_N1_ge2,proxy,1,2,completo_sem_disputas,46,walk_forward
1997,rf,0,0.21360648765694978,0,0,0.5133183300627109,robustez,B_sem_disputas,proxy_N1_ge2,proxy,1,2,completo_sem_disputas,46,walk_forward
1997,xgb,0,0.009855112060904503,0,0,0.9121728539466858,robustez,B_sem_disputas,proxy_N1_ge2,proxy,1,2,completo_sem_disputas,46,walk_forward
1998,rf,0,0.38183535014203723,0,0,0.5133113026468145,robustez,B_sem_disputas,proxy_N1_ge2,proxy,1,2,completo_sem_disputas,46,walk_forward
1998,xgb,0,0.18403872847557068,0,0,0.9009469747543335,robustez,B_sem_disputas,proxy_N1_ge2,proxy,1,2,completo_sem_disputas,46,walk_forward
1999,rf,0,0.2790887458471636,0,0,0.48590076791775516,robustez,B_sem_disputas,proxy_N1_ge2,proxy,1,2,completo_sem_disputas,46,walk_forward
1999,xgb,0,0.037750259041786194,0,0,0.9042233824729919,robustez,B_sem_disputas,proxy_N1_ge2,proxy,1,2,completo_sem_disputas,46,walk_forward
2000,rf,1,0.2483804137026638,0,0,0.48631179268136343,robustez,B_sem_disputas,proxy_N1_ge2,proxy,1,2,completo_sem_disputas,46,walk_forward
2000,xgb,1,0.03159036859869957,0,0,0.9117215871810913,robustez,B_sem_disputas,proxy_N1_ge2,proxy,1,2,completo_sem_disputas,46,walk_forward
2001,rf,0,0.20162375416754327,0,0,0.4799004971276973,robustez,B_sem_disputas,proxy_N1_ge2,proxy,1,2,completo_sem_disputas,46,walk_forward
2001,xgb,0,0.0056965709663927555,0,0,0.9056328535079956,robustez,B_sem_disputas,proxy_N1_ge2,proxy,1,2,completo_sem_disputas,46,walk_forward
2002,rf,0,0.3709037553669596,0,0,0.48808136776812594,robustez,B_sem_disputas,proxy_N1_ge2,proxy,1,2,completo_sem_disputas,46,walk_forward
2002,xgb,0,0.28230372071266174,0,0,0.909707248210907,robustez,B_sem_disputas,proxy_N1_ge2,proxy,1,2,completo_sem_disputas,46,walk_forward
2003,rf,0,0.393257358576221,0,0,0.4844186043566008,robustez,B_sem_disputas,proxy_N1_ge2,proxy,1,2,completo_sem_disputas,46,walk_forward
2003,xgb,0,0.3935486078262329,0,0,0.9073395133018494,robustez,B_sem_disputas,proxy_N1_ge2,proxy,1,2,completo_sem_disputas,46,walk_forward
2004,rf,0,0.2651608399895582,0,0,0.48319258488394423,robustez,B_sem_disputas,proxy_N1_ge2,proxy,1,2,completo_sem_disputas,46,walk_forward
2004,xgb,0,0.0738498643040657,0,0,0.9105374813079834,robustez,B_sem_disputas,proxy_N1_ge2,proxy,1,2,completo_sem_disputas,46,walk_forward
2005,rf,0,0.3659994603013042,0,0,0.48379198885806124,robustez,B_sem_disputas,proxy_N1_ge2,proxy,1,2,completo_sem_disputas,46,walk_forward
2005,xgb,0,0.1169951930642128,0,0,0.9087055325508118,robustez,B_sem_disputas,proxy_N1_ge2,proxy,1,2,completo_sem_disputas,46,walk_forward
1931,prevalencia,0,0.275,0,0,0.5,robustez,B_sem_disputas,proxy_N1_ge2,proxy,1,2,completo_sem_disputas,46,walk_forward
1931,persistencia,0,1.0,1,1,0.5,robustez,B_sem_disputas,proxy_N1_ge2,proxy,1,2,completo_sem_disputas,46,walk_forward
1931,persistencia_purgada,0,0.0,0,0,0.5,robustez,B_sem_disputas,proxy_N1_ge2,proxy,1,2,completo_sem_disputas,46,walk_forward
1932,prevalencia,1,0.2926829268292683,0,0,0.5,robustez,B_sem_disputas,proxy_N1_ge2,proxy,1,2,completo_sem_disputas,46,walk_forward
1932,persistencia,1,0.0,0,0,0.5,robustez,B_sem_disputas,proxy_N1_ge2,proxy,1,2,completo_sem_disputas,46,walk_forward
1932,persistencia_purgada,1,1.0,1,1,0.5,robustez,B_sem_disputas,proxy_N1_ge2,proxy,1,2,completo_sem_disputas,46,walk_forward
1933,prevalencia,1,0.2857142857142857,0,0,0.5,robustez,B_sem_disputas,proxy_N1_ge2,proxy,1,2,completo_sem_disputas,46,walk_forward
1933,persistencia,1,1.0,1,1,0.5,robustez,B_sem_disputas,proxy_N1_ge2,proxy,1,2,completo_sem_disputas,46,walk_forward
1933,persistencia_purgada,1,0.0,0,0,0.5,robustez,B_sem_disputas,proxy_N1_ge2,proxy,1,2,completo_sem_disputas,46,walk_forward
1934,prevalencia,0,0.3023255813953488,0,0,0.5,robustez,B_sem_disputas,proxy_N1_ge2,proxy,1,2,completo_sem_disputas,46,walk_forward
1934,persistencia,0,1.0,1,1,0.5,robustez,B_sem_disputas,proxy_N1_ge2,proxy,1,2,completo_sem_disputas,46,walk_forward
1934,persistencia_purgada,0,1.0,1,1,0.5,robustez,B_sem_disputas,proxy_N1_ge2,proxy,1,2,completo_sem_disputas,46,walk_forward
1935,prevalencia,0,0.3181818181818182,0,0,0.5,robustez,B_sem_disputas,proxy_N1_ge2,proxy,1,2,completo_sem_disputas,46,walk_forward
1935,persistencia,0,0.0,0,0,0.5,robustez,B_sem_disputas,proxy_N1_ge2,proxy,1,2,completo_sem_disputas,46,walk_forward
1935,persistencia_purgada,0,1.0,1,1,0.5,robustez,B_sem_disputas,proxy_N1_ge2,proxy,1,2,completo_sem_disputas,46,walk_forward
1936,prevalencia,1,0.3111111111111111,0,0,0.5,robustez,B_sem_disputas,proxy_N1_ge2,proxy,1,2,completo_sem_disputas,46,walk_forward
1936,persistencia,1,0.0,0,0,0.5,robustez,B_sem_disputas,proxy_N1_ge2,proxy,1,2,completo_sem_disputas,46,walk_forward
1936,persistencia_purgada,1,0.0,0,0,0.5,robustez,B_sem_disputas,proxy_N1_ge2,proxy,1,2,completo_sem_disputas,46,walk_forward
1937,prevalencia,1,0.30434782608695654,0,0,0.5,robustez,B_sem_disputas,proxy_N1_ge2,proxy,1,2,completo_sem_disputas,46,walk_forward
1937,persistencia,1,1.0,1,1,0.5,robustez,B_sem_disputas,proxy_N1_ge2,proxy,1,2,completo_sem_disputas,46,walk_forward
1937,persistencia_purgada,1,0.0,0,0,0.5,robustez,B_sem_disputas,proxy_N1_ge2,proxy,1,2,completo_sem_disputas,46,walk_forward
1938,prevalencia,1,0.3191489361702128,0,0,0.5,robustez,B_sem_disputas,proxy_N1_ge2,proxy,1,2,completo_sem_disputas,46,walk_forward
1938,persistencia,1,1.0,1,1,0.5,robustez,B_sem_disputas,proxy_N1_ge2,proxy,1,2,completo_sem_disputas,46,walk_forward
1938,persistencia_purgada,1,1.0,1,1,0.5,robustez,B_sem_disputas,proxy_N1_ge2,proxy,1,2,completo_sem_disputas,46,walk_forward
1939,prevalencia,1,0.3333333333333333,0,0,0.5,robustez,B_sem_disputas,proxy_N1_ge2,proxy,1,2,completo_sem_disputas,46,walk_forward
1939,persistencia,1,1.0,1,1,0.5,robustez,B_sem_disputas,proxy_N1_ge2,proxy,1,2,completo_sem_disputas,46,walk_forward
1939,persistencia_purgada,1,1.0,1,1,0.5,robustez,B_sem_disputas,proxy_N1_ge2,proxy,1,2,completo_sem_disputas,46,walk_forward
1940,prevalencia,1,0.3469387755102041,0,0,0.5,robustez,B_sem_disputas,proxy_N1_ge2,proxy,1,2,completo_sem_disputas,46,walk_forward
1940,persistencia,1,1.0,1,1,0.5,robustez,B_sem_disputas,proxy_N1_ge2,proxy,1,2,completo_sem_disputas,46,walk_forward
1940,persistencia_purgada,1,1.0,1,1,0.5,robustez,B_sem_disputas,proxy_N1_ge2,proxy,1,2,completo_sem_disputas,46,walk_forward
1941,prevalencia,0,0.36,0,0,0.5,robustez,B_sem_disputas,proxy_N1_ge2,proxy,1,2,completo_sem_disputas,46,walk_forward
1941,persistencia,0,1.0,1,1,0.5,robustez,B_sem_disputas,proxy_N1_ge2,proxy,1,2,completo_sem_disputas,46,walk_forward
1941,persistencia_purgada,0,1.0,1,1,0.5,robustez,B_sem_disputas,proxy_N1_ge2,proxy,1,2,completo_sem_disputas,46,walk_forward
1942,prevalencia,1,0.37254901960784315,0,0,0.5,robustez,B_sem_disputas,proxy_N1_ge2,proxy,1,2,completo_sem_disputas,46,walk_forward
1942,persistencia,1,0.0,0,0,0.5,robustez,B_sem_disputas,proxy_N1_ge2,proxy,1,2,completo_sem_disputas,46,walk_forward
1942,persistencia_purgada,1,1.0,1,1,0.5,robustez,B_sem_disputas,proxy_N1_ge2,proxy,1,2,completo_sem_disputas,46,walk_forward
1943,prevalencia,0,0.36538461538461536,0,0,0.5,robustez,B_sem_disputas,proxy_N1_ge2,proxy,1,2,completo_sem_disputas,46,walk_forward
1943,persistencia,0,1.0,1,1,0.5,robustez,B_sem_disputas,proxy_N1_ge2,proxy,1,2,completo_sem_disputas,46,walk_forward
1943,persistencia_purgada,0,0.0,0,0,0.5,robustez,B_sem_disputas,proxy_N1_ge2,proxy,1,2,completo_sem_disputas,46,walk_forward
1944,prevalencia,0,0.37735849056603776,0,0,0.5,robustez,B_sem_disputas,proxy_N1_ge2,proxy,1,2,completo_sem_disputas,46,walk_forward
1944,persistencia,0,0.0,0,0,0.5,robustez,B_sem_disputas,proxy_N1_ge2,proxy,1,2,completo_sem_disputas,46,walk_forward
1944,persistencia_purgada,0,1.0,1,1,0.5,robustez,B_sem_disputas,proxy_N1_ge2,proxy,1,2,completo_sem_disputas,46,walk_forward
1945,prevalencia,0,0.37037037037037035,0,0,0.5,robustez,B_sem_disputas,proxy_N1_ge2,proxy,1,2,completo_sem_disputas,46,walk_forward
1945,persistencia,0,0.0,0,0,0.5,robustez,B_sem_disputas,proxy_N1_ge2,proxy,1,2,completo_sem_disputas,46,walk_forward
1945,persistencia_purgada,0,0.0,0,0,0.5,robustez,B_sem_disputas,proxy_N1_ge2,proxy,1,2,completo_sem_disputas,46,walk_forward
1946,prevalencia,1,0.36363636363636365,0,0,0.5,robustez,B_sem_disputas,proxy_N1_ge2,proxy,1,2,completo_sem_disputas,46,walk_forward
1946,persistencia,1,0.0,0,0,0.5,robustez,B_sem_disputas,proxy_N1_ge2,proxy,1,2,completo_sem_disputas,46,walk_forward
1946,persistencia_purgada,1,0.0,0,0,0.5,robustez,B_sem_disputas,proxy_N1_ge2,proxy,1,2,completo_sem_disputas,46,walk_forward
1947,prevalencia,0,0.35714285714285715,0,0,0.5,robustez,B_sem_disputas,proxy_N1_ge2,proxy,1,2,completo_sem_disputas,46,walk_forward
1947,persistencia,0,1.0,1,1,0.5,robustez,B_sem_disputas,proxy_N1_ge2,proxy,1,2,completo_sem_disputas,46,walk_forward
1947,persistencia_purgada,0,0.0,0,0,0.5,robustez,B_sem_disputas,proxy_N1_ge2,proxy,1,2,completo_sem_disputas,46,walk_forward
1948,prevalencia,0,0.3684210526315789,0,0,0.5,robustez,B_sem_disputas,proxy_N1_ge2,proxy,1,2,completo_sem_disputas,46,walk_forward
1948,persistencia,0,0.0,0,0,0.5,robustez,B_sem_disputas,proxy_N1_ge2,proxy,1,2,completo_sem_disputas,46,walk_forward
1948,persistencia_purgada,0,1.0,1,1,0.5,robustez,B_sem_disputas,proxy_N1_ge2,proxy,1,2,completo_sem_disputas,46,walk_forward
1949,prevalencia,1,0.3620689655172414,0,0,0.5,robustez,B_sem_disputas,proxy_N1_ge2,proxy,1,2,completo_sem_disputas,46,walk_forward
1949,persistencia,1,0.0,0,0,0.5,robustez,B_sem_disputas,proxy_N1_ge2,proxy,1,2,completo_sem_disputas,46,walk_forward
1949,persistencia_purgada,1,0.0,0,0,0.5,robustez,B_sem_disputas,proxy_N1_ge2,proxy,1,2,completo_sem_disputas,46,walk_forward
1950,prevalencia,0,0.3559322033898305,0,0,0.5,robustez,B_sem_disputas,proxy_N1_ge2,proxy,1,2,completo_sem_disputas,46,walk_forward
1950,persistencia,0,1.0,1,1,0.5,robustez,B_sem_disputas,proxy_N1_ge2,proxy,1,2,completo_sem_disputas,46,walk_forward
1950,persistencia_purgada,0,0.0,0,0,0.5,robustez,B_sem_disputas,proxy_N1_ge2,proxy,1,2,completo_sem_disputas,46,walk_forward
1951,prevalencia,0,0.36666666666666664,0,0,0.5,robustez,B_sem_disputas,proxy_N1_ge2,proxy,1,2,completo_sem_disputas,46,walk_forward
1951,persistencia,0,0.0,0,0,0.5,robustez,B_sem_disputas,proxy_N1_ge2,proxy,1,2,completo_sem_disputas,46,walk_forward
1951,persistencia_purgada,0,1.0,1,1,0.5,robustez,B_sem_disputas,proxy_N1_ge2,proxy,1,2,completo_sem_disputas,46,walk_forward
1952,prevalencia,0,0.36065573770491804,0,0,0.5,robustez,B_sem_disputas,proxy_N1_ge2,proxy,1,2,completo_sem_disputas,46,walk_forward
1952,persistencia,0,0.0,0,0,0.5,robustez,B_sem_disputas,proxy_N1_ge2,proxy,1,2,completo_sem_disputas,46,walk_forward
1952,persistencia_purgada,0,0.0,0,0,0.5,robustez,B_sem_disputas,proxy_N1_ge2,proxy,1,2,completo_sem_disputas,46,walk_forward
1953,prevalencia,0,0.3548387096774194,0,0,0.5,robustez,B_sem_disputas,proxy_N1_ge2,proxy,1,2,completo_sem_disputas,46,walk_forward
1953,persistencia,0,0.0,0,0,0.5,robustez,B_sem_disputas,proxy_N1_ge2,proxy,1,2,completo_sem_disputas,46,walk_forward
1953,persistencia_purgada,0,0.0,0,0,0.5,robustez,B_sem_disputas,proxy_N1_ge2,proxy,1,2,completo_sem_disputas,46,walk_forward
1954,prevalencia,1,0.3492063492063492,0,0,0.5,robustez,B_sem_disputas,proxy_N1_ge2,proxy,1,2,completo_sem_disputas,46,walk_forward
1954,persistencia,1,0.0,0,0,0.5,robustez,B_sem_disputas,proxy_N1_ge2,proxy,1,2,completo_sem_disputas,46,walk_forward
1954,persistencia_purgada,1,0.0,0,0,0.5,robustez,B_sem_disputas,proxy_N1_ge2,proxy,1,2,completo_sem_disputas,46,walk_forward
1955,prevalencia,0,0.34375,0,0,0.5,robustez,B_sem_disputas,proxy_N1_ge2,proxy,1,2,completo_sem_disputas,46,walk_forward
1955,persistencia,0,1.0,1,1,0.5,robustez,B_sem_disputas,proxy_N1_ge2,proxy,1,2,completo_sem_disputas,46,walk_forward
1955,persistencia_purgada,0,0.0,0,0,0.5,robustez,B_sem_disputas,proxy_N1_ge2,proxy,1,2,completo_sem_disputas,46,walk_forward
1956,prevalencia,0,0.35384615384615387,0,0,0.5,robustez,B_sem_disputas,proxy_N1_ge2,proxy,1,2,completo_sem_disputas,46,walk_forward
1956,persistencia,0,0.0,0,0,0.5,robustez,B_sem_disputas,proxy_N1_ge2,proxy,1,2,completo_sem_disputas,46,walk_forward
1956,persistencia_purgada,0,1.0,1,1,0.5,robustez,B_sem_disputas,proxy_N1_ge2,proxy,1,2,completo_sem_disputas,46,walk_forward
1957,prevalencia,0,0.3484848484848485,0,0,0.5,robustez,B_sem_disputas,proxy_N1_ge2,proxy,1,2,completo_sem_disputas,46,walk_forward
1957,persistencia,0,0.0,0,0,0.5,robustez,B_sem_disputas,proxy_N1_ge2,proxy,1,2,completo_sem_disputas,46,walk_forward
1957,persistencia_purgada,0,0.0,0,0,0.5,robustez,B_sem_disputas,proxy_N1_ge2,proxy,1,2,completo_sem_disputas,46,walk_forward
1958,prevalencia,0,0.34328358208955223,0,0,0.5,robustez,B_sem_disputas,proxy_N1_ge2,proxy,1,2,completo_sem_disputas,46,walk_forward
1958,persistencia,0,0.0,0,0,0.5,robustez,B_sem_disputas,proxy_N1_ge2,proxy,1,2,completo_sem_disputas,46,walk_forward
1958,persistencia_purgada,0,0.0,0,0,0.5,robustez,B_sem_disputas,proxy_N1_ge2,proxy,1,2,completo_sem_disputas,46,walk_forward
1959,prevalencia,0,0.3382352941176471,0,0,0.5,robustez,B_sem_disputas,proxy_N1_ge2,proxy,1,2,completo_sem_disputas,46,walk_forward
1959,persistencia,0,0.0,0,0,0.5,robustez,B_sem_disputas,proxy_N1_ge2,proxy,1,2,completo_sem_disputas,46,walk_forward
1959,persistencia_purgada,0,0.0,0,0,0.5,robustez,B_sem_disputas,proxy_N1_ge2,proxy,1,2,completo_sem_disputas,46,walk_forward
1960,prevalencia,1,0.3333333333333333,0,0,0.5,robustez,B_sem_disputas,proxy_N1_ge2,proxy,1,2,completo_sem_disputas,46,walk_forward
1960,persistencia,1,0.0,0,0,0.5,robustez,B_sem_disputas,proxy_N1_ge2,proxy,1,2,completo_sem_disputas,46,walk_forward
1960,persistencia_purgada,1,0.0,0,0,0.5,robustez,B_sem_disputas,proxy_N1_ge2,proxy,1,2,completo_sem_disputas,46,walk_forward
1961,prevalencia,0,0.32857142857142857,0,0,0.5,robustez,B_sem_disputas,proxy_N1_ge2,proxy,1,2,completo_sem_disputas,46,walk_forward
1961,persistencia,0,1.0,1,1,0.5,robustez,B_sem_disputas,proxy_N1_ge2,proxy,1,2,completo_sem_disputas,46,walk_forward
1961,persistencia_purgada,0,0.0,0,0,0.5,robustez,B_sem_disputas,proxy_N1_ge2,proxy,1,2,completo_sem_disputas,46,walk_forward
1962,prevalencia,0,0.3380281690140845,0,0,0.5,robustez,B_sem_disputas,proxy_N1_ge2,proxy,1,2,completo_sem_disputas,46,walk_forward
1962,persistencia,0,0.0,0,0,0.5,robustez,B_sem_disputas,proxy_N1_ge2,proxy,1,2,completo_sem_disputas,46,walk_forward
1962,persistencia_purgada,0,1.0,1,1,0.5,robustez,B_sem_disputas,proxy_N1_ge2,proxy,1,2,completo_sem_disputas,46,walk_forward
1963,prevalencia,1,0.3333333333333333,0,0,0.5,robustez,B_sem_disputas,proxy_N1_ge2,proxy,1,2,completo_sem_disputas,46,walk_forward
1963,persistencia,1,0.0,0,0,0.5,robustez,B_sem_disputas,proxy_N1_ge2,proxy,1,2,completo_sem_disputas,46,walk_forward
1963,persistencia_purgada,1,0.0,0,0,0.5,robustez,B_sem_disputas,proxy_N1_ge2,proxy,1,2,completo_sem_disputas,46,walk_forward
1964,prevalencia,0,0.3287671232876712,0,0,0.5,robustez,B_sem_disputas,proxy_N1_ge2,proxy,1,2,completo_sem_disputas,46,walk_forward
1964,persistencia,0,1.0,1,1,0.5,robustez,B_sem_disputas,proxy_N1_ge2,proxy,1,2,completo_sem_disputas,46,walk_forward
1964,persistencia_purgada,0,0.0,0,0,0.5,robustez,B_sem_disputas,proxy_N1_ge2,proxy,1,2,completo_sem_disputas,46,walk_forward
1965,prevalencia,0,0.33783783783783783,0,0,0.5,robustez,B_sem_disputas,proxy_N1_ge2,proxy,1,2,completo_sem_disputas,46,walk_forward
1965,persistencia,0,0.0,0,0,0.5,robustez,B_sem_disputas,proxy_N1_ge2,proxy,1,2,completo_sem_disputas,46,walk_forward
1965,persistencia_purgada,0,1.0,1,1,0.5,robustez,B_sem_disputas,proxy_N1_ge2,proxy,1,2,completo_sem_disputas,46,walk_forward
1966,prevalencia,0,0.3333333333333333,0,0,0.5,robustez,B_sem_disputas,proxy_N1_ge2,proxy,1,2,completo_sem_disputas,46,walk_forward
1966,persistencia,0,0.0,0,0,0.5,robustez,B_sem_disputas,proxy_N1_ge2,proxy,1,2,completo_sem_disputas,46,walk_forward
1966,persistencia_purgada,0,0.0,0,0,0.5,robustez,B_sem_disputas,proxy_N1_ge2,proxy,1,2,completo_sem_disputas,46,walk_forward
1967,prevalencia,0,0.32894736842105265,0,0,0.5,robustez,B_sem_disputas,proxy_N1_ge2,proxy,1,2,completo_sem_disputas,46,walk_forward
1967,persistencia,0,0.0,0,0,0.5,robustez,B_sem_disputas,proxy_N1_ge2,proxy,1,2,completo_sem_disputas,46,walk_forward
1967,persistencia_purgada,0,0.0,0,0,0.5,robustez,B_sem_disputas,proxy_N1_ge2,proxy,1,2,completo_sem_disputas,46,walk_forward
1968,prevalencia,0,0.3246753246753247,0,0,0.5,robustez,B_sem_disputas,proxy_N1_ge2,proxy,1,2,completo_sem_disputas,46,walk_forward
1968,persistencia,0,0.0,0,0,0.5,robustez,B_sem_disputas,proxy_N1_ge2,proxy,1,2,completo_sem_disputas,46,walk_forward
1968,persistencia_purgada,0,0.0,0,0,0.5,robustez,B_sem_disputas,proxy_N1_ge2,proxy,1,2,completo_sem_disputas,46,walk_forward
1969,prevalencia,0,0.32051282051282054,0,0,0.5,robustez,B_sem_disputas,proxy_N1_ge2,proxy,1,2,completo_sem_disputas,46,walk_forward
1969,persistencia,0,0.0,0,0,0.5,robustez,B_sem_disputas,proxy_N1_ge2,proxy,1,2,completo_sem_disputas,46,walk_forward
1969,persistencia_purgada,0,0.0,0,0,0.5,robustez,B_sem_disputas,proxy_N1_ge2,proxy,1,2,completo_sem_disputas,46,walk_forward
1970,prevalencia,0,0.31645569620253167,0,0,0.5,robustez,B_sem_disputas,proxy_N1_ge2,proxy,1,2,completo_sem_disputas,46,walk_forward
1970,persistencia,0,0.0,0,0,0.5,robustez,B_sem_disputas,proxy_N1_ge2,proxy,1,2,completo_sem_disputas,46,walk_forward
1970,persistencia_purgada,0,0.0,0,0,0.5,robustez,B_sem_disputas,proxy_N1_ge2,proxy,1,2,completo_sem_disputas,46,walk_forward
1971,prevalencia,0,0.3125,0,0,0.5,robustez,B_sem_disputas,proxy_N1_ge2,proxy,1,2,completo_sem_disputas,46,walk_forward
1971,persistencia,0,0.0,0,0,0.5,robustez,B_sem_disputas,proxy_N1_ge2,proxy,1,2,completo_sem_disputas,46,walk_forward
1971,persistencia_purgada,0,0.0,0,0,0.5,robustez,B_sem_disputas,proxy_N1_ge2,proxy,1,2,completo_sem_disputas,46,walk_forward
1972,prevalencia,0,0.30864197530864196,0,0,0.5,robustez,B_sem_disputas,proxy_N1_ge2,proxy,1,2,completo_sem_disputas,46,walk_forward
1972,persistencia,0,0.0,0,0,0.5,robustez,B_sem_disputas,proxy_N1_ge2,proxy,1,2,completo_sem_disputas,46,walk_forward
1972,persistencia_purgada,0,0.0,0,0,0.5,robustez,B_sem_disputas,proxy_N1_ge2,proxy,1,2,completo_sem_disputas,46,walk_forward
1973,prevalencia,0,0.3048780487804878,0,0,0.5,robustez,B_sem_disputas,proxy_N1_ge2,proxy,1,2,completo_sem_disputas,46,walk_forward
1973,persistencia,0,0.0,0,0,0.5,robustez,B_sem_disputas,proxy_N1_ge2,proxy,1,2,completo_sem_disputas,46,walk_forward
1973,persistencia_purgada,0,0.0,0,0,0.5,robustez,B_sem_disputas,proxy_N1_ge2,proxy,1,2,completo_sem_disputas,46,walk_forward
1974,prevalencia,0,0.30120481927710846,0,0,0.5,robustez,B_sem_disputas,proxy_N1_ge2,proxy,1,2,completo_sem_disputas,46,walk_forward
1974,persistencia,0,0.0,0,0,0.5,robustez,B_sem_disputas,proxy_N1_ge2,proxy,1,2,completo_sem_disputas,46,walk_forward
1974,persistencia_purgada,0,0.0,0,0,0.5,robustez,B_sem_disputas,proxy_N1_ge2,proxy,1,2,completo_sem_disputas,46,walk_forward
1975,prevalencia,0,0.2976190476190476,0,0,0.5,robustez,B_sem_disputas,proxy_N1_ge2,proxy,1,2,completo_sem_disputas,46,walk_forward
1975,persistencia,0,0.0,0,0,0.5,robustez,B_sem_disputas,proxy_N1_ge2,proxy,1,2,completo_sem_disputas,46,walk_forward
1975,persistencia_purgada,0,0.0,0,0,0.5,robustez,B_sem_disputas,proxy_N1_ge2,proxy,1,2,completo_sem_disputas,46,walk_forward
1976,prevalencia,0,0.29411764705882354,0,0,0.5,robustez,B_sem_disputas,proxy_N1_ge2,proxy,1,2,completo_sem_disputas,46,walk_forward
1976,persistencia,0,0.0,0,0,0.5,robustez,B_sem_disputas,proxy_N1_ge2,proxy,1,2,completo_sem_disputas,46,walk_forward
1976,persistencia_purgada,0,0.0,0,0,0.5,robustez,B_sem_disputas,proxy_N1_ge2,proxy,1,2,completo_sem_disputas,46,walk_forward
1977,prevalencia,1,0.29069767441860467,0,0,0.5,robustez,B_sem_disputas,proxy_N1_ge2,proxy,1,2,completo_sem_disputas,46,walk_forward
1977,persistencia,1,0.0,0,0,0.5,robustez,B_sem_disputas,proxy_N1_ge2,proxy,1,2,completo_sem_disputas,46,walk_forward
1977,persistencia_purgada,1,0.0,0,0,0.5,robustez,B_sem_disputas,proxy_N1_ge2,proxy,1,2,completo_sem_disputas,46,walk_forward
1978,prevalencia,0,0.28735632183908044,0,0,0.5,robustez,B_sem_disputas,proxy_N1_ge2,proxy,1,2,completo_sem_disputas,46,walk_forward
1978,persistencia,0,1.0,1,1,0.5,robustez,B_sem_disputas,proxy_N1_ge2,proxy,1,2,completo_sem_disputas,46,walk_forward
1978,persistencia_purgada,0,0.0,0,0,0.5,robustez,B_sem_disputas,proxy_N1_ge2,proxy,1,2,completo_sem_disputas,46,walk_forward
1979,prevalencia,0,0.29545454545454547,0,0,0.5,robustez,B_sem_disputas,proxy_N1_ge2,proxy,1,2,completo_sem_disputas,46,walk_forward
1979,persistencia,0,0.0,0,0,0.5,robustez,B_sem_disputas,proxy_N1_ge2,proxy,1,2,completo_sem_disputas,46,walk_forward
1979,persistencia_purgada,0,1.0,1,1,0.5,robustez,B_sem_disputas,proxy_N1_ge2,proxy,1,2,completo_sem_disputas,46,walk_forward
1980,prevalencia,0,0.29213483146067415,0,0,0.5,robustez,B_sem_disputas,proxy_N1_ge2,proxy,1,2,completo_sem_disputas,46,walk_forward
1980,persistencia,0,0.0,0,0,0.5,robustez,B_sem_disputas,proxy_N1_ge2,proxy,1,2,completo_sem_disputas,46,walk_forward
1980,persistencia_purgada,0,0.0,0,0,0.5,robustez,B_sem_disputas,proxy_N1_ge2,proxy,1,2,completo_sem_disputas,46,walk_forward
1981,prevalencia,0,0.28888888888888886,0,0,0.5,robustez,B_sem_disputas,proxy_N1_ge2,proxy,1,2,completo_sem_disputas,46,walk_forward
1981,persistencia,0,0.0,0,0,0.5,robustez,B_sem_disputas,proxy_N1_ge2,proxy,1,2,completo_sem_disputas,46,walk_forward
1981,persistencia_purgada,0,0.0,0,0,0.5,robustez,B_sem_disputas,proxy_N1_ge2,proxy,1,2,completo_sem_disputas,46,walk_forward
1982,prevalencia,0,0.2857142857142857,0,0,0.5,robustez,B_sem_disputas,proxy_N1_ge2,proxy,1,2,completo_sem_disputas,46,walk_forward
1982,persistencia,0,0.0,0,0,0.5,robustez,B_sem_disputas,proxy_N1_ge2,proxy,1,2,completo_sem_disputas,46,walk_forward
1982,persistencia_purgada,0,0.0,0,0,0.5,robustez,B_sem_disputas,proxy_N1_ge2,proxy,1,2,completo_sem_disputas,46,walk_forward
1983,prevalencia,0,0.2826086956521739,0,0,0.5,robustez,B_sem_disputas,proxy_N1_ge2,proxy,1,2,completo_sem_disputas,46,walk_forward
1983,persistencia,0,0.0,0,0,0.5,robustez,B_sem_disputas,proxy_N1_ge2,proxy,1,2,completo_sem_disputas,46,walk_forward
1983,persistencia_purgada,0,0.0,0,0,0.5,robustez,B_sem_disputas,proxy_N1_ge2,proxy,1,2,completo_sem_disputas,46,walk_forward
1984,prevalencia,0,0.27956989247311825,0,0,0.5,robustez,B_sem_disputas,proxy_N1_ge2,proxy,1,2,completo_sem_disputas,46,walk_forward
1984,persistencia,0,0.0,0,0,0.5,robustez,B_sem_disputas,proxy_N1_ge2,proxy,1,2,completo_sem_disputas,46,walk_forward
1984,persistencia_purgada,0,0.0,0,0,0.5,robustez,B_sem_disputas,proxy_N1_ge2,proxy,1,2,completo_sem_disputas,46,walk_forward
1985,prevalencia,1,0.2765957446808511,0,0,0.5,robustez,B_sem_disputas,proxy_N1_ge2,proxy,1,2,completo_sem_disputas,46,walk_forward
1985,persistencia,1,0.0,0,0,0.5,robustez,B_sem_disputas,proxy_N1_ge2,proxy,1,2,completo_sem_disputas,46,walk_forward
1985,persistencia_purgada,1,0.0,0,0,0.5,robustez,B_sem_disputas,proxy_N1_ge2,proxy,1,2,completo_sem_disputas,46,walk_forward
1986,prevalencia,0,0.2736842105263158,0,0,0.5,robustez,B_sem_disputas,proxy_N1_ge2,proxy,1,2,completo_sem_disputas,46,walk_forward
1986,persistencia,0,1.0,1,1,0.5,robustez,B_sem_disputas,proxy_N1_ge2,proxy,1,2,completo_sem_disputas,46,walk_forward
1986,persistencia_purgada,0,0.0,0,0,0.5,robustez,B_sem_disputas,proxy_N1_ge2,proxy,1,2,completo_sem_disputas,46,walk_forward
1987,prevalencia,0,0.28125,0,0,0.5,robustez,B_sem_disputas,proxy_N1_ge2,proxy,1,2,completo_sem_disputas,46,walk_forward
1987,persistencia,0,0.0,0,0,0.5,robustez,B_sem_disputas,proxy_N1_ge2,proxy,1,2,completo_sem_disputas,46,walk_forward
1987,persistencia_purgada,0,1.0,1,1,0.5,robustez,B_sem_disputas,proxy_N1_ge2,proxy,1,2,completo_sem_disputas,46,walk_forward
1988,prevalencia,0,0.27835051546391754,0,0,0.5,robustez,B_sem_disputas,proxy_N1_ge2,proxy,1,2,completo_sem_disputas,46,walk_forward
1988,persistencia,0,0.0,0,0,0.5,robustez,B_sem_disputas,proxy_N1_ge2,proxy,1,2,completo_sem_disputas,46,walk_forward
1988,persistencia_purgada,0,0.0,0,0,0.5,robustez,B_sem_disputas,proxy_N1_ge2,proxy,1,2,completo_sem_disputas,46,walk_forward
1989,prevalencia,1,0.2755102040816326,0,0,0.5,robustez,B_sem_disputas,proxy_N1_ge2,proxy,1,2,completo_sem_disputas,46,walk_forward
1989,persistencia,1,0.0,0,0,0.5,robustez,B_sem_disputas,proxy_N1_ge2,proxy,1,2,completo_sem_disputas,46,walk_forward
1989,persistencia_purgada,1,0.0,0,0,0.5,robustez,B_sem_disputas,proxy_N1_ge2,proxy,1,2,completo_sem_disputas,46,walk_forward
1990,prevalencia,0,0.2727272727272727,0,0,0.5,robustez,B_sem_disputas,proxy_N1_ge2,proxy,1,2,completo_sem_disputas,46,walk_forward
1990,persistencia,0,1.0,1,1,0.5,robustez,B_sem_disputas,proxy_N1_ge2,proxy,1,2,completo_sem_disputas,46,walk_forward
1990,persistencia_purgada,0,0.0,0,0,0.5,robustez,B_sem_disputas,proxy_N1_ge2,proxy,1,2,completo_sem_disputas,46,walk_forward
1991,prevalencia,0,0.28,0,0,0.5,robustez,B_sem_disputas,proxy_N1_ge2,proxy,1,2,completo_sem_disputas,46,walk_forward
1991,persistencia,0,0.0,0,0,0.5,robustez,B_sem_disputas,proxy_N1_ge2,proxy,1,2,completo_sem_disputas,46,walk_forward
1991,persistencia_purgada,0,1.0,1,1,0.5,robustez,B_sem_disputas,proxy_N1_ge2,proxy,1,2,completo_sem_disputas,46,walk_forward
1992,prevalencia,1,0.27722772277227725,0,0,0.5,robustez,B_sem_disputas,proxy_N1_ge2,proxy,1,2,completo_sem_disputas,46,walk_forward
1992,persistencia,1,0.0,0,0,0.5,robustez,B_sem_disputas,proxy_N1_ge2,proxy,1,2,completo_sem_disputas,46,walk_forward
1992,persistencia_purgada,1,0.0,0,0,0.5,robustez,B_sem_disputas,proxy_N1_ge2,proxy,1,2,completo_sem_disputas,46,walk_forward
1993,prevalencia,0,0.27450980392156865,0,0,0.5,robustez,B_sem_disputas,proxy_N1_ge2,proxy,1,2,completo_sem_disputas,46,walk_forward
1993,persistencia,0,1.0,1,1,0.5,robustez,B_sem_disputas,proxy_N1_ge2,proxy,1,2,completo_sem_disputas,46,walk_forward
1993,persistencia_purgada,0,0.0,0,0,0.5,robustez,B_sem_disputas,proxy_N1_ge2,proxy,1,2,completo_sem_disputas,46,walk_forward
1994,prevalencia,0,0.2815533980582524,0,0,0.5,robustez,B_sem_disputas,proxy_N1_ge2,proxy,1,2,completo_sem_disputas,46,walk_forward
1994,persistencia,0,0.0,0,0,0.5,robustez,B_sem_disputas,proxy_N1_ge2,proxy,1,2,completo_sem_disputas,46,walk_forward
1994,persistencia_purgada,0,1.0,1,1,0.5,robustez,B_sem_disputas,proxy_N1_ge2,proxy,1,2,completo_sem_disputas,46,walk_forward
1995,prevalencia,0,0.27884615384615385,0,0,0.5,robustez,B_sem_disputas,proxy_N1_ge2,proxy,1,2,completo_sem_disputas,46,walk_forward
1995,persistencia,0,0.0,0,0,0.5,robustez,B_sem_disputas,proxy_N1_ge2,proxy,1,2,completo_sem_disputas,46,walk_forward
1995,persistencia_purgada,0,0.0,0,0,0.5,robustez,B_sem_disputas,proxy_N1_ge2,proxy,1,2,completo_sem_disputas,46,walk_forward
1996,prevalencia,1,0.2761904761904762,0,0,0.5,robustez,B_sem_disputas,proxy_N1_ge2,proxy,1,2,completo_sem_disputas,46,walk_forward
1996,persistencia,1,0.0,0,0,0.5,robustez,B_sem_disputas,proxy_N1_ge2,proxy,1,2,completo_sem_disputas,46,walk_forward
1996,persistencia_purgada,1,0.0,0,0,0.5,robustez,B_sem_disputas,proxy_N1_ge2,proxy,1,2,completo_sem_disputas,46,walk_forward
1997,prevalencia,0,0.27358490566037735,0,0,0.5,robustez,B_sem_disputas,proxy_N1_ge2,proxy,1,2,completo_sem_disputas,46,walk_forward
1997,persistencia,0,1.0,1,1,0.5,robustez,B_sem_disputas,proxy_N1_ge2,proxy,1,2,completo_sem_disputas,46,walk_forward
1997,persistencia_purgada,0,0.0,0,0,0.5,robustez,B_sem_disputas,proxy_N1_ge2,proxy,1,2,completo_sem_disputas,46,walk_forward
1998,prevalencia,0,0.2803738317757009,0,0,0.5,robustez,B_sem_disputas,proxy_N1_ge2,proxy,1,2,completo_sem_disputas,46,walk_forward
1998,persistencia,0,0.0,0,0,0.5,robustez,B_sem_disputas,proxy_N1_ge2,proxy,1,2,completo_sem_disputas,46,walk_forward
1998,persistencia_purgada,0,1.0,1,1,0.5,robustez,B_sem_disputas,proxy_N1_ge2,proxy,1,2,completo_sem_disputas,46,walk_forward
1999,prevalencia,0,0.2777777777777778,0,0,0.5,robustez,B_sem_disputas,proxy_N1_ge2,proxy,1,2,completo_sem_disputas,46,walk_forward
1999,persistencia,0,0.0,0,0,0.5,robustez,B_sem_disputas,proxy_N1_ge2,proxy,1,2,completo_sem_disputas,46,walk_forward
1999,persistencia_purgada,0,0.0,0,0,0.5,robustez,B_sem_disputas,proxy_N1_ge2,proxy,1,2,completo_sem_disputas,46,walk_forward
2000,prevalencia,1,0.27522935779816515,0,0,0.5,robustez,B_sem_disputas,proxy_N1_ge2,proxy,1,2,completo_sem_disputas,46,walk_forward
2000,persistencia,1,0.0,0,0,0.5,robustez,B_sem_disputas,proxy_N1_ge2,proxy,1,2,completo_sem_disputas,46,walk_forward
2000,persistencia_purgada,1,0.0,0,0,0.5,robustez,B_sem_disputas,proxy_N1_ge2,proxy,1,2,completo_sem_disputas,46,walk_forward
2001,prevalencia,0,0.2727272727272727,0,0,0.5,robustez,B_sem_disputas,proxy_N1_ge2,proxy,1,2,completo_sem_disputas,46,walk_forward
2001,persistencia,0,1.0,1,1,0.5,robustez,B_sem_disputas,proxy_N1_ge2,proxy,1,2,completo_sem_disputas,46,walk_forward
2001,persistencia_purgada,0,0.0,0,0,0.5,robustez,B_sem_disputas,proxy_N1_ge2,proxy,1,2,completo_sem_disputas,46,walk_forward
2002,prevalencia,0,0.27927927927927926,0,0,0.5,robustez,B_sem_disputas,proxy_N1_ge2,proxy,1,2,completo_sem_disputas,46,walk_forward
2002,persistencia,0,0.0,0,0,0.5,robustez,B_sem_disputas,proxy_N1_ge2,proxy,1,2,completo_sem_disputas,46,walk_forward
2002,persistencia_purgada,0,1.0,1,1,0.5,robustez,B_sem_disputas,proxy_N1_ge2,proxy,1,2,completo_sem_disputas,46,walk_forward
2003,prevalencia,0,0.2767857142857143,0,0,0.5,robustez,B_sem_disputas,proxy_N1_ge2,proxy,1,2,completo_sem_disputas,46,walk_forward
2003,persistencia,0,0.0,0,0,0.5,robustez,B_sem_disputas,proxy_N1_ge2,proxy,1,2,completo_sem_disputas,46,walk_forward
2003,persistencia_purgada,0,0.0,0,0,0.5,robustez,B_sem_disputas,proxy_N1_ge2,proxy,1,2,completo_sem_disputas,46,walk_forward
2004,prevalencia,0,0.2743362831858407,0,0,0.5,robustez,B_sem_disputas,proxy_N1_ge2,proxy,1,2,completo_sem_disputas,46,walk_forward
2004,persistencia,0,0.0,0,0,0.5,robustez,B_sem_disputas,proxy_N1_ge2,proxy,1,2,completo_sem_disputas,46,walk_forward
2004,persistencia_purgada,0,0.0,0,0,0.5,robustez,B_sem_disputas,proxy_N1_ge2,proxy,1,2,completo_sem_disputas,46,walk_forward
2005,prevalencia,0,0.2719298245614035,0,0,0.5,robustez,B_sem_disputas,proxy_N1_ge2,proxy,1,2,completo_sem_disputas,46,walk_forward
2005,persistencia,0,0.0,0,0,0.5,robustez,B_sem_disputas,proxy_N1_ge2,proxy,1,2,completo_sem_disputas,46,walk_forward
2005,persistencia_purgada,0,0.0,0,0,0.5,robustez,B_sem_disputas,proxy_N1_ge2,proxy,1,2,completo_sem_disputas,46,walk_forward
1931,rf,0,0.43749827962212245,0,0,0.5204381152853875,robustez,B_sem_disputas,proxy_N1_ge2,proxy,1,2,sem_dipl_sem_disputas,31,walk_forward
1931,xgb,0,0.13343395292758942,0,0,0.8821921348571777,robustez,B_sem_disputas,proxy_N1_ge2,proxy,1,2,sem_dipl_sem_disputas,31,walk_forward
1932,rf,1,0.45431094870116473,0,0,0.4939132872511939,robustez,B_sem_disputas,proxy_N1_ge2,proxy,1,2,sem_dipl_sem_disputas,31,walk_forward
1932,xgb,1,0.2105177342891693,0,0,0.8855918049812317,robustez,B_sem_disputas,proxy_N1_ge2,proxy,1,2,sem_dipl_sem_disputas,31,walk_forward
1933,rf,1,0.39807930074302184,0,0,0.5086631641006548,robustez,B_sem_disputas,proxy_N1_ge2,proxy,1,2,sem_dipl_sem_disputas,31,walk_forward
1933,xgb,1,0.06601747125387192,0,0,0.8883700966835022,robustez,B_sem_disputas,proxy_N1_ge2,proxy,1,2,sem_dipl_sem_disputas,31,walk_forward
1934,rf,0,0.4705425493126601,0,0,0.4871089481235042,robustez,B_sem_disputas,proxy_N1_ge2,proxy,1,2,sem_dipl_sem_disputas,31,walk_forward
1934,xgb,0,0.04643525183200836,0,0,0.8752942085266113,robustez,B_sem_disputas,proxy_N1_ge2,proxy,1,2,sem_dipl_sem_disputas,31,walk_forward
1935,rf,0,0.5074584889100946,1,1,0.489394680441558,robustez,B_sem_disputas,proxy_N1_ge2,proxy,1,2,sem_dipl_sem_disputas,31,walk_forward
1935,xgb,0,0.10367225110530853,0,0,0.8654062747955322,robustez,B_sem_disputas,proxy_N1_ge2,proxy,1,2,sem_dipl_sem_disputas,31,walk_forward
1936,rf,1,0.5553260011750415,1,1,0.48499084427474104,robustez,B_sem_disputas,proxy_N1_ge2,proxy,1,2,sem_dipl_sem_disputas,31,walk_forward
1936,xgb,1,0.6656632423400879,1,0,0.871310293674469,robustez,B_sem_disputas,proxy_N1_ge2,proxy,1,2,sem_dipl_sem_disputas,31,walk_forward
1937,rf,1,0.5207151026434579,1,1,0.4737754681115255,robustez,B_sem_disputas,proxy_N1_ge2,proxy,1,2,sem_dipl_sem_disputas,31,walk_forward
1937,xgb,1,0.7084387540817261,1,0,0.8809555172920227,robustez,B_sem_disputas,proxy_N1_ge2,proxy,1,2,sem_dipl_sem_disputas,31,walk_forward
1938,rf,1,0.4393285171048058,0,0,0.47580386251524387,robustez,B_sem_disputas,proxy_N1_ge2,proxy,1,2,sem_dipl_sem_disputas,31,walk_forward
1938,xgb,1,0.14126230776309967,0,0,0.8801097869873047,robustez,B_sem_disputas,proxy_N1_ge2,proxy,1,2,sem_dipl_sem_disputas,31,walk_forward
1939,rf,1,0.4700005807744767,0,1,0.4573771938703277,robustez,B_sem_disputas,proxy_N1_ge2,proxy,1,2,sem_dipl_sem_disputas,31,walk_forward
1939,xgb,1,0.727513313293457,1,0,0.8662837147712708,robustez,B_sem_disputas,proxy_N1_ge2,proxy,1,2,sem_dipl_sem_disputas,31,walk_forward
1940,rf,1,0.4964472746561722,0,1,0.4588927686250651,robustez,B_sem_disputas,proxy_N1_ge2,proxy,1,2,sem_dipl_sem_disputas,31,walk_forward
1940,xgb,1,0.570402979850769,1,0,0.8769925236701965,robustez,B_sem_disputas,proxy_N1_ge2,proxy,1,2,sem_dipl_sem_disputas,31,walk_forward
1941,rf,0,0.388608598018396,0,0,0.496630147423877,robustez,B_sem_disputas,proxy_N1_ge2,proxy,1,2,sem_dipl_sem_disputas,31,walk_forward
1941,xgb,0,0.041408125311136246,0,0,0.8630136847496033,robustez,B_sem_disputas,proxy_N1_ge2,proxy,1,2,sem_dipl_sem_disputas,31,walk_forward
1942,rf,1,0.4848999740886224,0,0,0.5006210668049023,robustez,B_sem_disputas,proxy_N1_ge2,proxy,1,2,sem_dipl_sem_disputas,31,walk_forward
1942,xgb,1,0.7683506608009338,1,0,0.8632480502128601,robustez,B_sem_disputas,proxy_N1_ge2,proxy,1,2,sem_dipl_sem_disputas,31,walk_forward
1943,rf,0,0.3225124418435441,0,0,0.49163286891474933,robustez,B_sem_disputas,proxy_N1_ge2,proxy,1,2,sem_dipl_sem_disputas,31,walk_forward
1943,xgb,0,0.12594181299209595,0,0,0.856145977973938,robustez,B_sem_disputas,proxy_N1_ge2,proxy,1,2,sem_dipl_sem_disputas,31,walk_forward
1944,rf,0,0.4243606803935603,0,0,0.4760472724590773,robustez,B_sem_disputas,proxy_N1_ge2,proxy,1,2,sem_dipl_sem_disputas,31,walk_forward
1944,xgb,0,0.25819453597068787,0,0,0.8541961908340454,robustez,B_sem_disputas,proxy_N1_ge2,proxy,1,2,sem_dipl_sem_disputas,31,walk_forward
1945,rf,0,0.25077743367441463,0,0,0.4839405482029414,robustez,B_sem_disputas,proxy_N1_ge2,proxy,1,2,sem_dipl_sem_disputas,31,walk_forward
1945,xgb,0,0.022185225039720535,0,0,0.8545768857002258,robustez,B_sem_disputas,proxy_N1_ge2,proxy,1,2,sem_dipl_sem_disputas,31,walk_forward
1946,rf,1,0.27359507310336323,0,0,0.49441935465145526,robustez,B_sem_disputas,proxy_N1_ge2,proxy,1,2,sem_dipl_sem_disputas,31,walk_forward
1946,xgb,1,0.025022629648447037,0,0,0.8596229553222656,robustez,B_sem_disputas,proxy_N1_ge2,proxy,1,2,sem_dipl_sem_disputas,31,walk_forward
1947,rf,0,0.30471797384196986,0,0,0.49129741887036577,robustez,B_sem_disputas,proxy_N1_ge2,proxy,1,2,sem_dipl_sem_disputas,31,walk_forward
1947,xgb,0,0.05808485299348831,0,0,0.8673281669616699,robustez,B_sem_disputas,proxy_N1_ge2,proxy,1,2,sem_dipl_sem_disputas,31,walk_forward
1948,rf,0,0.3428015935386342,0,0,0.48145233363950646,robustez,B_sem_disputas,proxy_N1_ge2,proxy,1,2,sem_dipl_sem_disputas,31,walk_forward
1948,xgb,0,0.15536265075206757,0,0,0.8457489013671875,robustez,B_sem_disputas,proxy_N1_ge2,proxy,1,2,sem_dipl_sem_disputas,31,walk_forward
1949,rf,1,0.5477184463428229,1,1,0.4563317713763422,robustez,B_sem_disputas,proxy_N1_ge2,proxy,1,2,sem_dipl_sem_disputas,31,walk_forward
1949,xgb,1,0.6751728057861328,1,0,0.8521761298179626,robustez,B_sem_disputas,proxy_N1_ge2,proxy,1,2,sem_dipl_sem_disputas,31,walk_forward
1950,rf,0,0.4559425966379884,0,0,0.4811877458995834,robustez,B_sem_disputas,proxy_N1_ge2,proxy,1,2,sem_dipl_sem_disputas,31,walk_forward
1950,xgb,0,0.20454509556293488,0,0,0.862460196018219,robustez,B_sem_disputas,proxy_N1_ge2,proxy,1,2,sem_dipl_sem_disputas,31,walk_forward
1951,rf,0,0.571516958949136,1,1,0.48122014382405365,robustez,B_sem_disputas,proxy_N1_ge2,proxy,1,2,sem_dipl_sem_disputas,31,walk_forward
1951,xgb,0,0.7977022528648376,1,0,0.8573088645935059,robustez,B_sem_disputas,proxy_N1_ge2,proxy,1,2,sem_dipl_sem_disputas,31,walk_forward
1952,rf,0,0.46239810285566246,0,0,0.4760731483711063,robustez,B_sem_disputas,proxy_N1_ge2,proxy,1,2,sem_dipl_sem_disputas,31,walk_forward
1952,xgb,0,0.10990699380636215,0,0,0.8588928580284119,robustez,B_sem_disputas,proxy_N1_ge2,proxy,1,2,sem_dipl_sem_disputas,31,walk_forward
1953,rf,0,0.37427305142220124,0,0,0.4763639329219523,robustez,B_sem_disputas,proxy_N1_ge2,proxy,1,2,sem_dipl_sem_disputas,31,walk_forward
1953,xgb,0,0.02086542546749115,0,0,0.849331259727478,robustez,B_sem_disputas,proxy_N1_ge2,proxy,1,2,sem_dipl_sem_disputas,31,walk_forward
1954,rf,1,0.2896533842606394,0,0,0.48784128750557515,robustez,B_sem_disputas,proxy_N1_ge2,proxy,1,2,sem_dipl_sem_disputas,31,walk_forward
1954,xgb,1,0.006213759072124958,0,0,0.8598511219024658,robustez,B_sem_disputas,proxy_N1_ge2,proxy,1,2,sem_dipl_sem_disputas,31,walk_forward
1955,rf,0,0.39684722530696925,0,0,0.5071925911536518,robustez,B_sem_disputas,proxy_N1_ge2,proxy,1,2,sem_dipl_sem_disputas,31,walk_forward
1955,xgb,0,0.1194835752248764,0,0,0.8608829379081726,robustez,B_sem_disputas,proxy_N1_ge2,proxy,1,2,sem_dipl_sem_disputas,31,walk_forward
1956,rf,0,0.4646803483690785,0,0,0.4940489121501486,robustez,B_sem_disputas,proxy_N1_ge2,proxy,1,2,sem_dipl_sem_disputas,31,walk_forward
1956,xgb,0,0.19306997954845428,0,0,0.8613709211349487,robustez,B_sem_disputas,proxy_N1_ge2,proxy,1,2,sem_dipl_sem_disputas,31,walk_forward
1957,rf,0,0.425521369780863,0,0,0.5007179476345546,robustez,B_sem_disputas,proxy_N1_ge2,proxy,1,2,sem_dipl_sem_disputas,31,walk_forward
1957,xgb,0,0.200770765542984,0,0,0.8748782873153687,robustez,B_sem_disputas,proxy_N1_ge2,proxy,1,2,sem_dipl_sem_disputas,31,walk_forward
1958,rf,0,0.5923160290507089,1,1,0.49956663514260113,robustez,B_sem_disputas,proxy_N1_ge2,proxy,1,2,sem_dipl_sem_disputas,31,walk_forward
1958,xgb,0,0.944594144821167,1,1,0.8760756850242615,robustez,B_sem_disputas,proxy_N1_ge2,proxy,1,2,sem_dipl_sem_disputas,31,walk_forward
1959,rf,0,0.32638104452313155,0,0,0.4619015342476085,robustez,B_sem_disputas,proxy_N1_ge2,proxy,1,2,sem_dipl_sem_disputas,31,walk_forward
1959,xgb,0,0.14978288114070892,0,0,0.8834801912307739,robustez,B_sem_disputas,proxy_N1_ge2,proxy,1,2,sem_dipl_sem_disputas,31,walk_forward
1960,rf,1,0.4793131253593403,0,0,0.49653423081960396,robustez,B_sem_disputas,proxy_N1_ge2,proxy,1,2,sem_dipl_sem_disputas,31,walk_forward
1960,xgb,1,0.28749555349349976,0,0,0.8594183325767517,robustez,B_sem_disputas,proxy_N1_ge2,proxy,1,2,sem_dipl_sem_disputas,31,walk_forward
1961,rf,0,0.2563240749281927,0,0,0.4963069204631387,robustez,B_sem_disputas,proxy_N1_ge2,proxy,1,2,sem_dipl_sem_disputas,31,walk_forward
1961,xgb,0,0.01892673410475254,0,0,0.8666044473648071,robustez,B_sem_disputas,proxy_N1_ge2,proxy,1,2,sem_dipl_sem_disputas,31,walk_forward
1962,rf,0,0.34957819976770615,0,0,0.4908812368048773,robustez,B_sem_disputas,proxy_N1_ge2,proxy,1,2,sem_dipl_sem_disputas,31,walk_forward
1962,xgb,0,0.048513248562812805,0,0,0.8641453385353088,robustez,B_sem_disputas,proxy_N1_ge2,proxy,1,2,sem_dipl_sem_disputas,31,walk_forward
1963,rf,1,0.27427992735770346,0,0,0.48974176288612187,robustez,B_sem_disputas,proxy_N1_ge2,proxy,1,2,sem_dipl_sem_disputas,31,walk_forward
1963,xgb,1,0.01552677247673273,0,0,0.8625215888023376,robustez,B_sem_disputas,proxy_N1_ge2,proxy,1,2,sem_dipl_sem_disputas,31,walk_forward
1964,rf,0,0.24704913540042714,0,0,0.48945584732148545,robustez,B_sem_disputas,proxy_N1_ge2,proxy,1,2,sem_dipl_sem_disputas,31,walk_forward
1964,xgb,0,0.008276536129415035,0,0,0.8721914887428284,robustez,B_sem_disputas,proxy_N1_ge2,proxy,1,2,sem_dipl_sem_disputas,31,walk_forward
1965,rf,0,0.40414858819588473,0,0,0.4988284076186011,robustez,B_sem_disputas,proxy_N1_ge2,proxy,1,2,sem_dipl_sem_disputas,31,walk_forward
1965,xgb,0,0.17823976278305054,0,0,0.8888238072395325,robustez,B_sem_disputas,proxy_N1_ge2,proxy,1,2,sem_dipl_sem_disputas,31,walk_forward
1966,rf,0,0.33323246005317564,0,0,0.4955331438509805,robustez,B_sem_disputas,proxy_N1_ge2,proxy,1,2,sem_dipl_sem_disputas,31,walk_forward
1966,xgb,0,0.06610224395990372,0,0,0.8870471715927124,robustez,B_sem_disputas,proxy_N1_ge2,proxy,1,2,sem_dipl_sem_disputas,31,walk_forward
1967,rf,0,0.30294047399337115,0,0,0.5016350754366478,robustez,B_sem_disputas,proxy_N1_ge2,proxy,1,2,sem_dipl_sem_disputas,31,walk_forward
1967,xgb,0,0.03044312261044979,0,0,0.8865585327148438,robustez,B_sem_disputas,proxy_N1_ge2,proxy,1,2,sem_dipl_sem_disputas,31,walk_forward
1968,rf,0,0.1932159628112584,0,0,0.49802079036484365,robustez,B_sem_disputas,proxy_N1_ge2,proxy,1,2,sem_dipl_sem_disputas,31,walk_forward
1968,xgb,0,0.011288563720881939,0,0,0.8958724141120911,robustez,B_sem_disputas,proxy_N1_ge2,proxy,1,2,sem_dipl_sem_disputas,31,walk_forward
1969,rf,0,0.1624382448009778,0,0,0.4817654624086756,robustez,B_sem_disputas,proxy_N1_ge2,proxy,1,2,sem_dipl_sem_disputas,31,walk_forward
1969,xgb,0,0.008434321731328964,0,0,0.8954643607139587,robustez,B_sem_disputas,proxy_N1_ge2,proxy,1,2,sem_dipl_sem_disputas,31,walk_forward
1970,rf,0,0.38440200120759804,0,0,0.5221699083024147,robustez,B_sem_disputas,proxy_N1_ge2,proxy,1,2,sem_dipl_sem_disputas,31,walk_forward
1970,xgb,0,0.197166308760643,0,0,0.8990116119384766,robustez,B_sem_disputas,proxy_N1_ge2,proxy,1,2,sem_dipl_sem_disputas,31,walk_forward
1971,rf,0,0.5262080729503793,1,1,0.4904629423710904,robustez,B_sem_disputas,proxy_N1_ge2,proxy,1,2,sem_dipl_sem_disputas,31,walk_forward
1971,xgb,0,0.676593542098999,1,0,0.8954954147338867,robustez,B_sem_disputas,proxy_N1_ge2,proxy,1,2,sem_dipl_sem_disputas,31,walk_forward
1972,rf,0,0.32511385474041427,0,0,0.4882914045558745,robustez,B_sem_disputas,proxy_N1_ge2,proxy,1,2,sem_dipl_sem_disputas,31,walk_forward
1972,xgb,0,0.07735712081193924,0,0,0.9044985175132751,robustez,B_sem_disputas,proxy_N1_ge2,proxy,1,2,sem_dipl_sem_disputas,31,walk_forward
1973,rf,0,0.26158752724008877,0,0,0.4879534769145304,robustez,B_sem_disputas,proxy_N1_ge2,proxy,1,2,sem_dipl_sem_disputas,31,walk_forward
1973,xgb,0,0.034683700650930405,0,0,0.903354823589325,robustez,B_sem_disputas,proxy_N1_ge2,proxy,1,2,sem_dipl_sem_disputas,31,walk_forward
1974,rf,0,0.3927173370136519,0,0,0.4926124814432639,robustez,B_sem_disputas,proxy_N1_ge2,proxy,1,2,sem_dipl_sem_disputas,31,walk_forward
1974,xgb,0,0.5843914747238159,1,0,0.9022417664527893,robustez,B_sem_disputas,proxy_N1_ge2,proxy,1,2,sem_dipl_sem_disputas,31,walk_forward
1975,rf,0,0.3241814462374457,0,0,0.4949183221018126,robustez,B_sem_disputas,proxy_N1_ge2,proxy,1,2,sem_dipl_sem_disputas,31,walk_forward
1975,xgb,0,0.31145378947257996,0,0,0.9061193466186523,robustez,B_sem_disputas,proxy_N1_ge2,proxy,1,2,sem_dipl_sem_disputas,31,walk_forward
1976,rf,0,0.23004859493350482,0,0,0.5090478909675361,robustez,B_sem_disputas,proxy_N1_ge2,proxy,1,2,sem_dipl_sem_disputas,31,walk_forward
1976,xgb,0,0.028534891083836555,0,0,0.9062899351119995,robustez,B_sem_disputas,proxy_N1_ge2,proxy,1,2,sem_dipl_sem_disputas,31,walk_forward
1977,rf,1,0.2779537724862373,0,0,0.4960318661148932,robustez,B_sem_disputas,proxy_N1_ge2,proxy,1,2,sem_dipl_sem_disputas,31,walk_forward
1977,xgb,1,0.12730246782302856,0,0,0.9103438258171082,robustez,B_sem_disputas,proxy_N1_ge2,proxy,1,2,sem_dipl_sem_disputas,31,walk_forward
1978,rf,0,0.21495896671791348,0,0,0.5036166138717817,robustez,B_sem_disputas,proxy_N1_ge2,proxy,1,2,sem_dipl_sem_disputas,31,walk_forward
1978,xgb,0,0.022744599729776382,0,0,0.9092691540718079,robustez,B_sem_disputas,proxy_N1_ge2,proxy,1,2,sem_dipl_sem_disputas,31,walk_forward
1979,rf,0,0.3131540617391068,0,0,0.48616842233103974,robustez,B_sem_disputas,proxy_N1_ge2,proxy,1,2,sem_dipl_sem_disputas,31,walk_forward
1979,xgb,0,0.15047283470630646,0,0,0.9060565829277039,robustez,B_sem_disputas,proxy_N1_ge2,proxy,1,2,sem_dipl_sem_disputas,31,walk_forward
1980,rf,0,0.2968457158072966,0,0,0.4973724712785743,robustez,B_sem_disputas,proxy_N1_ge2,proxy,1,2,sem_dipl_sem_disputas,31,walk_forward
1980,xgb,0,0.09074193984270096,0,0,0.9080187678337097,robustez,B_sem_disputas,proxy_N1_ge2,proxy,1,2,sem_dipl_sem_disputas,31,walk_forward
1981,rf,0,0.3869165689068439,0,0,0.5065957479097174,robustez,B_sem_disputas,proxy_N1_ge2,proxy,1,2,sem_dipl_sem_disputas,31,walk_forward
1981,xgb,0,0.33614352345466614,0,0,0.9091356992721558,robustez,B_sem_disputas,proxy_N1_ge2,proxy,1,2,sem_dipl_sem_disputas,31,walk_forward
1982,rf,0,0.29194262523294684,0,0,0.5052675165147175,robustez,B_sem_disputas,proxy_N1_ge2,proxy,1,2,sem_dipl_sem_disputas,31,walk_forward
1982,xgb,0,0.3086598813533783,0,0,0.9078083038330078,robustez,B_sem_disputas,proxy_N1_ge2,proxy,1,2,sem_dipl_sem_disputas,31,walk_forward
1983,rf,0,0.22252881600520907,0,0,0.5130031733460471,robustez,B_sem_disputas,proxy_N1_ge2,proxy,1,2,sem_dipl_sem_disputas,31,walk_forward
1983,xgb,0,0.024756601080298424,0,0,0.9087969064712524,robustez,B_sem_disputas,proxy_N1_ge2,proxy,1,2,sem_dipl_sem_disputas,31,walk_forward
1984,rf,0,0.27645773987151123,0,0,0.510424244069764,robustez,B_sem_disputas,proxy_N1_ge2,proxy,1,2,sem_dipl_sem_disputas,31,walk_forward
1984,xgb,0,0.14890427887439728,0,0,0.906030535697937,robustez,B_sem_disputas,proxy_N1_ge2,proxy,1,2,sem_dipl_sem_disputas,31,walk_forward
1985,rf,1,0.26190545762382184,0,0,0.5191099884903994,robustez,B_sem_disputas,proxy_N1_ge2,proxy,1,2,sem_dipl_sem_disputas,31,walk_forward
1985,xgb,1,0.32989126443862915,0,0,0.9140976071357727,robustez,B_sem_disputas,proxy_N1_ge2,proxy,1,2,sem_dipl_sem_disputas,31,walk_forward
1986,rf,0,0.20481390107974198,0,0,0.5159713724504315,robustez,B_sem_disputas,proxy_N1_ge2,proxy,1,2,sem_dipl_sem_disputas,31,walk_forward
1986,xgb,0,0.02040969394147396,0,0,0.912541389465332,robustez,B_sem_disputas,proxy_N1_ge2,proxy,1,2,sem_dipl_sem_disputas,31,walk_forward
1987,rf,0,0.23781714816569982,0,0,0.49040266876495003,robustez,B_sem_disputas,proxy_N1_ge2,proxy,1,2,sem_dipl_sem_disputas,31,walk_forward
1987,xgb,0,0.04148150235414505,0,0,0.900738000869751,robustez,B_sem_disputas,proxy_N1_ge2,proxy,1,2,sem_dipl_sem_disputas,31,walk_forward
1988,rf,0,0.21766234615977822,0,0,0.485701319616519,robustez,B_sem_disputas,proxy_N1_ge2,proxy,1,2,sem_dipl_sem_disputas,31,walk_forward
1988,xgb,0,0.0505671389400959,0,0,0.9002120494842529,robustez,B_sem_disputas,proxy_N1_ge2,proxy,1,2,sem_dipl_sem_disputas,31,walk_forward
1989,rf,1,0.20896459252697244,0,0,0.5066141792922809,robustez,B_sem_disputas,proxy_N1_ge2,proxy,1,2,sem_dipl_sem_disputas,31,walk_forward
1989,xgb,1,0.047428544610738754,0,0,0.9005205035209656,robustez,B_sem_disputas,proxy_N1_ge2,proxy,1,2,sem_dipl_sem_disputas,31,walk_forward
1990,rf,0,0.40119589484784934,0,0,0.4994236247191124,robustez,B_sem_disputas,proxy_N1_ge2,proxy,1,2,sem_dipl_sem_disputas,31,walk_forward
1990,xgb,0,0.592064619064331,1,0,0.9048079252243042,robustez,B_sem_disputas,proxy_N1_ge2,proxy,1,2,sem_dipl_sem_disputas,31,walk_forward
1991,rf,0,0.5571423309288434,1,1,0.49906273865595696,robustez,B_sem_disputas,proxy_N1_ge2,proxy,1,2,sem_dipl_sem_disputas,31,walk_forward
1991,xgb,0,0.9745760560035706,1,1,0.9025827050209045,robustez,B_sem_disputas,proxy_N1_ge2,proxy,1,2,sem_dipl_sem_disputas,31,walk_forward
1992,rf,1,0.4167703078301411,0,0,0.5041664063643908,robustez,B_sem_disputas,proxy_N1_ge2,proxy,1,2,sem_dipl_sem_disputas,31,walk_forward
1992,xgb,1,0.39288878440856934,0,0,0.8975942730903625,robustez,B_sem_disputas,proxy_N1_ge2,proxy,1,2,sem_dipl_sem_disputas,31,walk_forward
1993,rf,0,0.4538344265337541,0,0,0.5024652708481671,robustez,B_sem_disputas,proxy_N1_ge2,proxy,1,2,sem_dipl_sem_disputas,31,walk_forward
1993,xgb,0,0.13291029632091522,0,0,0.9068787693977356,robustez,B_sem_disputas,proxy_N1_ge2,proxy,1,2,sem_dipl_sem_disputas,31,walk_forward
1994,rf,0,0.3982542590980766,0,0,0.4845273020075601,robustez,B_sem_disputas,proxy_N1_ge2,proxy,1,2,sem_dipl_sem_disputas,31,walk_forward
1994,xgb,0,0.45188626646995544,0,0,0.8977593779563904,robustez,B_sem_disputas,proxy_N1_ge2,proxy,1,2,sem_dipl_sem_disputas,31,walk_forward
1995,rf,0,0.35612937281598345,0,0,0.4663932308115765,robustez,B_sem_disputas,proxy_N1_ge2,proxy,1,2,sem_dipl_sem_disputas,31,walk_forward
1995,xgb,0,0.34743890166282654,0,0,0.8910733461380005,robustez,B_sem_disputas,proxy_N1_ge2,proxy,1,2,sem_dipl_sem_disputas,31,walk_forward
1996,rf,1,0.37171234231056755,0,0,0.47768039912388627,robustez,B_sem_disputas,proxy_N1_ge2,proxy,1,2,sem_dipl_sem_disputas,31,walk_forward
1996,xgb,1,0.18960820138454437,0,0,0.9051877856254578,robustez,B_sem_disputas,proxy_N1_ge2,proxy,1,2,sem_dipl_sem_disputas,31,walk_forward
1997,rf,0,0.24262309716528432,0,0,0.46717642019330524,robustez,B_sem_disputas,proxy_N1_ge2,proxy,1,2,sem_dipl_sem_disputas,31,walk_forward
1997,xgb,0,0.014339551329612732,0,0,0.9040781259536743,robustez,B_sem_disputas,proxy_N1_ge2,proxy,1,2,sem_dipl_sem_disputas,31,walk_forward
1998,rf,0,0.35102387592565293,0,0,0.5062792395048312,robustez,B_sem_disputas,proxy_N1_ge2,proxy,1,2,sem_dipl_sem_disputas,31,walk_forward
1998,xgb,0,0.05810554325580597,0,0,0.9024010896682739,robustez,B_sem_disputas,proxy_N1_ge2,proxy,1,2,sem_dipl_sem_disputas,31,walk_forward
1999,rf,0,0.25946209078596333,0,0,0.48937723136254235,robustez,B_sem_disputas,proxy_N1_ge2,proxy,1,2,sem_dipl_sem_disputas,31,walk_forward
1999,xgb,0,0.03485039249062538,0,0,0.9056446552276611,robustez,B_sem_disputas,proxy_N1_ge2,proxy,1,2,sem_dipl_sem_disputas,31,walk_forward
2000,rf,1,0.24478713460891585,0,0,0.4863382262452034,robustez,B_sem_disputas,proxy_N1_ge2,proxy,1,2,sem_dipl_sem_disputas,31,walk_forward
2000,xgb,1,0.030510902404785156,0,0,0.9063359498977661,robustez,B_sem_disputas,proxy_N1_ge2,proxy,1,2,sem_dipl_sem_disputas,31,walk_forward
2001,rf,0,0.21983985719367802,0,0,0.4835880920830927,robustez,B_sem_disputas,proxy_N1_ge2,proxy,1,2,sem_dipl_sem_disputas,31,walk_forward
2001,xgb,0,0.006978266406804323,0,0,0.908655047416687,robustez,B_sem_disputas,proxy_N1_ge2,proxy,1,2,sem_dipl_sem_disputas,31,walk_forward
2002,rf,0,0.36851775856757046,0,0,0.46563921263293095,robustez,B_sem_disputas,proxy_N1_ge2,proxy,1,2,sem_dipl_sem_disputas,31,walk_forward
2002,xgb,0,0.19113817811012268,0,0,0.9030882716178894,robustez,B_sem_disputas,proxy_N1_ge2,proxy,1,2,sem_dipl_sem_disputas,31,walk_forward
2003,rf,0,0.40052113732483574,0,0,0.4947101210230137,robustez,B_sem_disputas,proxy_N1_ge2,proxy,1,2,sem_dipl_sem_disputas,31,walk_forward
2003,xgb,0,0.3692706227302551,0,0,0.9029161334037781,robustez,B_sem_disputas,proxy_N1_ge2,proxy,1,2,sem_dipl_sem_disputas,31,walk_forward
2004,rf,0,0.2794523073776555,0,0,0.49509871153323776,robustez,B_sem_disputas,proxy_N1_ge2,proxy,1,2,sem_dipl_sem_disputas,31,walk_forward
2004,xgb,0,0.06130339950323105,0,0,0.9028501510620117,robustez,B_sem_disputas,proxy_N1_ge2,proxy,1,2,sem_dipl_sem_disputas,31,walk_forward
2005,rf,0,0.24416638389429815,0,0,0.49617387694807635,robustez,B_sem_disputas,proxy_N1_ge2,proxy,1,2,sem_dipl_sem_disputas,31,walk_forward
2005,xgb,0,0.04440019279718399,0,0,0.9086372256278992,robustez,B_sem_disputas,proxy_N1_ge2,proxy,1,2,sem_dipl_sem_disputas,31,walk_forward
2006,rf,0,0.22923224767353237,0,0,0.4927632584318026,robustez,B_sem_disputas,proxy_N1_ge2,proxy,1,2,sem_dipl_sem_disputas,31,walk_forward
2006,xgb,0,0.18364039063453674,0,0,0.9064741730690002,robustez,B_sem_disputas,proxy_N1_ge2,proxy,1,2,sem_dipl_sem_disputas,31,walk_forward
2007,rf,0,0.18201717425331337,0,0,0.49870771453787993,robustez,B_sem_disputas,proxy_N1_ge2,proxy,1,2,sem_dipl_sem_disputas,31,walk_forward
2007,xgb,0,0.08233470469713211,0,0,0.9095606803894043,robustez,B_sem_disputas,proxy_N1_ge2,proxy,1,2,sem_dipl_sem_disputas,31,walk_forward
2008,rf,0,0.30043042887379384,0,0,0.49875644277683256,robustez,B_sem_disputas,proxy_N1_ge2,proxy,1,2,sem_dipl_sem_disputas,31,walk_forward
2008,xgb,0,0.45795974135398865,0,0,0.9026057124137878,robustez,B_sem_disputas,proxy_N1_ge2,proxy,1,2,sem_dipl_sem_disputas,31,walk_forward
2009,rf,0,0.2535490390003198,0,0,0.4983219381416392,robustez,B_sem_disputas,proxy_N1_ge2,proxy,1,2,sem_dipl_sem_disputas,31,walk_forward
2009,xgb,0,0.06202061101794243,0,0,0.9025396704673767,robustez,B_sem_disputas,proxy_N1_ge2,proxy,1,2,sem_dipl_sem_disputas,31,walk_forward
2010,rf,0,0.19075646304503374,0,0,0.4964577278019409,robustez,B_sem_disputas,proxy_N1_ge2,proxy,1,2,sem_dipl_sem_disputas,31,walk_forward
2010,xgb,0,0.04793364927172661,0,0,0.8991318345069885,robustez,B_sem_disputas,proxy_N1_ge2,proxy,1,2,sem_dipl_sem_disputas,31,walk_forward
2011,rf,0,0.1518767173745199,0,0,0.49901759125779693,robustez,B_sem_disputas,proxy_N1_ge2,proxy,1,2,sem_dipl_sem_disputas,31,walk_forward
2011,xgb,0,0.02831374481320381,0,0,0.9006698727607727,robustez,B_sem_disputas,proxy_N1_ge2,proxy,1,2,sem_dipl_sem_disputas,31,walk_forward
1931,prevalencia,0,0.275,0,0,0.5,robustez,B_sem_disputas,proxy_N1_ge2,proxy,1,2,sem_dipl_sem_disputas,31,walk_forward
1931,persistencia,0,1.0,1,1,0.5,robustez,B_sem_disputas,proxy_N1_ge2,proxy,1,2,sem_dipl_sem_disputas,31,walk_forward
1931,persistencia_purgada,0,0.0,0,0,0.5,robustez,B_sem_disputas,proxy_N1_ge2,proxy,1,2,sem_dipl_sem_disputas,31,walk_forward
1932,prevalencia,1,0.2926829268292683,0,0,0.5,robustez,B_sem_disputas,proxy_N1_ge2,proxy,1,2,sem_dipl_sem_disputas,31,walk_forward
1932,persistencia,1,0.0,0,0,0.5,robustez,B_sem_disputas,proxy_N1_ge2,proxy,1,2,sem_dipl_sem_disputas,31,walk_forward
1932,persistencia_purgada,1,1.0,1,1,0.5,robustez,B_sem_disputas,proxy_N1_ge2,proxy,1,2,sem_dipl_sem_disputas,31,walk_forward
1933,prevalencia,1,0.2857142857142857,0,0,0.5,robustez,B_sem_disputas,proxy_N1_ge2,proxy,1,2,sem_dipl_sem_disputas,31,walk_forward
1933,persistencia,1,1.0,1,1,0.5,robustez,B_sem_disputas,proxy_N1_ge2,proxy,1,2,sem_dipl_sem_disputas,31,walk_forward
1933,persistencia_purgada,1,0.0,0,0,0.5,robustez,B_sem_disputas,proxy_N1_ge2,proxy,1,2,sem_dipl_sem_disputas,31,walk_forward
1934,prevalencia,0,0.3023255813953488,0,0,0.5,robustez,B_sem_disputas,proxy_N1_ge2,proxy,1,2,sem_dipl_sem_disputas,31,walk_forward
1934,persistencia,0,1.0,1,1,0.5,robustez,B_sem_disputas,proxy_N1_ge2,proxy,1,2,sem_dipl_sem_disputas,31,walk_forward
1934,persistencia_purgada,0,1.0,1,1,0.5,robustez,B_sem_disputas,proxy_N1_ge2,proxy,1,2,sem_dipl_sem_disputas,31,walk_forward
1935,prevalencia,0,0.3181818181818182,0,0,0.5,robustez,B_sem_disputas,proxy_N1_ge2,proxy,1,2,sem_dipl_sem_disputas,31,walk_forward
1935,persistencia,0,0.0,0,0,0.5,robustez,B_sem_disputas,proxy_N1_ge2,proxy,1,2,sem_dipl_sem_disputas,31,walk_forward
1935,persistencia_purgada,0,1.0,1,1,0.5,robustez,B_sem_disputas,proxy_N1_ge2,proxy,1,2,sem_dipl_sem_disputas,31,walk_forward
1936,prevalencia,1,0.3111111111111111,0,0,0.5,robustez,B_sem_disputas,proxy_N1_ge2,proxy,1,2,sem_dipl_sem_disputas,31,walk_forward
1936,persistencia,1,0.0,0,0,0.5,robustez,B_sem_disputas,proxy_N1_ge2,proxy,1,2,sem_dipl_sem_disputas,31,walk_forward
1936,persistencia_purgada,1,0.0,0,0,0.5,robustez,B_sem_disputas,proxy_N1_ge2,proxy,1,2,sem_dipl_sem_disputas,31,walk_forward
1937,prevalencia,1,0.30434782608695654,0,0,0.5,robustez,B_sem_disputas,proxy_N1_ge2,proxy,1,2,sem_dipl_sem_disputas,31,walk_forward
1937,persistencia,1,1.0,1,1,0.5,robustez,B_sem_disputas,proxy_N1_ge2,proxy,1,2,sem_dipl_sem_disputas,31,walk_forward
1937,persistencia_purgada,1,0.0,0,0,0.5,robustez,B_sem_disputas,proxy_N1_ge2,proxy,1,2,sem_dipl_sem_disputas,31,walk_forward
1938,prevalencia,1,0.3191489361702128,0,0,0.5,robustez,B_sem_disputas,proxy_N1_ge2,proxy,1,2,sem_dipl_sem_disputas,31,walk_forward
1938,persistencia,1,1.0,1,1,0.5,robustez,B_sem_disputas,proxy_N1_ge2,proxy,1,2,sem_dipl_sem_disputas,31,walk_forward
1938,persistencia_purgada,1,1.0,1,1,0.5,robustez,B_sem_disputas,proxy_N1_ge2,proxy,1,2,sem_dipl_sem_disputas,31,walk_forward
1939,prevalencia,1,0.3333333333333333,0,0,0.5,robustez,B_sem_disputas,proxy_N1_ge2,proxy,1,2,sem_dipl_sem_disputas,31,walk_forward
1939,persistencia,1,1.0,1,1,0.5,robustez,B_sem_disputas,proxy_N1_ge2,proxy,1,2,sem_dipl_sem_disputas,31,walk_forward
1939,persistencia_purgada,1,1.0,1,1,0.5,robustez,B_sem_disputas,proxy_N1_ge2,proxy,1,2,sem_dipl_sem_disputas,31,walk_forward
1940,prevalencia,1,0.3469387755102041,0,0,0.5,robustez,B_sem_disputas,proxy_N1_ge2,proxy,1,2,sem_dipl_sem_disputas,31,walk_forward
1940,persistencia,1,1.0,1,1,0.5,robustez,B_sem_disputas,proxy_N1_ge2,proxy,1,2,sem_dipl_sem_disputas,31,walk_forward
1940,persistencia_purgada,1,1.0,1,1,0.5,robustez,B_sem_disputas,proxy_N1_ge2,proxy,1,2,sem_dipl_sem_disputas,31,walk_forward
1941,prevalencia,0,0.36,0,0,0.5,robustez,B_sem_disputas,proxy_N1_ge2,proxy,1,2,sem_dipl_sem_disputas,31,walk_forward
1941,persistencia,0,1.0,1,1,0.5,robustez,B_sem_disputas,proxy_N1_ge2,proxy,1,2,sem_dipl_sem_disputas,31,walk_forward
1941,persistencia_purgada,0,1.0,1,1,0.5,robustez,B_sem_disputas,proxy_N1_ge2,proxy,1,2,sem_dipl_sem_disputas,31,walk_forward
1942,prevalencia,1,0.37254901960784315,0,0,0.5,robustez,B_sem_disputas,proxy_N1_ge2,proxy,1,2,sem_dipl_sem_disputas,31,walk_forward
1942,persistencia,1,0.0,0,0,0.5,robustez,B_sem_disputas,proxy_N1_ge2,proxy,1,2,sem_dipl_sem_disputas,31,walk_forward
1942,persistencia_purgada,1,1.0,1,1,0.5,robustez,B_sem_disputas,proxy_N1_ge2,proxy,1,2,sem_dipl_sem_disputas,31,walk_forward
1943,prevalencia,0,0.36538461538461536,0,0,0.5,robustez,B_sem_disputas,proxy_N1_ge2,proxy,1,2,sem_dipl_sem_disputas,31,walk_forward
1943,persistencia,0,1.0,1,1,0.5,robustez,B_sem_disputas,proxy_N1_ge2,proxy,1,2,sem_dipl_sem_disputas,31,walk_forward
1943,persistencia_purgada,0,0.0,0,0,0.5,robustez,B_sem_disputas,proxy_N1_ge2,proxy,1,2,sem_dipl_sem_disputas,31,walk_forward
1944,prevalencia,0,0.37735849056603776,0,0,0.5,robustez,B_sem_disputas,proxy_N1_ge2,proxy,1,2,sem_dipl_sem_disputas,31,walk_forward
1944,persistencia,0,0.0,0,0,0.5,robustez,B_sem_disputas,proxy_N1_ge2,proxy,1,2,sem_dipl_sem_disputas,31,walk_forward
1944,persistencia_purgada,0,1.0,1,1,0.5,robustez,B_sem_disputas,proxy_N1_ge2,proxy,1,2,sem_dipl_sem_disputas,31,walk_forward
1945,prevalencia,0,0.37037037037037035,0,0,0.5,robustez,B_sem_disputas,proxy_N1_ge2,proxy,1,2,sem_dipl_sem_disputas,31,walk_forward
1945,persistencia,0,0.0,0,0,0.5,robustez,B_sem_disputas,proxy_N1_ge2,proxy,1,2,sem_dipl_sem_disputas,31,walk_forward
1945,persistencia_purgada,0,0.0,0,0,0.5,robustez,B_sem_disputas,proxy_N1_ge2,proxy,1,2,sem_dipl_sem_disputas,31,walk_forward
1946,prevalencia,1,0.36363636363636365,0,0,0.5,robustez,B_sem_disputas,proxy_N1_ge2,proxy,1,2,sem_dipl_sem_disputas,31,walk_forward
1946,persistencia,1,0.0,0,0,0.5,robustez,B_sem_disputas,proxy_N1_ge2,proxy,1,2,sem_dipl_sem_disputas,31,walk_forward
1946,persistencia_purgada,1,0.0,0,0,0.5,robustez,B_sem_disputas,proxy_N1_ge2,proxy,1,2,sem_dipl_sem_disputas,31,walk_forward
1947,prevalencia,0,0.35714285714285715,0,0,0.5,robustez,B_sem_disputas,proxy_N1_ge2,proxy,1,2,sem_dipl_sem_disputas,31,walk_forward
1947,persistencia,0,1.0,1,1,0.5,robustez,B_sem_disputas,proxy_N1_ge2,proxy,1,2,sem_dipl_sem_disputas,31,walk_forward
1947,persistencia_purgada,0,0.0,0,0,0.5,robustez,B_sem_disputas,proxy_N1_ge2,proxy,1,2,sem_dipl_sem_disputas,31,walk_forward
1948,prevalencia,0,0.3684210526315789,0,0,0.5,robustez,B_sem_disputas,proxy_N1_ge2,proxy,1,2,sem_dipl_sem_disputas,31,walk_forward
1948,persistencia,0,0.0,0,0,0.5,robustez,B_sem_disputas,proxy_N1_ge2,proxy,1,2,sem_dipl_sem_disputas,31,walk_forward
1948,persistencia_purgada,0,1.0,1,1,0.5,robustez,B_sem_disputas,proxy_N1_ge2,proxy,1,2,sem_dipl_sem_disputas,31,walk_forward
1949,prevalencia,1,0.3620689655172414,0,0,0.5,robustez,B_sem_disputas,proxy_N1_ge2,proxy,1,2,sem_dipl_sem_disputas,31,walk_forward
1949,persistencia,1,0.0,0,0,0.5,robustez,B_sem_disputas,proxy_N1_ge2,proxy,1,2,sem_dipl_sem_disputas,31,walk_forward
1949,persistencia_purgada,1,0.0,0,0,0.5,robustez,B_sem_disputas,proxy_N1_ge2,proxy,1,2,sem_dipl_sem_disputas,31,walk_forward
1950,prevalencia,0,0.3559322033898305,0,0,0.5,robustez,B_sem_disputas,proxy_N1_ge2,proxy,1,2,sem_dipl_sem_disputas,31,walk_forward
1950,persistencia,0,1.0,1,1,0.5,robustez,B_sem_disputas,proxy_N1_ge2,proxy,1,2,sem_dipl_sem_disputas,31,walk_forward
1950,persistencia_purgada,0,0.0,0,0,0.5,robustez,B_sem_disputas,proxy_N1_ge2,proxy,1,2,sem_dipl_sem_disputas,31,walk_forward
1951,prevalencia,0,0.36666666666666664,0,0,0.5,robustez,B_sem_disputas,proxy_N1_ge2,proxy,1,2,sem_dipl_sem_disputas,31,walk_forward
1951,persistencia,0,0.0,0,0,0.5,robustez,B_sem_disputas,proxy_N1_ge2,proxy,1,2,sem_dipl_sem_disputas,31,walk_forward
1951,persistencia_purgada,0,1.0,1,1,0.5,robustez,B_sem_disputas,proxy_N1_ge2,proxy,1,2,sem_dipl_sem_disputas,31,walk_forward
1952,prevalencia,0,0.36065573770491804,0,0,0.5,robustez,B_sem_disputas,proxy_N1_ge2,proxy,1,2,sem_dipl_sem_disputas,31,walk_forward
1952,persistencia,0,0.0,0,0,0.5,robustez,B_sem_disputas,proxy_N1_ge2,proxy,1,2,sem_dipl_sem_disputas,31,walk_forward
1952,persistencia_purgada,0,0.0,0,0,0.5,robustez,B_sem_disputas,proxy_N1_ge2,proxy,1,2,sem_dipl_sem_disputas,31,walk_forward
1953,prevalencia,0,0.3548387096774194,0,0,0.5,robustez,B_sem_disputas,proxy_N1_ge2,proxy,1,2,sem_dipl_sem_disputas,31,walk_forward
1953,persistencia,0,0.0,0,0,0.5,robustez,B_sem_disputas,proxy_N1_ge2,proxy,1,2,sem_dipl_sem_disputas,31,walk_forward
1953,persistencia_purgada,0,0.0,0,0,0.5,robustez,B_sem_disputas,proxy_N1_ge2,proxy,1,2,sem_dipl_sem_disputas,31,walk_forward
1954,prevalencia,1,0.3492063492063492,0,0,0.5,robustez,B_sem_disputas,proxy_N1_ge2,proxy,1,2,sem_dipl_sem_disputas,31,walk_forward
1954,persistencia,1,0.0,0,0,0.5,robustez,B_sem_disputas,proxy_N1_ge2,proxy,1,2,sem_dipl_sem_disputas,31,walk_forward
1954,persistencia_purgada,1,0.0,0,0,0.5,robustez,B_sem_disputas,proxy_N1_ge2,proxy,1,2,sem_dipl_sem_disputas,31,walk_forward
1955,prevalencia,0,0.34375,0,0,0.5,robustez,B_sem_disputas,proxy_N1_ge2,proxy,1,2,sem_dipl_sem_disputas,31,walk_forward
1955,persistencia,0,1.0,1,1,0.5,robustez,B_sem_disputas,proxy_N1_ge2,proxy,1,2,sem_dipl_sem_disputas,31,walk_forward
1955,persistencia_purgada,0,0.0,0,0,0.5,robustez,B_sem_disputas,proxy_N1_ge2,proxy,1,2,sem_dipl_sem_disputas,31,walk_forward
1956,prevalencia,0,0.35384615384615387,0,0,0.5,robustez,B_sem_disputas,proxy_N1_ge2,proxy,1,2,sem_dipl_sem_disputas,31,walk_forward
1956,persistencia,0,0.0,0,0,0.5,robustez,B_sem_disputas,proxy_N1_ge2,proxy,1,2,sem_dipl_sem_disputas,31,walk_forward
1956,persistencia_purgada,0,1.0,1,1,0.5,robustez,B_sem_disputas,proxy_N1_ge2,proxy,1,2,sem_dipl_sem_disputas,31,walk_forward
1957,prevalencia,0,0.3484848484848485,0,0,0.5,robustez,B_sem_disputas,proxy_N1_ge2,proxy,1,2,sem_dipl_sem_disputas,31,walk_forward
1957,persistencia,0,0.0,0,0,0.5,robustez,B_sem_disputas,proxy_N1_ge2,proxy,1,2,sem_dipl_sem_disputas,31,walk_forward
1957,persistencia_purgada,0,0.0,0,0,0.5,robustez,B_sem_disputas,proxy_N1_ge2,proxy,1,2,sem_dipl_sem_disputas,31,walk_forward
1958,prevalencia,0,0.34328358208955223,0,0,0.5,robustez,B_sem_disputas,proxy_N1_ge2,proxy,1,2,sem_dipl_sem_disputas,31,walk_forward
1958,persistencia,0,0.0,0,0,0.5,robustez,B_sem_disputas,proxy_N1_ge2,proxy,1,2,sem_dipl_sem_disputas,31,walk_forward
1958,persistencia_purgada,0,0.0,0,0,0.5,robustez,B_sem_disputas,proxy_N1_ge2,proxy,1,2,sem_dipl_sem_disputas,31,walk_forward
1959,prevalencia,0,0.3382352941176471,0,0,0.5,robustez,B_sem_disputas,proxy_N1_ge2,proxy,1,2,sem_dipl_sem_disputas,31,walk_forward
1959,persistencia,0,0.0,0,0,0.5,robustez,B_sem_disputas,proxy_N1_ge2,proxy,1,2,sem_dipl_sem_disputas,31,walk_forward
1959,persistencia_purgada,0,0.0,0,0,0.5,robustez,B_sem_disputas,proxy_N1_ge2,proxy,1,2,sem_dipl_sem_disputas,31,walk_forward
1960,prevalencia,1,0.3333333333333333,0,0,0.5,robustez,B_sem_disputas,proxy_N1_ge2,proxy,1,2,sem_dipl_sem_disputas,31,walk_forward
1960,persistencia,1,0.0,0,0,0.5,robustez,B_sem_disputas,proxy_N1_ge2,proxy,1,2,sem_dipl_sem_disputas,31,walk_forward
1960,persistencia_purgada,1,0.0,0,0,0.5,robustez,B_sem_disputas,proxy_N1_ge2,proxy,1,2,sem_dipl_sem_disputas,31,walk_forward
1961,prevalencia,0,0.32857142857142857,0,0,0.5,robustez,B_sem_disputas,proxy_N1_ge2,proxy,1,2,sem_dipl_sem_disputas,31,walk_forward
1961,persistencia,0,1.0,1,1,0.5,robustez,B_sem_disputas,proxy_N1_ge2,proxy,1,2,sem_dipl_sem_disputas,31,walk_forward
1961,persistencia_purgada,0,0.0,0,0,0.5,robustez,B_sem_disputas,proxy_N1_ge2,proxy,1,2,sem_dipl_sem_disputas,31,walk_forward
1962,prevalencia,0,0.3380281690140845,0,0,0.5,robustez,B_sem_disputas,proxy_N1_ge2,proxy,1,2,sem_dipl_sem_disputas,31,walk_forward
1962,persistencia,0,0.0,0,0,0.5,robustez,B_sem_disputas,proxy_N1_ge2,proxy,1,2,sem_dipl_sem_disputas,31,walk_forward
1962,persistencia_purgada,0,1.0,1,1,0.5,robustez,B_sem_disputas,proxy_N1_ge2,proxy,1,2,sem_dipl_sem_disputas,31,walk_forward
1963,prevalencia,1,0.3333333333333333,0,0,0.5,robustez,B_sem_disputas,proxy_N1_ge2,proxy,1,2,sem_dipl_sem_disputas,31,walk_forward
1963,persistencia,1,0.0,0,0,0.5,robustez,B_sem_disputas,proxy_N1_ge2,proxy,1,2,sem_dipl_sem_disputas,31,walk_forward
1963,persistencia_purgada,1,0.0,0,0,0.5,robustez,B_sem_disputas,proxy_N1_ge2,proxy,1,2,sem_dipl_sem_disputas,31,walk_forward
1964,prevalencia,0,0.3287671232876712,0,0,0.5,robustez,B_sem_disputas,proxy_N1_ge2,proxy,1,2,sem_dipl_sem_disputas,31,walk_forward
1964,persistencia,0,1.0,1,1,0.5,robustez,B_sem_disputas,proxy_N1_ge2,proxy,1,2,sem_dipl_sem_disputas,31,walk_forward
1964,persistencia_purgada,0,0.0,0,0,0.5,robustez,B_sem_disputas,proxy_N1_ge2,proxy,1,2,sem_dipl_sem_disputas,31,walk_forward
1965,prevalencia,0,0.33783783783783783,0,0,0.5,robustez,B_sem_disputas,proxy_N1_ge2,proxy,1,2,sem_dipl_sem_disputas,31,walk_forward
1965,persistencia,0,0.0,0,0,0.5,robustez,B_sem_disputas,proxy_N1_ge2,proxy,1,2,sem_dipl_sem_disputas,31,walk_forward
1965,persistencia_purgada,0,1.0,1,1,0.5,robustez,B_sem_disputas,proxy_N1_ge2,proxy,1,2,sem_dipl_sem_disputas,31,walk_forward
1966,prevalencia,0,0.3333333333333333,0,0,0.5,robustez,B_sem_disputas,proxy_N1_ge2,proxy,1,2,sem_dipl_sem_disputas,31,walk_forward
1966,persistencia,0,0.0,0,0,0.5,robustez,B_sem_disputas,proxy_N1_ge2,proxy,1,2,sem_dipl_sem_disputas,31,walk_forward
1966,persistencia_purgada,0,0.0,0,0,0.5,robustez,B_sem_disputas,proxy_N1_ge2,proxy,1,2,sem_dipl_sem_disputas,31,walk_forward
1967,prevalencia,0,0.32894736842105265,0,0,0.5,robustez,B_sem_disputas,proxy_N1_ge2,proxy,1,2,sem_dipl_sem_disputas,31,walk_forward
1967,persistencia,0,0.0,0,0,0.5,robustez,B_sem_disputas,proxy_N1_ge2,proxy,1,2,sem_dipl_sem_disputas,31,walk_forward
1967,persistencia_purgada,0,0.0,0,0,0.5,robustez,B_sem_disputas,proxy_N1_ge2,proxy,1,2,sem_dipl_sem_disputas,31,walk_forward
1968,prevalencia,0,0.3246753246753247,0,0,0.5,robustez,B_sem_disputas,proxy_N1_ge2,proxy,1,2,sem_dipl_sem_disputas,31,walk_forward
1968,persistencia,0,0.0,0,0,0.5,robustez,B_sem_disputas,proxy_N1_ge2,proxy,1,2,sem_dipl_sem_disputas,31,walk_forward
1968,persistencia_purgada,0,0.0,0,0,0.5,robustez,B_sem_disputas,proxy_N1_ge2,proxy,1,2,sem_dipl_sem_disputas,31,walk_forward
1969,prevalencia,0,0.32051282051282054,0,0,0.5,robustez,B_sem_disputas,proxy_N1_ge2,proxy,1,2,sem_dipl_sem_disputas,31,walk_forward
1969,persistencia,0,0.0,0,0,0.5,robustez,B_sem_disputas,proxy_N1_ge2,proxy,1,2,sem_dipl_sem_disputas,31,walk_forward
1969,persistencia_purgada,0,0.0,0,0,0.5,robustez,B_sem_disputas,proxy_N1_ge2,proxy,1,2,sem_dipl_sem_disputas,31,walk_forward
1970,prevalencia,0,0.31645569620253167,0,0,0.5,robustez,B_sem_disputas,proxy_N1_ge2,proxy,1,2,sem_dipl_sem_disputas,31,walk_forward
1970,persistencia,0,0.0,0,0,0.5,robustez,B_sem_disputas,proxy_N1_ge2,proxy,1,2,sem_dipl_sem_disputas,31,walk_forward
1970,persistencia_purgada,0,0.0,0,0,0.5,robustez,B_sem_disputas,proxy_N1_ge2,proxy,1,2,sem_dipl_sem_disputas,31,walk_forward
1971,prevalencia,0,0.3125,0,0,0.5,robustez,B_sem_disputas,proxy_N1_ge2,proxy,1,2,sem_dipl_sem_disputas,31,walk_forward
1971,persistencia,0,0.0,0,0,0.5,robustez,B_sem_disputas,proxy_N1_ge2,proxy,1,2,sem_dipl_sem_disputas,31,walk_forward
1971,persistencia_purgada,0,0.0,0,0,0.5,robustez,B_sem_disputas,proxy_N1_ge2,proxy,1,2,sem_dipl_sem_disputas,31,walk_forward
1972,prevalencia,0,0.30864197530864196,0,0,0.5,robustez,B_sem_disputas,proxy_N1_ge2,proxy,1,2,sem_dipl_sem_disputas,31,walk_forward
1972,persistencia,0,0.0,0,0,0.5,robustez,B_sem_disputas,proxy_N1_ge2,proxy,1,2,sem_dipl_sem_disputas,31,walk_forward
1972,persistencia_purgada,0,0.0,0,0,0.5,robustez,B_sem_disputas,proxy_N1_ge2,proxy,1,2,sem_dipl_sem_disputas,31,walk_forward
1973,prevalencia,0,0.3048780487804878,0,0,0.5,robustez,B_sem_disputas,proxy_N1_ge2,proxy,1,2,sem_dipl_sem_disputas,31,walk_forward
1973,persistencia,0,0.0,0,0,0.5,robustez,B_sem_disputas,proxy_N1_ge2,proxy,1,2,sem_dipl_sem_disputas,31,walk_forward
1973,persistencia_purgada,0,0.0,0,0,0.5,robustez,B_sem_disputas,proxy_N1_ge2,proxy,1,2,sem_dipl_sem_disputas,31,walk_forward
1974,prevalencia,0,0.30120481927710846,0,0,0.5,robustez,B_sem_disputas,proxy_N1_ge2,proxy,1,2,sem_dipl_sem_disputas,31,walk_forward
1974,persistencia,0,0.0,0,0,0.5,robustez,B_sem_disputas,proxy_N1_ge2,proxy,1,2,sem_dipl_sem_disputas,31,walk_forward
1974,persistencia_purgada,0,0.0,0,0,0.5,robustez,B_sem_disputas,proxy_N1_ge2,proxy,1,2,sem_dipl_sem_disputas,31,walk_forward
1975,prevalencia,0,0.2976190476190476,0,0,0.5,robustez,B_sem_disputas,proxy_N1_ge2,proxy,1,2,sem_dipl_sem_disputas,31,walk_forward
1975,persistencia,0,0.0,0,0,0.5,robustez,B_sem_disputas,proxy_N1_ge2,proxy,1,2,sem_dipl_sem_disputas,31,walk_forward
1975,persistencia_purgada,0,0.0,0,0,0.5,robustez,B_sem_disputas,proxy_N1_ge2,proxy,1,2,sem_dipl_sem_disputas,31,walk_forward
1976,prevalencia,0,0.29411764705882354,0,0,0.5,robustez,B_sem_disputas,proxy_N1_ge2,proxy,1,2,sem_dipl_sem_disputas,31,walk_forward
1976,persistencia,0,0.0,0,0,0.5,robustez,B_sem_disputas,proxy_N1_ge2,proxy,1,2,sem_dipl_sem_disputas,31,walk_forward
1976,persistencia_purgada,0,0.0,0,0,0.5,robustez,B_sem_disputas,proxy_N1_ge2,proxy,1,2,sem_dipl_sem_disputas,31,walk_forward
1977,prevalencia,1,0.29069767441860467,0,0,0.5,robustez,B_sem_disputas,proxy_N1_ge2,proxy,1,2,sem_dipl_sem_disputas,31,walk_forward
1977,persistencia,1,0.0,0,0,0.5,robustez,B_sem_disputas,proxy_N1_ge2,proxy,1,2,sem_dipl_sem_disputas,31,walk_forward
1977,persistencia_purgada,1,0.0,0,0,0.5,robustez,B_sem_disputas,proxy_N1_ge2,proxy,1,2,sem_dipl_sem_disputas,31,walk_forward
1978,prevalencia,0,0.28735632183908044,0,0,0.5,robustez,B_sem_disputas,proxy_N1_ge2,proxy,1,2,sem_dipl_sem_disputas,31,walk_forward
1978,persistencia,0,1.0,1,1,0.5,robustez,B_sem_disputas,proxy_N1_ge2,proxy,1,2,sem_dipl_sem_disputas,31,walk_forward
1978,persistencia_purgada,0,0.0,0,0,0.5,robustez,B_sem_disputas,proxy_N1_ge2,proxy,1,2,sem_dipl_sem_disputas,31,walk_forward
1979,prevalencia,0,0.29545454545454547,0,0,0.5,robustez,B_sem_disputas,proxy_N1_ge2,proxy,1,2,sem_dipl_sem_disputas,31,walk_forward
1979,persistencia,0,0.0,0,0,0.5,robustez,B_sem_disputas,proxy_N1_ge2,proxy,1,2,sem_dipl_sem_disputas,31,walk_forward
1979,persistencia_purgada,0,1.0,1,1,0.5,robustez,B_sem_disputas,proxy_N1_ge2,proxy,1,2,sem_dipl_sem_disputas,31,walk_forward
1980,prevalencia,0,0.29213483146067415,0,0,0.5,robustez,B_sem_disputas,proxy_N1_ge2,proxy,1,2,sem_dipl_sem_disputas,31,walk_forward
1980,persistencia,0,0.0,0,0,0.5,robustez,B_sem_disputas,proxy_N1_ge2,proxy,1,2,sem_dipl_sem_disputas,31,walk_forward
1980,persistencia_purgada,0,0.0,0,0,0.5,robustez,B_sem_disputas,proxy_N1_ge2,proxy,1,2,sem_dipl_sem_disputas,31,walk_forward
1981,prevalencia,0,0.28888888888888886,0,0,0.5,robustez,B_sem_disputas,proxy_N1_ge2,proxy,1,2,sem_dipl_sem_disputas,31,walk_forward
1981,persistencia,0,0.0,0,0,0.5,robustez,B_sem_disputas,proxy_N1_ge2,proxy,1,2,sem_dipl_sem_disputas,31,walk_forward
1981,persistencia_purgada,0,0.0,0,0,0.5,robustez,B_sem_disputas,proxy_N1_ge2,proxy,1,2,sem_dipl_sem_disputas,31,walk_forward
1982,prevalencia,0,0.2857142857142857,0,0,0.5,robustez,B_sem_disputas,proxy_N1_ge2,proxy,1,2,sem_dipl_sem_disputas,31,walk_forward
1982,persistencia,0,0.0,0,0,0.5,robustez,B_sem_disputas,proxy_N1_ge2,proxy,1,2,sem_dipl_sem_disputas,31,walk_forward
1982,persistencia_purgada,0,0.0,0,0,0.5,robustez,B_sem_disputas,proxy_N1_ge2,proxy,1,2,sem_dipl_sem_disputas,31,walk_forward
1983,prevalencia,0,0.2826086956521739,0,0,0.5,robustez,B_sem_disputas,proxy_N1_ge2,proxy,1,2,sem_dipl_sem_disputas,31,walk_forward
1983,persistencia,0,0.0,0,0,0.5,robustez,B_sem_disputas,proxy_N1_ge2,proxy,1,2,sem_dipl_sem_disputas,31,walk_forward
1983,persistencia_purgada,0,0.0,0,0,0.5,robustez,B_sem_disputas,proxy_N1_ge2,proxy,1,2,sem_dipl_sem_disputas,31,walk_forward
1984,prevalencia,0,0.27956989247311825,0,0,0.5,robustez,B_sem_disputas,proxy_N1_ge2,proxy,1,2,sem_dipl_sem_disputas,31,walk_forward
1984,persistencia,0,0.0,0,0,0.5,robustez,B_sem_disputas,proxy_N1_ge2,proxy,1,2,sem_dipl_sem_disputas,31,walk_forward
1984,persistencia_purgada,0,0.0,0,0,0.5,robustez,B_sem_disputas,proxy_N1_ge2,proxy,1,2,sem_dipl_sem_disputas,31,walk_forward
1985,prevalencia,1,0.2765957446808511,0,0,0.5,robustez,B_sem_disputas,proxy_N1_ge2,proxy,1,2,sem_dipl_sem_disputas,31,walk_forward
1985,persistencia,1,0.0,0,0,0.5,robustez,B_sem_disputas,proxy_N1_ge2,proxy,1,2,sem_dipl_sem_disputas,31,walk_forward
1985,persistencia_purgada,1,0.0,0,0,0.5,robustez,B_sem_disputas,proxy_N1_ge2,proxy,1,2,sem_dipl_sem_disputas,31,walk_forward
1986,prevalencia,0,0.2736842105263158,0,0,0.5,robustez,B_sem_disputas,proxy_N1_ge2,proxy,1,2,sem_dipl_sem_disputas,31,walk_forward
1986,persistencia,0,1.0,1,1,0.5,robustez,B_sem_disputas,proxy_N1_ge2,proxy,1,2,sem_dipl_sem_disputas,31,walk_forward
1986,persistencia_purgada,0,0.0,0,0,0.5,robustez,B_sem_disputas,proxy_N1_ge2,proxy,1,2,sem_dipl_sem_disputas,31,walk_forward
1987,prevalencia,0,0.28125,0,0,0.5,robustez,B_sem_disputas,proxy_N1_ge2,proxy,1,2,sem_dipl_sem_disputas,31,walk_forward
1987,persistencia,0,0.0,0,0,0.5,robustez,B_sem_disputas,proxy_N1_ge2,proxy,1,2,sem_dipl_sem_disputas,31,walk_forward
1987,persistencia_purgada,0,1.0,1,1,0.5,robustez,B_sem_disputas,proxy_N1_ge2,proxy,1,2,sem_dipl_sem_disputas,31,walk_forward
1988,prevalencia,0,0.27835051546391754,0,0,0.5,robustez,B_sem_disputas,proxy_N1_ge2,proxy,1,2,sem_dipl_sem_disputas,31,walk_forward
1988,persistencia,0,0.0,0,0,0.5,robustez,B_sem_disputas,proxy_N1_ge2,proxy,1,2,sem_dipl_sem_disputas,31,walk_forward
1988,persistencia_purgada,0,0.0,0,0,0.5,robustez,B_sem_disputas,proxy_N1_ge2,proxy,1,2,sem_dipl_sem_disputas,31,walk_forward
1989,prevalencia,1,0.2755102040816326,0,0,0.5,robustez,B_sem_disputas,proxy_N1_ge2,proxy,1,2,sem_dipl_sem_disputas,31,walk_forward
1989,persistencia,1,0.0,0,0,0.5,robustez,B_sem_disputas,proxy_N1_ge2,proxy,1,2,sem_dipl_sem_disputas,31,walk_forward
1989,persistencia_purgada,1,0.0,0,0,0.5,robustez,B_sem_disputas,proxy_N1_ge2,proxy,1,2,sem_dipl_sem_disputas,31,walk_forward
1990,prevalencia,0,0.2727272727272727,0,0,0.5,robustez,B_sem_disputas,proxy_N1_ge2,proxy,1,2,sem_dipl_sem_disputas,31,walk_forward
1990,persistencia,0,1.0,1,1,0.5,robustez,B_sem_disputas,proxy_N1_ge2,proxy,1,2,sem_dipl_sem_disputas,31,walk_forward
1990,persistencia_purgada,0,0.0,0,0,0.5,robustez,B_sem_disputas,proxy_N1_ge2,proxy,1,2,sem_dipl_sem_disputas,31,walk_forward
1991,prevalencia,0,0.28,0,0,0.5,robustez,B_sem_disputas,proxy_N1_ge2,proxy,1,2,sem_dipl_sem_disputas,31,walk_forward
1991,persistencia,0,0.0,0,0,0.5,robustez,B_sem_disputas,proxy_N1_ge2,proxy,1,2,sem_dipl_sem_disputas,31,walk_forward
1991,persistencia_purgada,0,1.0,1,1,0.5,robustez,B_sem_disputas,proxy_N1_ge2,proxy,1,2,sem_dipl_sem_disputas,31,walk_forward
1992,prevalencia,1,0.27722772277227725,0,0,0.5,robustez,B_sem_disputas,proxy_N1_ge2,proxy,1,2,sem_dipl_sem_disputas,31,walk_forward
1992,persistencia,1,0.0,0,0,0.5,robustez,B_sem_disputas,proxy_N1_ge2,proxy,1,2,sem_dipl_sem_disputas,31,walk_forward
1992,persistencia_purgada,1,0.0,0,0,0.5,robustez,B_sem_disputas,proxy_N1_ge2,proxy,1,2,sem_dipl_sem_disputas,31,walk_forward
1993,prevalencia,0,0.27450980392156865,0,0,0.5,robustez,B_sem_disputas,proxy_N1_ge2,proxy,1,2,sem_dipl_sem_disputas,31,walk_forward
1993,persistencia,0,1.0,1,1,0.5,robustez,B_sem_disputas,proxy_N1_ge2,proxy,1,2,sem_dipl_sem_disputas,31,walk_forward
1993,persistencia_purgada,0,0.0,0,0,0.5,robustez,B_sem_disputas,proxy_N1_ge2,proxy,1,2,sem_dipl_sem_disputas,31,walk_forward
1994,prevalencia,0,0.2815533980582524,0,0,0.5,robustez,B_sem_disputas,proxy_N1_ge2,proxy,1,2,sem_dipl_sem_disputas,31,walk_forward
1994,persistencia,0,0.0,0,0,0.5,robustez,B_sem_disputas,proxy_N1_ge2,proxy,1,2,sem_dipl_sem_disputas,31,walk_forward
1994,persistencia_purgada,0,1.0,1,1,0.5,robustez,B_sem_disputas,proxy_N1_ge2,proxy,1,2,sem_dipl_sem_disputas,31,walk_forward
1995,prevalencia,0,0.27884615384615385,0,0,0.5,robustez,B_sem_disputas,proxy_N1_ge2,proxy,1,2,sem_dipl_sem_disputas,31,walk_forward
1995,persistencia,0,0.0,0,0,0.5,robustez,B_sem_disputas,proxy_N1_ge2,proxy,1,2,sem_dipl_sem_disputas,31,walk_forward
1995,persistencia_purgada,0,0.0,0,0,0.5,robustez,B_sem_disputas,proxy_N1_ge2,proxy,1,2,sem_dipl_sem_disputas,31,walk_forward
1996,prevalencia,1,0.2761904761904762,0,0,0.5,robustez,B_sem_disputas,proxy_N1_ge2,proxy,1,2,sem_dipl_sem_disputas,31,walk_forward
1996,persistencia,1,0.0,0,0,0.5,robustez,B_sem_disputas,proxy_N1_ge2,proxy,1,2,sem_dipl_sem_disputas,31,walk_forward
1996,persistencia_purgada,1,0.0,0,0,0.5,robustez,B_sem_disputas,proxy_N1_ge2,proxy,1,2,sem_dipl_sem_disputas,31,walk_forward
1997,prevalencia,0,0.27358490566037735,0,0,0.5,robustez,B_sem_disputas,proxy_N1_ge2,proxy,1,2,sem_dipl_sem_disputas,31,walk_forward
1997,persistencia,0,1.0,1,1,0.5,robustez,B_sem_disputas,proxy_N1_ge2,proxy,1,2,sem_dipl_sem_disputas,31,walk_forward
1997,persistencia_purgada,0,0.0,0,0,0.5,robustez,B_sem_disputas,proxy_N1_ge2,proxy,1,2,sem_dipl_sem_disputas,31,walk_forward
1998,prevalencia,0,0.2803738317757009,0,0,0.5,robustez,B_sem_disputas,proxy_N1_ge2,proxy,1,2,sem_dipl_sem_disputas,31,walk_forward
1998,persistencia,0,0.0,0,0,0.5,robustez,B_sem_disputas,proxy_N1_ge2,proxy,1,2,sem_dipl_sem_disputas,31,walk_forward
1998,persistencia_purgada,0,1.0,1,1,0.5,robustez,B_sem_disputas,proxy_N1_ge2,proxy,1,2,sem_dipl_sem_disputas,31,walk_forward
1999,prevalencia,0,0.2777777777777778,0,0,0.5,robustez,B_sem_disputas,proxy_N1_ge2,proxy,1,2,sem_dipl_sem_disputas,31,walk_forward
1999,persistencia,0,0.0,0,0,0.5,robustez,B_sem_disputas,proxy_N1_ge2,proxy,1,2,sem_dipl_sem_disputas,31,walk_forward
1999,persistencia_purgada,0,0.0,0,0,0.5,robustez,B_sem_disputas,proxy_N1_ge2,proxy,1,2,sem_dipl_sem_disputas,31,walk_forward
2000,prevalencia,1,0.27522935779816515,0,0,0.5,robustez,B_sem_disputas,proxy_N1_ge2,proxy,1,2,sem_dipl_sem_disputas,31,walk_forward
2000,persistencia,1,0.0,0,0,0.5,robustez,B_sem_disputas,proxy_N1_ge2,proxy,1,2,sem_dipl_sem_disputas,31,walk_forward
2000,persistencia_purgada,1,0.0,0,0,0.5,robustez,B_sem_disputas,proxy_N1_ge2,proxy,1,2,sem_dipl_sem_disputas,31,walk_forward
2001,prevalencia,0,0.2727272727272727,0,0,0.5,robustez,B_sem_disputas,proxy_N1_ge2,proxy,1,2,sem_dipl_sem_disputas,31,walk_forward
2001,persistencia,0,1.0,1,1,0.5,robustez,B_sem_disputas,proxy_N1_ge2,proxy,1,2,sem_dipl_sem_disputas,31,walk_forward
2001,persistencia_purgada,0,0.0,0,0,0.5,robustez,B_sem_disputas,proxy_N1_ge2,proxy,1,2,sem_dipl_sem_disputas,31,walk_forward
2002,prevalencia,0,0.27927927927927926,0,0,0.5,robustez,B_sem_disputas,proxy_N1_ge2,proxy,1,2,sem_dipl_sem_disputas,31,walk_forward
2002,persistencia,0,0.0,0,0,0.5,robustez,B_sem_disputas,proxy_N1_ge2,proxy,1,2,sem_dipl_sem_disputas,31,walk_forward
2002,persistencia_purgada,0,1.0,1,1,0.5,robustez,B_sem_disputas,proxy_N1_ge2,proxy,1,2,sem_dipl_sem_disputas,31,walk_forward
2003,prevalencia,0,0.2767857142857143,0,0,0.5,robustez,B_sem_disputas,proxy_N1_ge2,proxy,1,2,sem_dipl_sem_disputas,31,walk_forward
2003,persistencia,0,0.0,0,0,0.5,robustez,B_sem_disputas,proxy_N1_ge2,proxy,1,2,sem_dipl_sem_disputas,31,walk_forward
2003,persistencia_purgada,0,0.0,0,0,0.5,robustez,B_sem_disputas,proxy_N1_ge2,proxy,1,2,sem_dipl_sem_disputas,31,walk_forward
2004,prevalencia,0,0.2743362831858407,0,0,0.5,robustez,B_sem_disputas,proxy_N1_ge2,proxy,1,2,sem_dipl_sem_disputas,31,walk_forward
2004,persistencia,0,0.0,0,0,0.5,robustez,B_sem_disputas,proxy_N1_ge2,proxy,1,2,sem_dipl_sem_disputas,31,walk_forward
2004,persistencia_purgada,0,0.0,0,0,0.5,robustez,B_sem_disputas,proxy_N1_ge2,proxy,1,2,sem_dipl_sem_disputas,31,walk_forward
2005,prevalencia,0,0.2719298245614035,0,0,0.5,robustez,B_sem_disputas,proxy_N1_ge2,proxy,1,2,sem_dipl_sem_disputas,31,walk_forward
2005,persistencia,0,0.0,0,0,0.5,robustez,B_sem_disputas,proxy_N1_ge2,proxy,1,2,sem_dipl_sem_disputas,31,walk_forward
2005,persistencia_purgada,0,0.0,0,0,0.5,robustez,B_sem_disputas,proxy_N1_ge2,proxy,1,2,sem_dipl_sem_disputas,31,walk_forward
2006,prevalencia,0,0.26956521739130435,0,0,0.5,robustez,B_sem_disputas,proxy_N1_ge2,proxy,1,2,sem_dipl_sem_disputas,31,walk_forward
2006,persistencia,0,0.0,0,0,0.5,robustez,B_sem_disputas,proxy_N1_ge2,proxy,1,2,sem_dipl_sem_disputas,31,walk_forward
2006,persistencia_purgada,0,0.0,0,0,0.5,robustez,B_sem_disputas,proxy_N1_ge2,proxy,1,2,sem_dipl_sem_disputas,31,walk_forward
2007,prevalencia,0,0.2672413793103448,0,0,0.5,robustez,B_sem_disputas,proxy_N1_ge2,proxy,1,2,sem_dipl_sem_disputas,31,walk_forward
2007,persistencia,0,0.0,0,0,0.5,robustez,B_sem_disputas,proxy_N1_ge2,proxy,1,2,sem_dipl_sem_disputas,31,walk_forward
2007,persistencia_purgada,0,0.0,0,0,0.5,robustez,B_sem_disputas,proxy_N1_ge2,proxy,1,2,sem_dipl_sem_disputas,31,walk_forward
2008,prevalencia,0,0.26495726495726496,0,0,0.5,robustez,B_sem_disputas,proxy_N1_ge2,proxy,1,2,sem_dipl_sem_disputas,31,walk_forward
2008,persistencia,0,0.0,0,0,0.5,robustez,B_sem_disputas,proxy_N1_ge2,proxy,1,2,sem_dipl_sem_disputas,31,walk_forward
2008,persistencia_purgada,0,0.0,0,0,0.5,robustez,B_sem_disputas,proxy_N1_ge2,proxy,1,2,sem_dipl_sem_disputas,31,walk_forward
2009,prevalencia,0,0.2627118644067797,0,0,0.5,robustez,B_sem_disputas,proxy_N1_ge2,proxy,1,2,sem_dipl_sem_disputas,31,walk_forward
2009,persistencia,0,0.0,0,0,0.5,robustez,B_sem_disputas,proxy_N1_ge2,proxy,1,2,sem_dipl_sem_disputas,31,walk_forward
2009,persistencia_purgada,0,0.0,0,0,0.5,robustez,B_sem_disputas,proxy_N1_ge2,proxy,1,2,sem_dipl_sem_disputas,31,walk_forward
2010,prevalencia,0,0.2605042016806723,0,0,0.5,robustez,B_sem_disputas,proxy_N1_ge2,proxy,1,2,sem_dipl_sem_disputas,31,walk_forward
2010,persistencia,0,0.0,0,0,0.5,robustez,B_sem_disputas,proxy_N1_ge2,proxy,1,2,sem_dipl_sem_disputas,31,walk_forward
2010,persistencia_purgada,0,0.0,0,0,0.5,robustez,B_sem_disputas,proxy_N1_ge2,proxy,1,2,sem_dipl_sem_disputas,31,walk_forward
2011,prevalencia,0,0.25833333333333336,0,0,0.5,robustez,B_sem_disputas,proxy_N1_ge2,proxy,1,2,sem_dipl_sem_disputas,31,walk_forward
2011,persistencia,0,0.0,0,0,0.5,robustez,B_sem_disputas,proxy_N1_ge2,proxy,1,2,sem_dipl_sem_disputas,31,walk_forward
2011,persistencia_purgada,0,0.0,0,0,0.5,robustez,B_sem_disputas,proxy_N1_ge2,proxy,1,2,sem_dipl_sem_disputas,31,walk_forward
