ano,seed,prob,best_epoch,y,celula,variante,arch
1931,42,0.4891270399093628,21,0,proxy_N1_ge2,com_dipl,gcn
1931,43,0.4366941452026367,0,0,proxy_N1_ge2,com_dipl,gcn
1931,44,0.49240779876708984,5,0,proxy_N1_ge2,com_dipl,gcn
1931,45,0.48546573519706726,24,0,proxy_N1_ge2,com_dipl,gcn
1931,46,0.48239079117774963,0,0,proxy_N1_ge2,com_dipl,gcn
1932,42,0.4914272427558899,43,1,proxy_N1_ge2,com_dipl,gcn
1932,43,0.44657015800476074,3,1,proxy_N1_ge2,com_dipl,gcn
1932,44,0.4904724955558777,11,1,proxy_N1_ge2,com_dipl,gcn
1932,45,0.48762357234954834,21,1,proxy_N1_ge2,com_dipl,gcn
1932,46,0.48683300614356995,0,1,proxy_N1_ge2,com_dipl,gcn
1933,42,0.49415817856788635,23,1,proxy_N1_ge2,com_dipl,gcn
1933,43,0.4413933753967285,1,1,proxy_N1_ge2,com_dipl,gcn
1933,44,0.487510621547699,28,1,proxy_N1_ge2,com_dipl,gcn
1933,45,0.5008904933929443,21,1,proxy_N1_ge2,com_dipl,gcn
1933,46,0.4889843165874481,0,1,proxy_N1_ge2,com_dipl,gcn
1934,42,0.5041386485099792,0,0,proxy_N1_ge2,com_dipl,gcn
1934,43,0.49957674741744995,17,0,proxy_N1_ge2,com_dipl,gcn
1934,44,0.5155102610588074,0,0,proxy_N1_ge2,com_dipl,gcn
1934,45,0.5397258400917053,3,0,proxy_N1_ge2,com_dipl,gcn
1934,46,0.5042757987976074,36,0,proxy_N1_ge2,com_dipl,gcn
1935,42,0.5033422112464905,11,0,proxy_N1_ge2,com_dipl,gcn
1935,43,0.5202305316925049,24,0,proxy_N1_ge2,com_dipl,gcn
1935,44,0.5205307602882385,1,0,proxy_N1_ge2,com_dipl,gcn
1935,45,0.578368067741394,0,0,proxy_N1_ge2,com_dipl,gcn
1935,46,0.5061001777648926,12,0,proxy_N1_ge2,com_dipl,gcn
1936,42,0.5103889107704163,28,1,proxy_N1_ge2,com_dipl,gcn
1936,43,0.506192684173584,21,1,proxy_N1_ge2,com_dipl,gcn
1936,44,0.5218728184700012,1,1,proxy_N1_ge2,com_dipl,gcn
1936,45,0.5661784410476685,0,1,proxy_N1_ge2,com_dipl,gcn
1936,46,0.5030446648597717,6,1,proxy_N1_ge2,com_dipl,gcn
1937,42,0.50536048412323,0,1,proxy_N1_ge2,com_dipl,gcn
1937,43,0.5113041400909424,17,1,proxy_N1_ge2,com_dipl,gcn
1937,44,0.506859302520752,0,1,proxy_N1_ge2,com_dipl,gcn
1937,45,0.5637559294700623,0,1,proxy_N1_ge2,com_dipl,gcn
1937,46,0.5047125220298767,14,1,proxy_N1_ge2,com_dipl,gcn
1938,42,0.5074461102485657,12,1,proxy_N1_ge2,com_dipl,gcn
1938,43,0.5044939517974854,26,1,proxy_N1_ge2,com_dipl,gcn
1938,44,0.5047938227653503,0,1,proxy_N1_ge2,com_dipl,gcn
1938,45,0.5686192512512207,0,1,proxy_N1_ge2,com_dipl,gcn
1938,46,0.5069722533226013,11,1,proxy_N1_ge2,com_dipl,gcn
1939,42,0.5088544487953186,12,1,proxy_N1_ge2,com_dipl,gcn
1939,43,0.5036560893058777,26,1,proxy_N1_ge2,com_dipl,gcn
1939,44,0.5103368759155273,0,1,proxy_N1_ge2,com_dipl,gcn
1939,45,0.5612030625343323,0,1,proxy_N1_ge2,com_dipl,gcn
1939,46,0.5004913210868835,11,1,proxy_N1_ge2,com_dipl,gcn
1940,42,0.5063276886940002,0,1,proxy_N1_ge2,com_dipl,gcn
1940,43,0.5004364848136902,42,1,proxy_N1_ge2,com_dipl,gcn
1940,44,0.5121412873268127,0,1,proxy_N1_ge2,com_dipl,gcn
1940,45,0.569382905960083,0,1,proxy_N1_ge2,com_dipl,gcn
1940,46,0.5090615153312683,33,1,proxy_N1_ge2,com_dipl,gcn
1941,42,0.5111544132232666,11,0,proxy_N1_ge2,com_dipl,gcn
1941,43,0.5077999234199524,32,0,proxy_N1_ge2,com_dipl,gcn
1941,44,0.5204072594642639,0,0,proxy_N1_ge2,com_dipl,gcn
1941,45,0.5570926666259766,0,0,proxy_N1_ge2,com_dipl,gcn
1941,46,0.5058004856109619,50,0,proxy_N1_ge2,com_dipl,gcn
1942,42,0.5094629526138306,1,1,proxy_N1_ge2,com_dipl,gcn
1942,43,0.5005861520767212,31,1,proxy_N1_ge2,com_dipl,gcn
1942,44,0.5288012027740479,0,1,proxy_N1_ge2,com_dipl,gcn
1942,45,0.5583930611610413,0,1,proxy_N1_ge2,com_dipl,gcn
1942,46,0.4981786906719208,9,1,proxy_N1_ge2,com_dipl,gcn
1943,42,0.5096255540847778,3,0,proxy_N1_ge2,com_dipl,gcn
1943,43,0.49607568979263306,16,0,proxy_N1_ge2,com_dipl,gcn
1943,44,0.516620397567749,0,0,proxy_N1_ge2,com_dipl,gcn
1943,45,0.5536330342292786,0,0,proxy_N1_ge2,com_dipl,gcn
1943,46,0.5116788148880005,36,0,proxy_N1_ge2,com_dipl,gcn
1944,42,0.5090038776397705,3,0,proxy_N1_ge2,com_dipl,gcn
1944,43,0.4960887134075165,16,0,proxy_N1_ge2,com_dipl,gcn
1944,44,0.5182727575302124,0,0,proxy_N1_ge2,com_dipl,gcn
1944,45,0.5537958145141602,0,0,proxy_N1_ge2,com_dipl,gcn
1944,46,0.508878231048584,36,0,proxy_N1_ge2,com_dipl,gcn
1945,42,0.510561466217041,1,0,proxy_N1_ge2,com_dipl,gcn
1945,43,0.49816539883613586,33,0,proxy_N1_ge2,com_dipl,gcn
1945,44,0.5268084406852722,3,0,proxy_N1_ge2,com_dipl,gcn
1945,45,0.5534893274307251,0,0,proxy_N1_ge2,com_dipl,gcn
1945,46,0.5048313736915588,62,0,proxy_N1_ge2,com_dipl,gcn
1946,42,0.5125824213027954,0,1,proxy_N1_ge2,com_dipl,gcn
1946,43,0.5021860599517822,19,1,proxy_N1_ge2,com_dipl,gcn
1946,44,0.5188489556312561,0,1,proxy_N1_ge2,com_dipl,gcn
1946,45,0.5546441674232483,0,1,proxy_N1_ge2,com_dipl,gcn
1946,46,0.5002740621566772,68,1,proxy_N1_ge2,com_dipl,gcn
1947,42,0.5118277072906494,27,0,proxy_N1_ge2,com_dipl,gcn
1947,43,0.4974251687526703,19,0,proxy_N1_ge2,com_dipl,gcn
1947,44,0.5247659087181091,2,0,proxy_N1_ge2,com_dipl,gcn
1947,45,0.5553011298179626,0,0,proxy_N1_ge2,com_dipl,gcn
1947,46,0.49517494440078735,32,0,proxy_N1_ge2,com_dipl,gcn
1948,42,0.509278416633606,8,0,proxy_N1_ge2,com_dipl,gcn
1948,43,0.4951714277267456,30,0,proxy_N1_ge2,com_dipl,gcn
1948,44,0.5188060998916626,1,0,proxy_N1_ge2,com_dipl,gcn
1948,45,0.5589314103126526,0,0,proxy_N1_ge2,com_dipl,gcn
1948,46,0.5064880847930908,14,0,proxy_N1_ge2,com_dipl,gcn
1949,42,0.5092442035675049,8,1,proxy_N1_ge2,com_dipl,gcn
1949,43,0.49504536390304565,30,1,proxy_N1_ge2,com_dipl,gcn
1949,44,0.5182759761810303,1,1,proxy_N1_ge2,com_dipl,gcn
1949,45,0.5588908195495605,0,1,proxy_N1_ge2,com_dipl,gcn
1949,46,0.5065290927886963,14,1,proxy_N1_ge2,com_dipl,gcn
1950,42,0.5063267946243286,8,0,proxy_N1_ge2,com_dipl,gcn
1950,43,0.5050797462463379,41,0,proxy_N1_ge2,com_dipl,gcn
1950,44,0.5226211547851562,4,0,proxy_N1_ge2,com_dipl,gcn
1950,45,0.5585724711418152,0,0,proxy_N1_ge2,com_dipl,gcn
1950,46,0.5017809271812439,7,0,proxy_N1_ge2,com_dipl,gcn
1951,42,0.5072023868560791,6,0,proxy_N1_ge2,com_dipl,gcn
1951,43,0.5142039656639099,20,0,proxy_N1_ge2,com_dipl,gcn
1951,44,0.5186477899551392,1,0,proxy_N1_ge2,com_dipl,gcn
1951,45,0.565738320350647,0,0,proxy_N1_ge2,com_dipl,gcn
1951,46,0.508679211139679,12,0,proxy_N1_ge2,com_dipl,gcn
1952,42,0.5063095092773438,0,0,proxy_N1_ge2,com_dipl,gcn
1952,43,0.5080502033233643,18,0,proxy_N1_ge2,com_dipl,gcn
1952,44,0.5099565982818604,0,0,proxy_N1_ge2,com_dipl,gcn
1952,45,0.5656057596206665,0,0,proxy_N1_ge2,com_dipl,gcn
1952,46,0.5079735517501831,11,0,proxy_N1_ge2,com_dipl,gcn
1953,42,0.49092912673950195,12,0,proxy_N1_ge2,com_dipl,gcn
1953,43,0.4687792658805847,5,0,proxy_N1_ge2,com_dipl,gcn
1953,44,0.49458086490631104,15,0,proxy_N1_ge2,com_dipl,gcn
1953,45,0.5009472966194153,54,0,proxy_N1_ge2,com_dipl,gcn
1953,46,0.48136106133461,4,0,proxy_N1_ge2,com_dipl,gcn
1954,42,0.49190250039100647,12,1,proxy_N1_ge2,com_dipl,gcn
1954,43,0.4393085837364197,0,1,proxy_N1_ge2,com_dipl,gcn
1954,44,0.4959052801132202,15,1,proxy_N1_ge2,com_dipl,gcn
1954,45,0.5011189579963684,50,1,proxy_N1_ge2,com_dipl,gcn
1954,46,0.47974103689193726,3,1,proxy_N1_ge2,com_dipl,gcn
1955,42,0.49604517221450806,8,0,proxy_N1_ge2,com_dipl,gcn
1955,43,0.4346821904182434,0,0,proxy_N1_ge2,com_dipl,gcn
1955,44,0.4889271855354309,35,0,proxy_N1_ge2,com_dipl,gcn
1955,45,0.49123188853263855,17,0,proxy_N1_ge2,com_dipl,gcn
1955,46,0.4889123737812042,0,0,proxy_N1_ge2,com_dipl,gcn
1956,42,0.4939432144165039,46,0,proxy_N1_ge2,com_dipl,gcn
1956,43,0.44236934185028076,0,0,proxy_N1_ge2,com_dipl,gcn
1956,44,0.49835366010665894,41,0,proxy_N1_ge2,com_dipl,gcn
1956,45,0.4977744221687317,21,0,proxy_N1_ge2,com_dipl,gcn
1956,46,0.48529917001724243,0,0,proxy_N1_ge2,com_dipl,gcn
1957,42,0.49216413497924805,27,0,proxy_N1_ge2,com_dipl,gcn
1957,43,0.44062647223472595,0,0,proxy_N1_ge2,com_dipl,gcn
1957,44,0.4882754981517792,8,0,proxy_N1_ge2,com_dipl,gcn
1957,45,0.4974944293498993,83,0,proxy_N1_ge2,com_dipl,gcn
1957,46,0.48584839701652527,0,0,proxy_N1_ge2,com_dipl,gcn
1958,42,0.4931754171848297,30,0,proxy_N1_ge2,com_dipl,gcn
1958,43,0.4343608617782593,0,0,proxy_N1_ge2,com_dipl,gcn
1958,44,0.4946467876434326,4,0,proxy_N1_ge2,com_dipl,gcn
1958,45,0.501422107219696,14,0,proxy_N1_ge2,com_dipl,gcn
1958,46,0.48426786065101624,0,0,proxy_N1_ge2,com_dipl,gcn
1959,42,0.4934459626674652,30,0,proxy_N1_ge2,com_dipl,gcn
1959,43,0.4350259006023407,0,0,proxy_N1_ge2,com_dipl,gcn
1959,44,0.4938291013240814,4,0,proxy_N1_ge2,com_dipl,gcn
1959,45,0.5012387037277222,14,0,proxy_N1_ge2,com_dipl,gcn
1959,46,0.485000878572464,0,0,proxy_N1_ge2,com_dipl,gcn
1960,42,0.49581876397132874,16,1,proxy_N1_ge2,com_dipl,gcn
1960,43,0.4361956715583801,0,1,proxy_N1_ge2,com_dipl,gcn
1960,44,0.4946969151496887,36,1,proxy_N1_ge2,com_dipl,gcn
1960,45,0.49838292598724365,43,1,proxy_N1_ge2,com_dipl,gcn
1960,46,0.4829632639884949,0,1,proxy_N1_ge2,com_dipl,gcn
1961,42,0.49726906418800354,36,0,proxy_N1_ge2,com_dipl,gcn
1961,43,0.4378649592399597,0,0,proxy_N1_ge2,com_dipl,gcn
1961,44,0.49637433886528015,24,0,proxy_N1_ge2,com_dipl,gcn
1961,45,0.5002474188804626,28,0,proxy_N1_ge2,com_dipl,gcn
1961,46,0.4935879409313202,24,0,proxy_N1_ge2,com_dipl,gcn
1962,42,0.49431923031806946,3,0,proxy_N1_ge2,com_dipl,gcn
1962,43,0.43256452679634094,0,0,proxy_N1_ge2,com_dipl,gcn
1962,44,0.4961261451244354,17,0,proxy_N1_ge2,com_dipl,gcn
1962,45,0.4968261122703552,101,0,proxy_N1_ge2,com_dipl,gcn
1962,46,0.4892876148223877,25,0,proxy_N1_ge2,com_dipl,gcn
1963,42,0.4954180121421814,4,1,proxy_N1_ge2,com_dipl,gcn
1963,43,0.43953052163124084,0,1,proxy_N1_ge2,com_dipl,gcn
1963,44,0.4975375235080719,22,1,proxy_N1_ge2,com_dipl,gcn
1963,45,0.4984349310398102,19,1,proxy_N1_ge2,com_dipl,gcn
1963,46,0.48176124691963196,0,1,proxy_N1_ge2,com_dipl,gcn
1964,42,0.4952195882797241,4,0,proxy_N1_ge2,com_dipl,gcn
1964,43,0.4392644166946411,0,0,proxy_N1_ge2,com_dipl,gcn
1964,44,0.4975544512271881,22,0,proxy_N1_ge2,com_dipl,gcn
1964,45,0.49893203377723694,18,0,proxy_N1_ge2,com_dipl,gcn
1964,46,0.48245781660079956,0,0,proxy_N1_ge2,com_dipl,gcn
1965,42,0.49695897102355957,26,0,proxy_N1_ge2,com_dipl,gcn
1965,43,0.438436895608902,0,0,proxy_N1_ge2,com_dipl,gcn
1965,44,0.500998854637146,2,0,proxy_N1_ge2,com_dipl,gcn
1965,45,0.5032545328140259,44,0,proxy_N1_ge2,com_dipl,gcn
1965,46,0.48557043075561523,0,0,proxy_N1_ge2,com_dipl,gcn
1966,42,0.4963686168193817,15,0,proxy_N1_ge2,com_dipl,gcn
1966,43,0.4380152225494385,0,0,proxy_N1_ge2,com_dipl,gcn
1966,44,0.4869256615638733,11,0,proxy_N1_ge2,com_dipl,gcn
1966,45,0.49789902567863464,65,0,proxy_N1_ge2,com_dipl,gcn
1966,46,0.4795917272567749,0,0,proxy_N1_ge2,com_dipl,gcn
1967,42,0.49586957693099976,24,0,proxy_N1_ge2,com_dipl,gcn
1967,43,0.43962740898132324,0,0,proxy_N1_ge2,com_dipl,gcn
1967,44,0.49383416771888733,45,0,proxy_N1_ge2,com_dipl,gcn
1967,45,0.5031456351280212,29,0,proxy_N1_ge2,com_dipl,gcn
1967,46,0.48456013202667236,0,0,proxy_N1_ge2,com_dipl,gcn
1968,42,0.49621206521987915,5,0,proxy_N1_ge2,com_dipl,gcn
1968,43,0.43810218572616577,0,0,proxy_N1_ge2,com_dipl,gcn
1968,44,0.4946250319480896,3,0,proxy_N1_ge2,com_dipl,gcn
1968,45,0.49797701835632324,156,0,proxy_N1_ge2,com_dipl,gcn
1968,46,0.4836117625236511,0,0,proxy_N1_ge2,com_dipl,gcn
1969,42,0.4954066574573517,35,0,proxy_N1_ge2,com_dipl,gcn
1969,43,0.4380228519439697,0,0,proxy_N1_ge2,com_dipl,gcn
1969,44,0.4944113492965698,3,0,proxy_N1_ge2,com_dipl,gcn
1969,45,0.5019989609718323,44,0,proxy_N1_ge2,com_dipl,gcn
1969,46,0.48392239212989807,0,0,proxy_N1_ge2,com_dipl,gcn
1970,42,0.49793386459350586,21,0,proxy_N1_ge2,com_dipl,gcn
1970,43,0.4349137544631958,0,0,proxy_N1_ge2,com_dipl,gcn
1970,44,0.49579548835754395,6,0,proxy_N1_ge2,com_dipl,gcn
1970,45,0.4989757239818573,32,0,proxy_N1_ge2,com_dipl,gcn
1970,46,0.4927186667919159,0,0,proxy_N1_ge2,com_dipl,gcn
1971,42,0.49124449491500854,36,0,proxy_N1_ge2,com_dipl,gcn
1971,43,0.4318910539150238,0,0,proxy_N1_ge2,com_dipl,gcn
1971,44,0.49676305055618286,63,0,proxy_N1_ge2,com_dipl,gcn
1971,45,0.49841728806495667,23,0,proxy_N1_ge2,com_dipl,gcn
1971,46,0.4795481264591217,0,0,proxy_N1_ge2,com_dipl,gcn
1972,42,0.49832668900489807,24,0,proxy_N1_ge2,com_dipl,gcn
1972,43,0.44081375002861023,0,0,proxy_N1_ge2,com_dipl,gcn
1972,44,0.4904419779777527,33,0,proxy_N1_ge2,com_dipl,gcn
1972,45,0.49659329652786255,65,0,proxy_N1_ge2,com_dipl,gcn
1972,46,0.4835854470729828,3,0,proxy_N1_ge2,com_dipl,gcn
1973,42,0.4935922920703888,9,0,proxy_N1_ge2,com_dipl,gcn
1973,43,0.4303237497806549,0,0,proxy_N1_ge2,com_dipl,gcn
1973,44,0.4964867830276489,21,0,proxy_N1_ge2,com_dipl,gcn
1973,45,0.49894508719444275,14,0,proxy_N1_ge2,com_dipl,gcn
1973,46,0.49116063117980957,0,0,proxy_N1_ge2,com_dipl,gcn
1974,42,0.49327558279037476,9,0,proxy_N1_ge2,com_dipl,gcn
1974,43,0.43089205026626587,0,0,proxy_N1_ge2,com_dipl,gcn
1974,44,0.4966161847114563,31,0,proxy_N1_ge2,com_dipl,gcn
1974,45,0.49995142221450806,14,0,proxy_N1_ge2,com_dipl,gcn
1974,46,0.48917216062545776,0,0,proxy_N1_ge2,com_dipl,gcn
1975,42,0.4974380433559418,22,0,proxy_N1_ge2,com_dipl,gcn
1975,43,0.4368080198764801,0,0,proxy_N1_ge2,com_dipl,gcn
1975,44,0.49334654211997986,34,0,proxy_N1_ge2,com_dipl,gcn
1975,45,0.4918694496154785,26,0,proxy_N1_ge2,com_dipl,gcn
1975,46,0.48683449625968933,0,0,proxy_N1_ge2,com_dipl,gcn
1976,42,0.49278250336647034,5,0,proxy_N1_ge2,com_dipl,gcn
1976,43,0.4372219741344452,0,0,proxy_N1_ge2,com_dipl,gcn
1976,44,0.48849067091941833,10,0,proxy_N1_ge2,com_dipl,gcn
1976,45,0.4970150589942932,43,0,proxy_N1_ge2,com_dipl,gcn
1976,46,0.49080315232276917,23,0,proxy_N1_ge2,com_dipl,gcn
1977,42,0.4927574396133423,4,1,proxy_N1_ge2,com_dipl,gcn
1977,43,0.4360503852367401,0,1,proxy_N1_ge2,com_dipl,gcn
1977,44,0.49577781558036804,33,1,proxy_N1_ge2,com_dipl,gcn
1977,45,0.48712098598480225,15,1,proxy_N1_ge2,com_dipl,gcn
1977,46,0.48296618461608887,0,1,proxy_N1_ge2,com_dipl,gcn
1978,42,0.4948664605617523,16,0,proxy_N1_ge2,com_dipl,gcn
1978,43,0.4330291748046875,0,0,proxy_N1_ge2,com_dipl,gcn
1978,44,0.49015507102012634,18,0,proxy_N1_ge2,com_dipl,gcn
1978,45,0.4919424057006836,15,0,proxy_N1_ge2,com_dipl,gcn
1978,46,0.4811290502548218,1,0,proxy_N1_ge2,com_dipl,gcn
1979,42,0.4947863519191742,17,0,proxy_N1_ge2,com_dipl,gcn
1979,43,0.43296757340431213,0,0,proxy_N1_ge2,com_dipl,gcn
1979,44,0.4901043176651001,18,0,proxy_N1_ge2,com_dipl,gcn
1979,45,0.49192869663238525,15,0,proxy_N1_ge2,com_dipl,gcn
1979,46,0.48121798038482666,1,0,proxy_N1_ge2,com_dipl,gcn
1980,42,0.4917253255844116,9,0,proxy_N1_ge2,com_dipl,gcn
1980,43,0.43528515100479126,0,0,proxy_N1_ge2,com_dipl,gcn
1980,44,0.48784148693084717,7,0,proxy_N1_ge2,com_dipl,gcn
1980,45,0.49910396337509155,25,0,proxy_N1_ge2,com_dipl,gcn
1980,46,0.48516109585762024,0,0,proxy_N1_ge2,com_dipl,gcn
1981,42,0.4974585175514221,65,0,proxy_N1_ge2,com_dipl,gcn
1981,43,0.4404829144477844,0,0,proxy_N1_ge2,com_dipl,gcn
1981,44,0.49642395973205566,41,0,proxy_N1_ge2,com_dipl,gcn
1981,45,0.5021755695343018,18,0,proxy_N1_ge2,com_dipl,gcn
1981,46,0.48119881749153137,0,0,proxy_N1_ge2,com_dipl,gcn
1982,42,0.49575892090797424,6,0,proxy_N1_ge2,com_dipl,gcn
1982,43,0.4397140443325043,0,0,proxy_N1_ge2,com_dipl,gcn
1982,44,0.4969382584095001,53,0,proxy_N1_ge2,com_dipl,gcn
1982,45,0.4964850842952728,23,0,proxy_N1_ge2,com_dipl,gcn
1982,46,0.48542410135269165,0,0,proxy_N1_ge2,com_dipl,gcn
1983,42,0.4903488755226135,7,0,proxy_N1_ge2,com_dipl,gcn
1983,43,0.4297286868095398,0,0,proxy_N1_ge2,com_dipl,gcn
1983,44,0.49365806579589844,44,0,proxy_N1_ge2,com_dipl,gcn
1983,45,0.5011704564094543,30,0,proxy_N1_ge2,com_dipl,gcn
1983,46,0.4816285967826843,0,0,proxy_N1_ge2,com_dipl,gcn
1984,42,0.4904804229736328,7,0,proxy_N1_ge2,com_dipl,gcn
1984,43,0.43164101243019104,0,0,proxy_N1_ge2,com_dipl,gcn
1984,44,0.49319809675216675,44,0,proxy_N1_ge2,com_dipl,gcn
1984,45,0.5012065172195435,30,0,proxy_N1_ge2,com_dipl,gcn
1984,46,0.47934690117836,0,0,proxy_N1_ge2,com_dipl,gcn
1985,42,0.4990551471710205,23,1,proxy_N1_ge2,com_dipl,gcn
1985,43,0.44147953391075134,0,1,proxy_N1_ge2,com_dipl,gcn
1985,44,0.49169784784317017,22,1,proxy_N1_ge2,com_dipl,gcn
1985,45,0.5008196830749512,20,1,proxy_N1_ge2,com_dipl,gcn
1985,46,0.4800109565258026,1,1,proxy_N1_ge2,com_dipl,gcn
1986,42,0.4954679310321808,22,0,proxy_N1_ge2,com_dipl,gcn
1986,43,0.4389597773551941,0,0,proxy_N1_ge2,com_dipl,gcn
1986,44,0.4832960367202759,8,0,proxy_N1_ge2,com_dipl,gcn
1986,45,0.4974933862686157,25,0,proxy_N1_ge2,com_dipl,gcn
1986,46,0.48140260577201843,0,0,proxy_N1_ge2,com_dipl,gcn
1987,42,0.49617138504981995,42,0,proxy_N1_ge2,com_dipl,gcn
1987,43,0.43464189767837524,0,0,proxy_N1_ge2,com_dipl,gcn
1987,44,0.48722049593925476,13,0,proxy_N1_ge2,com_dipl,gcn
1987,45,0.4947991967201233,16,0,proxy_N1_ge2,com_dipl,gcn
1987,46,0.485949844121933,0,0,proxy_N1_ge2,com_dipl,gcn
1988,42,0.49523597955703735,25,0,proxy_N1_ge2,com_dipl,gcn
1988,43,0.4393473267555237,0,0,proxy_N1_ge2,com_dipl,gcn
1988,44,0.49431100487709045,45,0,proxy_N1_ge2,com_dipl,gcn
1988,45,0.49599695205688477,24,0,proxy_N1_ge2,com_dipl,gcn
1988,46,0.4877074956893921,0,0,proxy_N1_ge2,com_dipl,gcn
1989,42,0.49395036697387695,25,1,proxy_N1_ge2,com_dipl,gcn
1989,43,0.44015371799468994,0,1,proxy_N1_ge2,com_dipl,gcn
1989,44,0.49345454573631287,45,1,proxy_N1_ge2,com_dipl,gcn
1989,45,0.497379869222641,24,1,proxy_N1_ge2,com_dipl,gcn
1989,46,0.4882737696170807,0,1,proxy_N1_ge2,com_dipl,gcn
1990,42,0.49411842226982117,5,0,proxy_N1_ge2,com_dipl,gcn
1990,43,0.4378352761268616,0,0,proxy_N1_ge2,com_dipl,gcn
1990,44,0.4948630630970001,11,0,proxy_N1_ge2,com_dipl,gcn
1990,45,0.49892061948776245,25,0,proxy_N1_ge2,com_dipl,gcn
1990,46,0.485696941614151,0,0,proxy_N1_ge2,com_dipl,gcn
1991,42,0.4966225326061249,16,0,proxy_N1_ge2,com_dipl,gcn
1991,43,0.43324029445648193,0,0,proxy_N1_ge2,com_dipl,gcn
1991,44,0.49099624156951904,5,0,proxy_N1_ge2,com_dipl,gcn
1991,45,0.49812084436416626,17,0,proxy_N1_ge2,com_dipl,gcn
1991,46,0.4866117835044861,0,0,proxy_N1_ge2,com_dipl,gcn
1992,42,0.4903266429901123,14,1,proxy_N1_ge2,com_dipl,gcn
1992,43,0.44005781412124634,0,1,proxy_N1_ge2,com_dipl,gcn
1992,44,0.4861779808998108,38,1,proxy_N1_ge2,com_dipl,gcn
1992,45,0.49825018644332886,56,1,proxy_N1_ge2,com_dipl,gcn
1992,46,0.4850679934024811,0,1,proxy_N1_ge2,com_dipl,gcn
1993,42,0.49234259128570557,15,0,proxy_N1_ge2,com_dipl,gcn
1993,43,0.43917933106422424,0,0,proxy_N1_ge2,com_dipl,gcn
1993,44,0.49144601821899414,26,0,proxy_N1_ge2,com_dipl,gcn
1993,45,0.48751163482666016,17,0,proxy_N1_ge2,com_dipl,gcn
1993,46,0.4781153202056885,1,0,proxy_N1_ge2,com_dipl,gcn
1994,42,0.492162823677063,15,0,proxy_N1_ge2,com_dipl,gcn
1994,43,0.43966567516326904,0,0,proxy_N1_ge2,com_dipl,gcn
1994,44,0.4911919832229614,26,0,proxy_N1_ge2,com_dipl,gcn
1994,45,0.48652738332748413,17,0,proxy_N1_ge2,com_dipl,gcn
1994,46,0.47872602939605713,1,0,proxy_N1_ge2,com_dipl,gcn
1995,42,0.4940599203109741,18,0,proxy_N1_ge2,com_dipl,gcn
1995,43,0.4403640329837799,0,0,proxy_N1_ge2,com_dipl,gcn
1995,44,0.4866624176502228,28,0,proxy_N1_ge2,com_dipl,gcn
1995,45,0.49466171860694885,44,0,proxy_N1_ge2,com_dipl,gcn
1995,46,0.48218926787376404,0,0,proxy_N1_ge2,com_dipl,gcn
1996,42,0.49549591541290283,32,1,proxy_N1_ge2,com_dipl,gcn
1996,43,0.4398554265499115,0,1,proxy_N1_ge2,com_dipl,gcn
1996,44,0.48267361521720886,15,1,proxy_N1_ge2,com_dipl,gcn
1996,45,0.49738070368766785,29,1,proxy_N1_ge2,com_dipl,gcn
1996,46,0.491256982088089,0,1,proxy_N1_ge2,com_dipl,gcn
1997,42,0.4898960590362549,43,0,proxy_N1_ge2,com_dipl,gcn
1997,43,0.4400400221347809,0,0,proxy_N1_ge2,com_dipl,gcn
1997,44,0.4901791214942932,16,0,proxy_N1_ge2,com_dipl,gcn
1997,45,0.49562934041023254,32,0,proxy_N1_ge2,com_dipl,gcn
1997,46,0.48415684700012207,0,0,proxy_N1_ge2,com_dipl,gcn
1998,42,0.49459895491600037,44,0,proxy_N1_ge2,com_dipl,gcn
1998,43,0.4401470124721527,0,0,proxy_N1_ge2,com_dipl,gcn
1998,44,0.48776915669441223,7,0,proxy_N1_ge2,com_dipl,gcn
1998,45,0.4972456693649292,61,0,proxy_N1_ge2,com_dipl,gcn
1998,46,0.4858645498752594,0,0,proxy_N1_ge2,com_dipl,gcn
1999,42,0.4949394464492798,44,0,proxy_N1_ge2,com_dipl,gcn
1999,43,0.4406479001045227,0,0,proxy_N1_ge2,com_dipl,gcn
1999,44,0.48767074942588806,7,0,proxy_N1_ge2,com_dipl,gcn
1999,45,0.49688079953193665,61,0,proxy_N1_ge2,com_dipl,gcn
1999,46,0.4860686659812927,0,0,proxy_N1_ge2,com_dipl,gcn
2000,42,0.4905380606651306,9,1,proxy_N1_ge2,com_dipl,gcn
2000,43,0.4406101703643799,0,1,proxy_N1_ge2,com_dipl,gcn
2000,44,0.49389535188674927,49,1,proxy_N1_ge2,com_dipl,gcn
2000,45,0.49407580494880676,13,1,proxy_N1_ge2,com_dipl,gcn
2000,46,0.4819193482398987,0,1,proxy_N1_ge2,com_dipl,gcn
2001,42,0.49213024973869324,10,0,proxy_N1_ge2,com_dipl,gcn
2001,43,0.4407421350479126,0,0,proxy_N1_ge2,com_dipl,gcn
2001,44,0.4907589852809906,8,0,proxy_N1_ge2,com_dipl,gcn
2001,45,0.48712050914764404,18,0,proxy_N1_ge2,com_dipl,gcn
2001,46,0.4777924716472626,0,0,proxy_N1_ge2,com_dipl,gcn
2002,42,0.4951629042625427,50,0,proxy_N1_ge2,com_dipl,gcn
2002,43,0.4361329972743988,0,0,proxy_N1_ge2,com_dipl,gcn
2002,44,0.4918842613697052,40,0,proxy_N1_ge2,com_dipl,gcn
2002,45,0.49532678723335266,24,0,proxy_N1_ge2,com_dipl,gcn
2002,46,0.4881168305873871,0,0,proxy_N1_ge2,com_dipl,gcn
2003,42,0.4954569339752197,29,0,proxy_N1_ge2,com_dipl,gcn
2003,43,0.43297892808914185,0,0,proxy_N1_ge2,com_dipl,gcn
2003,44,0.4820410907268524,26,0,proxy_N1_ge2,com_dipl,gcn
2003,45,0.491957426071167,24,0,proxy_N1_ge2,com_dipl,gcn
2003,46,0.48458990454673767,0,0,proxy_N1_ge2,com_dipl,gcn
2004,42,0.4954358637332916,29,0,proxy_N1_ge2,com_dipl,gcn
2004,43,0.43371057510375977,0,0,proxy_N1_ge2,com_dipl,gcn
2004,44,0.4824240803718567,26,0,proxy_N1_ge2,com_dipl,gcn
2004,45,0.4927982985973358,24,0,proxy_N1_ge2,com_dipl,gcn
2004,46,0.4841662347316742,0,0,proxy_N1_ge2,com_dipl,gcn
2005,42,0.4950241446495056,64,0,proxy_N1_ge2,com_dipl,gcn
2005,43,0.434634268283844,0,0,proxy_N1_ge2,com_dipl,gcn
2005,44,0.48446720838546753,11,0,proxy_N1_ge2,com_dipl,gcn
2005,45,0.49399998784065247,32,0,proxy_N1_ge2,com_dipl,gcn
2005,46,0.48398181796073914,0,0,proxy_N1_ge2,com_dipl,gcn
1931,42,0.49330174922943115,51,0,proxy_N1_ge2,com_dipl,gat
1931,43,0.49256160855293274,30,0,proxy_N1_ge2,com_dipl,gat
1931,44,0.4574996829032898,0,0,proxy_N1_ge2,com_dipl,gat
1931,45,0.4776751399040222,7,0,proxy_N1_ge2,com_dipl,gat
1931,46,0.4839823842048645,0,0,proxy_N1_ge2,com_dipl,gat
1932,42,0.4925009310245514,12,1,proxy_N1_ge2,com_dipl,gat
1932,43,0.49654728174209595,10,1,proxy_N1_ge2,com_dipl,gat
1932,44,0.45854172110557556,0,1,proxy_N1_ge2,com_dipl,gat
1932,45,0.4922734797000885,31,1,proxy_N1_ge2,com_dipl,gat
1932,46,0.4823460876941681,0,1,proxy_N1_ge2,com_dipl,gat
1933,42,0.48639994859695435,14,1,proxy_N1_ge2,com_dipl,gat
1933,43,0.49375075101852417,4,1,proxy_N1_ge2,com_dipl,gat
1933,44,0.458990216255188,0,1,proxy_N1_ge2,com_dipl,gat
1933,45,0.4961377680301666,31,1,proxy_N1_ge2,com_dipl,gat
1933,46,0.48168644309043884,0,1,proxy_N1_ge2,com_dipl,gat
1934,42,0.5251202583312988,0,0,proxy_N1_ge2,com_dipl,gat
1934,43,0.5028085112571716,18,0,proxy_N1_ge2,com_dipl,gat
1934,44,0.5104923248291016,43,0,proxy_N1_ge2,com_dipl,gat
1934,45,0.5176870822906494,1,0,proxy_N1_ge2,com_dipl,gat
1934,46,0.505226731300354,13,0,proxy_N1_ge2,com_dipl,gat
1935,42,0.527725338935852,0,0,proxy_N1_ge2,com_dipl,gat
1935,43,0.5019233822822571,0,0,proxy_N1_ge2,com_dipl,gat
1935,44,0.5078203678131104,12,0,proxy_N1_ge2,com_dipl,gat
1935,45,0.5131338834762573,20,0,proxy_N1_ge2,com_dipl,gat
1935,46,0.5096110105514526,13,0,proxy_N1_ge2,com_dipl,gat
1936,42,0.5243585109710693,0,1,proxy_N1_ge2,com_dipl,gat
1936,43,0.5040538907051086,0,1,proxy_N1_ge2,com_dipl,gat
1936,44,0.5025879740715027,48,1,proxy_N1_ge2,com_dipl,gat
1936,45,0.503463864326477,0,1,proxy_N1_ge2,com_dipl,gat
1936,46,0.5069214701652527,17,1,proxy_N1_ge2,com_dipl,gat
1937,42,0.5295747518539429,0,1,proxy_N1_ge2,com_dipl,gat
1937,43,0.508649468421936,29,1,proxy_N1_ge2,com_dipl,gat
1937,44,0.5028430819511414,50,1,proxy_N1_ge2,com_dipl,gat
1937,45,0.5120238661766052,27,1,proxy_N1_ge2,com_dipl,gat
1937,46,0.5050994157791138,15,1,proxy_N1_ge2,com_dipl,gat
1938,42,0.523804783821106,0,1,proxy_N1_ge2,com_dipl,gat
1938,43,0.5030747056007385,12,1,proxy_N1_ge2,com_dipl,gat
1938,44,0.5046268701553345,58,1,proxy_N1_ge2,com_dipl,gat
1938,45,0.5083320736885071,0,1,proxy_N1_ge2,com_dipl,gat
1938,46,0.5070713758468628,47,1,proxy_N1_ge2,com_dipl,gat
1939,42,0.5281886458396912,0,1,proxy_N1_ge2,com_dipl,gat
1939,43,0.5039313435554504,12,1,proxy_N1_ge2,com_dipl,gat
1939,44,0.5097866058349609,58,1,proxy_N1_ge2,com_dipl,gat
1939,45,0.5114794969558716,0,1,proxy_N1_ge2,com_dipl,gat
1939,46,0.5199748277664185,47,1,proxy_N1_ge2,com_dipl,gat
1940,42,0.5259858965873718,0,1,proxy_N1_ge2,com_dipl,gat
1940,43,0.5126354098320007,24,1,proxy_N1_ge2,com_dipl,gat
1940,44,0.5024464130401611,39,1,proxy_N1_ge2,com_dipl,gat
1940,45,0.5164728164672852,34,1,proxy_N1_ge2,com_dipl,gat
1940,46,0.5106728076934814,13,1,proxy_N1_ge2,com_dipl,gat
1941,42,0.5258585214614868,0,0,proxy_N1_ge2,com_dipl,gat
1941,43,0.5039393901824951,0,0,proxy_N1_ge2,com_dipl,gat
1941,44,0.5055765509605408,25,0,proxy_N1_ge2,com_dipl,gat
1941,45,0.5123884081840515,1,0,proxy_N1_ge2,com_dipl,gat
1941,46,0.5189119577407837,20,0,proxy_N1_ge2,com_dipl,gat
1942,42,0.528169572353363,0,1,proxy_N1_ge2,com_dipl,gat
1942,43,0.5055866241455078,24,1,proxy_N1_ge2,com_dipl,gat
1942,44,0.5053383111953735,30,1,proxy_N1_ge2,com_dipl,gat
1942,45,0.5105052590370178,23,1,proxy_N1_ge2,com_dipl,gat
1942,46,0.5024159550666809,18,1,proxy_N1_ge2,com_dipl,gat
1943,42,0.5305410027503967,0,0,proxy_N1_ge2,com_dipl,gat
1943,43,0.5099789500236511,17,0,proxy_N1_ge2,com_dipl,gat
1943,44,0.5030360221862793,20,0,proxy_N1_ge2,com_dipl,gat
1943,45,0.5107396245002747,0,0,proxy_N1_ge2,com_dipl,gat
1943,46,0.5154163837432861,58,0,proxy_N1_ge2,com_dipl,gat
1944,42,0.5300107598304749,0,0,proxy_N1_ge2,com_dipl,gat
1944,43,0.5085110068321228,17,0,proxy_N1_ge2,com_dipl,gat
1944,44,0.5029861330986023,20,0,proxy_N1_ge2,com_dipl,gat
1944,45,0.5098421573638916,0,0,proxy_N1_ge2,com_dipl,gat
1944,46,0.5119619369506836,69,0,proxy_N1_ge2,com_dipl,gat
1945,42,0.5344454050064087,1,0,proxy_N1_ge2,com_dipl,gat
1945,43,0.5059090852737427,0,0,proxy_N1_ge2,com_dipl,gat
1945,44,0.5029001235961914,48,0,proxy_N1_ge2,com_dipl,gat
1945,45,0.5157690048217773,0,0,proxy_N1_ge2,com_dipl,gat
1945,46,0.5011153221130371,35,0,proxy_N1_ge2,com_dipl,gat
1946,42,0.5265863537788391,0,1,proxy_N1_ge2,com_dipl,gat
1946,43,0.5050864219665527,0,1,proxy_N1_ge2,com_dipl,gat
1946,44,0.5024943351745605,44,1,proxy_N1_ge2,com_dipl,gat
1946,45,0.5095727443695068,22,1,proxy_N1_ge2,com_dipl,gat
1946,46,0.5056672096252441,16,1,proxy_N1_ge2,com_dipl,gat
1947,42,0.5291433930397034,0,0,proxy_N1_ge2,com_dipl,gat
1947,43,0.5050709843635559,0,0,proxy_N1_ge2,com_dipl,gat
1947,44,0.5049092769622803,76,0,proxy_N1_ge2,com_dipl,gat
1947,45,0.5028032660484314,0,0,proxy_N1_ge2,com_dipl,gat
1947,46,0.5001268982887268,30,0,proxy_N1_ge2,com_dipl,gat
1948,42,0.5175636410713196,0,0,proxy_N1_ge2,com_dipl,gat
1948,43,0.5039230585098267,0,0,proxy_N1_ge2,com_dipl,gat
1948,44,0.5076897144317627,28,0,proxy_N1_ge2,com_dipl,gat
1948,45,0.5126146078109741,0,0,proxy_N1_ge2,com_dipl,gat
1948,46,0.4947185516357422,10,0,proxy_N1_ge2,com_dipl,gat
1949,42,0.5169137120246887,0,1,proxy_N1_ge2,com_dipl,gat
1949,43,0.5037510991096497,0,1,proxy_N1_ge2,com_dipl,gat
1949,44,0.5080607533454895,28,1,proxy_N1_ge2,com_dipl,gat
1949,45,0.5102502107620239,0,1,proxy_N1_ge2,com_dipl,gat
1949,46,0.49530065059661865,10,1,proxy_N1_ge2,com_dipl,gat
1950,42,0.5239681601524353,0,0,proxy_N1_ge2,com_dipl,gat
1950,43,0.5033454298973083,1,0,proxy_N1_ge2,com_dipl,gat
1950,44,0.4990154206752777,39,0,proxy_N1_ge2,com_dipl,gat
1950,45,0.5085731744766235,0,0,proxy_N1_ge2,com_dipl,gat
1950,46,0.5069441795349121,26,0,proxy_N1_ge2,com_dipl,gat
1951,42,0.5335683822631836,1,0,proxy_N1_ge2,com_dipl,gat
1951,43,0.5029308199882507,0,0,proxy_N1_ge2,com_dipl,gat
1951,44,0.5068566799163818,40,0,proxy_N1_ge2,com_dipl,gat
1951,45,0.5124193429946899,23,0,proxy_N1_ge2,com_dipl,gat
1951,46,0.5042285919189453,54,0,proxy_N1_ge2,com_dipl,gat
1952,42,0.5224990844726562,0,0,proxy_N1_ge2,com_dipl,gat
1952,43,0.5048063397407532,0,0,proxy_N1_ge2,com_dipl,gat
1952,44,0.5017918348312378,39,0,proxy_N1_ge2,com_dipl,gat
1952,45,0.5040892958641052,0,0,proxy_N1_ge2,com_dipl,gat
1952,46,0.5120372176170349,17,0,proxy_N1_ge2,com_dipl,gat
1953,42,0.48509466648101807,13,0,proxy_N1_ge2,com_dipl,gat
1953,43,0.4974478781223297,13,0,proxy_N1_ge2,com_dipl,gat
1953,44,0.4834466576576233,7,0,proxy_N1_ge2,com_dipl,gat
1953,45,0.49089953303337097,41,0,proxy_N1_ge2,com_dipl,gat
1953,46,0.48062777519226074,0,0,proxy_N1_ge2,com_dipl,gat
1954,42,0.4844149649143219,12,1,proxy_N1_ge2,com_dipl,gat
1954,43,0.4983347952365875,13,1,proxy_N1_ge2,com_dipl,gat
1954,44,0.45883873105049133,0,1,proxy_N1_ge2,com_dipl,gat
1954,45,0.49042364954948425,41,1,proxy_N1_ge2,com_dipl,gat
1954,46,0.4804871380329132,0,1,proxy_N1_ge2,com_dipl,gat
1955,42,0.49542415142059326,36,0,proxy_N1_ge2,com_dipl,gat
1955,43,0.4961031377315521,11,0,proxy_N1_ge2,com_dipl,gat
1955,44,0.46032023429870605,0,0,proxy_N1_ge2,com_dipl,gat
1955,45,0.48584631085395813,11,0,proxy_N1_ge2,com_dipl,gat
1955,46,0.48119357228279114,0,0,proxy_N1_ge2,com_dipl,gat
1956,42,0.49085506796836853,25,0,proxy_N1_ge2,com_dipl,gat
1956,43,0.49757400155067444,9,0,proxy_N1_ge2,com_dipl,gat
1956,44,0.46198347210884094,0,0,proxy_N1_ge2,com_dipl,gat
1956,45,0.49049657583236694,16,0,proxy_N1_ge2,com_dipl,gat
1956,46,0.4850412607192993,0,0,proxy_N1_ge2,com_dipl,gat
1957,42,0.47730377316474915,10,0,proxy_N1_ge2,com_dipl,gat
1957,43,0.49627652764320374,12,0,proxy_N1_ge2,com_dipl,gat
1957,44,0.4601370692253113,0,0,proxy_N1_ge2,com_dipl,gat
1957,45,0.4926490783691406,9,0,proxy_N1_ge2,com_dipl,gat
1957,46,0.483494371175766,0,0,proxy_N1_ge2,com_dipl,gat
1958,42,0.4830830693244934,16,0,proxy_N1_ge2,com_dipl,gat
1958,43,0.4952130615711212,50,0,proxy_N1_ge2,com_dipl,gat
1958,44,0.46361008286476135,0,0,proxy_N1_ge2,com_dipl,gat
1958,45,0.4925498068332672,5,0,proxy_N1_ge2,com_dipl,gat
1958,46,0.4829697608947754,0,0,proxy_N1_ge2,com_dipl,gat
1959,42,0.48279067873954773,16,0,proxy_N1_ge2,com_dipl,gat
1959,43,0.4951219856739044,50,0,proxy_N1_ge2,com_dipl,gat
1959,44,0.4634440541267395,0,0,proxy_N1_ge2,com_dipl,gat
1959,45,0.49334463477134705,5,0,proxy_N1_ge2,com_dipl,gat
1959,46,0.48288607597351074,0,0,proxy_N1_ge2,com_dipl,gat
1960,42,0.49530479311943054,24,1,proxy_N1_ge2,com_dipl,gat
1960,43,0.4978411793708801,10,1,proxy_N1_ge2,com_dipl,gat
1960,44,0.4593076705932617,0,1,proxy_N1_ge2,com_dipl,gat
1960,45,0.4955499470233917,3,1,proxy_N1_ge2,com_dipl,gat
1960,46,0.48209148645401,0,1,proxy_N1_ge2,com_dipl,gat
1961,42,0.491447389125824,11,0,proxy_N1_ge2,com_dipl,gat
1961,43,0.49463382363319397,34,0,proxy_N1_ge2,com_dipl,gat
1961,44,0.4608668088912964,0,0,proxy_N1_ge2,com_dipl,gat
1961,45,0.49390530586242676,27,0,proxy_N1_ge2,com_dipl,gat
1961,46,0.48327943682670593,0,0,proxy_N1_ge2,com_dipl,gat
1962,42,0.499892920255661,13,0,proxy_N1_ge2,com_dipl,gat
1962,43,0.49589642882347107,6,0,proxy_N1_ge2,com_dipl,gat
1962,44,0.4587036073207855,0,0,proxy_N1_ge2,com_dipl,gat
1962,45,0.49320876598358154,13,0,proxy_N1_ge2,com_dipl,gat
1962,46,0.4762481451034546,1,0,proxy_N1_ge2,com_dipl,gat
1963,42,0.496020644903183,47,1,proxy_N1_ge2,com_dipl,gat
1963,43,0.4994092285633087,6,1,proxy_N1_ge2,com_dipl,gat
1963,44,0.46065232157707214,0,1,proxy_N1_ge2,com_dipl,gat
1963,45,0.4957423508167267,14,1,proxy_N1_ge2,com_dipl,gat
1963,46,0.47746118903160095,0,1,proxy_N1_ge2,com_dipl,gat
1964,42,0.49572810530662537,47,0,proxy_N1_ge2,com_dipl,gat
1964,43,0.49933236837387085,6,0,proxy_N1_ge2,com_dipl,gat
1964,44,0.4609023928642273,0,0,proxy_N1_ge2,com_dipl,gat
1964,45,0.49460333585739136,14,0,proxy_N1_ge2,com_dipl,gat
1964,46,0.4774966239929199,0,0,proxy_N1_ge2,com_dipl,gat
1965,42,0.498125821352005,15,0,proxy_N1_ge2,com_dipl,gat
1965,43,0.49641939997673035,10,0,proxy_N1_ge2,com_dipl,gat
1965,44,0.4582214057445526,1,0,proxy_N1_ge2,com_dipl,gat
1965,45,0.49341294169425964,35,0,proxy_N1_ge2,com_dipl,gat
1965,46,0.48562902212142944,0,0,proxy_N1_ge2,com_dipl,gat
1966,42,0.49693217873573303,19,0,proxy_N1_ge2,com_dipl,gat
1966,43,0.4974595010280609,40,0,proxy_N1_ge2,com_dipl,gat
1966,44,0.4605454206466675,0,0,proxy_N1_ge2,com_dipl,gat
1966,45,0.49692070484161377,15,0,proxy_N1_ge2,com_dipl,gat
1966,46,0.48043322563171387,0,0,proxy_N1_ge2,com_dipl,gat
1967,42,0.4894801378250122,17,0,proxy_N1_ge2,com_dipl,gat
1967,43,0.49701693654060364,9,0,proxy_N1_ge2,com_dipl,gat
1967,44,0.45934566855430603,0,0,proxy_N1_ge2,com_dipl,gat
1967,45,0.49596714973449707,20,0,proxy_N1_ge2,com_dipl,gat
1967,46,0.48144394159317017,0,0,proxy_N1_ge2,com_dipl,gat
1968,42,0.497439444065094,39,0,proxy_N1_ge2,com_dipl,gat
1968,43,0.4963405430316925,3,0,proxy_N1_ge2,com_dipl,gat
1968,44,0.4558728337287903,0,0,proxy_N1_ge2,com_dipl,gat
1968,45,0.49349457025527954,14,0,proxy_N1_ge2,com_dipl,gat
1968,46,0.4812954366207123,0,0,proxy_N1_ge2,com_dipl,gat
1969,42,0.49742329120635986,42,0,proxy_N1_ge2,com_dipl,gat
1969,43,0.49627676606178284,3,0,proxy_N1_ge2,com_dipl,gat
1969,44,0.45572319626808167,0,0,proxy_N1_ge2,com_dipl,gat
1969,45,0.4934525191783905,14,0,proxy_N1_ge2,com_dipl,gat
1969,46,0.48137277364730835,0,0,proxy_N1_ge2,com_dipl,gat
1970,42,0.49011704325675964,17,0,proxy_N1_ge2,com_dipl,gat
1970,43,0.4978293180465698,12,0,proxy_N1_ge2,com_dipl,gat
1970,44,0.46213865280151367,0,0,proxy_N1_ge2,com_dipl,gat
1970,45,0.49801909923553467,10,0,proxy_N1_ge2,com_dipl,gat
1970,46,0.48076507449150085,0,0,proxy_N1_ge2,com_dipl,gat
1971,42,0.4964136779308319,18,0,proxy_N1_ge2,com_dipl,gat
1971,43,0.4973396956920624,10,0,proxy_N1_ge2,com_dipl,gat
1971,44,0.46639493107795715,0,0,proxy_N1_ge2,com_dipl,gat
1971,45,0.49369001388549805,37,0,proxy_N1_ge2,com_dipl,gat
1971,46,0.482147753238678,0,0,proxy_N1_ge2,com_dipl,gat
1972,42,0.4909003973007202,12,0,proxy_N1_ge2,com_dipl,gat
1972,43,0.4966334104537964,10,0,proxy_N1_ge2,com_dipl,gat
1972,44,0.461961030960083,0,0,proxy_N1_ge2,com_dipl,gat
1972,45,0.4956146478652954,8,0,proxy_N1_ge2,com_dipl,gat
1972,46,0.4826090335845947,0,0,proxy_N1_ge2,com_dipl,gat
1973,42,0.49266380071640015,25,0,proxy_N1_ge2,com_dipl,gat
1973,43,0.49518007040023804,13,0,proxy_N1_ge2,com_dipl,gat
1973,44,0.45962849259376526,0,0,proxy_N1_ge2,com_dipl,gat
1973,45,0.4905194044113159,24,0,proxy_N1_ge2,com_dipl,gat
1973,46,0.4835151731967926,0,0,proxy_N1_ge2,com_dipl,gat
1974,42,0.4922846853733063,25,0,proxy_N1_ge2,com_dipl,gat
1974,43,0.4952794313430786,13,0,proxy_N1_ge2,com_dipl,gat
1974,44,0.4609110951423645,0,0,proxy_N1_ge2,com_dipl,gat
1974,45,0.4896371066570282,24,0,proxy_N1_ge2,com_dipl,gat
1974,46,0.483883261680603,0,0,proxy_N1_ge2,com_dipl,gat
1975,42,0.4949805736541748,23,0,proxy_N1_ge2,com_dipl,gat
1975,43,0.49443691968917847,7,0,proxy_N1_ge2,com_dipl,gat
1975,44,0.46304619312286377,0,0,proxy_N1_ge2,com_dipl,gat
1975,45,0.490368127822876,12,0,proxy_N1_ge2,com_dipl,gat
1975,46,0.4819657504558563,1,0,proxy_N1_ge2,com_dipl,gat
1976,42,0.48656871914863586,21,0,proxy_N1_ge2,com_dipl,gat
1976,43,0.49618202447891235,14,0,proxy_N1_ge2,com_dipl,gat
1976,44,0.46110010147094727,0,0,proxy_N1_ge2,com_dipl,gat
1976,45,0.49583572149276733,38,0,proxy_N1_ge2,com_dipl,gat
1976,46,0.48155272006988525,0,0,proxy_N1_ge2,com_dipl,gat
1977,42,0.4931451380252838,13,1,proxy_N1_ge2,com_dipl,gat
1977,43,0.4985881447792053,6,1,proxy_N1_ge2,com_dipl,gat
1977,44,0.45994335412979126,0,1,proxy_N1_ge2,com_dipl,gat
1977,45,0.49558916687965393,18,1,proxy_N1_ge2,com_dipl,gat
1977,46,0.4848789870738983,0,1,proxy_N1_ge2,com_dipl,gat
1978,42,0.49755775928497314,47,0,proxy_N1_ge2,com_dipl,gat
1978,43,0.49383050203323364,18,0,proxy_N1_ge2,com_dipl,gat
1978,44,0.4670643210411072,0,0,proxy_N1_ge2,com_dipl,gat
1978,45,0.4900202751159668,20,0,proxy_N1_ge2,com_dipl,gat
1978,46,0.48429614305496216,0,0,proxy_N1_ge2,com_dipl,gat
1979,42,0.49693307280540466,47,0,proxy_N1_ge2,com_dipl,gat
1979,43,0.4939049482345581,18,0,proxy_N1_ge2,com_dipl,gat
1979,44,0.4672165513038635,0,0,proxy_N1_ge2,com_dipl,gat
1979,45,0.4903094470500946,20,0,proxy_N1_ge2,com_dipl,gat
1979,46,0.4843626022338867,0,0,proxy_N1_ge2,com_dipl,gat
1980,42,0.4935643672943115,8,0,proxy_N1_ge2,com_dipl,gat
1980,43,0.49779486656188965,44,0,proxy_N1_ge2,com_dipl,gat
1980,44,0.4606565833091736,0,0,proxy_N1_ge2,com_dipl,gat
1980,45,0.49275270104408264,40,0,proxy_N1_ge2,com_dipl,gat
1980,46,0.4819492995738983,0,0,proxy_N1_ge2,com_dipl,gat
1981,42,0.49477434158325195,47,0,proxy_N1_ge2,com_dipl,gat
1981,43,0.4967293441295624,18,0,proxy_N1_ge2,com_dipl,gat
1981,44,0.4557596445083618,0,0,proxy_N1_ge2,com_dipl,gat
1981,45,0.4899230897426605,16,0,proxy_N1_ge2,com_dipl,gat
1981,46,0.48280608654022217,0,0,proxy_N1_ge2,com_dipl,gat
1982,42,0.4811321198940277,16,0,proxy_N1_ge2,com_dipl,gat
1982,43,0.49497970938682556,7,0,proxy_N1_ge2,com_dipl,gat
1982,44,0.46690014004707336,0,0,proxy_N1_ge2,com_dipl,gat
1982,45,0.48449161648750305,13,0,proxy_N1_ge2,com_dipl,gat
1982,46,0.48246997594833374,0,0,proxy_N1_ge2,com_dipl,gat
1983,42,0.48924770951271057,11,0,proxy_N1_ge2,com_dipl,gat
1983,43,0.4962182939052582,9,0,proxy_N1_ge2,com_dipl,gat
1983,44,0.4639594554901123,0,0,proxy_N1_ge2,com_dipl,gat
1983,45,0.4938232898712158,25,0,proxy_N1_ge2,com_dipl,gat
1983,46,0.4789186120033264,0,0,proxy_N1_ge2,com_dipl,gat
1984,42,0.48864778876304626,11,0,proxy_N1_ge2,com_dipl,gat
1984,43,0.49689221382141113,9,0,proxy_N1_ge2,com_dipl,gat
1984,44,0.4646008312702179,0,0,proxy_N1_ge2,com_dipl,gat
1984,45,0.49358248710632324,25,0,proxy_N1_ge2,com_dipl,gat
1984,46,0.48004645109176636,0,0,proxy_N1_ge2,com_dipl,gat
1985,42,0.49225470423698425,33,1,proxy_N1_ge2,com_dipl,gat
1985,43,0.49594739079475403,13,1,proxy_N1_ge2,com_dipl,gat
1985,44,0.4594082832336426,0,1,proxy_N1_ge2,com_dipl,gat
1985,45,0.494297593832016,29,1,proxy_N1_ge2,com_dipl,gat
1985,46,0.47625911235809326,0,1,proxy_N1_ge2,com_dipl,gat
1986,42,0.49447348713874817,30,0,proxy_N1_ge2,com_dipl,gat
1986,43,0.4976849853992462,10,0,proxy_N1_ge2,com_dipl,gat
1986,44,0.45999547839164734,0,0,proxy_N1_ge2,com_dipl,gat
1986,45,0.49290940165519714,34,0,proxy_N1_ge2,com_dipl,gat
1986,46,0.48211315274238586,0,0,proxy_N1_ge2,com_dipl,gat
1987,42,0.49152663350105286,18,0,proxy_N1_ge2,com_dipl,gat
1987,43,0.4972022771835327,9,0,proxy_N1_ge2,com_dipl,gat
1987,44,0.4589337706565857,0,0,proxy_N1_ge2,com_dipl,gat
1987,45,0.4981585144996643,30,0,proxy_N1_ge2,com_dipl,gat
1987,46,0.481326162815094,0,0,proxy_N1_ge2,com_dipl,gat
1988,42,0.4859152138233185,9,0,proxy_N1_ge2,com_dipl,gat
1988,43,0.49767082929611206,13,0,proxy_N1_ge2,com_dipl,gat
1988,44,0.4626085162162781,0,0,proxy_N1_ge2,com_dipl,gat
1988,45,0.4921656847000122,6,0,proxy_N1_ge2,com_dipl,gat
1988,46,0.4855194091796875,0,0,proxy_N1_ge2,com_dipl,gat
1989,42,0.4851689040660858,9,1,proxy_N1_ge2,com_dipl,gat
1989,43,0.4976407587528229,13,1,proxy_N1_ge2,com_dipl,gat
1989,44,0.46251875162124634,0,1,proxy_N1_ge2,com_dipl,gat
1989,45,0.4920952618122101,6,1,proxy_N1_ge2,com_dipl,gat
1989,46,0.48571786284446716,0,1,proxy_N1_ge2,com_dipl,gat
1990,42,0.49724826216697693,26,0,proxy_N1_ge2,com_dipl,gat
1990,43,0.49700433015823364,5,0,proxy_N1_ge2,com_dipl,gat
1990,44,0.4643295407295227,0,0,proxy_N1_ge2,com_dipl,gat
1990,45,0.4897213876247406,10,0,proxy_N1_ge2,com_dipl,gat
1990,46,0.4809231162071228,0,0,proxy_N1_ge2,com_dipl,gat
1991,42,0.4885135293006897,17,0,proxy_N1_ge2,com_dipl,gat
1991,43,0.4939156472682953,15,0,proxy_N1_ge2,com_dipl,gat
1991,44,0.45607393980026245,0,0,proxy_N1_ge2,com_dipl,gat
1991,45,0.48830345273017883,30,0,proxy_N1_ge2,com_dipl,gat
1991,46,0.48045554757118225,0,0,proxy_N1_ge2,com_dipl,gat
1992,42,0.49060216546058655,16,1,proxy_N1_ge2,com_dipl,gat
1992,43,0.49445873498916626,6,1,proxy_N1_ge2,com_dipl,gat
1992,44,0.45565396547317505,0,1,proxy_N1_ge2,com_dipl,gat
1992,45,0.4849179983139038,7,1,proxy_N1_ge2,com_dipl,gat
1992,46,0.48136404156684875,0,1,proxy_N1_ge2,com_dipl,gat
1993,42,0.4836278259754181,12,0,proxy_N1_ge2,com_dipl,gat
1993,43,0.4948665201663971,25,0,proxy_N1_ge2,com_dipl,gat
1993,44,0.4594818353652954,0,0,proxy_N1_ge2,com_dipl,gat
1993,45,0.4891452491283417,42,0,proxy_N1_ge2,com_dipl,gat
1993,46,0.48333826661109924,0,0,proxy_N1_ge2,com_dipl,gat
1994,42,0.4829144775867462,12,0,proxy_N1_ge2,com_dipl,gat
1994,43,0.49451568722724915,25,0,proxy_N1_ge2,com_dipl,gat
1994,44,0.4594334661960602,0,0,proxy_N1_ge2,com_dipl,gat
1994,45,0.48960572481155396,42,0,proxy_N1_ge2,com_dipl,gat
1994,46,0.4833548069000244,0,0,proxy_N1_ge2,com_dipl,gat
1995,42,0.4880632162094116,39,0,proxy_N1_ge2,com_dipl,gat
1995,43,0.49590885639190674,10,0,proxy_N1_ge2,com_dipl,gat
1995,44,0.457903653383255,0,0,proxy_N1_ge2,com_dipl,gat
1995,45,0.4844806492328644,14,0,proxy_N1_ge2,com_dipl,gat
1995,46,0.4821379482746124,0,0,proxy_N1_ge2,com_dipl,gat
1996,42,0.48096418380737305,6,1,proxy_N1_ge2,com_dipl,gat
1996,43,0.4939655661582947,9,1,proxy_N1_ge2,com_dipl,gat
1996,44,0.46291711926460266,0,1,proxy_N1_ge2,com_dipl,gat
1996,45,0.486886203289032,12,1,proxy_N1_ge2,com_dipl,gat
1996,46,0.48126715421676636,0,1,proxy_N1_ge2,com_dipl,gat
1997,42,0.4913652539253235,41,0,proxy_N1_ge2,com_dipl,gat
1997,43,0.49546271562576294,6,0,proxy_N1_ge2,com_dipl,gat
1997,44,0.4616836905479431,0,0,proxy_N1_ge2,com_dipl,gat
1997,45,0.4804922044277191,9,0,proxy_N1_ge2,com_dipl,gat
1997,46,0.4823363721370697,0,0,proxy_N1_ge2,com_dipl,gat
1998,42,0.4898398816585541,34,0,proxy_N1_ge2,com_dipl,gat
1998,43,0.4951241910457611,9,0,proxy_N1_ge2,com_dipl,gat
1998,44,0.4652293026447296,0,0,proxy_N1_ge2,com_dipl,gat
1998,45,0.4944014251232147,4,0,proxy_N1_ge2,com_dipl,gat
1998,46,0.479961633682251,0,0,proxy_N1_ge2,com_dipl,gat
1999,42,0.4898885190486908,34,0,proxy_N1_ge2,com_dipl,gat
1999,43,0.4950735867023468,9,0,proxy_N1_ge2,com_dipl,gat
1999,44,0.46484965085983276,0,0,proxy_N1_ge2,com_dipl,gat
1999,45,0.49545347690582275,4,0,proxy_N1_ge2,com_dipl,gat
1999,46,0.4794677197933197,0,0,proxy_N1_ge2,com_dipl,gat
2000,42,0.48868510127067566,24,1,proxy_N1_ge2,com_dipl,gat
2000,43,0.492033988237381,21,1,proxy_N1_ge2,com_dipl,gat
2000,44,0.4647957682609558,0,1,proxy_N1_ge2,com_dipl,gat
2000,45,0.4816819727420807,7,1,proxy_N1_ge2,com_dipl,gat
2000,46,0.4794897437095642,0,1,proxy_N1_ge2,com_dipl,gat
2001,42,0.4935075640678406,17,0,proxy_N1_ge2,com_dipl,gat
2001,43,0.49623656272888184,13,0,proxy_N1_ge2,com_dipl,gat
2001,44,0.4603796899318695,0,0,proxy_N1_ge2,com_dipl,gat
2001,45,0.4891776442527771,66,0,proxy_N1_ge2,com_dipl,gat
2001,46,0.48219192028045654,2,0,proxy_N1_ge2,com_dipl,gat
2002,42,0.47114717960357666,8,0,proxy_N1_ge2,com_dipl,gat
2002,43,0.4970422685146332,26,0,proxy_N1_ge2,com_dipl,gat
2002,44,0.45997023582458496,0,0,proxy_N1_ge2,com_dipl,gat
2002,45,0.4823891222476959,31,0,proxy_N1_ge2,com_dipl,gat
2002,46,0.48420658707618713,0,0,proxy_N1_ge2,com_dipl,gat
2003,42,0.4802302420139313,44,0,proxy_N1_ge2,com_dipl,gat
2003,43,0.4949442446231842,13,0,proxy_N1_ge2,com_dipl,gat
2003,44,0.4622202515602112,0,0,proxy_N1_ge2,com_dipl,gat
2003,45,0.48839569091796875,6,0,proxy_N1_ge2,com_dipl,gat
2003,46,0.48379698395729065,0,0,proxy_N1_ge2,com_dipl,gat
2004,42,0.48018065094947815,44,0,proxy_N1_ge2,com_dipl,gat
2004,43,0.49512431025505066,13,0,proxy_N1_ge2,com_dipl,gat
2004,44,0.4630032777786255,0,0,proxy_N1_ge2,com_dipl,gat
2004,45,0.48841923475265503,6,0,proxy_N1_ge2,com_dipl,gat
2004,46,0.4843631684780121,0,0,proxy_N1_ge2,com_dipl,gat
2005,42,0.48331040143966675,9,0,proxy_N1_ge2,com_dipl,gat
2005,43,0.49340853095054626,47,0,proxy_N1_ge2,com_dipl,gat
2005,44,0.45468059182167053,0,0,proxy_N1_ge2,com_dipl,gat
2005,45,0.48482292890548706,33,0,proxy_N1_ge2,com_dipl,gat
2005,46,0.4837438464164734,0,0,proxy_N1_ge2,com_dipl,gat
1931,42,0.4910893142223358,25,0,war_N1_ge2,com_dipl,gcn
1931,43,0.43397560715675354,0,0,war_N1_ge2,com_dipl,gcn
1931,44,0.47187235951423645,17,0,war_N1_ge2,com_dipl,gcn
1931,45,0.4889110028743744,24,0,war_N1_ge2,com_dipl,gcn
1931,46,0.48191800713539124,1,0,war_N1_ge2,com_dipl,gcn
1932,42,0.484110951423645,17,0,war_N1_ge2,com_dipl,gcn
1932,43,0.4709424674510956,9,0,war_N1_ge2,com_dipl,gcn
1932,44,0.48835620284080505,9,0,war_N1_ge2,com_dipl,gcn
1932,45,0.4912472069263458,21,0,war_N1_ge2,com_dipl,gcn
1932,46,0.48700547218322754,97,0,war_N1_ge2,com_dipl,gcn
1933,42,0.49558988213539124,24,0,war_N1_ge2,com_dipl,gcn
1933,43,0.4805848300457001,7,0,war_N1_ge2,com_dipl,gcn
1933,44,0.4900340139865875,6,0,war_N1_ge2,com_dipl,gcn
1933,45,0.48681262135505676,19,0,war_N1_ge2,com_dipl,gcn
1933,46,0.49544304609298706,60,0,war_N1_ge2,com_dipl,gcn
1934,42,0.49295029044151306,53,0,war_N1_ge2,com_dipl,gcn
1934,43,0.43843451142311096,1,0,war_N1_ge2,com_dipl,gcn
1934,44,0.4884149134159088,31,0,war_N1_ge2,com_dipl,gcn
1934,45,0.4873071014881134,19,0,war_N1_ge2,com_dipl,gcn
1934,46,0.48138293623924255,0,0,war_N1_ge2,com_dipl,gcn
1935,42,0.48559606075286865,3,0,war_N1_ge2,com_dipl,gcn
1935,43,0.44789835810661316,2,0,war_N1_ge2,com_dipl,gcn
1935,44,0.4928341507911682,31,0,war_N1_ge2,com_dipl,gcn
1935,45,0.47956299781799316,71,0,war_N1_ge2,com_dipl,gcn
1935,46,0.48571428656578064,51,0,war_N1_ge2,com_dipl,gcn
1936,42,0.48085126280784607,60,1,war_N1_ge2,com_dipl,gcn
1936,43,0.4522665739059448,5,1,war_N1_ge2,com_dipl,gcn
1936,44,0.4831283688545227,29,1,war_N1_ge2,com_dipl,gcn
1936,45,0.49009400606155396,25,1,war_N1_ge2,com_dipl,gcn
1936,46,0.4895540177822113,42,1,war_N1_ge2,com_dipl,gcn
1937,42,0.4835464358329773,14,1,war_N1_ge2,com_dipl,gcn
1937,43,0.4570232033729553,2,1,war_N1_ge2,com_dipl,gcn
1937,44,0.4876408874988556,45,1,war_N1_ge2,com_dipl,gcn
1937,45,0.47419407963752747,22,1,war_N1_ge2,com_dipl,gcn
1937,46,0.49381759762763977,75,1,war_N1_ge2,com_dipl,gcn
1938,42,0.5057481527328491,0,1,war_N1_ge2,com_dipl,gcn
1938,43,0.49891331791877747,22,1,war_N1_ge2,com_dipl,gcn
1938,44,0.5026752948760986,28,1,war_N1_ge2,com_dipl,gcn
1938,45,0.569667637348175,0,1,war_N1_ge2,com_dipl,gcn
1938,46,0.5040536522865295,18,1,war_N1_ge2,com_dipl,gcn
1939,42,0.505548894405365,0,0,war_N1_ge2,com_dipl,gcn
1939,43,0.4987632930278778,22,0,war_N1_ge2,com_dipl,gcn
1939,44,0.5113889575004578,0,0,war_N1_ge2,com_dipl,gcn
1939,45,0.5622147917747498,0,0,war_N1_ge2,com_dipl,gcn
1939,46,0.5045772194862366,18,0,war_N1_ge2,com_dipl,gcn
1940,42,0.5052300095558167,0,0,war_N1_ge2,com_dipl,gcn
1940,43,0.49873897433280945,20,0,war_N1_ge2,com_dipl,gcn
1940,44,0.5136594772338867,0,0,war_N1_ge2,com_dipl,gcn
1940,45,0.56754469871521,0,0,war_N1_ge2,com_dipl,gcn
1940,46,0.5042474865913391,13,0,war_N1_ge2,com_dipl,gcn
1941,42,0.5126914381980896,15,0,war_N1_ge2,com_dipl,gcn
1941,43,0.5016175508499146,21,0,war_N1_ge2,com_dipl,gcn
1941,44,0.5187686681747437,0,0,war_N1_ge2,com_dipl,gcn
1941,45,0.558964729309082,0,0,war_N1_ge2,com_dipl,gcn
1941,46,0.49771252274513245,18,0,war_N1_ge2,com_dipl,gcn
1942,42,0.5078892707824707,0,0,war_N1_ge2,com_dipl,gcn
1942,43,0.5041768550872803,29,0,war_N1_ge2,com_dipl,gcn
1942,44,0.5225241184234619,2,0,war_N1_ge2,com_dipl,gcn
1942,45,0.5556349158287048,0,0,war_N1_ge2,com_dipl,gcn
1942,46,0.48977142572402954,8,0,war_N1_ge2,com_dipl,gcn
1943,42,0.5107259750366211,2,0,war_N1_ge2,com_dipl,gcn
1943,43,0.5014263987541199,34,0,war_N1_ge2,com_dipl,gcn
1943,44,0.5141471028327942,0,0,war_N1_ge2,com_dipl,gcn
1943,45,0.5524435639381409,0,0,war_N1_ge2,com_dipl,gcn
1943,46,0.47252219915390015,1,0,war_N1_ge2,com_dipl,gcn
1944,42,0.5101609826087952,2,0,war_N1_ge2,com_dipl,gcn
1944,43,0.5011910200119019,34,0,war_N1_ge2,com_dipl,gcn
1944,44,0.5148410201072693,0,0,war_N1_ge2,com_dipl,gcn
1944,45,0.5378465056419373,3,0,war_N1_ge2,com_dipl,gcn
1944,46,0.470488578081131,0,0,war_N1_ge2,com_dipl,gcn
1945,42,0.5117330551147461,0,0,war_N1_ge2,com_dipl,gcn
1945,43,0.49328306317329407,28,0,war_N1_ge2,com_dipl,gcn
1945,44,0.5209004282951355,0,0,war_N1_ge2,com_dipl,gcn
1945,45,0.5537778735160828,0,0,war_N1_ge2,com_dipl,gcn
1945,46,0.4722329378128052,0,0,war_N1_ge2,com_dipl,gcn
1946,42,0.5116061568260193,0,1,war_N1_ge2,com_dipl,gcn
1946,43,0.4945729970932007,16,1,war_N1_ge2,com_dipl,gcn
1946,44,0.5181961059570312,0,1,war_N1_ge2,com_dipl,gcn
1946,45,0.5551319718360901,0,1,war_N1_ge2,com_dipl,gcn
1946,46,0.48425355553627014,7,1,war_N1_ge2,com_dipl,gcn
1947,42,0.513841450214386,0,0,war_N1_ge2,com_dipl,gcn
1947,43,0.48976272344589233,16,0,war_N1_ge2,com_dipl,gcn
1947,44,0.5283701419830322,6,0,war_N1_ge2,com_dipl,gcn
1947,45,0.5562533140182495,0,0,war_N1_ge2,com_dipl,gcn
1947,46,0.48938220739364624,2,0,war_N1_ge2,com_dipl,gcn
1948,42,0.5137135982513428,0,0,war_N1_ge2,com_dipl,gcn
1948,43,0.49884918332099915,30,0,war_N1_ge2,com_dipl,gcn
1948,44,0.5182026624679565,2,0,war_N1_ge2,com_dipl,gcn
1948,45,0.5593952536582947,0,0,war_N1_ge2,com_dipl,gcn
1948,46,0.48634225130081177,2,0,war_N1_ge2,com_dipl,gcn
1949,42,0.5137180685997009,0,1,war_N1_ge2,com_dipl,gcn
1949,43,0.49922943115234375,30,1,war_N1_ge2,com_dipl,gcn
1949,44,0.5178106427192688,2,1,war_N1_ge2,com_dipl,gcn
1949,45,0.559479296207428,0,1,war_N1_ge2,com_dipl,gcn
1949,46,0.4835064113140106,0,1,war_N1_ge2,com_dipl,gcn
1950,42,0.5071640014648438,6,0,war_N1_ge2,com_dipl,gcn
1950,43,0.47440221905708313,7,0,war_N1_ge2,com_dipl,gcn
1950,44,0.5100387334823608,0,0,war_N1_ge2,com_dipl,gcn
1950,45,0.5615443587303162,0,0,war_N1_ge2,com_dipl,gcn
1950,46,0.48611417412757874,0,0,war_N1_ge2,com_dipl,gcn
1951,42,0.5057850480079651,5,0,war_N1_ge2,com_dipl,gcn
1951,43,0.4762326776981354,7,0,war_N1_ge2,com_dipl,gcn
1951,44,0.5160377025604248,1,0,war_N1_ge2,com_dipl,gcn
1951,45,0.49284082651138306,15,0,war_N1_ge2,com_dipl,gcn
1951,46,0.49002406001091003,4,0,war_N1_ge2,com_dipl,gcn
1952,42,0.49548062682151794,34,0,war_N1_ge2,com_dipl,gcn
1952,43,0.4366771876811981,0,0,war_N1_ge2,com_dipl,gcn
1952,44,0.4901002049446106,22,0,war_N1_ge2,com_dipl,gcn
1952,45,0.4995814561843872,18,0,war_N1_ge2,com_dipl,gcn
1952,46,0.49066653847694397,0,0,war_N1_ge2,com_dipl,gcn
1953,42,0.47909530997276306,10,0,war_N1_ge2,com_dipl,gcn
1953,43,0.43863430619239807,0,0,war_N1_ge2,com_dipl,gcn
1953,44,0.4984130263328552,27,0,war_N1_ge2,com_dipl,gcn
1953,45,0.4973495602607727,17,0,war_N1_ge2,com_dipl,gcn
1953,46,0.4811302423477173,0,0,war_N1_ge2,com_dipl,gcn
1954,42,0.4805641174316406,10,0,war_N1_ge2,com_dipl,gcn
1954,43,0.43889614939689636,0,0,war_N1_ge2,com_dipl,gcn
1954,44,0.4996539354324341,27,0,war_N1_ge2,com_dipl,gcn
1954,45,0.4985671639442444,17,0,war_N1_ge2,com_dipl,gcn
1954,46,0.480482816696167,0,0,war_N1_ge2,com_dipl,gcn
1955,42,0.48855429887771606,11,1,war_N1_ge2,com_dipl,gcn
1955,43,0.4331298768520355,0,1,war_N1_ge2,com_dipl,gcn
1955,44,0.4992554485797882,104,1,war_N1_ge2,com_dipl,gcn
1955,45,0.49305179715156555,24,1,war_N1_ge2,com_dipl,gcn
1955,46,0.4866374135017395,0,1,war_N1_ge2,com_dipl,gcn
1956,42,0.49703148007392883,46,1,war_N1_ge2,com_dipl,gcn
1956,43,0.4427911341190338,0,1,war_N1_ge2,com_dipl,gcn
1956,44,0.49307170510292053,43,1,war_N1_ge2,com_dipl,gcn
1956,45,0.49572962522506714,23,1,war_N1_ge2,com_dipl,gcn
1956,46,0.4895388185977936,0,1,war_N1_ge2,com_dipl,gcn
1957,42,0.49619024991989136,5,0,war_N1_ge2,com_dipl,gcn
1957,43,0.4704304337501526,4,0,war_N1_ge2,com_dipl,gcn
1957,44,0.4987514913082123,15,0,war_N1_ge2,com_dipl,gcn
1957,45,0.49855032563209534,24,0,war_N1_ge2,com_dipl,gcn
1957,46,0.48977547883987427,0,0,war_N1_ge2,com_dipl,gcn
1958,42,0.5090242624282837,10,0,war_N1_ge2,com_dipl,gcn
1958,43,0.5020431280136108,45,0,war_N1_ge2,com_dipl,gcn
1958,44,0.5084841847419739,0,0,war_N1_ge2,com_dipl,gcn
1958,45,0.5623956322669983,0,0,war_N1_ge2,com_dipl,gcn
1958,46,0.5062835216522217,7,0,war_N1_ge2,com_dipl,gcn
1959,42,0.5045931339263916,0,0,war_N1_ge2,com_dipl,gcn
1959,43,0.5026248693466187,45,0,war_N1_ge2,com_dipl,gcn
1959,44,0.5081080794334412,0,0,war_N1_ge2,com_dipl,gcn
1959,45,0.5407792329788208,2,0,war_N1_ge2,com_dipl,gcn
1959,46,0.5071881413459778,7,0,war_N1_ge2,com_dipl,gcn
1960,42,0.5106992125511169,0,0,war_N1_ge2,com_dipl,gcn
1960,43,0.5130667686462402,18,0,war_N1_ge2,com_dipl,gcn
1960,44,0.5094913244247437,11,0,war_N1_ge2,com_dipl,gcn
1960,45,0.5410171151161194,3,0,war_N1_ge2,com_dipl,gcn
1960,46,0.5078262090682983,15,0,war_N1_ge2,com_dipl,gcn
1961,42,0.5090803503990173,0,1,war_N1_ge2,com_dipl,gcn
1961,43,0.5022472739219666,38,1,war_N1_ge2,com_dipl,gcn
1961,44,0.5194326639175415,0,1,war_N1_ge2,com_dipl,gcn
1961,45,0.5436159372329712,2,1,war_N1_ge2,com_dipl,gcn
1961,46,0.5144161581993103,9,1,war_N1_ge2,com_dipl,gcn
1962,42,0.492225706577301,2,0,war_N1_ge2,com_dipl,gcn
1962,43,0.4330407977104187,0,0,war_N1_ge2,com_dipl,gcn
1962,44,0.49199390411376953,29,0,war_N1_ge2,com_dipl,gcn
1962,45,0.4989195764064789,14,0,war_N1_ge2,com_dipl,gcn
1962,46,0.4870838224887848,0,0,war_N1_ge2,com_dipl,gcn
1963,42,0.5079365968704224,21,0,war_N1_ge2,com_dipl,gcn
1963,43,0.5059919357299805,21,0,war_N1_ge2,com_dipl,gcn
1963,44,0.5064643621444702,0,0,war_N1_ge2,com_dipl,gcn
1963,45,0.5281258225440979,5,0,war_N1_ge2,com_dipl,gcn
1963,46,0.5069410800933838,14,0,war_N1_ge2,com_dipl,gcn
1964,42,0.5042299032211304,0,1,war_N1_ge2,com_dipl,gcn
1964,43,0.5064765214920044,17,1,war_N1_ge2,com_dipl,gcn
1964,44,0.4968473017215729,6,1,war_N1_ge2,com_dipl,gcn
1964,45,0.5014949440956116,17,1,war_N1_ge2,com_dipl,gcn
1964,46,0.5043712854385376,64,1,war_N1_ge2,com_dipl,gcn
1965,42,0.5057805776596069,0,0,war_N1_ge2,com_dipl,gcn
1965,43,0.5042815208435059,11,0,war_N1_ge2,com_dipl,gcn
1965,44,0.5092900991439819,0,0,war_N1_ge2,com_dipl,gcn
1965,45,0.5105358958244324,18,0,war_N1_ge2,com_dipl,gcn
1965,46,0.5010716915130615,218,0,war_N1_ge2,com_dipl,gcn
1966,42,0.5001620054244995,234,0,war_N1_ge2,com_dipl,gcn
1966,43,0.5066481232643127,17,0,war_N1_ge2,com_dipl,gcn
1966,44,0.5034042000770569,31,0,war_N1_ge2,com_dipl,gcn
1966,45,0.5038959980010986,55,0,war_N1_ge2,com_dipl,gcn
1966,46,0.5086991786956787,24,0,war_N1_ge2,com_dipl,gcn
1967,42,0.50065678358078,110,0,war_N1_ge2,com_dipl,gcn
1967,43,0.511042594909668,22,0,war_N1_ge2,com_dipl,gcn
1967,44,0.5152000188827515,2,0,war_N1_ge2,com_dipl,gcn
1967,45,0.5018247961997986,129,0,war_N1_ge2,com_dipl,gcn
1967,46,0.5076101422309875,12,0,war_N1_ge2,com_dipl,gcn
1968,42,0.502956211566925,28,0,war_N1_ge2,com_dipl,gcn
1968,43,0.4957854151725769,17,0,war_N1_ge2,com_dipl,gcn
1968,44,0.5100184082984924,18,0,war_N1_ge2,com_dipl,gcn
1968,45,0.5039094090461731,70,0,war_N1_ge2,com_dipl,gcn
1968,46,0.5069352984428406,21,0,war_N1_ge2,com_dipl,gcn
1969,42,0.4962283968925476,40,0,war_N1_ge2,com_dipl,gcn
1969,43,0.4923774003982544,14,0,war_N1_ge2,com_dipl,gcn
1969,44,0.4994700849056244,60,0,war_N1_ge2,com_dipl,gcn
1969,45,0.4989914298057556,107,0,war_N1_ge2,com_dipl,gcn
1969,46,0.4816334545612335,0,0,war_N1_ge2,com_dipl,gcn
1970,42,0.4989893138408661,23,0,war_N1_ge2,com_dipl,gcn
1970,43,0.4994422495365143,20,0,war_N1_ge2,com_dipl,gcn
1970,44,0.5005379319190979,46,0,war_N1_ge2,com_dipl,gcn
1970,45,0.4979608654975891,103,0,war_N1_ge2,com_dipl,gcn
1970,46,0.5033184885978699,13,0,war_N1_ge2,com_dipl,gcn
1971,42,0.4990391135215759,71,0,war_N1_ge2,com_dipl,gcn
1971,43,0.4969412684440613,11,0,war_N1_ge2,com_dipl,gcn
1971,44,0.5013473629951477,66,0,war_N1_ge2,com_dipl,gcn
1971,45,0.5005896687507629,160,0,war_N1_ge2,com_dipl,gcn
1971,46,0.5093497633934021,12,0,war_N1_ge2,com_dipl,gcn
1972,42,0.5032601952552795,73,0,war_N1_ge2,com_dipl,gcn
1972,43,0.5057745575904846,14,0,war_N1_ge2,com_dipl,gcn
1972,44,0.5037325620651245,28,0,war_N1_ge2,com_dipl,gcn
1972,45,0.5012356638908386,84,0,war_N1_ge2,com_dipl,gcn
1972,46,0.5042756199836731,19,0,war_N1_ge2,com_dipl,gcn
1973,42,0.49332430958747864,24,0,war_N1_ge2,com_dipl,gcn
1973,43,0.4362030029296875,0,0,war_N1_ge2,com_dipl,gcn
1973,44,0.4916967451572418,47,0,war_N1_ge2,com_dipl,gcn
1973,45,0.4912427067756653,24,0,war_N1_ge2,com_dipl,gcn
1973,46,0.4919487535953522,0,0,war_N1_ge2,com_dipl,gcn
1974,42,0.4940548241138458,24,0,war_N1_ge2,com_dipl,gcn
1974,43,0.4366268515586853,0,0,war_N1_ge2,com_dipl,gcn
1974,44,0.492564857006073,47,0,war_N1_ge2,com_dipl,gcn
1974,45,0.49266400933265686,22,0,war_N1_ge2,com_dipl,gcn
1974,46,0.49012884497642517,0,0,war_N1_ge2,com_dipl,gcn
1975,42,0.4975554645061493,15,0,war_N1_ge2,com_dipl,gcn
1975,43,0.43341219425201416,0,0,war_N1_ge2,com_dipl,gcn
1975,44,0.4950525462627411,39,0,war_N1_ge2,com_dipl,gcn
1975,45,0.5002245306968689,28,0,war_N1_ge2,com_dipl,gcn
1975,46,0.48680171370506287,0,0,war_N1_ge2,com_dipl,gcn
1976,42,0.48760566115379333,5,0,war_N1_ge2,com_dipl,gcn
1976,43,0.4382500946521759,0,0,war_N1_ge2,com_dipl,gcn
1976,44,0.4911782145500183,25,0,war_N1_ge2,com_dipl,gcn
1976,45,0.4959825277328491,17,0,war_N1_ge2,com_dipl,gcn
1976,46,0.4912782311439514,0,0,war_N1_ge2,com_dipl,gcn
1977,42,0.49183154106140137,5,0,war_N1_ge2,com_dipl,gcn
1977,43,0.43826720118522644,0,0,war_N1_ge2,com_dipl,gcn
1977,44,0.4976958632469177,58,0,war_N1_ge2,com_dipl,gcn
1977,45,0.49577534198760986,15,0,war_N1_ge2,com_dipl,gcn
1977,46,0.4813556373119354,0,0,war_N1_ge2,com_dipl,gcn
1978,42,0.48983708024024963,8,0,war_N1_ge2,com_dipl,gcn
1978,43,0.43158847093582153,0,0,war_N1_ge2,com_dipl,gcn
1978,44,0.49725568294525146,53,0,war_N1_ge2,com_dipl,gcn
1978,45,0.4926683008670807,14,0,war_N1_ge2,com_dipl,gcn
1978,46,0.48906368017196655,0,0,war_N1_ge2,com_dipl,gcn
1979,42,0.4897177219390869,7,0,war_N1_ge2,com_dipl,gcn
1979,43,0.43153393268585205,0,0,war_N1_ge2,com_dipl,gcn
1979,44,0.497250497341156,53,0,war_N1_ge2,com_dipl,gcn
1979,45,0.4931773841381073,14,0,war_N1_ge2,com_dipl,gcn
1979,46,0.4891071319580078,0,0,war_N1_ge2,com_dipl,gcn
1980,42,0.49340370297431946,12,0,war_N1_ge2,com_dipl,gcn
1980,43,0.4272690713405609,0,0,war_N1_ge2,com_dipl,gcn
1980,44,0.4917498826980591,24,0,war_N1_ge2,com_dipl,gcn
1980,45,0.4984108805656433,80,0,war_N1_ge2,com_dipl,gcn
1980,46,0.48192253708839417,0,0,war_N1_ge2,com_dipl,gcn
1981,42,0.4930194616317749,8,0,war_N1_ge2,com_dipl,gcn
1981,43,0.4383796155452728,0,0,war_N1_ge2,com_dipl,gcn
1981,44,0.49676480889320374,41,0,war_N1_ge2,com_dipl,gcn
1981,45,0.5000442862510681,26,0,war_N1_ge2,com_dipl,gcn
1981,46,0.48882028460502625,0,0,war_N1_ge2,com_dipl,gcn
1982,42,0.49976885318756104,34,0,war_N1_ge2,com_dipl,gcn
1982,43,0.4359605312347412,0,0,war_N1_ge2,com_dipl,gcn
1982,44,0.4960840046405792,24,0,war_N1_ge2,com_dipl,gcn
1982,45,0.5055832266807556,17,0,war_N1_ge2,com_dipl,gcn
1982,46,0.4902101755142212,0,0,war_N1_ge2,com_dipl,gcn
1983,42,0.492666095495224,7,0,war_N1_ge2,com_dipl,gcn
1983,43,0.43348371982574463,0,0,war_N1_ge2,com_dipl,gcn
1983,44,0.4861838221549988,13,0,war_N1_ge2,com_dipl,gcn
1983,45,0.4971335828304291,72,0,war_N1_ge2,com_dipl,gcn
1983,46,0.4860098659992218,0,0,war_N1_ge2,com_dipl,gcn
1984,42,0.4931927025318146,7,0,war_N1_ge2,com_dipl,gcn
1984,43,0.43541672825813293,0,0,war_N1_ge2,com_dipl,gcn
1984,44,0.48854222893714905,13,0,war_N1_ge2,com_dipl,gcn
1984,45,0.49742186069488525,72,0,war_N1_ge2,com_dipl,gcn
1984,46,0.4841967523097992,0,0,war_N1_ge2,com_dipl,gcn
1985,42,0.49779969453811646,2,0,war_N1_ge2,com_dipl,gcn
1985,43,0.4357909560203552,0,0,war_N1_ge2,com_dipl,gcn
1985,44,0.49636662006378174,23,0,war_N1_ge2,com_dipl,gcn
1985,45,0.4984581470489502,18,0,war_N1_ge2,com_dipl,gcn
1985,46,0.4850320518016815,0,0,war_N1_ge2,com_dipl,gcn
1986,42,0.49502766132354736,4,1,war_N1_ge2,com_dipl,gcn
1986,43,0.43764418363571167,0,1,war_N1_ge2,com_dipl,gcn
1986,44,0.4918413460254669,31,1,war_N1_ge2,com_dipl,gcn
1986,45,0.5008508563041687,19,1,war_N1_ge2,com_dipl,gcn
1986,46,0.48210611939430237,0,1,war_N1_ge2,com_dipl,gcn
1987,42,0.4900318384170532,17,0,war_N1_ge2,com_dipl,gcn
1987,43,0.43617671728134155,0,0,war_N1_ge2,com_dipl,gcn
1987,44,0.49927636981010437,8,0,war_N1_ge2,com_dipl,gcn
1987,45,0.5003687143325806,28,0,war_N1_ge2,com_dipl,gcn
1987,46,0.492144376039505,0,0,war_N1_ge2,com_dipl,gcn
1988,42,0.4965827763080597,6,0,war_N1_ge2,com_dipl,gcn
1988,43,0.4377245604991913,0,0,war_N1_ge2,com_dipl,gcn
1988,44,0.499286949634552,23,0,war_N1_ge2,com_dipl,gcn
1988,45,0.5017980337142944,21,0,war_N1_ge2,com_dipl,gcn
1988,46,0.48664018511772156,0,0,war_N1_ge2,com_dipl,gcn
1989,42,0.4970282316207886,6,1,war_N1_ge2,com_dipl,gcn
1989,43,0.43870261311531067,0,1,war_N1_ge2,com_dipl,gcn
1989,44,0.49963173270225525,23,1,war_N1_ge2,com_dipl,gcn
1989,45,0.5035784244537354,21,1,war_N1_ge2,com_dipl,gcn
1989,46,0.48716041445732117,0,1,war_N1_ge2,com_dipl,gcn
1990,42,0.4973197281360626,18,0,war_N1_ge2,com_dipl,gcn
1990,43,0.44027864933013916,0,0,war_N1_ge2,com_dipl,gcn
1990,44,0.48864832520484924,11,0,war_N1_ge2,com_dipl,gcn
1990,45,0.502666175365448,25,0,war_N1_ge2,com_dipl,gcn
1990,46,0.48635396361351013,0,0,war_N1_ge2,com_dipl,gcn
1991,42,0.4996849000453949,2,0,war_N1_ge2,com_dipl,gcn
1991,43,0.4347192943096161,0,0,war_N1_ge2,com_dipl,gcn
1991,44,0.4995346963405609,29,0,war_N1_ge2,com_dipl,gcn
1991,45,0.5007106065750122,19,0,war_N1_ge2,com_dipl,gcn
1991,46,0.492155522108078,12,0,war_N1_ge2,com_dipl,gcn
1992,42,0.4990350902080536,39,0,war_N1_ge2,com_dipl,gcn
1992,43,0.4374493658542633,0,0,war_N1_ge2,com_dipl,gcn
1992,44,0.5008366703987122,1,0,war_N1_ge2,com_dipl,gcn
1992,45,0.4991796314716339,17,0,war_N1_ge2,com_dipl,gcn
1992,46,0.4873823821544647,0,0,war_N1_ge2,com_dipl,gcn
1993,42,0.4966212213039398,28,0,war_N1_ge2,com_dipl,gcn
1993,43,0.4351857304573059,0,0,war_N1_ge2,com_dipl,gcn
1993,44,0.4992169439792633,29,0,war_N1_ge2,com_dipl,gcn
1993,45,0.4916059076786041,14,0,war_N1_ge2,com_dipl,gcn
1993,46,0.48295801877975464,0,0,war_N1_ge2,com_dipl,gcn
1994,42,0.49679064750671387,28,0,war_N1_ge2,com_dipl,gcn
1994,43,0.4357925355434418,0,0,war_N1_ge2,com_dipl,gcn
1994,44,0.4986386001110077,29,0,war_N1_ge2,com_dipl,gcn
1994,45,0.49117332696914673,14,0,war_N1_ge2,com_dipl,gcn
1994,46,0.483397513628006,0,0,war_N1_ge2,com_dipl,gcn
1995,42,0.4946575164794922,20,0,war_N1_ge2,com_dipl,gcn
1995,43,0.4421871602535248,0,0,war_N1_ge2,com_dipl,gcn
1995,44,0.4945162534713745,36,0,war_N1_ge2,com_dipl,gcn
1995,45,0.4951913058757782,48,0,war_N1_ge2,com_dipl,gcn
1995,46,0.4825946092605591,0,0,war_N1_ge2,com_dipl,gcn
1996,42,0.49827563762664795,22,0,war_N1_ge2,com_dipl,gcn
1996,43,0.4371339678764343,0,0,war_N1_ge2,com_dipl,gcn
1996,44,0.49728327989578247,6,0,war_N1_ge2,com_dipl,gcn
1996,45,0.4998045265674591,18,0,war_N1_ge2,com_dipl,gcn
1996,46,0.48723527789115906,0,0,war_N1_ge2,com_dipl,gcn
1997,42,0.49689799547195435,53,0,war_N1_ge2,com_dipl,gcn
1997,43,0.4380268156528473,0,0,war_N1_ge2,com_dipl,gcn
1997,44,0.49077343940734863,11,0,war_N1_ge2,com_dipl,gcn
1997,45,0.49872657656669617,105,0,war_N1_ge2,com_dipl,gcn
1997,46,0.4873618185520172,0,0,war_N1_ge2,com_dipl,gcn
1998,42,0.4946214556694031,25,1,war_N1_ge2,com_dipl,gcn
1998,43,0.4392507076263428,0,1,war_N1_ge2,com_dipl,gcn
1998,44,0.48928308486938477,10,1,war_N1_ge2,com_dipl,gcn
1998,45,0.49748334288597107,18,1,war_N1_ge2,com_dipl,gcn
1998,46,0.4868098497390747,0,1,war_N1_ge2,com_dipl,gcn
1999,42,0.4944559931755066,25,0,war_N1_ge2,com_dipl,gcn
1999,43,0.43974772095680237,0,0,war_N1_ge2,com_dipl,gcn
1999,44,0.4892646074295044,10,0,war_N1_ge2,com_dipl,gcn
1999,45,0.4971117675304413,18,0,war_N1_ge2,com_dipl,gcn
1999,46,0.48707878589630127,0,0,war_N1_ge2,com_dipl,gcn
2000,42,0.4925382435321808,12,1,war_N1_ge2,com_dipl,gcn
2000,43,0.4341462552547455,0,1,war_N1_ge2,com_dipl,gcn
2000,44,0.4904507100582123,25,1,war_N1_ge2,com_dipl,gcn
2000,45,0.49055832624435425,23,1,war_N1_ge2,com_dipl,gcn
2000,46,0.4842672348022461,0,1,war_N1_ge2,com_dipl,gcn
2001,42,0.4984739124774933,32,0,war_N1_ge2,com_dipl,gcn
2001,43,0.443098783493042,0,0,war_N1_ge2,com_dipl,gcn
2001,44,0.49566414952278137,6,0,war_N1_ge2,com_dipl,gcn
2001,45,0.48454445600509644,24,0,war_N1_ge2,com_dipl,gcn
2001,46,0.48634105920791626,0,0,war_N1_ge2,com_dipl,gcn
2002,42,0.4958287179470062,7,1,war_N1_ge2,com_dipl,gcn
2002,43,0.4326851963996887,0,1,war_N1_ge2,com_dipl,gcn
2002,44,0.4888215959072113,3,1,war_N1_ge2,com_dipl,gcn
2002,45,0.4988211691379547,29,1,war_N1_ge2,com_dipl,gcn
2002,46,0.48652780055999756,1,1,war_N1_ge2,com_dipl,gcn
2003,42,0.4948883056640625,8,0,war_N1_ge2,com_dipl,gcn
2003,43,0.4329078495502472,0,0,war_N1_ge2,com_dipl,gcn
2003,44,0.49159324169158936,25,0,war_N1_ge2,com_dipl,gcn
2003,45,0.4997493028640747,35,0,war_N1_ge2,com_dipl,gcn
2003,46,0.4899834096431732,0,0,war_N1_ge2,com_dipl,gcn
2004,42,0.49850043654441833,92,0,war_N1_ge2,com_dipl,gcn
2004,43,0.49744901061058044,22,0,war_N1_ge2,com_dipl,gcn
2004,44,0.498447060585022,84,0,war_N1_ge2,com_dipl,gcn
2004,45,0.49891915917396545,103,0,war_N1_ge2,com_dipl,gcn
2004,46,0.49449416995048523,2,0,war_N1_ge2,com_dipl,gcn
2005,42,0.4980466663837433,82,0,war_N1_ge2,com_dipl,gcn
2005,43,0.5028802752494812,13,0,war_N1_ge2,com_dipl,gcn
2005,44,0.4995962083339691,9,0,war_N1_ge2,com_dipl,gcn
2005,45,0.4977128803730011,54,0,war_N1_ge2,com_dipl,gcn
2005,46,0.49929100275039673,26,0,war_N1_ge2,com_dipl,gcn
1931,42,0.4922848045825958,45,0,war_N1_ge2,com_dipl,gat
1931,43,0.48608893156051636,31,0,war_N1_ge2,com_dipl,gat
1931,44,0.45960161089897156,0,0,war_N1_ge2,com_dipl,gat
1931,45,0.4853491187095642,8,0,war_N1_ge2,com_dipl,gat
1931,46,0.4845736622810364,0,0,war_N1_ge2,com_dipl,gat
1932,42,0.47767525911331177,11,0,war_N1_ge2,com_dipl,gat
1932,43,0.49729809165000916,10,0,war_N1_ge2,com_dipl,gat
1932,44,0.4735771119594574,8,0,war_N1_ge2,com_dipl,gat
1932,45,0.4942411780357361,37,0,war_N1_ge2,com_dipl,gat
1932,46,0.4846144914627075,6,0,war_N1_ge2,com_dipl,gat
1933,42,0.4954802691936493,7,0,war_N1_ge2,com_dipl,gat
1933,43,0.49414119124412537,4,0,war_N1_ge2,com_dipl,gat
1933,44,0.48870423436164856,35,0,war_N1_ge2,com_dipl,gat
1933,45,0.4869316816329956,9,0,war_N1_ge2,com_dipl,gat
1933,46,0.4946826696395874,36,0,war_N1_ge2,com_dipl,gat
1934,42,0.4845326542854309,27,0,war_N1_ge2,com_dipl,gat
1934,43,0.49436983466148376,4,0,war_N1_ge2,com_dipl,gat
1934,44,0.4601069986820221,0,0,war_N1_ge2,com_dipl,gat
1934,45,0.4870309829711914,9,0,war_N1_ge2,com_dipl,gat
1934,46,0.4818071722984314,2,0,war_N1_ge2,com_dipl,gat
1935,42,0.47377485036849976,54,0,war_N1_ge2,com_dipl,gat
1935,43,0.48948511481285095,43,0,war_N1_ge2,com_dipl,gat
1935,44,0.4575757384300232,0,0,war_N1_ge2,com_dipl,gat
1935,45,0.48912790417671204,20,0,war_N1_ge2,com_dipl,gat
1935,46,0.48005974292755127,0,0,war_N1_ge2,com_dipl,gat
1936,42,0.49273839592933655,18,1,war_N1_ge2,com_dipl,gat
1936,43,0.4962843954563141,12,1,war_N1_ge2,com_dipl,gat
1936,44,0.46337753534317017,0,1,war_N1_ge2,com_dipl,gat
1936,45,0.488158643245697,50,1,war_N1_ge2,com_dipl,gat
1936,46,0.48489317297935486,63,1,war_N1_ge2,com_dipl,gat
1937,42,0.48729726672172546,21,1,war_N1_ge2,com_dipl,gat
1937,43,0.5023155808448792,2,1,war_N1_ge2,com_dipl,gat
1937,44,0.4627913534641266,1,1,war_N1_ge2,com_dipl,gat
1937,45,0.47927021980285645,7,1,war_N1_ge2,com_dipl,gat
1937,46,0.4844430983066559,43,1,war_N1_ge2,com_dipl,gat
1938,42,0.5266744494438171,0,1,war_N1_ge2,com_dipl,gat
1938,43,0.5029289126396179,0,1,war_N1_ge2,com_dipl,gat
1938,44,0.5011088252067566,38,1,war_N1_ge2,com_dipl,gat
1938,45,0.5039035081863403,0,1,war_N1_ge2,com_dipl,gat
1938,46,0.5015711784362793,23,1,war_N1_ge2,com_dipl,gat
1939,42,0.530249834060669,0,0,war_N1_ge2,com_dipl,gat
1939,43,0.5054075121879578,0,0,war_N1_ge2,com_dipl,gat
1939,44,0.5060191750526428,38,0,war_N1_ge2,com_dipl,gat
1939,45,0.5057275295257568,0,0,war_N1_ge2,com_dipl,gat
1939,46,0.5120261311531067,23,0,war_N1_ge2,com_dipl,gat
1940,42,0.529341995716095,0,0,war_N1_ge2,com_dipl,gat
1940,43,0.5077796578407288,29,0,war_N1_ge2,com_dipl,gat
1940,44,0.504575788974762,57,0,war_N1_ge2,com_dipl,gat
1940,45,0.5152166485786438,34,0,war_N1_ge2,com_dipl,gat
1940,46,0.5105529427528381,16,0,war_N1_ge2,com_dipl,gat
1941,42,0.5271002054214478,0,0,war_N1_ge2,com_dipl,gat
1941,43,0.5042954087257385,0,0,war_N1_ge2,com_dipl,gat
1941,44,0.49910300970077515,30,0,war_N1_ge2,com_dipl,gat
1941,45,0.5150602459907532,0,0,war_N1_ge2,com_dipl,gat
1941,46,0.5174660086631775,16,0,war_N1_ge2,com_dipl,gat
1942,42,0.5302901268005371,0,0,war_N1_ge2,com_dipl,gat
1942,43,0.5071558952331543,20,0,war_N1_ge2,com_dipl,gat
1942,44,0.5068513751029968,32,0,war_N1_ge2,com_dipl,gat
1942,45,0.5111473798751831,0,0,war_N1_ge2,com_dipl,gat
1942,46,0.5025960206985474,12,0,war_N1_ge2,com_dipl,gat
1943,42,0.529009222984314,0,0,war_N1_ge2,com_dipl,gat
1943,43,0.5045766234397888,0,0,war_N1_ge2,com_dipl,gat
1943,44,0.5033891797065735,27,0,war_N1_ge2,com_dipl,gat
1943,45,0.5122296214103699,0,0,war_N1_ge2,com_dipl,gat
1943,46,0.5248908996582031,32,0,war_N1_ge2,com_dipl,gat
1944,42,0.5288597941398621,0,0,war_N1_ge2,com_dipl,gat
1944,43,0.5037487745285034,0,0,war_N1_ge2,com_dipl,gat
1944,44,0.5013422966003418,25,0,war_N1_ge2,com_dipl,gat
1944,45,0.5113624334335327,0,0,war_N1_ge2,com_dipl,gat
1944,46,0.48122739791870117,2,0,war_N1_ge2,com_dipl,gat
1945,42,0.5287418365478516,0,0,war_N1_ge2,com_dipl,gat
1945,43,0.5060025453567505,0,0,war_N1_ge2,com_dipl,gat
1945,44,0.5020116567611694,123,0,war_N1_ge2,com_dipl,gat
1945,45,0.5149393677711487,0,0,war_N1_ge2,com_dipl,gat
1945,46,0.49700137972831726,9,0,war_N1_ge2,com_dipl,gat
1946,42,0.5244553089141846,0,1,war_N1_ge2,com_dipl,gat
1946,43,0.5029489994049072,5,1,war_N1_ge2,com_dipl,gat
1946,44,0.4867231845855713,10,1,war_N1_ge2,com_dipl,gat
1946,45,0.5016103982925415,149,1,war_N1_ge2,com_dipl,gat
1946,46,0.4926280379295349,5,1,war_N1_ge2,com_dipl,gat
1947,42,0.5280023813247681,0,0,war_N1_ge2,com_dipl,gat
1947,43,0.5052679181098938,0,0,war_N1_ge2,com_dipl,gat
1947,44,0.504459023475647,31,0,war_N1_ge2,com_dipl,gat
1947,45,0.506753146648407,1,0,war_N1_ge2,com_dipl,gat
1947,46,0.4849126636981964,3,0,war_N1_ge2,com_dipl,gat
1948,42,0.5158225297927856,0,0,war_N1_ge2,com_dipl,gat
1948,43,0.5062655806541443,0,0,war_N1_ge2,com_dipl,gat
1948,44,0.5046030879020691,52,0,war_N1_ge2,com_dipl,gat
1948,45,0.5113020539283752,0,0,war_N1_ge2,com_dipl,gat
1948,46,0.4945979714393616,9,0,war_N1_ge2,com_dipl,gat
1949,42,0.5152164697647095,0,1,war_N1_ge2,com_dipl,gat
1949,43,0.505866289138794,0,1,war_N1_ge2,com_dipl,gat
1949,44,0.5052051544189453,52,1,war_N1_ge2,com_dipl,gat
1949,45,0.5085790753364563,0,1,war_N1_ge2,com_dipl,gat
1949,46,0.49498221278190613,8,1,war_N1_ge2,com_dipl,gat
1950,42,0.5253526568412781,0,0,war_N1_ge2,com_dipl,gat
1950,43,0.503365695476532,0,0,war_N1_ge2,com_dipl,gat
1950,44,0.47222235798835754,8,0,war_N1_ge2,com_dipl,gat
1950,45,0.5114107131958008,0,0,war_N1_ge2,com_dipl,gat
1950,46,0.48200318217277527,0,0,war_N1_ge2,com_dipl,gat
1951,42,0.4982442855834961,117,0,war_N1_ge2,com_dipl,gat
1951,43,0.4982861280441284,4,0,war_N1_ge2,com_dipl,gat
1951,44,0.46591728925704956,1,0,war_N1_ge2,com_dipl,gat
1951,45,0.4951323866844177,1,0,war_N1_ge2,com_dipl,gat
1951,46,0.48195257782936096,0,0,war_N1_ge2,com_dipl,gat
1952,42,0.49369484186172485,38,0,war_N1_ge2,com_dipl,gat
1952,43,0.49598369002342224,12,0,war_N1_ge2,com_dipl,gat
1952,44,0.46324166655540466,0,0,war_N1_ge2,com_dipl,gat
1952,45,0.49347585439682007,65,0,war_N1_ge2,com_dipl,gat
1952,46,0.48107755184173584,0,0,war_N1_ge2,com_dipl,gat
1953,42,0.490940660238266,38,0,war_N1_ge2,com_dipl,gat
1953,43,0.4963389039039612,40,0,war_N1_ge2,com_dipl,gat
1953,44,0.45510774850845337,0,0,war_N1_ge2,com_dipl,gat
1953,45,0.48774492740631104,9,0,war_N1_ge2,com_dipl,gat
1953,46,0.47796908020973206,1,0,war_N1_ge2,com_dipl,gat
1954,42,0.491155743598938,38,0,war_N1_ge2,com_dipl,gat
1954,43,0.49656984210014343,40,0,war_N1_ge2,com_dipl,gat
1954,44,0.4555757939815521,0,0,war_N1_ge2,com_dipl,gat
1954,45,0.488321989774704,9,0,war_N1_ge2,com_dipl,gat
1954,46,0.47803184390068054,1,0,war_N1_ge2,com_dipl,gat
1955,42,0.49378645420074463,37,1,war_N1_ge2,com_dipl,gat
1955,43,0.4890252351760864,23,1,war_N1_ge2,com_dipl,gat
1955,44,0.4603808522224426,0,1,war_N1_ge2,com_dipl,gat
1955,45,0.49174684286117554,34,1,war_N1_ge2,com_dipl,gat
1955,46,0.4815363585948944,0,1,war_N1_ge2,com_dipl,gat
1956,42,0.4985102713108063,22,1,war_N1_ge2,com_dipl,gat
1956,43,0.49608683586120605,9,1,war_N1_ge2,com_dipl,gat
1956,44,0.45731377601623535,0,1,war_N1_ge2,com_dipl,gat
1956,45,0.49533140659332275,13,1,war_N1_ge2,com_dipl,gat
1956,46,0.48352888226509094,0,1,war_N1_ge2,com_dipl,gat
1957,42,0.47694116830825806,11,0,war_N1_ge2,com_dipl,gat
1957,43,0.49695461988449097,10,0,war_N1_ge2,com_dipl,gat
1957,44,0.45865294337272644,0,0,war_N1_ge2,com_dipl,gat
1957,45,0.49465155601501465,43,0,war_N1_ge2,com_dipl,gat
1957,46,0.4833165407180786,0,0,war_N1_ge2,com_dipl,gat
1958,42,0.5233081579208374,0,0,war_N1_ge2,com_dipl,gat
1958,43,0.5043206214904785,0,0,war_N1_ge2,com_dipl,gat
1958,44,0.5117095112800598,19,0,war_N1_ge2,com_dipl,gat
1958,45,0.511328935623169,27,0,war_N1_ge2,com_dipl,gat
1958,46,0.5016283988952637,33,0,war_N1_ge2,com_dipl,gat
1959,42,0.5225618481636047,0,0,war_N1_ge2,com_dipl,gat
1959,43,0.5052489638328552,35,0,war_N1_ge2,com_dipl,gat
1959,44,0.5120386481285095,19,0,war_N1_ge2,com_dipl,gat
1959,45,0.5115535855293274,27,0,war_N1_ge2,com_dipl,gat
1959,46,0.5015690922737122,33,0,war_N1_ge2,com_dipl,gat
1960,42,0.5243352651596069,0,0,war_N1_ge2,com_dipl,gat
1960,43,0.5045413970947266,0,0,war_N1_ge2,com_dipl,gat
1960,44,0.502666175365448,27,0,war_N1_ge2,com_dipl,gat
1960,45,0.50685715675354,10,0,war_N1_ge2,com_dipl,gat
1960,46,0.508141815662384,15,0,war_N1_ge2,com_dipl,gat
1961,42,0.5239684581756592,0,1,war_N1_ge2,com_dipl,gat
1961,43,0.5041553378105164,1,1,war_N1_ge2,com_dipl,gat
1961,44,0.5016328692436218,43,1,war_N1_ge2,com_dipl,gat
1961,45,0.5057196617126465,11,1,war_N1_ge2,com_dipl,gat
1961,46,0.5126196146011353,12,1,war_N1_ge2,com_dipl,gat
1962,42,0.49535855650901794,16,0,war_N1_ge2,com_dipl,gat
1962,43,0.4940517842769623,6,0,war_N1_ge2,com_dipl,gat
1962,44,0.4585456848144531,0,0,war_N1_ge2,com_dipl,gat
1962,45,0.4976341426372528,50,0,war_N1_ge2,com_dipl,gat
1962,46,0.4781825840473175,0,0,war_N1_ge2,com_dipl,gat
1963,42,0.5229922533035278,0,0,war_N1_ge2,com_dipl,gat
1963,43,0.5036771297454834,0,0,war_N1_ge2,com_dipl,gat
1963,44,0.5058130025863647,20,0,war_N1_ge2,com_dipl,gat
1963,45,0.5136756300926208,51,0,war_N1_ge2,com_dipl,gat
1963,46,0.5064731240272522,49,0,war_N1_ge2,com_dipl,gat
1964,42,0.5048276782035828,3,1,war_N1_ge2,com_dipl,gat
1964,43,0.5011276602745056,19,1,war_N1_ge2,com_dipl,gat
1964,44,0.5055583715438843,20,1,war_N1_ge2,com_dipl,gat
1964,45,0.5065910220146179,29,1,war_N1_ge2,com_dipl,gat
1964,46,0.506575882434845,48,1,war_N1_ge2,com_dipl,gat
1965,42,0.5240443348884583,0,0,war_N1_ge2,com_dipl,gat
1965,43,0.50439453125,25,0,war_N1_ge2,com_dipl,gat
1965,44,0.5014759302139282,63,0,war_N1_ge2,com_dipl,gat
1965,45,0.5113987326622009,0,0,war_N1_ge2,com_dipl,gat
1965,46,0.5039294362068176,16,0,war_N1_ge2,com_dipl,gat
1966,42,0.5089744925498962,10,0,war_N1_ge2,com_dipl,gat
1966,43,0.5026155710220337,21,0,war_N1_ge2,com_dipl,gat
1966,44,0.5005836486816406,12,0,war_N1_ge2,com_dipl,gat
1966,45,0.5026183128356934,58,0,war_N1_ge2,com_dipl,gat
1966,46,0.49931323528289795,8,0,war_N1_ge2,com_dipl,gat
1967,42,0.5133986473083496,4,0,war_N1_ge2,com_dipl,gat
1967,43,0.5046225786209106,23,0,war_N1_ge2,com_dipl,gat
1967,44,0.5048254132270813,24,0,war_N1_ge2,com_dipl,gat
1967,45,0.5028752684593201,72,0,war_N1_ge2,com_dipl,gat
1967,46,0.49957215785980225,14,0,war_N1_ge2,com_dipl,gat
1968,42,0.5198991298675537,3,0,war_N1_ge2,com_dipl,gat
1968,43,0.5015344619750977,39,0,war_N1_ge2,com_dipl,gat
1968,44,0.5052117109298706,23,0,war_N1_ge2,com_dipl,gat
1968,45,0.5118311047554016,1,0,war_N1_ge2,com_dipl,gat
1968,46,0.504486620426178,48,0,war_N1_ge2,com_dipl,gat
1969,42,0.49645528197288513,76,0,war_N1_ge2,com_dipl,gat
1969,43,0.49927306175231934,64,0,war_N1_ge2,com_dipl,gat
1969,44,0.49352532625198364,15,0,war_N1_ge2,com_dipl,gat
1969,45,0.49431076645851135,9,0,war_N1_ge2,com_dipl,gat
1969,46,0.49231237173080444,6,0,war_N1_ge2,com_dipl,gat
1970,42,0.4990684390068054,115,0,war_N1_ge2,com_dipl,gat
1970,43,0.49803903698921204,6,0,war_N1_ge2,com_dipl,gat
1970,44,0.5062059164047241,21,0,war_N1_ge2,com_dipl,gat
1970,45,0.49672120809555054,48,0,war_N1_ge2,com_dipl,gat
1970,46,0.5005061030387878,8,0,war_N1_ge2,com_dipl,gat
1971,42,0.4999980926513672,75,0,war_N1_ge2,com_dipl,gat
1971,43,0.5004560947418213,3,0,war_N1_ge2,com_dipl,gat
1971,44,0.5025107264518738,20,0,war_N1_ge2,com_dipl,gat
1971,45,0.5023159980773926,61,0,war_N1_ge2,com_dipl,gat
1971,46,0.5029507875442505,10,0,war_N1_ge2,com_dipl,gat
1972,42,0.5009240508079529,65,0,war_N1_ge2,com_dipl,gat
1972,43,0.5010030269622803,163,0,war_N1_ge2,com_dipl,gat
1972,44,0.5035672187805176,24,0,war_N1_ge2,com_dipl,gat
1972,45,0.503704845905304,52,0,war_N1_ge2,com_dipl,gat
1972,46,0.5042431354522705,9,0,war_N1_ge2,com_dipl,gat
1973,42,0.4960573613643646,33,0,war_N1_ge2,com_dipl,gat
1973,43,0.49746209383010864,22,0,war_N1_ge2,com_dipl,gat
1973,44,0.45837053656578064,0,0,war_N1_ge2,com_dipl,gat
1973,45,0.49089109897613525,14,0,war_N1_ge2,com_dipl,gat
1973,46,0.48218560218811035,0,0,war_N1_ge2,com_dipl,gat
1974,42,0.4978203773498535,33,0,war_N1_ge2,com_dipl,gat
1974,43,0.4974500834941864,22,0,war_N1_ge2,com_dipl,gat
1974,44,0.45957663655281067,0,0,war_N1_ge2,com_dipl,gat
1974,45,0.4902624487876892,14,0,war_N1_ge2,com_dipl,gat
1974,46,0.48287129402160645,0,0,war_N1_ge2,com_dipl,gat
1975,42,0.49769195914268494,48,0,war_N1_ge2,com_dipl,gat
1975,43,0.4967425763607025,33,0,war_N1_ge2,com_dipl,gat
1975,44,0.4641098976135254,0,0,war_N1_ge2,com_dipl,gat
1975,45,0.49556657671928406,14,0,war_N1_ge2,com_dipl,gat
1975,46,0.48431092500686646,0,0,war_N1_ge2,com_dipl,gat
1976,42,0.4933897852897644,23,0,war_N1_ge2,com_dipl,gat
1976,43,0.4991511106491089,7,0,war_N1_ge2,com_dipl,gat
1976,44,0.4630591869354248,0,0,war_N1_ge2,com_dipl,gat
1976,45,0.49953705072402954,43,0,war_N1_ge2,com_dipl,gat
1976,46,0.48374876379966736,0,0,war_N1_ge2,com_dipl,gat
1977,42,0.48372066020965576,14,0,war_N1_ge2,com_dipl,gat
1977,43,0.4932991862297058,14,0,war_N1_ge2,com_dipl,gat
1977,44,0.458147794008255,0,0,war_N1_ge2,com_dipl,gat
1977,45,0.49341508746147156,20,0,war_N1_ge2,com_dipl,gat
1977,46,0.4828646183013916,0,0,war_N1_ge2,com_dipl,gat
1978,42,0.4952099025249481,15,0,war_N1_ge2,com_dipl,gat
1978,43,0.4972565770149231,19,0,war_N1_ge2,com_dipl,gat
1978,44,0.4664733111858368,0,0,war_N1_ge2,com_dipl,gat
1978,45,0.4978048503398895,16,0,war_N1_ge2,com_dipl,gat
1978,46,0.480974018573761,0,0,war_N1_ge2,com_dipl,gat
1979,42,0.49512186646461487,15,0,war_N1_ge2,com_dipl,gat
1979,43,0.49723345041275024,19,0,war_N1_ge2,com_dipl,gat
1979,44,0.46664518117904663,0,0,war_N1_ge2,com_dipl,gat
1979,45,0.49781033396720886,16,0,war_N1_ge2,com_dipl,gat
1979,46,0.4810240864753723,0,0,war_N1_ge2,com_dipl,gat
1980,42,0.4741434156894684,7,0,war_N1_ge2,com_dipl,gat
1980,43,0.4986282289028168,8,0,war_N1_ge2,com_dipl,gat
1980,44,0.4642637073993683,0,0,war_N1_ge2,com_dipl,gat
1980,45,0.4984303116798401,42,0,war_N1_ge2,com_dipl,gat
1980,46,0.4821241497993469,0,0,war_N1_ge2,com_dipl,gat
1981,42,0.4942879378795624,23,0,war_N1_ge2,com_dipl,gat
1981,43,0.4972231388092041,4,0,war_N1_ge2,com_dipl,gat
1981,44,0.45818087458610535,0,0,war_N1_ge2,com_dipl,gat
1981,45,0.501119077205658,4,0,war_N1_ge2,com_dipl,gat
1981,46,0.48045918345451355,0,0,war_N1_ge2,com_dipl,gat
1982,42,0.49185070395469666,16,0,war_N1_ge2,com_dipl,gat
1982,43,0.4976469576358795,6,0,war_N1_ge2,com_dipl,gat
1982,44,0.4664778709411621,0,0,war_N1_ge2,com_dipl,gat
1982,45,0.49631717801094055,41,0,war_N1_ge2,com_dipl,gat
1982,46,0.4815969467163086,0,0,war_N1_ge2,com_dipl,gat
1983,42,0.49187612533569336,19,0,war_N1_ge2,com_dipl,gat
1983,43,0.4969123601913452,12,0,war_N1_ge2,com_dipl,gat
1983,44,0.46357160806655884,0,0,war_N1_ge2,com_dipl,gat
1983,45,0.4927137792110443,22,0,war_N1_ge2,com_dipl,gat
1983,46,0.48095735907554626,0,0,war_N1_ge2,com_dipl,gat
1984,42,0.49235957860946655,19,0,war_N1_ge2,com_dipl,gat
1984,43,0.49748122692108154,12,0,war_N1_ge2,com_dipl,gat
1984,44,0.46378248929977417,0,0,war_N1_ge2,com_dipl,gat
1984,45,0.49194449186325073,22,0,war_N1_ge2,com_dipl,gat
1984,46,0.48243844509124756,0,0,war_N1_ge2,com_dipl,gat
1985,42,0.48844391107559204,6,0,war_N1_ge2,com_dipl,gat
1985,43,0.49845707416534424,11,0,war_N1_ge2,com_dipl,gat
1985,44,0.46169787645339966,0,0,war_N1_ge2,com_dipl,gat
1985,45,0.49530327320098877,40,0,war_N1_ge2,com_dipl,gat
1985,46,0.47839781641960144,0,0,war_N1_ge2,com_dipl,gat
1986,42,0.4924667775630951,22,1,war_N1_ge2,com_dipl,gat
1986,43,0.4988322854042053,20,1,war_N1_ge2,com_dipl,gat
1986,44,0.462531179189682,0,1,war_N1_ge2,com_dipl,gat
1986,45,0.49456968903541565,8,1,war_N1_ge2,com_dipl,gat
1986,46,0.48088493943214417,0,1,war_N1_ge2,com_dipl,gat
1987,42,0.4952527582645416,22,0,war_N1_ge2,com_dipl,gat
1987,43,0.4975724518299103,7,0,war_N1_ge2,com_dipl,gat
1987,44,0.46224838495254517,0,0,war_N1_ge2,com_dipl,gat
1987,45,0.5000439882278442,35,0,war_N1_ge2,com_dipl,gat
1987,46,0.4839340150356293,0,0,war_N1_ge2,com_dipl,gat
1988,42,0.49233612418174744,21,0,war_N1_ge2,com_dipl,gat
1988,43,0.49887391924858093,6,0,war_N1_ge2,com_dipl,gat
1988,44,0.46469220519065857,0,0,war_N1_ge2,com_dipl,gat
1988,45,0.4940403699874878,32,0,war_N1_ge2,com_dipl,gat
1988,46,0.47945117950439453,0,0,war_N1_ge2,com_dipl,gat
1989,42,0.4934888780117035,22,1,war_N1_ge2,com_dipl,gat
1989,43,0.4979395270347595,6,1,war_N1_ge2,com_dipl,gat
1989,44,0.4644475281238556,0,1,war_N1_ge2,com_dipl,gat
1989,45,0.49362754821777344,32,1,war_N1_ge2,com_dipl,gat
1989,46,0.4800512194633484,0,1,war_N1_ge2,com_dipl,gat
1990,42,0.49787092208862305,21,0,war_N1_ge2,com_dipl,gat
1990,43,0.49814295768737793,6,0,war_N1_ge2,com_dipl,gat
1990,44,0.46214935183525085,0,0,war_N1_ge2,com_dipl,gat
1990,45,0.4942675530910492,2,0,war_N1_ge2,com_dipl,gat
1990,46,0.48061510920524597,0,0,war_N1_ge2,com_dipl,gat
1991,42,0.49847254157066345,51,0,war_N1_ge2,com_dipl,gat
1991,43,0.4966181814670563,13,0,war_N1_ge2,com_dipl,gat
1991,44,0.45413681864738464,0,0,war_N1_ge2,com_dipl,gat
1991,45,0.498137891292572,22,0,war_N1_ge2,com_dipl,gat
1991,46,0.48134955763816833,0,0,war_N1_ge2,com_dipl,gat
1992,42,0.4990902543067932,16,0,war_N1_ge2,com_dipl,gat
1992,43,0.4995631277561188,100,0,war_N1_ge2,com_dipl,gat
1992,44,0.45804888010025024,0,0,war_N1_ge2,com_dipl,gat
1992,45,0.4906270503997803,19,0,war_N1_ge2,com_dipl,gat
1992,46,0.4845190942287445,0,0,war_N1_ge2,com_dipl,gat
1993,42,0.4932154417037964,12,0,war_N1_ge2,com_dipl,gat
1993,43,0.4991768002510071,25,0,war_N1_ge2,com_dipl,gat
1993,44,0.4604937434196472,0,0,war_N1_ge2,com_dipl,gat
1993,45,0.4977685213088989,12,0,war_N1_ge2,com_dipl,gat
1993,46,0.4812789857387543,0,0,war_N1_ge2,com_dipl,gat
1994,42,0.4914560317993164,12,0,war_N1_ge2,com_dipl,gat
1994,43,0.4987088441848755,25,0,war_N1_ge2,com_dipl,gat
1994,44,0.4604286849498749,0,0,war_N1_ge2,com_dipl,gat
1994,45,0.4980291724205017,12,0,war_N1_ge2,com_dipl,gat
1994,46,0.48035377264022827,0,0,war_N1_ge2,com_dipl,gat
1995,42,0.49341124296188354,15,0,war_N1_ge2,com_dipl,gat
1995,43,0.4971122443675995,8,0,war_N1_ge2,com_dipl,gat
1995,44,0.46143755316734314,0,0,war_N1_ge2,com_dipl,gat
1995,45,0.4955402910709381,12,0,war_N1_ge2,com_dipl,gat
1995,46,0.4829131066799164,0,0,war_N1_ge2,com_dipl,gat
1996,42,0.4843059480190277,11,0,war_N1_ge2,com_dipl,gat
1996,43,0.49664440751075745,16,0,war_N1_ge2,com_dipl,gat
1996,44,0.4596610367298126,0,0,war_N1_ge2,com_dipl,gat
1996,45,0.49264389276504517,11,0,war_N1_ge2,com_dipl,gat
1996,46,0.48434045910835266,0,0,war_N1_ge2,com_dipl,gat
1997,42,0.4995115399360657,16,0,war_N1_ge2,com_dipl,gat
1997,43,0.4962840676307678,20,0,war_N1_ge2,com_dipl,gat
1997,44,0.46205243468284607,0,0,war_N1_ge2,com_dipl,gat
1997,45,0.4933706820011139,7,0,war_N1_ge2,com_dipl,gat
1997,46,0.48389968276023865,0,0,war_N1_ge2,com_dipl,gat
1998,42,0.48684215545654297,6,1,war_N1_ge2,com_dipl,gat
1998,43,0.4966842234134674,10,1,war_N1_ge2,com_dipl,gat
1998,44,0.465702623128891,0,1,war_N1_ge2,com_dipl,gat
1998,45,0.495770663022995,17,1,war_N1_ge2,com_dipl,gat
1998,46,0.48139652609825134,0,1,war_N1_ge2,com_dipl,gat
1999,42,0.4872826635837555,6,0,war_N1_ge2,com_dipl,gat
1999,43,0.4966680407524109,10,0,war_N1_ge2,com_dipl,gat
1999,44,0.46539613604545593,0,0,war_N1_ge2,com_dipl,gat
1999,45,0.4962247610092163,16,0,war_N1_ge2,com_dipl,gat
1999,46,0.48090308904647827,0,0,war_N1_ge2,com_dipl,gat
2000,42,0.4870961308479309,15,1,war_N1_ge2,com_dipl,gat
2000,43,0.4950067400932312,6,1,war_N1_ge2,com_dipl,gat
2000,44,0.4598347842693329,0,1,war_N1_ge2,com_dipl,gat
2000,45,0.4819789230823517,6,1,war_N1_ge2,com_dipl,gat
2000,46,0.478596955537796,0,1,war_N1_ge2,com_dipl,gat
2001,42,0.49566295742988586,29,0,war_N1_ge2,com_dipl,gat
2001,43,0.49671390652656555,12,0,war_N1_ge2,com_dipl,gat
2001,44,0.45754238963127136,0,0,war_N1_ge2,com_dipl,gat
2001,45,0.4920209050178528,6,0,war_N1_ge2,com_dipl,gat
2001,46,0.48222795128822327,0,0,war_N1_ge2,com_dipl,gat
2002,42,0.4879813492298126,9,1,war_N1_ge2,com_dipl,gat
2002,43,0.4981468617916107,17,1,war_N1_ge2,com_dipl,gat
2002,44,0.45994633436203003,0,1,war_N1_ge2,com_dipl,gat
2002,45,0.49353253841400146,34,1,war_N1_ge2,com_dipl,gat
2002,46,0.48285582661628723,0,1,war_N1_ge2,com_dipl,gat
2003,42,0.48369553685188293,14,0,war_N1_ge2,com_dipl,gat
2003,43,0.49521398544311523,11,0,war_N1_ge2,com_dipl,gat
2003,44,0.4642525017261505,0,0,war_N1_ge2,com_dipl,gat
2003,45,0.48646485805511475,6,0,war_N1_ge2,com_dipl,gat
2003,46,0.4846568703651428,0,0,war_N1_ge2,com_dipl,gat
2004,42,0.4937383234500885,9,0,war_N1_ge2,com_dipl,gat
2004,43,0.4982318580150604,42,0,war_N1_ge2,com_dipl,gat
2004,44,0.49373024702072144,11,0,war_N1_ge2,com_dipl,gat
2004,45,0.497469425201416,43,0,war_N1_ge2,com_dipl,gat
2004,46,0.4880571961402893,2,0,war_N1_ge2,com_dipl,gat
2005,42,0.49795225262641907,45,0,war_N1_ge2,com_dipl,gat
2005,43,0.5029529929161072,0,0,war_N1_ge2,com_dipl,gat
2005,44,0.49419906735420227,13,0,war_N1_ge2,com_dipl,gat
2005,45,0.4970850348472595,27,0,war_N1_ge2,com_dipl,gat
2005,46,0.4975457787513733,7,0,war_N1_ge2,com_dipl,gat
1931,42,0.4948292076587677,25,0,proxy_N1_ge2,sem_dipl,gcn
1931,43,0.45241600275039673,0,0,proxy_N1_ge2,sem_dipl,gcn
1931,44,0.49146783351898193,0,0,proxy_N1_ge2,sem_dipl,gcn
1931,45,0.49714407324790955,50,0,proxy_N1_ge2,sem_dipl,gcn
1931,46,0.49505606293678284,18,0,proxy_N1_ge2,sem_dipl,gcn
1932,42,0.48814699053764343,25,1,proxy_N1_ge2,sem_dipl,gcn
1932,43,0.4513213634490967,1,1,proxy_N1_ge2,sem_dipl,gcn
1932,44,0.4898204505443573,0,1,proxy_N1_ge2,sem_dipl,gcn
1932,45,0.49238720536231995,48,1,proxy_N1_ge2,sem_dipl,gcn
1932,46,0.4932141602039337,22,1,proxy_N1_ge2,sem_dipl,gcn
1933,42,0.49358364939689636,36,1,proxy_N1_ge2,sem_dipl,gcn
1933,43,0.4517178237438202,0,1,proxy_N1_ge2,sem_dipl,gcn
1933,44,0.4908601641654968,2,1,proxy_N1_ge2,sem_dipl,gcn
1933,45,0.4904226064682007,19,1,proxy_N1_ge2,sem_dipl,gcn
1933,46,0.49656471610069275,4,1,proxy_N1_ge2,sem_dipl,gcn
1934,42,0.535101592540741,2,0,proxy_N1_ge2,sem_dipl,gcn
1934,43,0.5044815540313721,52,0,proxy_N1_ge2,sem_dipl,gcn
1934,44,0.5053896307945251,14,0,proxy_N1_ge2,sem_dipl,gcn
1934,45,0.5371553301811218,0,0,proxy_N1_ge2,sem_dipl,gcn
1934,46,0.503505527973175,62,0,proxy_N1_ge2,sem_dipl,gcn
1935,42,0.5274209976196289,2,0,proxy_N1_ge2,sem_dipl,gcn
1935,43,0.5019543170928955,44,0,proxy_N1_ge2,sem_dipl,gcn
1935,44,0.502957284450531,40,0,proxy_N1_ge2,sem_dipl,gcn
1935,45,0.5364781022071838,0,0,proxy_N1_ge2,sem_dipl,gcn
1935,46,0.5017924308776855,10,0,proxy_N1_ge2,sem_dipl,gcn
1936,42,0.5219590067863464,0,1,proxy_N1_ge2,sem_dipl,gcn
1936,43,0.5073547959327698,29,1,proxy_N1_ge2,sem_dipl,gcn
1936,44,0.501573383808136,21,1,proxy_N1_ge2,sem_dipl,gcn
1936,45,0.5386406779289246,0,1,proxy_N1_ge2,sem_dipl,gcn
1936,46,0.504912257194519,6,1,proxy_N1_ge2,sem_dipl,gcn
1937,42,0.518049955368042,0,1,proxy_N1_ge2,sem_dipl,gcn
1937,43,0.5075218081474304,41,1,proxy_N1_ge2,sem_dipl,gcn
1937,44,0.5013379454612732,15,1,proxy_N1_ge2,sem_dipl,gcn
1937,45,0.5319235920906067,0,1,proxy_N1_ge2,sem_dipl,gcn
1937,46,0.5022213459014893,5,1,proxy_N1_ge2,sem_dipl,gcn
1938,42,0.5260806679725647,0,1,proxy_N1_ge2,sem_dipl,gcn
1938,43,0.49683496356010437,31,1,proxy_N1_ge2,sem_dipl,gcn
1938,44,0.5029250979423523,60,1,proxy_N1_ge2,sem_dipl,gcn
1938,45,0.5371666550636292,0,1,proxy_N1_ge2,sem_dipl,gcn
1938,46,0.5023935437202454,28,1,proxy_N1_ge2,sem_dipl,gcn
1939,42,0.5232046246528625,0,1,proxy_N1_ge2,sem_dipl,gcn
1939,43,0.4960222840309143,31,1,proxy_N1_ge2,sem_dipl,gcn
1939,44,0.5042684078216553,60,1,proxy_N1_ge2,sem_dipl,gcn
1939,45,0.5412835478782654,0,1,proxy_N1_ge2,sem_dipl,gcn
1939,46,0.5096216201782227,28,1,proxy_N1_ge2,sem_dipl,gcn
1940,42,0.52642422914505,3,1,proxy_N1_ge2,sem_dipl,gcn
1940,43,0.4984794855117798,32,1,proxy_N1_ge2,sem_dipl,gcn
1940,44,0.5050660371780396,14,1,proxy_N1_ge2,sem_dipl,gcn
1940,45,0.5376170873641968,0,1,proxy_N1_ge2,sem_dipl,gcn
1940,46,0.5050286650657654,8,1,proxy_N1_ge2,sem_dipl,gcn
1941,42,0.5225980281829834,0,0,proxy_N1_ge2,sem_dipl,gcn
1941,43,0.5016664266586304,23,0,proxy_N1_ge2,sem_dipl,gcn
1941,44,0.51025390625,6,0,proxy_N1_ge2,sem_dipl,gcn
1941,45,0.5428546667098999,0,0,proxy_N1_ge2,sem_dipl,gcn
1941,46,0.504181444644928,35,0,proxy_N1_ge2,sem_dipl,gcn
1942,42,0.5240591764450073,0,1,proxy_N1_ge2,sem_dipl,gcn
1942,43,0.5047104358673096,69,1,proxy_N1_ge2,sem_dipl,gcn
1942,44,0.5050983428955078,14,1,proxy_N1_ge2,sem_dipl,gcn
1942,45,0.539732038974762,0,1,proxy_N1_ge2,sem_dipl,gcn
1942,46,0.5055930018424988,56,1,proxy_N1_ge2,sem_dipl,gcn
1943,42,0.5220537185668945,0,0,proxy_N1_ge2,sem_dipl,gcn
1943,43,0.5059388279914856,75,0,proxy_N1_ge2,sem_dipl,gcn
1943,44,0.5072885751724243,8,0,proxy_N1_ge2,sem_dipl,gcn
1943,45,0.5427833199501038,0,0,proxy_N1_ge2,sem_dipl,gcn
1943,46,0.5071371793746948,12,0,proxy_N1_ge2,sem_dipl,gcn
1944,42,0.5230414271354675,0,0,proxy_N1_ge2,sem_dipl,gcn
1944,43,0.5058770179748535,75,0,proxy_N1_ge2,sem_dipl,gcn
1944,44,0.5067840218544006,8,0,proxy_N1_ge2,sem_dipl,gcn
1944,45,0.5411269068717957,0,0,proxy_N1_ge2,sem_dipl,gcn
1944,46,0.5054019093513489,12,0,proxy_N1_ge2,sem_dipl,gcn
1945,42,0.5227659940719604,0,0,proxy_N1_ge2,sem_dipl,gcn
1945,43,0.4983707368373871,28,0,proxy_N1_ge2,sem_dipl,gcn
1945,44,0.5019466876983643,12,0,proxy_N1_ge2,sem_dipl,gcn
1945,45,0.5434492230415344,0,0,proxy_N1_ge2,sem_dipl,gcn
1945,46,0.5026372075080872,7,0,proxy_N1_ge2,sem_dipl,gcn
1946,42,0.5186587572097778,0,1,proxy_N1_ge2,sem_dipl,gcn
1946,43,0.4991127550601959,48,1,proxy_N1_ge2,sem_dipl,gcn
1946,44,0.5003571510314941,6,1,proxy_N1_ge2,sem_dipl,gcn
1946,45,0.5405339598655701,0,1,proxy_N1_ge2,sem_dipl,gcn
1946,46,0.5076384544372559,34,1,proxy_N1_ge2,sem_dipl,gcn
1947,42,0.5172362327575684,0,0,proxy_N1_ge2,sem_dipl,gcn
1947,43,0.5055916905403137,49,0,proxy_N1_ge2,sem_dipl,gcn
1947,44,0.5046454071998596,14,0,proxy_N1_ge2,sem_dipl,gcn
1947,45,0.5453598499298096,0,0,proxy_N1_ge2,sem_dipl,gcn
1947,46,0.5092258453369141,7,0,proxy_N1_ge2,sem_dipl,gcn
1948,42,0.5240620374679565,0,0,proxy_N1_ge2,sem_dipl,gcn
1948,43,0.499972939491272,50,0,proxy_N1_ge2,sem_dipl,gcn
1948,44,0.5054885745048523,12,0,proxy_N1_ge2,sem_dipl,gcn
1948,45,0.5344639420509338,0,0,proxy_N1_ge2,sem_dipl,gcn
1948,46,0.5045064687728882,4,0,proxy_N1_ge2,sem_dipl,gcn
1949,42,0.5233069658279419,0,1,proxy_N1_ge2,sem_dipl,gcn
1949,43,0.4998248219490051,50,1,proxy_N1_ge2,sem_dipl,gcn
1949,44,0.5057910680770874,12,1,proxy_N1_ge2,sem_dipl,gcn
1949,45,0.5349125266075134,0,1,proxy_N1_ge2,sem_dipl,gcn
1949,46,0.5045146942138672,4,1,proxy_N1_ge2,sem_dipl,gcn
1950,42,0.5234887599945068,0,0,proxy_N1_ge2,sem_dipl,gcn
1950,43,0.4998200535774231,80,0,proxy_N1_ge2,sem_dipl,gcn
1950,44,0.5027562379837036,15,0,proxy_N1_ge2,sem_dipl,gcn
1950,45,0.5378010869026184,0,0,proxy_N1_ge2,sem_dipl,gcn
1950,46,0.5020947456359863,36,0,proxy_N1_ge2,sem_dipl,gcn
1951,42,0.5245198011398315,0,0,proxy_N1_ge2,sem_dipl,gcn
1951,43,0.503216028213501,63,0,proxy_N1_ge2,sem_dipl,gcn
1951,44,0.5037010908126831,24,0,proxy_N1_ge2,sem_dipl,gcn
1951,45,0.5337920188903809,0,0,proxy_N1_ge2,sem_dipl,gcn
1951,46,0.5038797855377197,18,0,proxy_N1_ge2,sem_dipl,gcn
1952,42,0.5230900645256042,0,0,proxy_N1_ge2,sem_dipl,gcn
1952,43,0.49959638714790344,69,0,proxy_N1_ge2,sem_dipl,gcn
1952,44,0.5040667653083801,6,0,proxy_N1_ge2,sem_dipl,gcn
1952,45,0.5357648134231567,0,0,proxy_N1_ge2,sem_dipl,gcn
1952,46,0.5037516355514526,40,0,proxy_N1_ge2,sem_dipl,gcn
1953,42,0.49658477306365967,40,0,proxy_N1_ge2,sem_dipl,gcn
1953,43,0.4637805223464966,3,0,proxy_N1_ge2,sem_dipl,gcn
1953,44,0.4927196502685547,0,0,proxy_N1_ge2,sem_dipl,gcn
1953,45,0.4959915578365326,32,0,proxy_N1_ge2,sem_dipl,gcn
1953,46,0.4947417080402374,0,0,proxy_N1_ge2,sem_dipl,gcn
1954,42,0.49666061997413635,40,1,proxy_N1_ge2,sem_dipl,gcn
1954,43,0.45227116346359253,0,1,proxy_N1_ge2,sem_dipl,gcn
1954,44,0.4923061430454254,0,1,proxy_N1_ge2,sem_dipl,gcn
1954,45,0.4962998032569885,31,1,proxy_N1_ge2,sem_dipl,gcn
1954,46,0.49251726269721985,2,1,proxy_N1_ge2,sem_dipl,gcn
1955,42,0.49642255902290344,17,0,proxy_N1_ge2,sem_dipl,gcn
1955,43,0.4523581862449646,0,0,proxy_N1_ge2,sem_dipl,gcn
1955,44,0.49176275730133057,0,0,proxy_N1_ge2,sem_dipl,gcn
1955,45,0.4971327483654022,23,0,proxy_N1_ge2,sem_dipl,gcn
1955,46,0.49762997031211853,69,0,proxy_N1_ge2,sem_dipl,gcn
1956,42,0.4981174170970917,62,0,proxy_N1_ge2,sem_dipl,gcn
1956,43,0.4505311846733093,0,0,proxy_N1_ge2,sem_dipl,gcn
1956,44,0.492950975894928,0,0,proxy_N1_ge2,sem_dipl,gcn
1956,45,0.4943305253982544,22,0,proxy_N1_ge2,sem_dipl,gcn
1956,46,0.4990651309490204,1,0,proxy_N1_ge2,sem_dipl,gcn
1957,42,0.48957937955856323,11,0,proxy_N1_ge2,sem_dipl,gcn
1957,43,0.45089372992515564,0,0,proxy_N1_ge2,sem_dipl,gcn
1957,44,0.4938754439353943,0,0,proxy_N1_ge2,sem_dipl,gcn
1957,45,0.4907264709472656,34,0,proxy_N1_ge2,sem_dipl,gcn
1957,46,0.49757063388824463,0,0,proxy_N1_ge2,sem_dipl,gcn
1958,42,0.49822402000427246,56,0,proxy_N1_ge2,sem_dipl,gcn
1958,43,0.4508103132247925,0,0,proxy_N1_ge2,sem_dipl,gcn
1958,44,0.4901182949542999,1,0,proxy_N1_ge2,sem_dipl,gcn
1958,45,0.49364301562309265,14,0,proxy_N1_ge2,sem_dipl,gcn
1958,46,0.4963797926902771,1,0,proxy_N1_ge2,sem_dipl,gcn
1959,42,0.4981026351451874,56,0,proxy_N1_ge2,sem_dipl,gcn
1959,43,0.4508648216724396,0,0,proxy_N1_ge2,sem_dipl,gcn
1959,44,0.4900839924812317,1,0,proxy_N1_ge2,sem_dipl,gcn
1959,45,0.492931991815567,14,0,proxy_N1_ge2,sem_dipl,gcn
1959,46,0.4964650571346283,1,0,proxy_N1_ge2,sem_dipl,gcn
1960,42,0.49329328536987305,21,1,proxy_N1_ge2,sem_dipl,gcn
1960,43,0.45082464814186096,0,1,proxy_N1_ge2,sem_dipl,gcn
1960,44,0.4940282106399536,0,1,proxy_N1_ge2,sem_dipl,gcn
1960,45,0.498382031917572,28,1,proxy_N1_ge2,sem_dipl,gcn
1960,46,0.49929380416870117,0,1,proxy_N1_ge2,sem_dipl,gcn
1961,42,0.4922972321510315,16,0,proxy_N1_ge2,sem_dipl,gcn
1961,43,0.4516150653362274,0,0,proxy_N1_ge2,sem_dipl,gcn
1961,44,0.4902776777744293,0,0,proxy_N1_ge2,sem_dipl,gcn
1961,45,0.4987877309322357,56,0,proxy_N1_ge2,sem_dipl,gcn
1961,46,0.49489402770996094,24,0,proxy_N1_ge2,sem_dipl,gcn
1962,42,0.49029871821403503,22,0,proxy_N1_ge2,sem_dipl,gcn
1962,43,0.4524106979370117,0,0,proxy_N1_ge2,sem_dipl,gcn
1962,44,0.4937150180339813,0,0,proxy_N1_ge2,sem_dipl,gcn
1962,45,0.49602779746055603,24,0,proxy_N1_ge2,sem_dipl,gcn
1962,46,0.4981752038002014,1,0,proxy_N1_ge2,sem_dipl,gcn
1963,42,0.4951458275318146,21,1,proxy_N1_ge2,sem_dipl,gcn
1963,43,0.45244553685188293,0,1,proxy_N1_ge2,sem_dipl,gcn
1963,44,0.4955895245075226,0,1,proxy_N1_ge2,sem_dipl,gcn
1963,45,0.5001360774040222,23,1,proxy_N1_ge2,sem_dipl,gcn
1963,46,0.4981994032859802,0,1,proxy_N1_ge2,sem_dipl,gcn
1964,42,0.4953971803188324,23,0,proxy_N1_ge2,sem_dipl,gcn
1964,43,0.45252421498298645,0,0,proxy_N1_ge2,sem_dipl,gcn
1964,44,0.4948147237300873,0,0,proxy_N1_ge2,sem_dipl,gcn
1964,45,0.4998513162136078,23,0,proxy_N1_ge2,sem_dipl,gcn
1964,46,0.49863937497138977,0,0,proxy_N1_ge2,sem_dipl,gcn
1965,42,0.496006578207016,22,0,proxy_N1_ge2,sem_dipl,gcn
1965,43,0.45343759655952454,0,0,proxy_N1_ge2,sem_dipl,gcn
1965,44,0.49067527055740356,0,0,proxy_N1_ge2,sem_dipl,gcn
1965,45,0.49582961201667786,27,0,proxy_N1_ge2,sem_dipl,gcn
1965,46,0.4975986182689667,15,0,proxy_N1_ge2,sem_dipl,gcn
1966,42,0.4947996735572815,16,0,proxy_N1_ge2,sem_dipl,gcn
1966,43,0.4544293284416199,0,0,proxy_N1_ge2,sem_dipl,gcn
1966,44,0.49317052960395813,0,0,proxy_N1_ge2,sem_dipl,gcn
1966,45,0.4967948794364929,35,0,proxy_N1_ge2,sem_dipl,gcn
1966,46,0.49892234802246094,0,0,proxy_N1_ge2,sem_dipl,gcn
1967,42,0.4958810806274414,26,0,proxy_N1_ge2,sem_dipl,gcn
1967,43,0.4503874182701111,0,0,proxy_N1_ge2,sem_dipl,gcn
1967,44,0.49191737174987793,0,0,proxy_N1_ge2,sem_dipl,gcn
1967,45,0.4965764284133911,24,0,proxy_N1_ge2,sem_dipl,gcn
1967,46,0.49734750390052795,24,0,proxy_N1_ge2,sem_dipl,gcn
1968,42,0.4985755980014801,21,0,proxy_N1_ge2,sem_dipl,gcn
1968,43,0.451239675283432,0,0,proxy_N1_ge2,sem_dipl,gcn
1968,44,0.4926149547100067,0,0,proxy_N1_ge2,sem_dipl,gcn
1968,45,0.4912852942943573,13,0,proxy_N1_ge2,sem_dipl,gcn
1968,46,0.4983977973461151,0,0,proxy_N1_ge2,sem_dipl,gcn
1969,42,0.497732013463974,26,0,proxy_N1_ge2,sem_dipl,gcn
1969,43,0.4512506127357483,0,0,proxy_N1_ge2,sem_dipl,gcn
1969,44,0.49263936281204224,0,0,proxy_N1_ge2,sem_dipl,gcn
1969,45,0.4910517632961273,14,0,proxy_N1_ge2,sem_dipl,gcn
1969,46,0.49831530451774597,0,0,proxy_N1_ge2,sem_dipl,gcn
1970,42,0.4963390827178955,14,0,proxy_N1_ge2,sem_dipl,gcn
1970,43,0.4525336027145386,0,0,proxy_N1_ge2,sem_dipl,gcn
1970,44,0.4915938079357147,0,0,proxy_N1_ge2,sem_dipl,gcn
1970,45,0.499022901058197,32,0,proxy_N1_ge2,sem_dipl,gcn
1970,46,0.49720075726509094,26,0,proxy_N1_ge2,sem_dipl,gcn
1971,42,0.49948975443840027,16,0,proxy_N1_ge2,sem_dipl,gcn
1971,43,0.45339488983154297,0,0,proxy_N1_ge2,sem_dipl,gcn
1971,44,0.48993614315986633,0,0,proxy_N1_ge2,sem_dipl,gcn
1971,45,0.49273189902305603,15,0,proxy_N1_ge2,sem_dipl,gcn
1971,46,0.4978330135345459,26,0,proxy_N1_ge2,sem_dipl,gcn
1972,42,0.4974576234817505,40,0,proxy_N1_ge2,sem_dipl,gcn
1972,43,0.4535321295261383,0,0,proxy_N1_ge2,sem_dipl,gcn
1972,44,0.49129024147987366,0,0,proxy_N1_ge2,sem_dipl,gcn
1972,45,0.4961766302585602,16,0,proxy_N1_ge2,sem_dipl,gcn
1972,46,0.49766090512275696,0,0,proxy_N1_ge2,sem_dipl,gcn
1973,42,0.49508902430534363,29,0,proxy_N1_ge2,sem_dipl,gcn
1973,43,0.4534130394458771,0,0,proxy_N1_ge2,sem_dipl,gcn
1973,44,0.4941696524620056,0,0,proxy_N1_ge2,sem_dipl,gcn
1973,45,0.5000330805778503,42,0,proxy_N1_ge2,sem_dipl,gcn
1973,46,0.4965969920158386,15,0,proxy_N1_ge2,sem_dipl,gcn
1974,42,0.4950340986251831,29,0,proxy_N1_ge2,sem_dipl,gcn
1974,43,0.4521731734275818,0,0,proxy_N1_ge2,sem_dipl,gcn
1974,44,0.49341583251953125,0,0,proxy_N1_ge2,sem_dipl,gcn
1974,45,0.49999356269836426,42,0,proxy_N1_ge2,sem_dipl,gcn
1974,46,0.4963880181312561,15,0,proxy_N1_ge2,sem_dipl,gcn
1975,42,0.4917965829372406,12,0,proxy_N1_ge2,sem_dipl,gcn
1975,43,0.4505766034126282,0,0,proxy_N1_ge2,sem_dipl,gcn
1975,44,0.49287497997283936,0,0,proxy_N1_ge2,sem_dipl,gcn
1975,45,0.5009980797767639,15,0,proxy_N1_ge2,sem_dipl,gcn
1975,46,0.4953485131263733,10,0,proxy_N1_ge2,sem_dipl,gcn
1976,42,0.49494868516921997,15,0,proxy_N1_ge2,sem_dipl,gcn
1976,43,0.45350196957588196,0,0,proxy_N1_ge2,sem_dipl,gcn
1976,44,0.4934113621711731,0,0,proxy_N1_ge2,sem_dipl,gcn
1976,45,0.49394455552101135,23,0,proxy_N1_ge2,sem_dipl,gcn
1976,46,0.4962153136730194,12,0,proxy_N1_ge2,sem_dipl,gcn
1977,42,0.4964403510093689,16,1,proxy_N1_ge2,sem_dipl,gcn
1977,43,0.44933971762657166,0,1,proxy_N1_ge2,sem_dipl,gcn
1977,44,0.48975682258605957,0,1,proxy_N1_ge2,sem_dipl,gcn
1977,45,0.4922766089439392,28,1,proxy_N1_ge2,sem_dipl,gcn
1977,46,0.4948059618473053,3,1,proxy_N1_ge2,sem_dipl,gcn
1978,42,0.49491584300994873,28,0,proxy_N1_ge2,sem_dipl,gcn
1978,43,0.452443391084671,0,0,proxy_N1_ge2,sem_dipl,gcn
1978,44,0.4897087514400482,0,0,proxy_N1_ge2,sem_dipl,gcn
1978,45,0.4944886267185211,50,0,proxy_N1_ge2,sem_dipl,gcn
1978,46,0.49712255597114563,13,0,proxy_N1_ge2,sem_dipl,gcn
1979,42,0.49485933780670166,28,0,proxy_N1_ge2,sem_dipl,gcn
1979,43,0.4524412453174591,0,0,proxy_N1_ge2,sem_dipl,gcn
1979,44,0.4898441731929779,0,0,proxy_N1_ge2,sem_dipl,gcn
1979,45,0.4944136142730713,50,0,proxy_N1_ge2,sem_dipl,gcn
1979,46,0.4972743093967438,13,0,proxy_N1_ge2,sem_dipl,gcn
1980,42,0.4933425486087799,14,0,proxy_N1_ge2,sem_dipl,gcn
1980,43,0.45239976048469543,0,0,proxy_N1_ge2,sem_dipl,gcn
1980,44,0.4931081533432007,0,0,proxy_N1_ge2,sem_dipl,gcn
1980,45,0.49058207869529724,17,0,proxy_N1_ge2,sem_dipl,gcn
1980,46,0.49708041548728943,13,0,proxy_N1_ge2,sem_dipl,gcn
1981,42,0.49600374698638916,24,0,proxy_N1_ge2,sem_dipl,gcn
1981,43,0.4497552514076233,0,0,proxy_N1_ge2,sem_dipl,gcn
1981,44,0.49356260895729065,0,0,proxy_N1_ge2,sem_dipl,gcn
1981,45,0.493724524974823,23,0,proxy_N1_ge2,sem_dipl,gcn
1981,46,0.4943411946296692,1,0,proxy_N1_ge2,sem_dipl,gcn
1982,42,0.4917182922363281,11,0,proxy_N1_ge2,sem_dipl,gcn
1982,43,0.45276808738708496,0,0,proxy_N1_ge2,sem_dipl,gcn
1982,44,0.4910372793674469,0,0,proxy_N1_ge2,sem_dipl,gcn
1982,45,0.4977594017982483,60,0,proxy_N1_ge2,sem_dipl,gcn
1982,46,0.49656379222869873,0,0,proxy_N1_ge2,sem_dipl,gcn
1983,42,0.48734962940216064,11,0,proxy_N1_ge2,sem_dipl,gcn
1983,43,0.453449547290802,0,0,proxy_N1_ge2,sem_dipl,gcn
1983,44,0.49086907505989075,0,0,proxy_N1_ge2,sem_dipl,gcn
1983,45,0.4987659454345703,47,0,proxy_N1_ge2,sem_dipl,gcn
1983,46,0.49660930037498474,20,0,proxy_N1_ge2,sem_dipl,gcn
1984,42,0.48735886812210083,11,0,proxy_N1_ge2,sem_dipl,gcn
1984,43,0.45270052552223206,0,0,proxy_N1_ge2,sem_dipl,gcn
1984,44,0.49074840545654297,0,0,proxy_N1_ge2,sem_dipl,gcn
1984,45,0.4988543391227722,47,0,proxy_N1_ge2,sem_dipl,gcn
1984,46,0.49661722779273987,20,0,proxy_N1_ge2,sem_dipl,gcn
1985,42,0.4888155162334442,27,1,proxy_N1_ge2,sem_dipl,gcn
1985,43,0.4506980776786804,0,1,proxy_N1_ge2,sem_dipl,gcn
1985,44,0.4921771287918091,0,1,proxy_N1_ge2,sem_dipl,gcn
1985,45,0.4940043091773987,18,1,proxy_N1_ge2,sem_dipl,gcn
1985,46,0.49866846203804016,11,1,proxy_N1_ge2,sem_dipl,gcn
1986,42,0.4966307580471039,27,0,proxy_N1_ge2,sem_dipl,gcn
1986,43,0.45178020000457764,0,0,proxy_N1_ge2,sem_dipl,gcn
1986,44,0.4926963150501251,0,0,proxy_N1_ge2,sem_dipl,gcn
1986,45,0.48940539360046387,14,0,proxy_N1_ge2,sem_dipl,gcn
1986,46,0.4980055093765259,48,0,proxy_N1_ge2,sem_dipl,gcn
1987,42,0.49348387122154236,32,0,proxy_N1_ge2,sem_dipl,gcn
1987,43,0.4510601758956909,0,0,proxy_N1_ge2,sem_dipl,gcn
1987,44,0.4912647604942322,0,0,proxy_N1_ge2,sem_dipl,gcn
1987,45,0.4956635534763336,26,0,proxy_N1_ge2,sem_dipl,gcn
1987,46,0.4968305230140686,0,0,proxy_N1_ge2,sem_dipl,gcn
1988,42,0.49522772431373596,27,0,proxy_N1_ge2,sem_dipl,gcn
1988,43,0.4503411054611206,0,0,proxy_N1_ge2,sem_dipl,gcn
1988,44,0.49401652812957764,0,0,proxy_N1_ge2,sem_dipl,gcn
1988,45,0.494004487991333,14,0,proxy_N1_ge2,sem_dipl,gcn
1988,46,0.49853652715682983,17,0,proxy_N1_ge2,sem_dipl,gcn
1989,42,0.4951048493385315,27,1,proxy_N1_ge2,sem_dipl,gcn
1989,43,0.4502342641353607,0,1,proxy_N1_ge2,sem_dipl,gcn
1989,44,0.4936503469944,0,1,proxy_N1_ge2,sem_dipl,gcn
1989,45,0.49385690689086914,14,1,proxy_N1_ge2,sem_dipl,gcn
1989,46,0.4984833300113678,17,1,proxy_N1_ge2,sem_dipl,gcn
1990,42,0.49276936054229736,20,0,proxy_N1_ge2,sem_dipl,gcn
1990,43,0.4502466320991516,0,0,proxy_N1_ge2,sem_dipl,gcn
1990,44,0.48947083950042725,0,0,proxy_N1_ge2,sem_dipl,gcn
1990,45,0.49788740277290344,33,0,proxy_N1_ge2,sem_dipl,gcn
1990,46,0.4973801076412201,0,0,proxy_N1_ge2,sem_dipl,gcn
1991,42,0.488846093416214,16,0,proxy_N1_ge2,sem_dipl,gcn
1991,43,0.4481554627418518,0,0,proxy_N1_ge2,sem_dipl,gcn
1991,44,0.4895293414592743,0,0,proxy_N1_ge2,sem_dipl,gcn
1991,45,0.49810659885406494,64,0,proxy_N1_ge2,sem_dipl,gcn
1991,46,0.49631834030151367,21,0,proxy_N1_ge2,sem_dipl,gcn
1992,42,0.49563825130462646,14,1,proxy_N1_ge2,sem_dipl,gcn
1992,43,0.45283475518226624,0,1,proxy_N1_ge2,sem_dipl,gcn
1992,44,0.4916549623012543,0,1,proxy_N1_ge2,sem_dipl,gcn
1992,45,0.4929232895374298,24,1,proxy_N1_ge2,sem_dipl,gcn
1992,46,0.49701976776123047,22,1,proxy_N1_ge2,sem_dipl,gcn
1993,42,0.49184319376945496,12,0,proxy_N1_ge2,sem_dipl,gcn
1993,43,0.452195405960083,0,0,proxy_N1_ge2,sem_dipl,gcn
1993,44,0.49173155426979065,0,0,proxy_N1_ge2,sem_dipl,gcn
1993,45,0.48938652873039246,27,0,proxy_N1_ge2,sem_dipl,gcn
1993,46,0.4966258108615875,15,0,proxy_N1_ge2,sem_dipl,gcn
1994,42,0.4922950267791748,12,0,proxy_N1_ge2,sem_dipl,gcn
1994,43,0.45340874791145325,0,0,proxy_N1_ge2,sem_dipl,gcn
1994,44,0.492318719625473,0,0,proxy_N1_ge2,sem_dipl,gcn
1994,45,0.4892949163913727,27,0,proxy_N1_ge2,sem_dipl,gcn
1994,46,0.4966178238391876,15,0,proxy_N1_ge2,sem_dipl,gcn
1995,42,0.49259448051452637,14,0,proxy_N1_ge2,sem_dipl,gcn
1995,43,0.4537045955657959,0,0,proxy_N1_ge2,sem_dipl,gcn
1995,44,0.49410974979400635,0,0,proxy_N1_ge2,sem_dipl,gcn
1995,45,0.488214910030365,22,0,proxy_N1_ge2,sem_dipl,gcn
1995,46,0.49534907937049866,2,0,proxy_N1_ge2,sem_dipl,gcn
1996,42,0.48483291268348694,10,1,proxy_N1_ge2,sem_dipl,gcn
1996,43,0.45200470089912415,0,1,proxy_N1_ge2,sem_dipl,gcn
1996,44,0.4917646646499634,0,1,proxy_N1_ge2,sem_dipl,gcn
1996,45,0.4918084740638733,26,1,proxy_N1_ge2,sem_dipl,gcn
1996,46,0.4969237744808197,18,1,proxy_N1_ge2,sem_dipl,gcn
1997,42,0.4887177646160126,13,0,proxy_N1_ge2,sem_dipl,gcn
1997,43,0.45376625657081604,0,0,proxy_N1_ge2,sem_dipl,gcn
1997,44,0.49176454544067383,0,0,proxy_N1_ge2,sem_dipl,gcn
1997,45,0.4887142479419708,24,0,proxy_N1_ge2,sem_dipl,gcn
1997,46,0.49714595079421997,13,0,proxy_N1_ge2,sem_dipl,gcn
1998,42,0.4954565763473511,38,0,proxy_N1_ge2,sem_dipl,gcn
1998,43,0.4490187466144562,0,0,proxy_N1_ge2,sem_dipl,gcn
1998,44,0.49040666222572327,0,0,proxy_N1_ge2,sem_dipl,gcn
1998,45,0.49243590235710144,24,0,proxy_N1_ge2,sem_dipl,gcn
1998,46,0.49627289175987244,22,0,proxy_N1_ge2,sem_dipl,gcn
1999,42,0.49575167894363403,38,0,proxy_N1_ge2,sem_dipl,gcn
1999,43,0.4498043358325958,0,0,proxy_N1_ge2,sem_dipl,gcn
1999,44,0.4907115399837494,0,0,proxy_N1_ge2,sem_dipl,gcn
1999,45,0.4925539791584015,24,0,proxy_N1_ge2,sem_dipl,gcn
1999,46,0.4962748885154724,26,0,proxy_N1_ge2,sem_dipl,gcn
2000,42,0.49358946084976196,25,1,proxy_N1_ge2,sem_dipl,gcn
2000,43,0.4531239867210388,0,1,proxy_N1_ge2,sem_dipl,gcn
2000,44,0.491413414478302,0,1,proxy_N1_ge2,sem_dipl,gcn
2000,45,0.493709534406662,15,1,proxy_N1_ge2,sem_dipl,gcn
2000,46,0.4947717785835266,23,1,proxy_N1_ge2,sem_dipl,gcn
2001,42,0.4952193796634674,32,0,proxy_N1_ge2,sem_dipl,gcn
2001,43,0.4524993598461151,0,0,proxy_N1_ge2,sem_dipl,gcn
2001,44,0.4926690459251404,0,0,proxy_N1_ge2,sem_dipl,gcn
2001,45,0.4918842613697052,20,0,proxy_N1_ge2,sem_dipl,gcn
2001,46,0.4959813058376312,0,0,proxy_N1_ge2,sem_dipl,gcn
2002,42,0.48864465951919556,19,0,proxy_N1_ge2,sem_dipl,gcn
2002,43,0.451223224401474,0,0,proxy_N1_ge2,sem_dipl,gcn
2002,44,0.49395573139190674,0,0,proxy_N1_ge2,sem_dipl,gcn
2002,45,0.4920268952846527,21,0,proxy_N1_ge2,sem_dipl,gcn
2002,46,0.4972529709339142,19,0,proxy_N1_ge2,sem_dipl,gcn
2003,42,0.4886597990989685,18,0,proxy_N1_ge2,sem_dipl,gcn
2003,43,0.4549456834793091,0,0,proxy_N1_ge2,sem_dipl,gcn
2003,44,0.49404317140579224,0,0,proxy_N1_ge2,sem_dipl,gcn
2003,45,0.4948890507221222,34,0,proxy_N1_ge2,sem_dipl,gcn
2003,46,0.4984305500984192,9,0,proxy_N1_ge2,sem_dipl,gcn
2004,42,0.488513320684433,18,0,proxy_N1_ge2,sem_dipl,gcn
2004,43,0.4543146789073944,0,0,proxy_N1_ge2,sem_dipl,gcn
2004,44,0.49347516894340515,0,0,proxy_N1_ge2,sem_dipl,gcn
2004,45,0.4948769807815552,34,0,proxy_N1_ge2,sem_dipl,gcn
2004,46,0.4982573986053467,9,0,proxy_N1_ge2,sem_dipl,gcn
2005,42,0.49236899614334106,15,0,proxy_N1_ge2,sem_dipl,gcn
2005,43,0.4530549645423889,0,0,proxy_N1_ge2,sem_dipl,gcn
2005,44,0.4916709065437317,0,0,proxy_N1_ge2,sem_dipl,gcn
2005,45,0.4911949634552002,16,0,proxy_N1_ge2,sem_dipl,gcn
2005,46,0.4964599311351776,1,0,proxy_N1_ge2,sem_dipl,gcn
2006,42,0.48912423849105835,15,0,proxy_N1_ge2,sem_dipl,gcn
2006,43,0.4482111930847168,0,0,proxy_N1_ge2,sem_dipl,gcn
2006,44,0.4901430308818817,25,0,proxy_N1_ge2,sem_dipl,gcn
2006,45,0.4949761927127838,16,0,proxy_N1_ge2,sem_dipl,gcn
2006,46,0.4969905912876129,11,0,proxy_N1_ge2,sem_dipl,gcn
2007,42,0.4896141290664673,10,0,proxy_N1_ge2,sem_dipl,gcn
2007,43,0.4519990086555481,0,0,proxy_N1_ge2,sem_dipl,gcn
2007,44,0.489581435918808,0,0,proxy_N1_ge2,sem_dipl,gcn
2007,45,0.4912305176258087,25,0,proxy_N1_ge2,sem_dipl,gcn
2007,46,0.49736618995666504,15,0,proxy_N1_ge2,sem_dipl,gcn
2008,42,0.49317169189453125,29,0,proxy_N1_ge2,sem_dipl,gcn
2008,43,0.45278480648994446,0,0,proxy_N1_ge2,sem_dipl,gcn
2008,44,0.49335646629333496,0,0,proxy_N1_ge2,sem_dipl,gcn
2008,45,0.48351308703422546,24,0,proxy_N1_ge2,sem_dipl,gcn
2008,46,0.4922364056110382,12,0,proxy_N1_ge2,sem_dipl,gcn
2009,42,0.4933619797229767,29,0,proxy_N1_ge2,sem_dipl,gcn
2009,43,0.45268353819847107,0,0,proxy_N1_ge2,sem_dipl,gcn
2009,44,0.4932704269886017,0,0,proxy_N1_ge2,sem_dipl,gcn
2009,45,0.4828387200832367,24,0,proxy_N1_ge2,sem_dipl,gcn
2009,46,0.4920268952846527,12,0,proxy_N1_ge2,sem_dipl,gcn
2010,42,0.48539409041404724,46,0,proxy_N1_ge2,sem_dipl,gcn
2010,43,0.4510398507118225,0,0,proxy_N1_ge2,sem_dipl,gcn
2010,44,0.49287042021751404,0,0,proxy_N1_ge2,sem_dipl,gcn
2010,45,0.49044278264045715,25,0,proxy_N1_ge2,sem_dipl,gcn
2010,46,0.4940713942050934,19,0,proxy_N1_ge2,sem_dipl,gcn
2011,42,0.49246954917907715,11,0,proxy_N1_ge2,sem_dipl,gcn
2011,43,0.4538387358188629,0,0,proxy_N1_ge2,sem_dipl,gcn
2011,44,0.4908589720726013,0,0,proxy_N1_ge2,sem_dipl,gcn
2011,45,0.49443909525871277,17,0,proxy_N1_ge2,sem_dipl,gcn
2011,46,0.49631646275520325,0,0,proxy_N1_ge2,sem_dipl,gcn
1931,42,0.4491874575614929,0,0,proxy_N1_ge2,sem_dipl,gat
1931,43,0.46315813064575195,0,0,proxy_N1_ge2,sem_dipl,gat
1931,44,0.49782463908195496,18,0,proxy_N1_ge2,sem_dipl,gat
1931,45,0.47214680910110474,0,0,proxy_N1_ge2,sem_dipl,gat
1931,46,0.46004268527030945,0,0,proxy_N1_ge2,sem_dipl,gat
1932,42,0.4490911662578583,0,1,proxy_N1_ge2,sem_dipl,gat
1932,43,0.46509912610054016,0,1,proxy_N1_ge2,sem_dipl,gat
1932,44,0.4895775616168976,18,1,proxy_N1_ge2,sem_dipl,gat
1932,45,0.46823108196258545,3,1,proxy_N1_ge2,sem_dipl,gat
1932,46,0.45974093675613403,0,1,proxy_N1_ge2,sem_dipl,gat
1933,42,0.445139616727829,1,1,proxy_N1_ge2,sem_dipl,gat
1933,43,0.46560904383659363,0,1,proxy_N1_ge2,sem_dipl,gat
1933,44,0.4828195869922638,18,1,proxy_N1_ge2,sem_dipl,gat
1933,45,0.47551825642585754,1,1,proxy_N1_ge2,sem_dipl,gat
1933,46,0.4604988992214203,1,1,proxy_N1_ge2,sem_dipl,gat
1934,42,0.507993757724762,21,0,proxy_N1_ge2,sem_dipl,gat
1934,43,0.5153651833534241,26,0,proxy_N1_ge2,sem_dipl,gat
1934,44,0.541014552116394,0,0,proxy_N1_ge2,sem_dipl,gat
1934,45,0.5056920647621155,31,0,proxy_N1_ge2,sem_dipl,gat
1934,46,0.5038498044013977,26,0,proxy_N1_ge2,sem_dipl,gat
1935,42,0.5074256062507629,22,0,proxy_N1_ge2,sem_dipl,gat
1935,43,0.5005733966827393,17,0,proxy_N1_ge2,sem_dipl,gat
1935,44,0.544024646282196,0,0,proxy_N1_ge2,sem_dipl,gat
1935,45,0.506178617477417,17,0,proxy_N1_ge2,sem_dipl,gat
1935,46,0.5072559714317322,32,0,proxy_N1_ge2,sem_dipl,gat
1936,42,0.5083356499671936,29,1,proxy_N1_ge2,sem_dipl,gat
1936,43,0.5048117637634277,91,1,proxy_N1_ge2,sem_dipl,gat
1936,44,0.5451634526252747,0,1,proxy_N1_ge2,sem_dipl,gat
1936,45,0.5059439539909363,25,1,proxy_N1_ge2,sem_dipl,gat
1936,46,0.5025554299354553,25,1,proxy_N1_ge2,sem_dipl,gat
1937,42,0.5028221011161804,80,1,proxy_N1_ge2,sem_dipl,gat
1937,43,0.5143076181411743,17,1,proxy_N1_ge2,sem_dipl,gat
1937,44,0.5390186309814453,0,1,proxy_N1_ge2,sem_dipl,gat
1937,45,0.5049800872802734,30,1,proxy_N1_ge2,sem_dipl,gat
1937,46,0.4994558095932007,51,1,proxy_N1_ge2,sem_dipl,gat
1938,42,0.5027446150779724,47,1,proxy_N1_ge2,sem_dipl,gat
1938,43,0.5008946061134338,48,1,proxy_N1_ge2,sem_dipl,gat
1938,44,0.5472530722618103,0,1,proxy_N1_ge2,sem_dipl,gat
1938,45,0.5058315992355347,22,1,proxy_N1_ge2,sem_dipl,gat
1938,46,0.5009875893592834,77,1,proxy_N1_ge2,sem_dipl,gat
1939,42,0.5083694458007812,47,1,proxy_N1_ge2,sem_dipl,gat
1939,43,0.5089054703712463,48,1,proxy_N1_ge2,sem_dipl,gat
1939,44,0.5471630692481995,0,1,proxy_N1_ge2,sem_dipl,gat
1939,45,0.5062189102172852,22,1,proxy_N1_ge2,sem_dipl,gat
1939,46,0.5017430782318115,77,1,proxy_N1_ge2,sem_dipl,gat
1940,42,0.5034498572349548,16,1,proxy_N1_ge2,sem_dipl,gat
1940,43,0.5028956532478333,32,1,proxy_N1_ge2,sem_dipl,gat
1940,44,0.544463574886322,0,1,proxy_N1_ge2,sem_dipl,gat
1940,45,0.5059090852737427,18,1,proxy_N1_ge2,sem_dipl,gat
1940,46,0.5080947279930115,36,1,proxy_N1_ge2,sem_dipl,gat
1941,42,0.5051631927490234,23,0,proxy_N1_ge2,sem_dipl,gat
1941,43,0.5051363706588745,16,0,proxy_N1_ge2,sem_dipl,gat
1941,44,0.5444871187210083,0,0,proxy_N1_ge2,sem_dipl,gat
1941,45,0.5068950653076172,35,0,proxy_N1_ge2,sem_dipl,gat
1941,46,0.5059723258018494,32,0,proxy_N1_ge2,sem_dipl,gat
1942,42,0.5054965615272522,33,1,proxy_N1_ge2,sem_dipl,gat
1942,43,0.5061784982681274,18,1,proxy_N1_ge2,sem_dipl,gat
1942,44,0.543086588382721,0,1,proxy_N1_ge2,sem_dipl,gat
1942,45,0.5062963962554932,21,1,proxy_N1_ge2,sem_dipl,gat
1942,46,0.5034995675086975,47,1,proxy_N1_ge2,sem_dipl,gat
1943,42,0.5008928179740906,35,0,proxy_N1_ge2,sem_dipl,gat
1943,43,0.5071680545806885,24,0,proxy_N1_ge2,sem_dipl,gat
1943,44,0.5447472333908081,0,0,proxy_N1_ge2,sem_dipl,gat
1943,45,0.5051546096801758,22,0,proxy_N1_ge2,sem_dipl,gat
1943,46,0.4982180595397949,22,0,proxy_N1_ge2,sem_dipl,gat
1944,42,0.5013691186904907,35,0,proxy_N1_ge2,sem_dipl,gat
1944,43,0.5058419108390808,24,0,proxy_N1_ge2,sem_dipl,gat
1944,44,0.543993353843689,0,0,proxy_N1_ge2,sem_dipl,gat
1944,45,0.5043398141860962,22,0,proxy_N1_ge2,sem_dipl,gat
1944,46,0.4995957911014557,23,0,proxy_N1_ge2,sem_dipl,gat
1945,42,0.5015425682067871,21,0,proxy_N1_ge2,sem_dipl,gat
1945,43,0.5008255839347839,52,0,proxy_N1_ge2,sem_dipl,gat
1945,44,0.5425962209701538,0,0,proxy_N1_ge2,sem_dipl,gat
1945,45,0.5043836236000061,20,0,proxy_N1_ge2,sem_dipl,gat
1945,46,0.5018875598907471,120,0,proxy_N1_ge2,sem_dipl,gat
1946,42,0.5068101286888123,16,1,proxy_N1_ge2,sem_dipl,gat
1946,43,0.5002936124801636,66,1,proxy_N1_ge2,sem_dipl,gat
1946,44,0.5444650650024414,0,1,proxy_N1_ge2,sem_dipl,gat
1946,45,0.507847785949707,18,1,proxy_N1_ge2,sem_dipl,gat
1946,46,0.5056807994842529,31,1,proxy_N1_ge2,sem_dipl,gat
1947,42,0.49833786487579346,25,0,proxy_N1_ge2,sem_dipl,gat
1947,43,0.49961918592453003,25,0,proxy_N1_ge2,sem_dipl,gat
1947,44,0.5458141565322876,0,0,proxy_N1_ge2,sem_dipl,gat
1947,45,0.5042283535003662,34,0,proxy_N1_ge2,sem_dipl,gat
1947,46,0.4967730939388275,14,0,proxy_N1_ge2,sem_dipl,gat
1948,42,0.5056585073471069,18,0,proxy_N1_ge2,sem_dipl,gat
1948,43,0.5021550059318542,48,0,proxy_N1_ge2,sem_dipl,gat
1948,44,0.5414635539054871,0,0,proxy_N1_ge2,sem_dipl,gat
1948,45,0.5046142339706421,20,0,proxy_N1_ge2,sem_dipl,gat
1948,46,0.5069900751113892,21,0,proxy_N1_ge2,sem_dipl,gat
1949,42,0.507311999797821,18,1,proxy_N1_ge2,sem_dipl,gat
1949,43,0.5026121139526367,48,1,proxy_N1_ge2,sem_dipl,gat
1949,44,0.5412188768386841,0,1,proxy_N1_ge2,sem_dipl,gat
1949,45,0.504784345626831,20,1,proxy_N1_ge2,sem_dipl,gat
1949,46,0.5066604018211365,21,1,proxy_N1_ge2,sem_dipl,gat
1950,42,0.5118905305862427,23,0,proxy_N1_ge2,sem_dipl,gat
1950,43,0.5015028715133667,23,0,proxy_N1_ge2,sem_dipl,gat
1950,44,0.5396019816398621,0,0,proxy_N1_ge2,sem_dipl,gat
1950,45,0.5043490529060364,23,0,proxy_N1_ge2,sem_dipl,gat
1950,46,0.5016817450523376,46,0,proxy_N1_ge2,sem_dipl,gat
1951,42,0.5103141069412231,17,0,proxy_N1_ge2,sem_dipl,gat
1951,43,0.5026540160179138,11,0,proxy_N1_ge2,sem_dipl,gat
1951,44,0.5424630641937256,0,0,proxy_N1_ge2,sem_dipl,gat
1951,45,0.5113579034805298,13,0,proxy_N1_ge2,sem_dipl,gat
1951,46,0.5022457242012024,71,0,proxy_N1_ge2,sem_dipl,gat
1952,42,0.5105692148208618,28,0,proxy_N1_ge2,sem_dipl,gat
1952,43,0.5078393816947937,14,0,proxy_N1_ge2,sem_dipl,gat
1952,44,0.545378565788269,0,0,proxy_N1_ge2,sem_dipl,gat
1952,45,0.5080463886260986,21,0,proxy_N1_ge2,sem_dipl,gat
1952,46,0.5038703083992004,42,0,proxy_N1_ge2,sem_dipl,gat
1953,42,0.4588090777397156,1,0,proxy_N1_ge2,sem_dipl,gat
1953,43,0.47479328513145447,3,0,proxy_N1_ge2,sem_dipl,gat
1953,44,0.4909132719039917,22,0,proxy_N1_ge2,sem_dipl,gat
1953,45,0.47723621129989624,0,0,proxy_N1_ge2,sem_dipl,gat
1953,46,0.4692465662956238,8,0,proxy_N1_ge2,sem_dipl,gat
1954,42,0.4526790380477905,0,1,proxy_N1_ge2,sem_dipl,gat
1954,43,0.459717720746994,0,1,proxy_N1_ge2,sem_dipl,gat
1954,44,0.49146053194999695,22,1,proxy_N1_ge2,sem_dipl,gat
1954,45,0.4752543866634369,4,1,proxy_N1_ge2,sem_dipl,gat
1954,46,0.4530804455280304,2,1,proxy_N1_ge2,sem_dipl,gat
1955,42,0.44787684082984924,0,0,proxy_N1_ge2,sem_dipl,gat
1955,43,0.461759477853775,0,0,proxy_N1_ge2,sem_dipl,gat
1955,44,0.4928739368915558,30,0,proxy_N1_ge2,sem_dipl,gat
1955,45,0.4753309488296509,0,0,proxy_N1_ge2,sem_dipl,gat
1955,46,0.45937177538871765,0,0,proxy_N1_ge2,sem_dipl,gat
1956,42,0.4517351984977722,0,0,proxy_N1_ge2,sem_dipl,gat
1956,43,0.45813101530075073,0,0,proxy_N1_ge2,sem_dipl,gat
1956,44,0.4980165660381317,56,0,proxy_N1_ge2,sem_dipl,gat
1956,45,0.47229117155075073,0,0,proxy_N1_ge2,sem_dipl,gat
1956,46,0.45981281995773315,0,0,proxy_N1_ge2,sem_dipl,gat
1957,42,0.4505879580974579,0,0,proxy_N1_ge2,sem_dipl,gat
1957,43,0.463848739862442,0,0,proxy_N1_ge2,sem_dipl,gat
1957,44,0.49673327803611755,18,0,proxy_N1_ge2,sem_dipl,gat
1957,45,0.47390222549438477,0,0,proxy_N1_ge2,sem_dipl,gat
1957,46,0.46097007393836975,0,0,proxy_N1_ge2,sem_dipl,gat
1958,42,0.44969379901885986,0,0,proxy_N1_ge2,sem_dipl,gat
1958,43,0.4675540626049042,0,0,proxy_N1_ge2,sem_dipl,gat
1958,44,0.4981854557991028,52,0,proxy_N1_ge2,sem_dipl,gat
1958,45,0.47716835141181946,0,0,proxy_N1_ge2,sem_dipl,gat
1958,46,0.4609251022338867,0,0,proxy_N1_ge2,sem_dipl,gat
1959,42,0.44853100180625916,0,0,proxy_N1_ge2,sem_dipl,gat
1959,43,0.46856412291526794,0,0,proxy_N1_ge2,sem_dipl,gat
1959,44,0.4981631338596344,52,0,proxy_N1_ge2,sem_dipl,gat
1959,45,0.47663840651512146,0,0,proxy_N1_ge2,sem_dipl,gat
1959,46,0.46155494451522827,0,0,proxy_N1_ge2,sem_dipl,gat
1960,42,0.4544796049594879,0,1,proxy_N1_ge2,sem_dipl,gat
1960,43,0.46377110481262207,0,1,proxy_N1_ge2,sem_dipl,gat
1960,44,0.49814191460609436,83,1,proxy_N1_ge2,sem_dipl,gat
1960,45,0.474760502576828,0,1,proxy_N1_ge2,sem_dipl,gat
1960,46,0.46131157875061035,0,1,proxy_N1_ge2,sem_dipl,gat
1961,42,0.45522117614746094,0,0,proxy_N1_ge2,sem_dipl,gat
1961,43,0.46003249287605286,0,0,proxy_N1_ge2,sem_dipl,gat
1961,44,0.49683713912963867,21,0,proxy_N1_ge2,sem_dipl,gat
1961,45,0.4710303544998169,0,0,proxy_N1_ge2,sem_dipl,gat
1961,46,0.45778658986091614,0,0,proxy_N1_ge2,sem_dipl,gat
1962,42,0.45124751329421997,0,0,proxy_N1_ge2,sem_dipl,gat
1962,43,0.4660460650920868,0,0,proxy_N1_ge2,sem_dipl,gat
1962,44,0.49556446075439453,52,0,proxy_N1_ge2,sem_dipl,gat
1962,45,0.47482338547706604,0,0,proxy_N1_ge2,sem_dipl,gat
1962,46,0.462385356426239,0,0,proxy_N1_ge2,sem_dipl,gat
1963,42,0.45247477293014526,0,1,proxy_N1_ge2,sem_dipl,gat
1963,43,0.46593499183654785,0,1,proxy_N1_ge2,sem_dipl,gat
1963,44,0.49672114849090576,54,1,proxy_N1_ge2,sem_dipl,gat
1963,45,0.4723569452762604,0,1,proxy_N1_ge2,sem_dipl,gat
1963,46,0.46486344933509827,0,1,proxy_N1_ge2,sem_dipl,gat
1964,42,0.45112624764442444,0,0,proxy_N1_ge2,sem_dipl,gat
1964,43,0.4652975797653198,0,0,proxy_N1_ge2,sem_dipl,gat
1964,44,0.49663686752319336,54,0,proxy_N1_ge2,sem_dipl,gat
1964,45,0.4731743037700653,0,0,proxy_N1_ge2,sem_dipl,gat
1964,46,0.46503663063049316,0,0,proxy_N1_ge2,sem_dipl,gat
1965,42,0.4498831629753113,0,0,proxy_N1_ge2,sem_dipl,gat
1965,43,0.469791054725647,0,0,proxy_N1_ge2,sem_dipl,gat
1965,44,0.4934552013874054,41,0,proxy_N1_ge2,sem_dipl,gat
1965,45,0.47642579674720764,0,0,proxy_N1_ge2,sem_dipl,gat
1965,46,0.462437242269516,0,0,proxy_N1_ge2,sem_dipl,gat
1966,42,0.45064640045166016,0,0,proxy_N1_ge2,sem_dipl,gat
1966,43,0.4646090269088745,0,0,proxy_N1_ge2,sem_dipl,gat
1966,44,0.4990401864051819,40,0,proxy_N1_ge2,sem_dipl,gat
1966,45,0.4727749228477478,0,0,proxy_N1_ge2,sem_dipl,gat
1966,46,0.46433985233306885,0,0,proxy_N1_ge2,sem_dipl,gat
1967,42,0.4550941288471222,0,0,proxy_N1_ge2,sem_dipl,gat
1967,43,0.46512162685394287,0,0,proxy_N1_ge2,sem_dipl,gat
1967,44,0.49236294627189636,32,0,proxy_N1_ge2,sem_dipl,gat
1967,45,0.4778074324131012,0,0,proxy_N1_ge2,sem_dipl,gat
1967,46,0.4579763412475586,0,0,proxy_N1_ge2,sem_dipl,gat
1968,42,0.452251136302948,0,0,proxy_N1_ge2,sem_dipl,gat
1968,43,0.46414101123809814,0,0,proxy_N1_ge2,sem_dipl,gat
1968,44,0.49939775466918945,30,0,proxy_N1_ge2,sem_dipl,gat
1968,45,0.4740033447742462,0,0,proxy_N1_ge2,sem_dipl,gat
1968,46,0.4615500867366791,0,0,proxy_N1_ge2,sem_dipl,gat
1969,42,0.4521762728691101,0,0,proxy_N1_ge2,sem_dipl,gat
1969,43,0.464171826839447,0,0,proxy_N1_ge2,sem_dipl,gat
1969,44,0.4993581771850586,30,0,proxy_N1_ge2,sem_dipl,gat
1969,45,0.4738714098930359,0,0,proxy_N1_ge2,sem_dipl,gat
1969,46,0.4616076648235321,0,0,proxy_N1_ge2,sem_dipl,gat
1970,42,0.45044806599617004,0,0,proxy_N1_ge2,sem_dipl,gat
1970,43,0.4628395736217499,0,0,proxy_N1_ge2,sem_dipl,gat
1970,44,0.5016935467720032,20,0,proxy_N1_ge2,sem_dipl,gat
1970,45,0.4745402932167053,0,0,proxy_N1_ge2,sem_dipl,gat
1970,46,0.46011269092559814,0,0,proxy_N1_ge2,sem_dipl,gat
1971,42,0.448366641998291,0,0,proxy_N1_ge2,sem_dipl,gat
1971,43,0.4639904797077179,0,0,proxy_N1_ge2,sem_dipl,gat
1971,44,0.5032764673233032,18,0,proxy_N1_ge2,sem_dipl,gat
1971,45,0.48094919323921204,0,0,proxy_N1_ge2,sem_dipl,gat
1971,46,0.4543007016181946,0,0,proxy_N1_ge2,sem_dipl,gat
1972,42,0.4514371156692505,0,0,proxy_N1_ge2,sem_dipl,gat
1972,43,0.46498292684555054,0,0,proxy_N1_ge2,sem_dipl,gat
1972,44,0.4904661774635315,15,0,proxy_N1_ge2,sem_dipl,gat
1972,45,0.4753764569759369,0,0,proxy_N1_ge2,sem_dipl,gat
1972,46,0.4635426104068756,0,0,proxy_N1_ge2,sem_dipl,gat
1973,42,0.44969022274017334,0,0,proxy_N1_ge2,sem_dipl,gat
1973,43,0.46602416038513184,0,0,proxy_N1_ge2,sem_dipl,gat
1973,44,0.49280184507369995,31,0,proxy_N1_ge2,sem_dipl,gat
1973,45,0.470999151468277,0,0,proxy_N1_ge2,sem_dipl,gat
1973,46,0.4629018306732178,0,0,proxy_N1_ge2,sem_dipl,gat
1974,42,0.45146316289901733,0,0,proxy_N1_ge2,sem_dipl,gat
1974,43,0.46579664945602417,0,0,proxy_N1_ge2,sem_dipl,gat
1974,44,0.49276599287986755,31,0,proxy_N1_ge2,sem_dipl,gat
1974,45,0.47139671444892883,0,0,proxy_N1_ge2,sem_dipl,gat
1974,46,0.4618106782436371,0,0,proxy_N1_ge2,sem_dipl,gat
1975,42,0.44975408911705017,0,0,proxy_N1_ge2,sem_dipl,gat
1975,43,0.46588894724845886,0,0,proxy_N1_ge2,sem_dipl,gat
1975,44,0.49856123328208923,35,0,proxy_N1_ge2,sem_dipl,gat
1975,45,0.4767841398715973,0,0,proxy_N1_ge2,sem_dipl,gat
1975,46,0.45917683839797974,0,0,proxy_N1_ge2,sem_dipl,gat
1976,42,0.44410938024520874,0,0,proxy_N1_ge2,sem_dipl,gat
1976,43,0.45878317952156067,0,0,proxy_N1_ge2,sem_dipl,gat
1976,44,0.48866790533065796,17,0,proxy_N1_ge2,sem_dipl,gat
1976,45,0.4792766273021698,0,0,proxy_N1_ge2,sem_dipl,gat
1976,46,0.46227577328681946,0,0,proxy_N1_ge2,sem_dipl,gat
1977,42,0.44810351729393005,0,1,proxy_N1_ge2,sem_dipl,gat
1977,43,0.46253326535224915,0,1,proxy_N1_ge2,sem_dipl,gat
1977,44,0.4988422989845276,27,1,proxy_N1_ge2,sem_dipl,gat
1977,45,0.474810391664505,0,1,proxy_N1_ge2,sem_dipl,gat
1977,46,0.458517849445343,0,1,proxy_N1_ge2,sem_dipl,gat
1978,42,0.446622759103775,0,0,proxy_N1_ge2,sem_dipl,gat
1978,43,0.46230655908584595,0,0,proxy_N1_ge2,sem_dipl,gat
1978,44,0.4939638674259186,28,0,proxy_N1_ge2,sem_dipl,gat
1978,45,0.479448527097702,0,0,proxy_N1_ge2,sem_dipl,gat
1978,46,0.4632900655269623,0,0,proxy_N1_ge2,sem_dipl,gat
1979,42,0.4465900957584381,0,0,proxy_N1_ge2,sem_dipl,gat
1979,43,0.4623964726924896,0,0,proxy_N1_ge2,sem_dipl,gat
1979,44,0.4941655695438385,28,0,proxy_N1_ge2,sem_dipl,gat
1979,45,0.4792802333831787,0,0,proxy_N1_ge2,sem_dipl,gat
1979,46,0.463527113199234,0,0,proxy_N1_ge2,sem_dipl,gat
1980,42,0.44814786314964294,0,0,proxy_N1_ge2,sem_dipl,gat
1980,43,0.46128013730049133,0,0,proxy_N1_ge2,sem_dipl,gat
1980,44,0.49478834867477417,17,0,proxy_N1_ge2,sem_dipl,gat
1980,45,0.46836158633232117,0,0,proxy_N1_ge2,sem_dipl,gat
1980,46,0.4593086838722229,0,0,proxy_N1_ge2,sem_dipl,gat
1981,42,0.45139381289482117,0,0,proxy_N1_ge2,sem_dipl,gat
1981,43,0.46691977977752686,0,0,proxy_N1_ge2,sem_dipl,gat
1981,44,0.4991571307182312,54,0,proxy_N1_ge2,sem_dipl,gat
1981,45,0.4772609770298004,0,0,proxy_N1_ge2,sem_dipl,gat
1981,46,0.4620862305164337,0,0,proxy_N1_ge2,sem_dipl,gat
1982,42,0.4539664387702942,0,0,proxy_N1_ge2,sem_dipl,gat
1982,43,0.4612666368484497,0,0,proxy_N1_ge2,sem_dipl,gat
1982,44,0.49165594577789307,56,0,proxy_N1_ge2,sem_dipl,gat
1982,45,0.4729278087615967,0,0,proxy_N1_ge2,sem_dipl,gat
1982,46,0.4620503783226013,0,0,proxy_N1_ge2,sem_dipl,gat
1983,42,0.4484058618545532,0,0,proxy_N1_ge2,sem_dipl,gat
1983,43,0.4637351930141449,0,0,proxy_N1_ge2,sem_dipl,gat
1983,44,0.49438032507896423,19,0,proxy_N1_ge2,sem_dipl,gat
1983,45,0.47718918323516846,0,0,proxy_N1_ge2,sem_dipl,gat
1983,46,0.45532479882240295,0,0,proxy_N1_ge2,sem_dipl,gat
1984,42,0.4521254897117615,0,0,proxy_N1_ge2,sem_dipl,gat
1984,43,0.4625983238220215,0,0,proxy_N1_ge2,sem_dipl,gat
1984,44,0.4945202171802521,19,0,proxy_N1_ge2,sem_dipl,gat
1984,45,0.47671905159950256,0,0,proxy_N1_ge2,sem_dipl,gat
1984,46,0.45415788888931274,0,0,proxy_N1_ge2,sem_dipl,gat
1985,42,0.4539352059364319,0,1,proxy_N1_ge2,sem_dipl,gat
1985,43,0.4620059132575989,0,1,proxy_N1_ge2,sem_dipl,gat
1985,44,0.49462297558784485,28,1,proxy_N1_ge2,sem_dipl,gat
1985,45,0.47462621331214905,0,1,proxy_N1_ge2,sem_dipl,gat
1985,46,0.46105924248695374,0,1,proxy_N1_ge2,sem_dipl,gat
1986,42,0.4520493745803833,0,0,proxy_N1_ge2,sem_dipl,gat
1986,43,0.46072518825531006,0,0,proxy_N1_ge2,sem_dipl,gat
1986,44,0.49290671944618225,22,0,proxy_N1_ge2,sem_dipl,gat
1986,45,0.4765089750289917,0,0,proxy_N1_ge2,sem_dipl,gat
1986,46,0.4589965343475342,0,0,proxy_N1_ge2,sem_dipl,gat
1987,42,0.45260512828826904,0,0,proxy_N1_ge2,sem_dipl,gat
1987,43,0.4623374938964844,0,0,proxy_N1_ge2,sem_dipl,gat
1987,44,0.4971211850643158,18,0,proxy_N1_ge2,sem_dipl,gat
1987,45,0.474486380815506,0,0,proxy_N1_ge2,sem_dipl,gat
1987,46,0.4630749225616455,0,0,proxy_N1_ge2,sem_dipl,gat
1988,42,0.4521523118019104,0,0,proxy_N1_ge2,sem_dipl,gat
1988,43,0.46193304657936096,0,0,proxy_N1_ge2,sem_dipl,gat
1988,44,0.496840238571167,19,0,proxy_N1_ge2,sem_dipl,gat
1988,45,0.47317034006118774,0,0,proxy_N1_ge2,sem_dipl,gat
1988,46,0.4561699628829956,0,0,proxy_N1_ge2,sem_dipl,gat
1989,42,0.4514985978603363,0,1,proxy_N1_ge2,sem_dipl,gat
1989,43,0.4621991813182831,0,1,proxy_N1_ge2,sem_dipl,gat
1989,44,0.49744758009910583,19,1,proxy_N1_ge2,sem_dipl,gat
1989,45,0.47440996766090393,0,1,proxy_N1_ge2,sem_dipl,gat
1989,46,0.4561038911342621,0,1,proxy_N1_ge2,sem_dipl,gat
1990,42,0.45325911045074463,0,0,proxy_N1_ge2,sem_dipl,gat
1990,43,0.4602011740207672,0,0,proxy_N1_ge2,sem_dipl,gat
1990,44,0.48909276723861694,17,0,proxy_N1_ge2,sem_dipl,gat
1990,45,0.4776563346385956,0,0,proxy_N1_ge2,sem_dipl,gat
1990,46,0.4583781361579895,0,0,proxy_N1_ge2,sem_dipl,gat
1991,42,0.4507053792476654,0,0,proxy_N1_ge2,sem_dipl,gat
1991,43,0.4641956686973572,0,0,proxy_N1_ge2,sem_dipl,gat
1991,44,0.4960014224052429,15,0,proxy_N1_ge2,sem_dipl,gat
1991,45,0.4771365821361542,0,0,proxy_N1_ge2,sem_dipl,gat
1991,46,0.458787739276886,0,0,proxy_N1_ge2,sem_dipl,gat
1992,42,0.44466379284858704,0,1,proxy_N1_ge2,sem_dipl,gat
1992,43,0.4669468104839325,0,1,proxy_N1_ge2,sem_dipl,gat
1992,44,0.4920107424259186,16,1,proxy_N1_ge2,sem_dipl,gat
1992,45,0.4758284389972687,0,1,proxy_N1_ge2,sem_dipl,gat
1992,46,0.45927563309669495,0,1,proxy_N1_ge2,sem_dipl,gat
1993,42,0.45041120052337646,0,0,proxy_N1_ge2,sem_dipl,gat
1993,43,0.4635635018348694,0,0,proxy_N1_ge2,sem_dipl,gat
1993,44,0.4832148551940918,20,0,proxy_N1_ge2,sem_dipl,gat
1993,45,0.47587186098098755,0,0,proxy_N1_ge2,sem_dipl,gat
1993,46,0.4608778953552246,0,0,proxy_N1_ge2,sem_dipl,gat
1994,42,0.44994378089904785,0,0,proxy_N1_ge2,sem_dipl,gat
1994,43,0.46356651186943054,0,0,proxy_N1_ge2,sem_dipl,gat
1994,44,0.4832651913166046,20,0,proxy_N1_ge2,sem_dipl,gat
1994,45,0.47517165541648865,0,0,proxy_N1_ge2,sem_dipl,gat
1994,46,0.46165767312049866,0,0,proxy_N1_ge2,sem_dipl,gat
1995,42,0.4506206512451172,0,0,proxy_N1_ge2,sem_dipl,gat
1995,43,0.4634539783000946,0,0,proxy_N1_ge2,sem_dipl,gat
1995,44,0.4945906698703766,13,0,proxy_N1_ge2,sem_dipl,gat
1995,45,0.474499374628067,0,0,proxy_N1_ge2,sem_dipl,gat
1995,46,0.46077054738998413,0,0,proxy_N1_ge2,sem_dipl,gat
1996,42,0.44738292694091797,0,1,proxy_N1_ge2,sem_dipl,gat
1996,43,0.46251556277275085,0,1,proxy_N1_ge2,sem_dipl,gat
1996,44,0.4851098656654358,24,1,proxy_N1_ge2,sem_dipl,gat
1996,45,0.47284868359565735,0,1,proxy_N1_ge2,sem_dipl,gat
1996,46,0.4611860513687134,0,1,proxy_N1_ge2,sem_dipl,gat
1997,42,0.4472631514072418,0,0,proxy_N1_ge2,sem_dipl,gat
1997,43,0.46587133407592773,0,0,proxy_N1_ge2,sem_dipl,gat
1997,44,0.4815741777420044,23,0,proxy_N1_ge2,sem_dipl,gat
1997,45,0.47320258617401123,0,0,proxy_N1_ge2,sem_dipl,gat
1997,46,0.46133798360824585,0,0,proxy_N1_ge2,sem_dipl,gat
1998,42,0.44873350858688354,0,0,proxy_N1_ge2,sem_dipl,gat
1998,43,0.46432310342788696,0,0,proxy_N1_ge2,sem_dipl,gat
1998,44,0.49494078755378723,37,0,proxy_N1_ge2,sem_dipl,gat
1998,45,0.4740965664386749,0,0,proxy_N1_ge2,sem_dipl,gat
1998,46,0.46301746368408203,0,0,proxy_N1_ge2,sem_dipl,gat
1999,42,0.44901058077812195,0,0,proxy_N1_ge2,sem_dipl,gat
1999,43,0.463960736989975,0,0,proxy_N1_ge2,sem_dipl,gat
1999,44,0.49497053027153015,36,0,proxy_N1_ge2,sem_dipl,gat
1999,45,0.4738331139087677,0,0,proxy_N1_ge2,sem_dipl,gat
1999,46,0.4634452760219574,0,0,proxy_N1_ge2,sem_dipl,gat
2000,42,0.44806694984436035,0,1,proxy_N1_ge2,sem_dipl,gat
2000,43,0.4650284945964813,0,1,proxy_N1_ge2,sem_dipl,gat
2000,44,0.4863269031047821,22,1,proxy_N1_ge2,sem_dipl,gat
2000,45,0.4757407307624817,0,1,proxy_N1_ge2,sem_dipl,gat
2000,46,0.462772011756897,0,1,proxy_N1_ge2,sem_dipl,gat
2001,42,0.44770780205726624,0,0,proxy_N1_ge2,sem_dipl,gat
2001,43,0.47177284955978394,0,0,proxy_N1_ge2,sem_dipl,gat
2001,44,0.49610573053359985,52,0,proxy_N1_ge2,sem_dipl,gat
2001,45,0.474185973405838,0,0,proxy_N1_ge2,sem_dipl,gat
2001,46,0.45690789818763733,0,0,proxy_N1_ge2,sem_dipl,gat
2002,42,0.44687172770500183,0,0,proxy_N1_ge2,sem_dipl,gat
2002,43,0.46632859110832214,0,0,proxy_N1_ge2,sem_dipl,gat
2002,44,0.48891180753707886,47,0,proxy_N1_ge2,sem_dipl,gat
2002,45,0.47703808546066284,0,0,proxy_N1_ge2,sem_dipl,gat
2002,46,0.4605008065700531,0,0,proxy_N1_ge2,sem_dipl,gat
2003,42,0.45009857416152954,0,0,proxy_N1_ge2,sem_dipl,gat
2003,43,0.46139881014823914,0,0,proxy_N1_ge2,sem_dipl,gat
2003,44,0.49251222610473633,40,0,proxy_N1_ge2,sem_dipl,gat
2003,45,0.4775067865848541,0,0,proxy_N1_ge2,sem_dipl,gat
2003,46,0.4612169861793518,0,0,proxy_N1_ge2,sem_dipl,gat
2004,42,0.4504675269126892,0,0,proxy_N1_ge2,sem_dipl,gat
2004,43,0.4610726833343506,0,0,proxy_N1_ge2,sem_dipl,gat
2004,44,0.49245646595954895,40,0,proxy_N1_ge2,sem_dipl,gat
2004,45,0.4780179560184479,0,0,proxy_N1_ge2,sem_dipl,gat
2004,46,0.4605092406272888,0,0,proxy_N1_ge2,sem_dipl,gat
2005,42,0.4485231339931488,0,0,proxy_N1_ge2,sem_dipl,gat
2005,43,0.46576496958732605,0,0,proxy_N1_ge2,sem_dipl,gat
2005,44,0.4904778301715851,26,0,proxy_N1_ge2,sem_dipl,gat
2005,45,0.47031712532043457,0,0,proxy_N1_ge2,sem_dipl,gat
2005,46,0.4614785611629486,0,0,proxy_N1_ge2,sem_dipl,gat
2006,42,0.4478094279766083,0,0,proxy_N1_ge2,sem_dipl,gat
2006,43,0.4661658704280853,0,0,proxy_N1_ge2,sem_dipl,gat
2006,44,0.4877118170261383,22,0,proxy_N1_ge2,sem_dipl,gat
2006,45,0.4769617021083832,0,0,proxy_N1_ge2,sem_dipl,gat
2006,46,0.457750141620636,0,0,proxy_N1_ge2,sem_dipl,gat
2007,42,0.4422779977321625,0,0,proxy_N1_ge2,sem_dipl,gat
2007,43,0.4616283178329468,0,0,proxy_N1_ge2,sem_dipl,gat
2007,44,0.4919223487377167,15,0,proxy_N1_ge2,sem_dipl,gat
2007,45,0.47192391753196716,0,0,proxy_N1_ge2,sem_dipl,gat
2007,46,0.46006348729133606,0,0,proxy_N1_ge2,sem_dipl,gat
2008,42,0.4476108253002167,0,0,proxy_N1_ge2,sem_dipl,gat
2008,43,0.46524420380592346,0,0,proxy_N1_ge2,sem_dipl,gat
2008,44,0.48748213052749634,17,0,proxy_N1_ge2,sem_dipl,gat
2008,45,0.4741685092449188,0,0,proxy_N1_ge2,sem_dipl,gat
2008,46,0.461429625749588,0,0,proxy_N1_ge2,sem_dipl,gat
2009,42,0.4485916495323181,0,0,proxy_N1_ge2,sem_dipl,gat
2009,43,0.46517837047576904,0,0,proxy_N1_ge2,sem_dipl,gat
2009,44,0.4879194498062134,17,0,proxy_N1_ge2,sem_dipl,gat
2009,45,0.47520965337753296,0,0,proxy_N1_ge2,sem_dipl,gat
2009,46,0.4609392285346985,0,0,proxy_N1_ge2,sem_dipl,gat
2010,42,0.4483177661895752,0,0,proxy_N1_ge2,sem_dipl,gat
2010,43,0.4655870199203491,0,0,proxy_N1_ge2,sem_dipl,gat
2010,44,0.49302446842193604,19,0,proxy_N1_ge2,sem_dipl,gat
2010,45,0.4745502769947052,0,0,proxy_N1_ge2,sem_dipl,gat
2010,46,0.4577234387397766,0,0,proxy_N1_ge2,sem_dipl,gat
2011,42,0.45365896821022034,0,0,proxy_N1_ge2,sem_dipl,gat
2011,43,0.46962273120880127,0,0,proxy_N1_ge2,sem_dipl,gat
2011,44,0.4870753288269043,25,0,proxy_N1_ge2,sem_dipl,gat
2011,45,0.4743326008319855,0,0,proxy_N1_ge2,sem_dipl,gat
2011,46,0.4575885236263275,0,0,proxy_N1_ge2,sem_dipl,gat
1931,42,0.4908834993839264,15,0,war_N1_ge2,sem_dipl,gcn
1931,43,0.4511740207672119,0,0,war_N1_ge2,sem_dipl,gcn
1931,44,0.49083587527275085,0,0,war_N1_ge2,sem_dipl,gcn
1931,45,0.4909437596797943,24,0,war_N1_ge2,sem_dipl,gcn
1931,46,0.493012398481369,19,0,war_N1_ge2,sem_dipl,gcn
1932,42,0.4931686818599701,28,0,war_N1_ge2,sem_dipl,gcn
1932,43,0.4532944858074188,1,0,war_N1_ge2,sem_dipl,gcn
1932,44,0.4899757206439972,0,0,war_N1_ge2,sem_dipl,gcn
1932,45,0.4928300380706787,25,0,war_N1_ge2,sem_dipl,gcn
1932,46,0.49799197912216187,0,0,war_N1_ge2,sem_dipl,gcn
1933,42,0.49699118733406067,27,0,war_N1_ge2,sem_dipl,gcn
1933,43,0.4813185930252075,17,0,war_N1_ge2,sem_dipl,gcn
1933,44,0.4916653335094452,0,0,war_N1_ge2,sem_dipl,gcn
1933,45,0.4902600347995758,20,0,war_N1_ge2,sem_dipl,gcn
1933,46,0.4911253750324249,51,0,war_N1_ge2,sem_dipl,gcn
1934,42,0.49662598967552185,28,0,war_N1_ge2,sem_dipl,gcn
1934,43,0.4531581401824951,0,0,war_N1_ge2,sem_dipl,gcn
1934,44,0.4918827712535858,0,0,war_N1_ge2,sem_dipl,gcn
1934,45,0.49060627818107605,20,0,war_N1_ge2,sem_dipl,gcn
1934,46,0.4913354814052582,51,0,war_N1_ge2,sem_dipl,gcn
1935,42,0.4928179979324341,14,0,war_N1_ge2,sem_dipl,gcn
1935,43,0.45133811235427856,0,0,war_N1_ge2,sem_dipl,gcn
1935,44,0.4931987226009369,0,0,war_N1_ge2,sem_dipl,gcn
1935,45,0.49488747119903564,32,0,war_N1_ge2,sem_dipl,gcn
1935,46,0.4963075518608093,19,0,war_N1_ge2,sem_dipl,gcn
1936,42,0.4907379746437073,41,1,war_N1_ge2,sem_dipl,gcn
1936,43,0.4523049294948578,1,1,war_N1_ge2,sem_dipl,gcn
1936,44,0.49060049653053284,1,1,war_N1_ge2,sem_dipl,gcn
1936,45,0.49104028940200806,27,1,war_N1_ge2,sem_dipl,gcn
1936,46,0.4978552460670471,0,1,war_N1_ge2,sem_dipl,gcn
1937,42,0.4857087731361389,41,1,war_N1_ge2,sem_dipl,gcn
1937,43,0.4638711214065552,3,1,war_N1_ge2,sem_dipl,gcn
1937,44,0.498035728931427,21,1,war_N1_ge2,sem_dipl,gcn
1937,45,0.49225205183029175,13,1,war_N1_ge2,sem_dipl,gcn
1937,46,0.4977041780948639,0,1,war_N1_ge2,sem_dipl,gcn
1938,42,0.522331953048706,0,1,war_N1_ge2,sem_dipl,gcn
1938,43,0.49914583563804626,50,1,war_N1_ge2,sem_dipl,gcn
1938,44,0.5009222626686096,17,1,war_N1_ge2,sem_dipl,gcn
1938,45,0.5359698534011841,0,1,war_N1_ge2,sem_dipl,gcn
1938,46,0.5031746029853821,4,1,war_N1_ge2,sem_dipl,gcn
1939,42,0.5204257369041443,0,0,war_N1_ge2,sem_dipl,gcn
1939,43,0.49977681040763855,50,0,war_N1_ge2,sem_dipl,gcn
1939,44,0.5021635890007019,17,0,war_N1_ge2,sem_dipl,gcn
1939,45,0.5403041243553162,0,0,war_N1_ge2,sem_dipl,gcn
1939,46,0.503882110118866,4,0,war_N1_ge2,sem_dipl,gcn
1940,42,0.5222093462944031,0,0,war_N1_ge2,sem_dipl,gcn
1940,43,0.5023128390312195,34,0,war_N1_ge2,sem_dipl,gcn
1940,44,0.5049518346786499,15,0,war_N1_ge2,sem_dipl,gcn
1940,45,0.538855254650116,0,0,war_N1_ge2,sem_dipl,gcn
1940,46,0.5050268769264221,6,0,war_N1_ge2,sem_dipl,gcn
1941,42,0.5221136808395386,1,0,war_N1_ge2,sem_dipl,gcn
1941,43,0.4969920217990875,22,0,war_N1_ge2,sem_dipl,gcn
1941,44,0.5090139508247375,7,0,war_N1_ge2,sem_dipl,gcn
1941,45,0.5437169075012207,0,0,war_N1_ge2,sem_dipl,gcn
1941,46,0.5054053664207458,9,0,war_N1_ge2,sem_dipl,gcn
1942,42,0.5183226466178894,7,0,war_N1_ge2,sem_dipl,gcn
1942,43,0.5026801228523254,72,0,war_N1_ge2,sem_dipl,gcn
1942,44,0.5034328699111938,17,0,war_N1_ge2,sem_dipl,gcn
1942,45,0.5352432131767273,2,0,war_N1_ge2,sem_dipl,gcn
1942,46,0.5054092407226562,3,0,war_N1_ge2,sem_dipl,gcn
1943,42,0.5224955677986145,0,0,war_N1_ge2,sem_dipl,gcn
1943,43,0.4958253800868988,20,0,war_N1_ge2,sem_dipl,gcn
1943,44,0.5056784749031067,8,0,war_N1_ge2,sem_dipl,gcn
1943,45,0.5416967272758484,0,0,war_N1_ge2,sem_dipl,gcn
1943,46,0.5006399154663086,109,0,war_N1_ge2,sem_dipl,gcn
1944,42,0.5224368572235107,1,0,war_N1_ge2,sem_dipl,gcn
1944,43,0.49153539538383484,17,0,war_N1_ge2,sem_dipl,gcn
1944,44,0.4921420216560364,0,0,war_N1_ge2,sem_dipl,gcn
1944,45,0.5398929715156555,0,0,war_N1_ge2,sem_dipl,gcn
1944,46,0.5023728609085083,5,0,war_N1_ge2,sem_dipl,gcn
1945,42,0.5215371251106262,0,0,war_N1_ge2,sem_dipl,gcn
1945,43,0.5014511942863464,33,0,war_N1_ge2,sem_dipl,gcn
1945,44,0.4929472804069519,1,0,war_N1_ge2,sem_dipl,gcn
1945,45,0.5298999547958374,5,0,war_N1_ge2,sem_dipl,gcn
1945,46,0.49941274523735046,2,0,war_N1_ge2,sem_dipl,gcn
1946,42,0.5187849402427673,0,1,war_N1_ge2,sem_dipl,gcn
1946,43,0.4894900321960449,18,1,war_N1_ge2,sem_dipl,gcn
1946,44,0.48895466327667236,0,1,war_N1_ge2,sem_dipl,gcn
1946,45,0.5404866337776184,0,1,war_N1_ge2,sem_dipl,gcn
1946,46,0.5043949484825134,8,1,war_N1_ge2,sem_dipl,gcn
1947,42,0.5223650336265564,0,0,war_N1_ge2,sem_dipl,gcn
1947,43,0.4719228446483612,6,0,war_N1_ge2,sem_dipl,gcn
1947,44,0.4911491870880127,1,0,war_N1_ge2,sem_dipl,gcn
1947,45,0.5447478890419006,0,0,war_N1_ge2,sem_dipl,gcn
1947,46,0.5027121305465698,0,0,war_N1_ge2,sem_dipl,gcn
1948,42,0.5227383375167847,0,0,war_N1_ge2,sem_dipl,gcn
1948,43,0.5014856457710266,50,0,war_N1_ge2,sem_dipl,gcn
1948,44,0.5032110214233398,16,0,war_N1_ge2,sem_dipl,gcn
1948,45,0.5344830751419067,0,0,war_N1_ge2,sem_dipl,gcn
1948,46,0.5025852918624878,3,0,war_N1_ge2,sem_dipl,gcn
1949,42,0.5218560099601746,0,1,war_N1_ge2,sem_dipl,gcn
1949,43,0.5015060305595398,50,1,war_N1_ge2,sem_dipl,gcn
1949,44,0.5034406185150146,16,1,war_N1_ge2,sem_dipl,gcn
1949,45,0.534878671169281,0,1,war_N1_ge2,sem_dipl,gcn
1949,46,0.5022264719009399,1,1,war_N1_ge2,sem_dipl,gcn
1950,42,0.5031570792198181,11,0,war_N1_ge2,sem_dipl,gcn
1950,43,0.48983365297317505,15,0,war_N1_ge2,sem_dipl,gcn
1950,44,0.49509111046791077,2,0,war_N1_ge2,sem_dipl,gcn
1950,45,0.49943432211875916,228,0,war_N1_ge2,sem_dipl,gcn
1950,46,0.49745750427246094,0,0,war_N1_ge2,sem_dipl,gcn
1951,42,0.49817344546318054,107,0,war_N1_ge2,sem_dipl,gcn
1951,43,0.4821286201477051,13,0,war_N1_ge2,sem_dipl,gcn
1951,44,0.49541211128234863,6,0,war_N1_ge2,sem_dipl,gcn
1951,45,0.4982091784477234,148,0,war_N1_ge2,sem_dipl,gcn
1951,46,0.4953609108924866,0,0,war_N1_ge2,sem_dipl,gcn
1952,42,0.49169275164604187,30,0,war_N1_ge2,sem_dipl,gcn
1952,43,0.45117858052253723,0,0,war_N1_ge2,sem_dipl,gcn
1952,44,0.49381598830223083,0,0,war_N1_ge2,sem_dipl,gcn
1952,45,0.49655836820602417,24,0,war_N1_ge2,sem_dipl,gcn
1952,46,0.4963306784629822,0,0,war_N1_ge2,sem_dipl,gcn
1953,42,0.4929666221141815,23,0,war_N1_ge2,sem_dipl,gcn
1953,43,0.45181339979171753,0,0,war_N1_ge2,sem_dipl,gcn
1953,44,0.49296852946281433,0,0,war_N1_ge2,sem_dipl,gcn
1953,45,0.4910843074321747,27,0,war_N1_ge2,sem_dipl,gcn
1953,46,0.495181143283844,0,0,war_N1_ge2,sem_dipl,gcn
1954,42,0.4930213391780853,23,0,war_N1_ge2,sem_dipl,gcn
1954,43,0.4512560963630676,0,0,war_N1_ge2,sem_dipl,gcn
1954,44,0.49253198504447937,0,0,war_N1_ge2,sem_dipl,gcn
1954,45,0.4918122887611389,27,0,war_N1_ge2,sem_dipl,gcn
1954,46,0.4954341650009155,0,0,war_N1_ge2,sem_dipl,gcn
1955,42,0.49554139375686646,25,1,war_N1_ge2,sem_dipl,gcn
1955,43,0.45395001769065857,0,1,war_N1_ge2,sem_dipl,gcn
1955,44,0.4913519322872162,0,1,war_N1_ge2,sem_dipl,gcn
1955,45,0.48838162422180176,23,1,war_N1_ge2,sem_dipl,gcn
1955,46,0.49763256311416626,51,1,war_N1_ge2,sem_dipl,gcn
1956,42,0.4924795925617218,14,1,war_N1_ge2,sem_dipl,gcn
1956,43,0.44632193446159363,0,1,war_N1_ge2,sem_dipl,gcn
1956,44,0.49358004331588745,15,1,war_N1_ge2,sem_dipl,gcn
1956,45,0.4940894842147827,24,1,war_N1_ge2,sem_dipl,gcn
1956,46,0.4946999251842499,63,1,war_N1_ge2,sem_dipl,gcn
1957,42,0.4985208809375763,55,0,war_N1_ge2,sem_dipl,gcn
1957,43,0.46555569767951965,4,0,war_N1_ge2,sem_dipl,gcn
1957,44,0.4979485869407654,14,0,war_N1_ge2,sem_dipl,gcn
1957,45,0.4915279150009155,38,0,war_N1_ge2,sem_dipl,gcn
1957,46,0.4993179738521576,39,0,war_N1_ge2,sem_dipl,gcn
1958,42,0.525493860244751,0,0,war_N1_ge2,sem_dipl,gcn
1958,43,0.5049868226051331,52,0,war_N1_ge2,sem_dipl,gcn
1958,44,0.5044798254966736,21,0,war_N1_ge2,sem_dipl,gcn
1958,45,0.5355257987976074,0,0,war_N1_ge2,sem_dipl,gcn
1958,46,0.5028702616691589,32,0,war_N1_ge2,sem_dipl,gcn
1959,42,0.5212293863296509,4,0,war_N1_ge2,sem_dipl,gcn
1959,43,0.5051818490028381,52,0,war_N1_ge2,sem_dipl,gcn
1959,44,0.5040274858474731,22,0,war_N1_ge2,sem_dipl,gcn
1959,45,0.5266546607017517,2,0,war_N1_ge2,sem_dipl,gcn
1959,46,0.5023403167724609,32,0,war_N1_ge2,sem_dipl,gcn
1960,42,0.5196645259857178,5,0,war_N1_ge2,sem_dipl,gcn
1960,43,0.5053041577339172,30,0,war_N1_ge2,sem_dipl,gcn
1960,44,0.5018704533576965,45,0,war_N1_ge2,sem_dipl,gcn
1960,45,0.5351606607437134,0,0,war_N1_ge2,sem_dipl,gcn
1960,46,0.504098653793335,9,0,war_N1_ge2,sem_dipl,gcn
1961,42,0.5235973000526428,0,1,war_N1_ge2,sem_dipl,gcn
1961,43,0.5078989863395691,65,1,war_N1_ge2,sem_dipl,gcn
1961,44,0.5074992179870605,11,1,war_N1_ge2,sem_dipl,gcn
1961,45,0.5378701686859131,0,1,war_N1_ge2,sem_dipl,gcn
1961,46,0.5077834725379944,4,1,war_N1_ge2,sem_dipl,gcn
1962,42,0.4924057722091675,27,0,war_N1_ge2,sem_dipl,gcn
1962,43,0.449565052986145,0,0,war_N1_ge2,sem_dipl,gcn
1962,44,0.4946776330471039,0,0,war_N1_ge2,sem_dipl,gcn
1962,45,0.49603039026260376,21,0,war_N1_ge2,sem_dipl,gcn
1962,46,0.4971870183944702,40,0,war_N1_ge2,sem_dipl,gcn
1963,42,0.5308579802513123,2,0,war_N1_ge2,sem_dipl,gcn
1963,43,0.502013087272644,31,0,war_N1_ge2,sem_dipl,gcn
1963,44,0.5043970346450806,7,0,war_N1_ge2,sem_dipl,gcn
1963,45,0.5360502004623413,0,0,war_N1_ge2,sem_dipl,gcn
1963,46,0.5020565390586853,10,0,war_N1_ge2,sem_dipl,gcn
1964,42,0.5046946406364441,46,1,war_N1_ge2,sem_dipl,gcn
1964,43,0.5031060576438904,32,1,war_N1_ge2,sem_dipl,gcn
1964,44,0.5025014877319336,39,1,war_N1_ge2,sem_dipl,gcn
1964,45,0.5126953721046448,10,1,war_N1_ge2,sem_dipl,gcn
1964,46,0.5027016997337341,68,1,war_N1_ge2,sem_dipl,gcn
1965,42,0.507705807685852,43,0,war_N1_ge2,sem_dipl,gcn
1965,43,0.5050950646400452,66,0,war_N1_ge2,sem_dipl,gcn
1965,44,0.5011996626853943,79,0,war_N1_ge2,sem_dipl,gcn
1965,45,0.5172414779663086,10,0,war_N1_ge2,sem_dipl,gcn
1965,46,0.5047951340675354,24,0,war_N1_ge2,sem_dipl,gcn
1966,42,0.5015095472335815,54,0,war_N1_ge2,sem_dipl,gcn
1966,43,0.4994775652885437,24,0,war_N1_ge2,sem_dipl,gcn
1966,44,0.49557313323020935,1,0,war_N1_ge2,sem_dipl,gcn
1966,45,0.4996986985206604,56,0,war_N1_ge2,sem_dipl,gcn
1966,46,0.4995279610157013,0,0,war_N1_ge2,sem_dipl,gcn
1967,42,0.5044525265693665,52,0,war_N1_ge2,sem_dipl,gcn
1967,43,0.5003983974456787,26,0,war_N1_ge2,sem_dipl,gcn
1967,44,0.5055147409439087,18,0,war_N1_ge2,sem_dipl,gcn
1967,45,0.5039039254188538,65,0,war_N1_ge2,sem_dipl,gcn
1967,46,0.501524031162262,48,0,war_N1_ge2,sem_dipl,gcn
1968,42,0.5059912204742432,43,0,war_N1_ge2,sem_dipl,gcn
1968,43,0.500988245010376,27,0,war_N1_ge2,sem_dipl,gcn
1968,44,0.5049031376838684,19,0,war_N1_ge2,sem_dipl,gcn
1968,45,0.5070986151695251,55,0,war_N1_ge2,sem_dipl,gcn
1968,46,0.5024329423904419,10,0,war_N1_ge2,sem_dipl,gcn
1969,42,0.494565486907959,21,0,war_N1_ge2,sem_dipl,gcn
1969,43,0.49064141511917114,15,0,war_N1_ge2,sem_dipl,gcn
1969,44,0.4898521900177002,1,0,war_N1_ge2,sem_dipl,gcn
1969,45,0.4988054037094116,100,0,war_N1_ge2,sem_dipl,gcn
1969,46,0.49844759702682495,24,0,war_N1_ge2,sem_dipl,gcn
1970,42,0.5009778141975403,31,0,war_N1_ge2,sem_dipl,gcn
1970,43,0.4924180805683136,18,0,war_N1_ge2,sem_dipl,gcn
1970,44,0.49569588899612427,1,0,war_N1_ge2,sem_dipl,gcn
1970,45,0.4991416335105896,78,0,war_N1_ge2,sem_dipl,gcn
1970,46,0.4967884123325348,1,0,war_N1_ge2,sem_dipl,gcn
1971,42,0.500869870185852,62,0,war_N1_ge2,sem_dipl,gcn
1971,43,0.5008781552314758,20,0,war_N1_ge2,sem_dipl,gcn
1971,44,0.5022321939468384,19,0,war_N1_ge2,sem_dipl,gcn
1971,45,0.5004776120185852,188,0,war_N1_ge2,sem_dipl,gcn
1971,46,0.502793550491333,5,0,war_N1_ge2,sem_dipl,gcn
1972,42,0.49969035387039185,22,0,war_N1_ge2,sem_dipl,gcn
1972,43,0.5036631226539612,57,0,war_N1_ge2,sem_dipl,gcn
1972,44,0.5035341382026672,21,0,war_N1_ge2,sem_dipl,gcn
1972,45,0.5012661814689636,124,0,war_N1_ge2,sem_dipl,gcn
1972,46,0.5018843412399292,31,0,war_N1_ge2,sem_dipl,gcn
1973,42,0.49861302971839905,30,0,war_N1_ge2,sem_dipl,gcn
1973,43,0.4509551525115967,0,0,war_N1_ge2,sem_dipl,gcn
1973,44,0.49261772632598877,0,0,war_N1_ge2,sem_dipl,gcn
1973,45,0.4998406767845154,70,0,war_N1_ge2,sem_dipl,gcn
1973,46,0.49750953912734985,14,0,war_N1_ge2,sem_dipl,gcn
1974,42,0.49977341294288635,30,0,war_N1_ge2,sem_dipl,gcn
1974,43,0.4503863453865051,0,0,war_N1_ge2,sem_dipl,gcn
1974,44,0.4918856620788574,0,0,war_N1_ge2,sem_dipl,gcn
1974,45,0.4998400807380676,70,0,war_N1_ge2,sem_dipl,gcn
1974,46,0.4974159002304077,14,0,war_N1_ge2,sem_dipl,gcn
1975,42,0.49784839153289795,59,0,war_N1_ge2,sem_dipl,gcn
1975,43,0.4504849314689636,0,0,war_N1_ge2,sem_dipl,gcn
1975,44,0.491434782743454,0,0,war_N1_ge2,sem_dipl,gcn
1975,45,0.4921621084213257,13,0,war_N1_ge2,sem_dipl,gcn
1975,46,0.4967293441295624,11,0,war_N1_ge2,sem_dipl,gcn
1976,42,0.49862217903137207,26,0,war_N1_ge2,sem_dipl,gcn
1976,43,0.45328253507614136,0,0,war_N1_ge2,sem_dipl,gcn
1976,44,0.4911055862903595,0,0,war_N1_ge2,sem_dipl,gcn
1976,45,0.4992031753063202,84,0,war_N1_ge2,sem_dipl,gcn
1976,46,0.49936386942863464,19,0,war_N1_ge2,sem_dipl,gcn
1977,42,0.499961793422699,38,0,war_N1_ge2,sem_dipl,gcn
1977,43,0.45110782980918884,0,0,war_N1_ge2,sem_dipl,gcn
1977,44,0.4902665615081787,0,0,war_N1_ge2,sem_dipl,gcn
1977,45,0.4949108958244324,23,0,war_N1_ge2,sem_dipl,gcn
1977,46,0.4979468584060669,0,0,war_N1_ge2,sem_dipl,gcn
1978,42,0.4932391941547394,19,0,war_N1_ge2,sem_dipl,gcn
1978,43,0.45302990078926086,0,0,war_N1_ge2,sem_dipl,gcn
1978,44,0.48904964327812195,0,0,war_N1_ge2,sem_dipl,gcn
1978,45,0.49761608242988586,49,0,war_N1_ge2,sem_dipl,gcn
1978,46,0.4978538155555725,15,0,war_N1_ge2,sem_dipl,gcn
1979,42,0.49351412057876587,19,0,war_N1_ge2,sem_dipl,gcn
1979,43,0.45301875472068787,0,0,war_N1_ge2,sem_dipl,gcn
1979,44,0.48916348814964294,0,0,war_N1_ge2,sem_dipl,gcn
1979,45,0.49760812520980835,49,0,war_N1_ge2,sem_dipl,gcn
1979,46,0.49779877066612244,15,0,war_N1_ge2,sem_dipl,gcn
1980,42,0.4992271065711975,69,0,war_N1_ge2,sem_dipl,gcn
1980,43,0.45181068778038025,0,0,war_N1_ge2,sem_dipl,gcn
1980,44,0.49182140827178955,0,0,war_N1_ge2,sem_dipl,gcn
1980,45,0.49242132902145386,17,0,war_N1_ge2,sem_dipl,gcn
1980,46,0.49733588099479675,11,0,war_N1_ge2,sem_dipl,gcn
1981,42,0.497888445854187,45,0,war_N1_ge2,sem_dipl,gcn
1981,43,0.4521169066429138,0,0,war_N1_ge2,sem_dipl,gcn
1981,44,0.4949970543384552,0,0,war_N1_ge2,sem_dipl,gcn
1981,45,0.4971104860305786,29,0,war_N1_ge2,sem_dipl,gcn
1981,46,0.4973323345184326,0,0,war_N1_ge2,sem_dipl,gcn
1982,42,0.49922388792037964,54,0,war_N1_ge2,sem_dipl,gcn
1982,43,0.4530166983604431,0,0,war_N1_ge2,sem_dipl,gcn
1982,44,0.4893885850906372,0,0,war_N1_ge2,sem_dipl,gcn
1982,45,0.4991190433502197,27,0,war_N1_ge2,sem_dipl,gcn
1982,46,0.4965231716632843,0,0,war_N1_ge2,sem_dipl,gcn
1983,42,0.49584099650382996,14,0,war_N1_ge2,sem_dipl,gcn
1983,43,0.45069852471351624,0,0,war_N1_ge2,sem_dipl,gcn
1983,44,0.491039514541626,0,0,war_N1_ge2,sem_dipl,gcn
1983,45,0.4967861771583557,69,0,war_N1_ge2,sem_dipl,gcn
1983,46,0.49679428339004517,0,0,war_N1_ge2,sem_dipl,gcn
1984,42,0.49666228890419006,14,0,war_N1_ge2,sem_dipl,gcn
1984,43,0.4503735899925232,0,0,war_N1_ge2,sem_dipl,gcn
1984,44,0.49084213376045227,0,0,war_N1_ge2,sem_dipl,gcn
1984,45,0.4967852234840393,69,0,war_N1_ge2,sem_dipl,gcn
1984,46,0.4956304132938385,0,0,war_N1_ge2,sem_dipl,gcn
1985,42,0.49624547362327576,42,0,war_N1_ge2,sem_dipl,gcn
1985,43,0.4504808783531189,0,0,war_N1_ge2,sem_dipl,gcn
1985,44,0.4915059208869934,0,0,war_N1_ge2,sem_dipl,gcn
1985,45,0.4900771677494049,21,0,war_N1_ge2,sem_dipl,gcn
1985,46,0.49763089418411255,30,0,war_N1_ge2,sem_dipl,gcn
1986,42,0.49447745084762573,33,1,war_N1_ge2,sem_dipl,gcn
1986,43,0.45200952887535095,0,1,war_N1_ge2,sem_dipl,gcn
1986,44,0.491478830575943,0,1,war_N1_ge2,sem_dipl,gcn
1986,45,0.4977002441883087,22,1,war_N1_ge2,sem_dipl,gcn
1986,46,0.49817609786987305,33,1,war_N1_ge2,sem_dipl,gcn
1987,42,0.5032323002815247,20,0,war_N1_ge2,sem_dipl,gcn
1987,43,0.4511938989162445,0,0,war_N1_ge2,sem_dipl,gcn
1987,44,0.4896756410598755,0,0,war_N1_ge2,sem_dipl,gcn
1987,45,0.4989279806613922,24,0,war_N1_ge2,sem_dipl,gcn
1987,46,0.4969150125980377,24,0,war_N1_ge2,sem_dipl,gcn
1988,42,0.4983389377593994,40,0,war_N1_ge2,sem_dipl,gcn
1988,43,0.4521586000919342,0,0,war_N1_ge2,sem_dipl,gcn
1988,44,0.4918534755706787,0,0,war_N1_ge2,sem_dipl,gcn
1988,45,0.4928325414657593,55,0,war_N1_ge2,sem_dipl,gcn
1988,46,0.4975135028362274,14,0,war_N1_ge2,sem_dipl,gcn
1989,42,0.49856656789779663,40,1,war_N1_ge2,sem_dipl,gcn
1989,43,0.4520483911037445,0,1,war_N1_ge2,sem_dipl,gcn
1989,44,0.4914361238479614,0,1,war_N1_ge2,sem_dipl,gcn
1989,45,0.4930531978607178,55,1,war_N1_ge2,sem_dipl,gcn
1989,46,0.4975641965866089,14,1,war_N1_ge2,sem_dipl,gcn
1990,42,0.49945300817489624,31,0,war_N1_ge2,sem_dipl,gcn
1990,43,0.45270171761512756,0,0,war_N1_ge2,sem_dipl,gcn
1990,44,0.48936963081359863,0,0,war_N1_ge2,sem_dipl,gcn
1990,45,0.4992067217826843,17,0,war_N1_ge2,sem_dipl,gcn
1990,46,0.49838268756866455,42,0,war_N1_ge2,sem_dipl,gcn
1991,42,0.4973360598087311,36,0,war_N1_ge2,sem_dipl,gcn
1991,43,0.44990217685699463,0,0,war_N1_ge2,sem_dipl,gcn
1991,44,0.4891573190689087,0,0,war_N1_ge2,sem_dipl,gcn
1991,45,0.49625128507614136,18,0,war_N1_ge2,sem_dipl,gcn
1991,46,0.49634888768196106,2,0,war_N1_ge2,sem_dipl,gcn
1992,42,0.4977119266986847,52,0,war_N1_ge2,sem_dipl,gcn
1992,43,0.4539206624031067,0,0,war_N1_ge2,sem_dipl,gcn
1992,44,0.49050480127334595,0,0,war_N1_ge2,sem_dipl,gcn
1992,45,0.5011827945709229,22,0,war_N1_ge2,sem_dipl,gcn
1992,46,0.4990367293357849,61,0,war_N1_ge2,sem_dipl,gcn
1993,42,0.5006738901138306,15,0,war_N1_ge2,sem_dipl,gcn
1993,43,0.4520035982131958,0,0,war_N1_ge2,sem_dipl,gcn
1993,44,0.4905267655849457,0,0,war_N1_ge2,sem_dipl,gcn
1993,45,0.4974595010280609,35,0,war_N1_ge2,sem_dipl,gcn
1993,46,0.4962935745716095,32,0,war_N1_ge2,sem_dipl,gcn
1994,42,0.4998641312122345,15,0,war_N1_ge2,sem_dipl,gcn
1994,43,0.4529634714126587,0,0,war_N1_ge2,sem_dipl,gcn
1994,44,0.49102583527565,0,0,war_N1_ge2,sem_dipl,gcn
1994,45,0.49737846851348877,35,0,war_N1_ge2,sem_dipl,gcn
1994,46,0.49601125717163086,32,0,war_N1_ge2,sem_dipl,gcn
1995,42,0.49775680899620056,37,0,war_N1_ge2,sem_dipl,gcn
1995,43,0.4525863230228424,0,0,war_N1_ge2,sem_dipl,gcn
1995,44,0.4954347014427185,0,0,war_N1_ge2,sem_dipl,gcn
1995,45,0.49071741104125977,26,0,war_N1_ge2,sem_dipl,gcn
1995,46,0.4976338744163513,15,0,war_N1_ge2,sem_dipl,gcn
1996,42,0.4985365867614746,27,0,war_N1_ge2,sem_dipl,gcn
1996,43,0.4545665383338928,0,0,war_N1_ge2,sem_dipl,gcn
1996,44,0.4922303855419159,0,0,war_N1_ge2,sem_dipl,gcn
1996,45,0.4922567307949066,26,0,war_N1_ge2,sem_dipl,gcn
1996,46,0.4965567886829376,14,0,war_N1_ge2,sem_dipl,gcn
1997,42,0.49606654047966003,30,0,war_N1_ge2,sem_dipl,gcn
1997,43,0.4538814127445221,0,0,war_N1_ge2,sem_dipl,gcn
1997,44,0.48737087845802307,9,0,war_N1_ge2,sem_dipl,gcn
1997,45,0.497333288192749,29,0,war_N1_ge2,sem_dipl,gcn
1997,46,0.49589550495147705,0,0,war_N1_ge2,sem_dipl,gcn
1998,42,0.49249401688575745,37,1,war_N1_ge2,sem_dipl,gcn
1998,43,0.4510796368122101,0,1,war_N1_ge2,sem_dipl,gcn
1998,44,0.490102618932724,0,1,war_N1_ge2,sem_dipl,gcn
1998,45,0.5004314184188843,51,1,war_N1_ge2,sem_dipl,gcn
1998,46,0.4970214068889618,0,1,war_N1_ge2,sem_dipl,gcn
1999,42,0.49250179529190063,37,0,war_N1_ge2,sem_dipl,gcn
1999,43,0.4517248272895813,0,0,war_N1_ge2,sem_dipl,gcn
1999,44,0.490388423204422,0,0,war_N1_ge2,sem_dipl,gcn
1999,45,0.5003668069839478,51,0,war_N1_ge2,sem_dipl,gcn
1999,46,0.49716490507125854,0,0,war_N1_ge2,sem_dipl,gcn
2000,42,0.494336873292923,25,1,war_N1_ge2,sem_dipl,gcn
2000,43,0.4538535475730896,0,1,war_N1_ge2,sem_dipl,gcn
2000,44,0.4921093285083771,0,1,war_N1_ge2,sem_dipl,gcn
2000,45,0.49510082602500916,20,1,war_N1_ge2,sem_dipl,gcn
2000,46,0.4983798563480377,23,1,war_N1_ge2,sem_dipl,gcn
2001,42,0.49930500984191895,32,0,war_N1_ge2,sem_dipl,gcn
2001,43,0.4534177780151367,0,0,war_N1_ge2,sem_dipl,gcn
2001,44,0.49317610263824463,0,0,war_N1_ge2,sem_dipl,gcn
2001,45,0.4986644983291626,21,0,war_N1_ge2,sem_dipl,gcn
2001,46,0.49698713421821594,20,0,war_N1_ge2,sem_dipl,gcn
2002,42,0.4985993504524231,18,1,war_N1_ge2,sem_dipl,gcn
2002,43,0.45101332664489746,0,1,war_N1_ge2,sem_dipl,gcn
2002,44,0.49403002858161926,0,1,war_N1_ge2,sem_dipl,gcn
2002,45,0.48791372776031494,17,1,war_N1_ge2,sem_dipl,gcn
2002,46,0.49716290831565857,16,1,war_N1_ge2,sem_dipl,gcn
2003,42,0.49460071325302124,24,0,war_N1_ge2,sem_dipl,gcn
2003,43,0.4553970694541931,0,0,war_N1_ge2,sem_dipl,gcn
2003,44,0.49110156297683716,0,0,war_N1_ge2,sem_dipl,gcn
2003,45,0.49490487575531006,24,0,war_N1_ge2,sem_dipl,gcn
2003,46,0.4965720772743225,0,0,war_N1_ge2,sem_dipl,gcn
2004,42,0.49964725971221924,83,0,war_N1_ge2,sem_dipl,gcn
2004,43,0.4941892921924591,13,0,war_N1_ge2,sem_dipl,gcn
2004,44,0.49548518657684326,3,0,war_N1_ge2,sem_dipl,gcn
2004,45,0.49916139245033264,66,0,war_N1_ge2,sem_dipl,gcn
2004,46,0.49953633546829224,24,0,war_N1_ge2,sem_dipl,gcn
2005,42,0.4987044632434845,55,0,war_N1_ge2,sem_dipl,gcn
2005,43,0.498464435338974,13,0,war_N1_ge2,sem_dipl,gcn
2005,44,0.49457475543022156,7,0,war_N1_ge2,sem_dipl,gcn
2005,45,0.4991039037704468,104,0,war_N1_ge2,sem_dipl,gcn
2005,46,0.4968298375606537,16,0,war_N1_ge2,sem_dipl,gcn
2006,42,0.5010191202163696,55,0,war_N1_ge2,sem_dipl,gcn
2006,43,0.49997174739837646,34,0,war_N1_ge2,sem_dipl,gcn
2006,44,0.500749945640564,41,0,war_N1_ge2,sem_dipl,gcn
2006,45,0.5025007128715515,27,0,war_N1_ge2,sem_dipl,gcn
2006,46,0.49944332242012024,45,0,war_N1_ge2,sem_dipl,gcn
1931,42,0.44927385449409485,0,0,war_N1_ge2,sem_dipl,gat
1931,43,0.46301302313804626,0,0,war_N1_ge2,sem_dipl,gat
1931,44,0.4860832989215851,35,0,war_N1_ge2,sem_dipl,gat
1931,45,0.4764389991760254,0,0,war_N1_ge2,sem_dipl,gat
1931,46,0.4591890573501587,0,0,war_N1_ge2,sem_dipl,gat
1932,42,0.47951507568359375,11,0,war_N1_ge2,sem_dipl,gat
1932,43,0.470112681388855,2,0,war_N1_ge2,sem_dipl,gat
1932,44,0.4817485213279724,18,0,war_N1_ge2,sem_dipl,gat
1932,45,0.470173180103302,0,0,war_N1_ge2,sem_dipl,gat
1932,46,0.465778648853302,1,0,war_N1_ge2,sem_dipl,gat
1933,42,0.4765263497829437,6,0,war_N1_ge2,sem_dipl,gat
1933,43,0.4923258423805237,50,0,war_N1_ge2,sem_dipl,gat
1933,44,0.4918157458305359,18,0,war_N1_ge2,sem_dipl,gat
1933,45,0.48245304822921753,4,0,war_N1_ge2,sem_dipl,gat
1933,46,0.4677639901638031,3,0,war_N1_ge2,sem_dipl,gat
1934,42,0.4471305310726166,0,0,war_N1_ge2,sem_dipl,gat
1934,43,0.4649654030799866,0,0,war_N1_ge2,sem_dipl,gat
1934,44,0.4908004403114319,22,0,war_N1_ge2,sem_dipl,gat
1934,45,0.47573766112327576,0,0,war_N1_ge2,sem_dipl,gat
1934,46,0.45974478125572205,0,0,war_N1_ge2,sem_dipl,gat
1935,42,0.4470968544483185,0,0,war_N1_ge2,sem_dipl,gat
1935,43,0.46005773544311523,0,0,war_N1_ge2,sem_dipl,gat
1935,44,0.4921298921108246,24,0,war_N1_ge2,sem_dipl,gat
1935,45,0.4670267701148987,0,0,war_N1_ge2,sem_dipl,gat
1935,46,0.45865824818611145,0,0,war_N1_ge2,sem_dipl,gat
1936,42,0.4641422927379608,11,1,war_N1_ge2,sem_dipl,gat
1936,43,0.47509682178497314,16,1,war_N1_ge2,sem_dipl,gat
1936,44,0.490415096282959,48,1,war_N1_ge2,sem_dipl,gat
1936,45,0.47516119480133057,3,1,war_N1_ge2,sem_dipl,gat
1936,46,0.45966899394989014,1,1,war_N1_ge2,sem_dipl,gat
1937,42,0.46321532130241394,8,1,war_N1_ge2,sem_dipl,gat
1937,43,0.4648643434047699,0,1,war_N1_ge2,sem_dipl,gat
1937,44,0.48502206802368164,17,1,war_N1_ge2,sem_dipl,gat
1937,45,0.4874376952648163,44,1,war_N1_ge2,sem_dipl,gat
1937,46,0.4649060070514679,6,1,war_N1_ge2,sem_dipl,gat
1938,42,0.5038568377494812,46,1,war_N1_ge2,sem_dipl,gat
1938,43,0.4951244294643402,36,1,war_N1_ge2,sem_dipl,gat
1938,44,0.5420738458633423,0,1,war_N1_ge2,sem_dipl,gat
1938,45,0.5013871788978577,31,1,war_N1_ge2,sem_dipl,gat
1938,46,0.49705415964126587,29,1,war_N1_ge2,sem_dipl,gat
1939,42,0.5072117447853088,46,0,war_N1_ge2,sem_dipl,gat
1939,43,0.5028587579727173,34,0,war_N1_ge2,sem_dipl,gat
1939,44,0.5437448024749756,0,0,war_N1_ge2,sem_dipl,gat
1939,45,0.5061231851577759,31,0,war_N1_ge2,sem_dipl,gat
1939,46,0.50103759765625,27,0,war_N1_ge2,sem_dipl,gat
1940,42,0.5118104219436646,12,0,war_N1_ge2,sem_dipl,gat
1940,43,0.5185448527336121,61,0,war_N1_ge2,sem_dipl,gat
1940,44,0.5467870831489563,0,0,war_N1_ge2,sem_dipl,gat
1940,45,0.5112432241439819,38,0,war_N1_ge2,sem_dipl,gat
1940,46,0.509788990020752,33,0,war_N1_ge2,sem_dipl,gat
1941,42,0.5037105083465576,21,0,war_N1_ge2,sem_dipl,gat
1941,43,0.5092319846153259,15,0,war_N1_ge2,sem_dipl,gat
1941,44,0.5447819232940674,0,0,war_N1_ge2,sem_dipl,gat
1941,45,0.505043625831604,36,0,war_N1_ge2,sem_dipl,gat
1941,46,0.508362889289856,31,0,war_N1_ge2,sem_dipl,gat
1942,42,0.505155086517334,19,0,war_N1_ge2,sem_dipl,gat
1942,43,0.5076572895050049,20,0,war_N1_ge2,sem_dipl,gat
1942,44,0.5419278144836426,0,0,war_N1_ge2,sem_dipl,gat
1942,45,0.509110689163208,21,0,war_N1_ge2,sem_dipl,gat
1942,46,0.5077941417694092,88,0,war_N1_ge2,sem_dipl,gat
1943,42,0.5044191479682922,22,0,war_N1_ge2,sem_dipl,gat
1943,43,0.5058598518371582,20,0,war_N1_ge2,sem_dipl,gat
1943,44,0.5451417565345764,0,0,war_N1_ge2,sem_dipl,gat
1943,45,0.5017634630203247,12,0,war_N1_ge2,sem_dipl,gat
1943,46,0.4894641637802124,13,0,war_N1_ge2,sem_dipl,gat
1944,42,0.5013646483421326,15,0,war_N1_ge2,sem_dipl,gat
1944,43,0.46911561489105225,3,0,war_N1_ge2,sem_dipl,gat
1944,44,0.53865647315979,2,0,war_N1_ge2,sem_dipl,gat
1944,45,0.49675557017326355,8,0,war_N1_ge2,sem_dipl,gat
1944,46,0.48755449056625366,12,0,war_N1_ge2,sem_dipl,gat
1945,42,0.5089123845100403,21,0,war_N1_ge2,sem_dipl,gat
1945,43,0.4927228093147278,11,0,war_N1_ge2,sem_dipl,gat
1945,44,0.5438411831855774,0,0,war_N1_ge2,sem_dipl,gat
1945,45,0.4982304871082306,11,0,war_N1_ge2,sem_dipl,gat
1945,46,0.48131874203681946,10,0,war_N1_ge2,sem_dipl,gat
1946,42,0.5020865201950073,13,1,war_N1_ge2,sem_dipl,gat
1946,43,0.4566209316253662,0,1,war_N1_ge2,sem_dipl,gat
1946,44,0.5442914366722107,0,1,war_N1_ge2,sem_dipl,gat
1946,45,0.5051842331886292,16,1,war_N1_ge2,sem_dipl,gat
1946,46,0.45864906907081604,1,1,war_N1_ge2,sem_dipl,gat
1947,42,0.5117688179016113,29,0,war_N1_ge2,sem_dipl,gat
1947,43,0.4751281440258026,5,0,war_N1_ge2,sem_dipl,gat
1947,44,0.5474101305007935,0,0,war_N1_ge2,sem_dipl,gat
1947,45,0.5050888061523438,11,0,war_N1_ge2,sem_dipl,gat
1947,46,0.4897075593471527,14,0,war_N1_ge2,sem_dipl,gat
1948,42,0.5007283687591553,27,0,war_N1_ge2,sem_dipl,gat
1948,43,0.5002411603927612,8,0,war_N1_ge2,sem_dipl,gat
1948,44,0.5424832701683044,0,0,war_N1_ge2,sem_dipl,gat
1948,45,0.4959472119808197,10,0,war_N1_ge2,sem_dipl,gat
1948,46,0.5083875060081482,23,0,war_N1_ge2,sem_dipl,gat
1949,42,0.5025150775909424,27,1,war_N1_ge2,sem_dipl,gat
1949,43,0.4993244707584381,8,1,war_N1_ge2,sem_dipl,gat
1949,44,0.542275071144104,0,1,war_N1_ge2,sem_dipl,gat
1949,45,0.49642831087112427,10,1,war_N1_ge2,sem_dipl,gat
1949,46,0.508703887462616,23,1,war_N1_ge2,sem_dipl,gat
1950,42,0.5036108493804932,16,0,war_N1_ge2,sem_dipl,gat
1950,43,0.45564591884613037,0,0,war_N1_ge2,sem_dipl,gat
1950,44,0.5387402176856995,0,0,war_N1_ge2,sem_dipl,gat
1950,45,0.48293110728263855,1,0,war_N1_ge2,sem_dipl,gat
1950,46,0.474685400724411,5,0,war_N1_ge2,sem_dipl,gat
1951,42,0.49070340394973755,9,0,war_N1_ge2,sem_dipl,gat
1951,43,0.46301573514938354,0,0,war_N1_ge2,sem_dipl,gat
1951,44,0.4936080276966095,20,0,war_N1_ge2,sem_dipl,gat
1951,45,0.4837073087692261,4,0,war_N1_ge2,sem_dipl,gat
1951,46,0.4849693477153778,7,0,war_N1_ge2,sem_dipl,gat
1952,42,0.44911569356918335,0,0,war_N1_ge2,sem_dipl,gat
1952,43,0.46160417795181274,0,0,war_N1_ge2,sem_dipl,gat
1952,44,0.49296534061431885,62,0,war_N1_ge2,sem_dipl,gat
1952,45,0.4728457033634186,0,0,war_N1_ge2,sem_dipl,gat
1952,46,0.4611608386039734,0,0,war_N1_ge2,sem_dipl,gat
1953,42,0.4516346752643585,0,0,war_N1_ge2,sem_dipl,gat
1953,43,0.4587235450744629,0,0,war_N1_ge2,sem_dipl,gat
1953,44,0.48463648557662964,20,0,war_N1_ge2,sem_dipl,gat
1953,45,0.4764772057533264,0,0,war_N1_ge2,sem_dipl,gat
1953,46,0.45272985100746155,0,0,war_N1_ge2,sem_dipl,gat
1954,42,0.4519372582435608,0,0,war_N1_ge2,sem_dipl,gat
1954,43,0.4588974714279175,0,0,war_N1_ge2,sem_dipl,gat
1954,44,0.48554402589797974,21,0,war_N1_ge2,sem_dipl,gat
1954,45,0.4770749807357788,0,0,war_N1_ge2,sem_dipl,gat
1954,46,0.4525502324104309,0,0,war_N1_ge2,sem_dipl,gat
1955,42,0.4473579227924347,0,1,war_N1_ge2,sem_dipl,gat
1955,43,0.46290361881256104,0,1,war_N1_ge2,sem_dipl,gat
1955,44,0.49208706617355347,35,1,war_N1_ge2,sem_dipl,gat
1955,45,0.4701281785964966,0,1,war_N1_ge2,sem_dipl,gat
1955,46,0.45885545015335083,0,1,war_N1_ge2,sem_dipl,gat
1956,42,0.4500087797641754,0,1,war_N1_ge2,sem_dipl,gat
1956,43,0.4576418399810791,0,1,war_N1_ge2,sem_dipl,gat
1956,44,0.4974547326564789,55,1,war_N1_ge2,sem_dipl,gat
1956,45,0.4691576361656189,0,1,war_N1_ge2,sem_dipl,gat
1956,46,0.4578549563884735,0,1,war_N1_ge2,sem_dipl,gat
1957,42,0.4685360789299011,6,0,war_N1_ge2,sem_dipl,gat
1957,43,0.4639495015144348,0,0,war_N1_ge2,sem_dipl,gat
1957,44,0.49715378880500793,82,0,war_N1_ge2,sem_dipl,gat
1957,45,0.4704449772834778,0,0,war_N1_ge2,sem_dipl,gat
1957,46,0.4632266163825989,1,0,war_N1_ge2,sem_dipl,gat
1958,42,0.5097931623458862,17,0,war_N1_ge2,sem_dipl,gat
1958,43,0.503788948059082,39,0,war_N1_ge2,sem_dipl,gat
1958,44,0.5423046350479126,0,0,war_N1_ge2,sem_dipl,gat
1958,45,0.5056999921798706,25,0,war_N1_ge2,sem_dipl,gat
1958,46,0.5086219310760498,21,0,war_N1_ge2,sem_dipl,gat
1959,42,0.5098548531532288,17,0,war_N1_ge2,sem_dipl,gat
1959,43,0.49911394715309143,15,0,war_N1_ge2,sem_dipl,gat
1959,44,0.5421896576881409,0,0,war_N1_ge2,sem_dipl,gat
1959,45,0.5053874254226685,26,0,war_N1_ge2,sem_dipl,gat
1959,46,0.5094085335731506,26,0,war_N1_ge2,sem_dipl,gat
1960,42,0.4975613057613373,17,0,war_N1_ge2,sem_dipl,gat
1960,43,0.5064336061477661,59,0,war_N1_ge2,sem_dipl,gat
1960,44,0.539834201335907,0,0,war_N1_ge2,sem_dipl,gat
1960,45,0.5090942978858948,36,0,war_N1_ge2,sem_dipl,gat
1960,46,0.5093767642974854,29,0,war_N1_ge2,sem_dipl,gat
1961,42,0.506750226020813,41,1,war_N1_ge2,sem_dipl,gat
1961,43,0.5117408037185669,37,1,war_N1_ge2,sem_dipl,gat
1961,44,0.5444084405899048,0,1,war_N1_ge2,sem_dipl,gat
1961,45,0.5087108612060547,37,1,war_N1_ge2,sem_dipl,gat
1961,46,0.5084025859832764,42,1,war_N1_ge2,sem_dipl,gat
1962,42,0.45074713230133057,0,0,war_N1_ge2,sem_dipl,gat
1962,43,0.4643978476524353,0,0,war_N1_ge2,sem_dipl,gat
1962,44,0.49836817383766174,38,0,war_N1_ge2,sem_dipl,gat
1962,45,0.4746730327606201,0,0,war_N1_ge2,sem_dipl,gat
1962,46,0.463172048330307,0,0,war_N1_ge2,sem_dipl,gat
1963,42,0.5049498677253723,34,0,war_N1_ge2,sem_dipl,gat
1963,43,0.5057499408721924,38,0,war_N1_ge2,sem_dipl,gat
1963,44,0.5330570340156555,3,0,war_N1_ge2,sem_dipl,gat
1963,45,0.5066169500350952,25,0,war_N1_ge2,sem_dipl,gat
1963,46,0.509178638458252,34,0,war_N1_ge2,sem_dipl,gat
1964,42,0.5049667954444885,33,1,war_N1_ge2,sem_dipl,gat
1964,43,0.5060343146324158,39,1,war_N1_ge2,sem_dipl,gat
1964,44,0.5107467174530029,12,1,war_N1_ge2,sem_dipl,gat
1964,45,0.505908191204071,29,1,war_N1_ge2,sem_dipl,gat
1964,46,0.5091690421104431,37,1,war_N1_ge2,sem_dipl,gat
1965,42,0.5055060982704163,34,0,war_N1_ge2,sem_dipl,gat
1965,43,0.5065704584121704,65,0,war_N1_ge2,sem_dipl,gat
1965,44,0.5151892900466919,13,0,war_N1_ge2,sem_dipl,gat
1965,45,0.5051302909851074,14,0,war_N1_ge2,sem_dipl,gat
1965,46,0.5053415298461914,33,0,war_N1_ge2,sem_dipl,gat
1966,42,0.5002564191818237,17,0,war_N1_ge2,sem_dipl,gat
1966,43,0.5005847215652466,35,0,war_N1_ge2,sem_dipl,gat
1966,44,0.5010895133018494,47,0,war_N1_ge2,sem_dipl,gat
1966,45,0.5002719759941101,150,0,war_N1_ge2,sem_dipl,gat
1966,46,0.49886181950569153,12,0,war_N1_ge2,sem_dipl,gat
1967,42,0.504233717918396,14,0,war_N1_ge2,sem_dipl,gat
1967,43,0.5050649046897888,30,0,war_N1_ge2,sem_dipl,gat
1967,44,0.5030930042266846,80,0,war_N1_ge2,sem_dipl,gat
1967,45,0.5083391070365906,18,0,war_N1_ge2,sem_dipl,gat
1967,46,0.502262532711029,22,0,war_N1_ge2,sem_dipl,gat
1968,42,0.5085251331329346,31,0,war_N1_ge2,sem_dipl,gat
1968,43,0.5071983337402344,24,0,war_N1_ge2,sem_dipl,gat
1968,44,0.5049301385879517,48,0,war_N1_ge2,sem_dipl,gat
1968,45,0.5046360492706299,44,0,war_N1_ge2,sem_dipl,gat
1968,46,0.5058073401451111,24,0,war_N1_ge2,sem_dipl,gat
1969,42,0.4969741702079773,10,0,war_N1_ge2,sem_dipl,gat
1969,43,0.4921722710132599,13,0,war_N1_ge2,sem_dipl,gat
1969,44,0.4988885819911957,91,0,war_N1_ge2,sem_dipl,gat
1969,45,0.49422526359558105,9,0,war_N1_ge2,sem_dipl,gat
1969,46,0.48288318514823914,6,0,war_N1_ge2,sem_dipl,gat
1970,42,0.49921926856040955,9,0,war_N1_ge2,sem_dipl,gat
1970,43,0.4977085590362549,12,0,war_N1_ge2,sem_dipl,gat
1970,44,0.4978746771812439,91,0,war_N1_ge2,sem_dipl,gat
1970,45,0.4997362196445465,55,0,war_N1_ge2,sem_dipl,gat
1970,46,0.49319013953208923,8,0,war_N1_ge2,sem_dipl,gat
1971,42,0.5030087828636169,14,0,war_N1_ge2,sem_dipl,gat
1971,43,0.49546095728874207,11,0,war_N1_ge2,sem_dipl,gat
1971,44,0.4992271661758423,69,0,war_N1_ge2,sem_dipl,gat
1971,45,0.5003548264503479,62,0,war_N1_ge2,sem_dipl,gat
1971,46,0.5007519125938416,33,0,war_N1_ge2,sem_dipl,gat
1972,42,0.4982626140117645,14,0,war_N1_ge2,sem_dipl,gat
1972,43,0.5041542053222656,20,0,war_N1_ge2,sem_dipl,gat
1972,44,0.5020315647125244,98,0,war_N1_ge2,sem_dipl,gat
1972,45,0.5085464119911194,25,0,war_N1_ge2,sem_dipl,gat
1972,46,0.5009157061576843,17,0,war_N1_ge2,sem_dipl,gat
1973,42,0.4510975778102875,0,0,war_N1_ge2,sem_dipl,gat
1973,43,0.4651263654232025,0,0,war_N1_ge2,sem_dipl,gat
1973,44,0.493775874376297,17,0,war_N1_ge2,sem_dipl,gat
1973,45,0.47520285844802856,0,0,war_N1_ge2,sem_dipl,gat
1973,46,0.46259260177612305,0,0,war_N1_ge2,sem_dipl,gat
1974,42,0.4528543949127197,0,0,war_N1_ge2,sem_dipl,gat
1974,43,0.4649187922477722,0,0,war_N1_ge2,sem_dipl,gat
1974,44,0.493764191865921,17,0,war_N1_ge2,sem_dipl,gat
1974,45,0.4757406711578369,0,0,war_N1_ge2,sem_dipl,gat
1974,46,0.461586594581604,0,0,war_N1_ge2,sem_dipl,gat
1975,42,0.4466385543346405,0,0,war_N1_ge2,sem_dipl,gat
1975,43,0.46232613921165466,0,0,war_N1_ge2,sem_dipl,gat
1975,44,0.4952193796634674,33,0,war_N1_ge2,sem_dipl,gat
1975,45,0.47113236784935,0,0,war_N1_ge2,sem_dipl,gat
1975,46,0.46288424730300903,0,0,war_N1_ge2,sem_dipl,gat
1976,42,0.44662442803382874,0,0,war_N1_ge2,sem_dipl,gat
1976,43,0.45915552973747253,0,0,war_N1_ge2,sem_dipl,gat
1976,44,0.4902353882789612,23,0,war_N1_ge2,sem_dipl,gat
1976,45,0.47779789566993713,0,0,war_N1_ge2,sem_dipl,gat
1976,46,0.4616236388683319,0,0,war_N1_ge2,sem_dipl,gat
1977,42,0.44968292117118835,0,0,war_N1_ge2,sem_dipl,gat
1977,43,0.46339449286460876,0,0,war_N1_ge2,sem_dipl,gat
1977,44,0.4978792369365692,66,0,war_N1_ge2,sem_dipl,gat
1977,45,0.4766398072242737,0,0,war_N1_ge2,sem_dipl,gat
1977,46,0.46075859665870667,0,0,war_N1_ge2,sem_dipl,gat
1978,42,0.4504031836986542,0,0,war_N1_ge2,sem_dipl,gat
1978,43,0.4639691710472107,0,0,war_N1_ge2,sem_dipl,gat
1978,44,0.49173155426979065,31,0,war_N1_ge2,sem_dipl,gat
1978,45,0.476651132106781,0,0,war_N1_ge2,sem_dipl,gat
1978,46,0.45828157663345337,0,0,war_N1_ge2,sem_dipl,gat
1979,42,0.45040279626846313,0,0,war_N1_ge2,sem_dipl,gat
1979,43,0.4640837609767914,0,0,war_N1_ge2,sem_dipl,gat
1979,44,0.49285808205604553,31,0,war_N1_ge2,sem_dipl,gat
1979,45,0.4764816462993622,0,0,war_N1_ge2,sem_dipl,gat
1979,46,0.45846498012542725,0,0,war_N1_ge2,sem_dipl,gat
1980,42,0.44745197892189026,0,0,war_N1_ge2,sem_dipl,gat
1980,43,0.45874860882759094,0,0,war_N1_ge2,sem_dipl,gat
1980,44,0.4980674982070923,22,0,war_N1_ge2,sem_dipl,gat
1980,45,0.469287246465683,0,0,war_N1_ge2,sem_dipl,gat
1980,46,0.4586697816848755,0,0,war_N1_ge2,sem_dipl,gat
1981,42,0.44956067204475403,0,0,war_N1_ge2,sem_dipl,gat
1981,43,0.46882134675979614,0,0,war_N1_ge2,sem_dipl,gat
1981,44,0.49842774868011475,22,0,war_N1_ge2,sem_dipl,gat
1981,45,0.4719276428222656,0,0,war_N1_ge2,sem_dipl,gat
1981,46,0.4630054533481598,0,0,war_N1_ge2,sem_dipl,gat
1982,42,0.45257171988487244,0,0,war_N1_ge2,sem_dipl,gat
1982,43,0.4611857831478119,0,0,war_N1_ge2,sem_dipl,gat
1982,44,0.49780961871147156,53,0,war_N1_ge2,sem_dipl,gat
1982,45,0.4686587452888489,0,0,war_N1_ge2,sem_dipl,gat
1982,46,0.4612589180469513,0,0,war_N1_ge2,sem_dipl,gat
1983,42,0.45200636982917786,0,0,war_N1_ge2,sem_dipl,gat
1983,43,0.4658489525318146,0,0,war_N1_ge2,sem_dipl,gat
1983,44,0.49804455041885376,31,0,war_N1_ge2,sem_dipl,gat
1983,45,0.47254544496536255,0,0,war_N1_ge2,sem_dipl,gat
1983,46,0.45923516154289246,0,0,war_N1_ge2,sem_dipl,gat
1984,42,0.4549543857574463,0,0,war_N1_ge2,sem_dipl,gat
1984,43,0.4641380310058594,0,0,war_N1_ge2,sem_dipl,gat
1984,44,0.4983152449131012,31,0,war_N1_ge2,sem_dipl,gat
1984,45,0.47217223048210144,0,0,war_N1_ge2,sem_dipl,gat
1984,46,0.45797333121299744,0,0,war_N1_ge2,sem_dipl,gat
1985,42,0.45161721110343933,0,0,war_N1_ge2,sem_dipl,gat
1985,43,0.46314120292663574,0,0,war_N1_ge2,sem_dipl,gat
1985,44,0.4985460638999939,50,0,war_N1_ge2,sem_dipl,gat
1985,45,0.47558510303497314,0,0,war_N1_ge2,sem_dipl,gat
1985,46,0.4589499831199646,0,0,war_N1_ge2,sem_dipl,gat
1986,42,0.45347198843955994,0,1,war_N1_ge2,sem_dipl,gat
1986,43,0.4627440869808197,0,1,war_N1_ge2,sem_dipl,gat
1986,44,0.4989733397960663,28,1,war_N1_ge2,sem_dipl,gat
1986,45,0.47790563106536865,0,1,war_N1_ge2,sem_dipl,gat
1986,46,0.4605877995491028,0,1,war_N1_ge2,sem_dipl,gat
1987,42,0.449614942073822,0,0,war_N1_ge2,sem_dipl,gat
1987,43,0.4638194143772125,0,0,war_N1_ge2,sem_dipl,gat
1987,44,0.501951277256012,11,0,war_N1_ge2,sem_dipl,gat
1987,45,0.47713544964790344,0,0,war_N1_ge2,sem_dipl,gat
1987,46,0.46304476261138916,0,0,war_N1_ge2,sem_dipl,gat
1988,42,0.45025843381881714,0,0,war_N1_ge2,sem_dipl,gat
1988,43,0.46052417159080505,0,0,war_N1_ge2,sem_dipl,gat
1988,44,0.4934538006782532,35,0,war_N1_ge2,sem_dipl,gat
1988,45,0.4731067717075348,0,0,war_N1_ge2,sem_dipl,gat
1988,46,0.4577677249908447,0,0,war_N1_ge2,sem_dipl,gat
1989,42,0.4495210647583008,0,1,war_N1_ge2,sem_dipl,gat
1989,43,0.46080127358436584,0,1,war_N1_ge2,sem_dipl,gat
1989,44,0.49364209175109863,35,1,war_N1_ge2,sem_dipl,gat
1989,45,0.4744168221950531,0,1,war_N1_ge2,sem_dipl,gat
1989,46,0.4574112296104431,0,1,war_N1_ge2,sem_dipl,gat
1990,42,0.45071643590927124,0,0,war_N1_ge2,sem_dipl,gat
1990,43,0.4637417495250702,0,0,war_N1_ge2,sem_dipl,gat
1990,44,0.49667680263519287,19,0,war_N1_ge2,sem_dipl,gat
1990,45,0.47715944051742554,0,0,war_N1_ge2,sem_dipl,gat
1990,46,0.45958831906318665,0,0,war_N1_ge2,sem_dipl,gat
1991,42,0.4532893896102905,0,0,war_N1_ge2,sem_dipl,gat
1991,43,0.46510863304138184,0,0,war_N1_ge2,sem_dipl,gat
1991,44,0.49266690015792847,17,0,war_N1_ge2,sem_dipl,gat
1991,45,0.47567659616470337,0,0,war_N1_ge2,sem_dipl,gat
1991,46,0.46116095781326294,0,0,war_N1_ge2,sem_dipl,gat
1992,42,0.44540318846702576,0,0,war_N1_ge2,sem_dipl,gat
1992,43,0.4620542526245117,0,0,war_N1_ge2,sem_dipl,gat
1992,44,0.495822936296463,19,0,war_N1_ge2,sem_dipl,gat
1992,45,0.47716835141181946,0,0,war_N1_ge2,sem_dipl,gat
1992,46,0.462593674659729,0,0,war_N1_ge2,sem_dipl,gat
1993,42,0.4497116804122925,0,0,war_N1_ge2,sem_dipl,gat
1993,43,0.46921706199645996,0,0,war_N1_ge2,sem_dipl,gat
1993,44,0.48212674260139465,20,0,war_N1_ge2,sem_dipl,gat
1993,45,0.47097545862197876,0,0,war_N1_ge2,sem_dipl,gat
1993,46,0.4576489329338074,0,0,war_N1_ge2,sem_dipl,gat
1994,42,0.44926443696022034,0,0,war_N1_ge2,sem_dipl,gat
1994,43,0.46876657009124756,0,0,war_N1_ge2,sem_dipl,gat
1994,44,0.48188844323158264,20,0,war_N1_ge2,sem_dipl,gat
1994,45,0.47064098715782166,0,0,war_N1_ge2,sem_dipl,gat
1994,46,0.4581863284111023,0,0,war_N1_ge2,sem_dipl,gat
1995,42,0.45047488808631897,0,0,war_N1_ge2,sem_dipl,gat
1995,43,0.4610830843448639,0,0,war_N1_ge2,sem_dipl,gat
1995,44,0.5008684992790222,23,0,war_N1_ge2,sem_dipl,gat
1995,45,0.4716908037662506,0,0,war_N1_ge2,sem_dipl,gat
1995,46,0.4588932394981384,0,0,war_N1_ge2,sem_dipl,gat
1996,42,0.45155492424964905,0,0,war_N1_ge2,sem_dipl,gat
1996,43,0.46897947788238525,0,0,war_N1_ge2,sem_dipl,gat
1996,44,0.4929569959640503,17,0,war_N1_ge2,sem_dipl,gat
1996,45,0.4731540083885193,0,0,war_N1_ge2,sem_dipl,gat
1996,46,0.4615868031978607,0,0,war_N1_ge2,sem_dipl,gat
1997,42,0.4456169009208679,0,0,war_N1_ge2,sem_dipl,gat
1997,43,0.46294888854026794,0,0,war_N1_ge2,sem_dipl,gat
1997,44,0.4936564862728119,26,0,war_N1_ge2,sem_dipl,gat
1997,45,0.4718838930130005,0,0,war_N1_ge2,sem_dipl,gat
1997,46,0.4626930356025696,0,0,war_N1_ge2,sem_dipl,gat
1998,42,0.4507698118686676,0,1,war_N1_ge2,sem_dipl,gat
1998,43,0.4650537669658661,0,1,war_N1_ge2,sem_dipl,gat
1998,44,0.4954583942890167,35,1,war_N1_ge2,sem_dipl,gat
1998,45,0.47250184416770935,0,1,war_N1_ge2,sem_dipl,gat
1998,46,0.4573773443698883,0,1,war_N1_ge2,sem_dipl,gat
1999,42,0.45096561312675476,0,0,war_N1_ge2,sem_dipl,gat
1999,43,0.46546876430511475,0,0,war_N1_ge2,sem_dipl,gat
1999,44,0.49513739347457886,35,0,war_N1_ge2,sem_dipl,gat
1999,45,0.47212380170822144,0,0,war_N1_ge2,sem_dipl,gat
1999,46,0.45767131447792053,0,0,war_N1_ge2,sem_dipl,gat
2000,42,0.4488731026649475,0,1,war_N1_ge2,sem_dipl,gat
2000,43,0.4663226902484894,0,1,war_N1_ge2,sem_dipl,gat
2000,44,0.4971499443054199,40,1,war_N1_ge2,sem_dipl,gat
2000,45,0.4753982126712799,0,1,war_N1_ge2,sem_dipl,gat
2000,46,0.460461288690567,0,1,war_N1_ge2,sem_dipl,gat
2001,42,0.4491654336452484,0,0,war_N1_ge2,sem_dipl,gat
2001,43,0.46723437309265137,0,0,war_N1_ge2,sem_dipl,gat
2001,44,0.4970373213291168,50,0,war_N1_ge2,sem_dipl,gat
2001,45,0.4744276702404022,0,0,war_N1_ge2,sem_dipl,gat
2001,46,0.4588211178779602,0,0,war_N1_ge2,sem_dipl,gat
2002,42,0.4489043354988098,0,1,war_N1_ge2,sem_dipl,gat
2002,43,0.46184006333351135,0,1,war_N1_ge2,sem_dipl,gat
2002,44,0.4917055070400238,44,1,war_N1_ge2,sem_dipl,gat
2002,45,0.4751523733139038,0,1,war_N1_ge2,sem_dipl,gat
2002,46,0.46214163303375244,0,1,war_N1_ge2,sem_dipl,gat
2003,42,0.449291855096817,0,0,war_N1_ge2,sem_dipl,gat
2003,43,0.4650084972381592,0,0,war_N1_ge2,sem_dipl,gat
2003,44,0.4977484941482544,81,0,war_N1_ge2,sem_dipl,gat
2003,45,0.47500601410865784,0,0,war_N1_ge2,sem_dipl,gat
2003,46,0.46350863575935364,0,0,war_N1_ge2,sem_dipl,gat
2004,42,0.5001219511032104,12,0,war_N1_ge2,sem_dipl,gat
2004,43,0.49622979760169983,11,0,war_N1_ge2,sem_dipl,gat
2004,44,0.4991132318973541,38,0,war_N1_ge2,sem_dipl,gat
2004,45,0.5006237626075745,13,0,war_N1_ge2,sem_dipl,gat
2004,46,0.497881144285202,14,0,war_N1_ge2,sem_dipl,gat
2005,42,0.49664628505706787,15,0,war_N1_ge2,sem_dipl,gat
2005,43,0.5017916560173035,19,0,war_N1_ge2,sem_dipl,gat
2005,44,0.5005303025245667,72,0,war_N1_ge2,sem_dipl,gat
2005,45,0.49890419840812683,37,0,war_N1_ge2,sem_dipl,gat
2005,46,0.4974718987941742,64,0,war_N1_ge2,sem_dipl,gat
2006,42,0.4978361129760742,13,0,war_N1_ge2,sem_dipl,gat
2006,43,0.5009748935699463,16,0,war_N1_ge2,sem_dipl,gat
2006,44,0.4997708797454834,23,0,war_N1_ge2,sem_dipl,gat
2006,45,0.5007599592208862,36,0,war_N1_ge2,sem_dipl,gat
2006,46,0.5025970935821533,27,0,war_N1_ge2,sem_dipl,gat
