ano,modelo,y,prob,pred05,predthr,thr,celula,familia,N,min_sys,feature_set,protocolo
1931,logreg,0,0.4133740159766529,0,0,0.6272661094682283,war_N1_ge2,war,1,2,completo,walk_forward
1931,rf,0,0.539053585271942,1,1,0.5157808034483511,war_N1_ge2,war,1,2,completo,walk_forward
1931,xgb,0,0.43038591742515564,0,0,0.8839317560195923,war_N1_ge2,war,1,2,completo,walk_forward
1932,logreg,0,0.48225566125195485,0,0,0.7041489892215425,war_N1_ge2,war,1,2,completo,walk_forward
1932,rf,0,0.512644957537087,1,0,0.5320290754872176,war_N1_ge2,war,1,2,completo,walk_forward
1932,xgb,0,0.5676236748695374,1,0,0.8867785930633545,war_N1_ge2,war,1,2,completo,walk_forward
1933,logreg,0,0.5401910880716202,1,0,0.5713851411014652,war_N1_ge2,war,1,2,completo,walk_forward
1933,rf,0,0.44664729643568546,0,0,0.5253837939701491,war_N1_ge2,war,1,2,completo,walk_forward
1933,xgb,0,0.15697886049747467,0,0,0.8923081755638123,war_N1_ge2,war,1,2,completo,walk_forward
1934,logreg,0,0.2657951581643008,0,0,0.5836014204284697,war_N1_ge2,war,1,2,completo,walk_forward
1934,rf,0,0.43822403320471076,0,0,0.5388837121588702,war_N1_ge2,war,1,2,completo,walk_forward
1934,xgb,0,0.14251476526260376,0,0,0.8978262543678284,war_N1_ge2,war,1,2,completo,walk_forward
1935,logreg,0,0.5993727612009632,1,1,0.5826777758424898,war_N1_ge2,war,1,2,completo,walk_forward
1935,rf,0,0.4231164053857036,0,0,0.5260981519210317,war_N1_ge2,war,1,2,completo,walk_forward
1935,xgb,0,0.07587335258722305,0,0,0.8993450999259949,war_N1_ge2,war,1,2,completo,walk_forward
1936,logreg,1,0.15742238410032827,0,0,0.5871206983290729,war_N1_ge2,war,1,2,completo,walk_forward
1936,rf,1,0.4270137816589523,0,0,0.5315785546267058,war_N1_ge2,war,1,2,completo,walk_forward
1936,xgb,1,0.46914005279541016,0,0,0.9041498899459839,war_N1_ge2,war,1,2,completo,walk_forward
1937,logreg,1,0.9074284050001082,1,1,0.5861586287608304,war_N1_ge2,war,1,2,completo,walk_forward
1937,rf,1,0.4996906242450023,0,0,0.5331617834561945,war_N1_ge2,war,1,2,completo,walk_forward
1937,xgb,1,0.6421296000480652,1,0,0.9085426330566406,war_N1_ge2,war,1,2,completo,walk_forward
1938,logreg,1,0.9058638335140647,1,1,0.6103889546428285,war_N1_ge2,war,1,2,completo,walk_forward
1938,rf,1,0.3715266982849648,0,0,0.534386033405775,war_N1_ge2,war,1,2,completo,walk_forward
1938,xgb,1,0.047424688935279846,0,0,0.90702223777771,war_N1_ge2,war,1,2,completo,walk_forward
1939,logreg,0,0.8170128038550978,1,1,0.5995344107285899,war_N1_ge2,war,1,2,completo,walk_forward
1939,rf,0,0.4236012455828189,0,0,0.5359449603699983,war_N1_ge2,war,1,2,completo,walk_forward
1939,xgb,0,0.3114410638809204,0,0,0.9107635021209717,war_N1_ge2,war,1,2,completo,walk_forward
1940,logreg,0,0.9967222212596726,1,1,0.5921892544431248,war_N1_ge2,war,1,2,completo,walk_forward
1940,rf,0,0.4190076083610779,0,0,0.5043567508368701,war_N1_ge2,war,1,2,completo,walk_forward
1940,xgb,0,0.23092420399188995,0,0,0.8990194201469421,war_N1_ge2,war,1,2,completo,walk_forward
1941,logreg,0,0.026158175294343215,0,0,0.5998293299309378,war_N1_ge2,war,1,2,completo,walk_forward
1941,rf,0,0.380931358198949,0,0,0.49275100004647643,war_N1_ge2,war,1,2,completo,walk_forward
1941,xgb,0,0.5380076766014099,1,0,0.9023927450180054,war_N1_ge2,war,1,2,completo,walk_forward
1942,logreg,0,3.0000069999211096e-05,0,0,0.6289553548972938,war_N1_ge2,war,1,2,completo,walk_forward
1942,rf,0,0.35940835392374093,0,0,0.48660829242043013,war_N1_ge2,war,1,2,completo,walk_forward
1942,xgb,0,0.3874497413635254,0,0,0.899360716342926,war_N1_ge2,war,1,2,completo,walk_forward
1943,logreg,0,0.00026762402424429385,0,0,0.6325751091386459,war_N1_ge2,war,1,2,completo,walk_forward
1943,rf,0,0.30588164644315596,0,0,0.4879716551586562,war_N1_ge2,war,1,2,completo,walk_forward
1943,xgb,0,0.2513217031955719,0,0,0.8962526321411133,war_N1_ge2,war,1,2,completo,walk_forward
1944,logreg,0,0.00017462979313642385,0,0,0.6364862283739905,war_N1_ge2,war,1,2,completo,walk_forward
1944,rf,0,0.14024601724982308,0,0,0.46196194621017345,war_N1_ge2,war,1,2,completo,walk_forward
1944,xgb,0,0.007813922129571438,0,0,0.9027479290962219,war_N1_ge2,war,1,2,completo,walk_forward
1945,logreg,0,0.00010260241417475298,0,0,0.6377229029424545,war_N1_ge2,war,1,2,completo,walk_forward
1945,rf,0,0.14980354449010405,0,0,0.4658780752622629,war_N1_ge2,war,1,2,completo,walk_forward
1945,xgb,0,0.01071633119136095,0,0,0.9053955078125,war_N1_ge2,war,1,2,completo,walk_forward
1946,logreg,1,1.6506350651957277e-05,0,0,0.640450657815637,war_N1_ge2,war,1,2,completo,walk_forward
1946,rf,1,0.15386023882170669,0,0,0.46149432408134666,war_N1_ge2,war,1,2,completo,walk_forward
1946,xgb,1,0.013007688336074352,0,0,0.908087968826294,war_N1_ge2,war,1,2,completo,walk_forward
1947,logreg,0,0.13230379081742108,0,0,0.6437605606276113,war_N1_ge2,war,1,2,completo,walk_forward
1947,rf,0,0.24450674853131224,0,0,0.4587184107924728,war_N1_ge2,war,1,2,completo,walk_forward
1947,xgb,0,0.3373197019100189,0,0,0.9075217247009277,war_N1_ge2,war,1,2,completo,walk_forward
1948,logreg,0,0.7433846667236227,1,1,0.6868826181739406,war_N1_ge2,war,1,2,completo,walk_forward
1948,rf,0,0.39374459572207854,0,0,0.48802789621180287,war_N1_ge2,war,1,2,completo,walk_forward
1948,xgb,0,0.3120574653148651,0,0,0.9124306440353394,war_N1_ge2,war,1,2,completo,walk_forward
1949,logreg,1,0.18554950744537577,0,0,0.681324839115148,war_N1_ge2,war,1,2,completo,walk_forward
1949,rf,1,0.30250347483681933,0,0,0.4693533130930185,war_N1_ge2,war,1,2,completo,walk_forward
1949,xgb,1,0.1950116753578186,0,0,0.916861891746521,war_N1_ge2,war,1,2,completo,walk_forward
1950,logreg,0,0.0016878632393045922,0,0,0.5925995771795212,war_N1_ge2,war,1,2,completo,walk_forward
1950,rf,0,0.3253440270252557,0,0,0.473641128590984,war_N1_ge2,war,1,2,completo,walk_forward
1950,xgb,0,0.060442663729190826,0,0,0.9160038232803345,war_N1_ge2,war,1,2,completo,walk_forward
1951,logreg,0,0.11205004304527194,0,0,0.582326366237174,war_N1_ge2,war,1,2,completo,walk_forward
1951,rf,0,0.4078603317398679,0,0,0.4824803171228561,war_N1_ge2,war,1,2,completo,walk_forward
1951,xgb,0,0.16602599620819092,0,0,0.9089926481246948,war_N1_ge2,war,1,2,completo,walk_forward
1952,logreg,0,0.5704036966022139,1,0,0.5887446147961588,war_N1_ge2,war,1,2,completo,walk_forward
1952,rf,0,0.423099967457525,0,0,0.47492000768672765,war_N1_ge2,war,1,2,completo,walk_forward
1952,xgb,0,0.4960583746433258,0,0,0.9121949076652527,war_N1_ge2,war,1,2,completo,walk_forward
1953,logreg,0,0.0690141895586039,0,0,0.5987584218535947,war_N1_ge2,war,1,2,completo,walk_forward
1953,rf,0,0.3611455710934254,0,0,0.47886475532962475,war_N1_ge2,war,1,2,completo,walk_forward
1953,xgb,0,0.21129918098449707,0,0,0.9101110100746155,war_N1_ge2,war,1,2,completo,walk_forward
1954,logreg,0,0.07622507078821243,0,0,0.6129030435441508,war_N1_ge2,war,1,2,completo,walk_forward
1954,rf,0,0.2609661776533108,0,0,0.4885171845993967,war_N1_ge2,war,1,2,completo,walk_forward
1954,xgb,0,0.05540083721280098,0,0,0.9162701368331909,war_N1_ge2,war,1,2,completo,walk_forward
1955,logreg,1,0.002513096037711469,0,0,0.6185377427112053,war_N1_ge2,war,1,2,completo,walk_forward
1955,rf,1,0.2394046780890721,0,0,0.4831690802672532,war_N1_ge2,war,1,2,completo,walk_forward
1955,xgb,1,0.08282386511564255,0,0,0.9170499444007874,war_N1_ge2,war,1,2,completo,walk_forward
1956,logreg,1,0.3782479602990271,0,0,0.6237277805768928,war_N1_ge2,war,1,2,completo,walk_forward
1956,rf,1,0.22324185622229653,0,0,0.46705829444764635,war_N1_ge2,war,1,2,completo,walk_forward
1956,xgb,1,0.024457920342683792,0,0,0.9209339618682861,war_N1_ge2,war,1,2,completo,walk_forward
1957,logreg,0,0.6133926895112153,1,0,0.615081957009081,war_N1_ge2,war,1,2,completo,walk_forward
1957,rf,0,0.31160134309046256,0,0,0.4899653688956231,war_N1_ge2,war,1,2,completo,walk_forward
1957,xgb,0,0.12978284060955048,0,0,0.9120975732803345,war_N1_ge2,war,1,2,completo,walk_forward
1958,logreg,0,0.9282172688270786,1,1,0.5961005375225421,war_N1_ge2,war,1,2,completo,walk_forward
1958,rf,0,0.5408634087685796,1,1,0.48411214501533595,war_N1_ge2,war,1,2,completo,walk_forward
1958,xgb,0,0.97388756275177,1,1,0.9140599370002747,war_N1_ge2,war,1,2,completo,walk_forward
1959,logreg,0,0.22744859519040128,0,0,0.5844746726708776,war_N1_ge2,war,1,2,completo,walk_forward
1959,rf,0,0.44623003789307664,0,0,0.4866511716864521,war_N1_ge2,war,1,2,completo,walk_forward
1959,xgb,0,0.21992340683937073,0,0,0.9147922992706299,war_N1_ge2,war,1,2,completo,walk_forward
1960,logreg,0,0.005387440246826108,0,0,0.6271422879722736,war_N1_ge2,war,1,2,completo,walk_forward
1960,rf,0,0.2980971447716129,0,0,0.4818697226932787,war_N1_ge2,war,1,2,completo,walk_forward
1960,xgb,0,0.024371538311243057,0,0,0.92112135887146,war_N1_ge2,war,1,2,completo,walk_forward
1961,logreg,1,0.6151982807789251,1,0,0.63348757705664,war_N1_ge2,war,1,2,completo,walk_forward
1961,rf,1,0.3137543748035546,0,0,0.4842343294681157,war_N1_ge2,war,1,2,completo,walk_forward
1961,xgb,1,0.020760951563715935,0,0,0.9212197661399841,war_N1_ge2,war,1,2,completo,walk_forward
1962,logreg,0,0.3674083510222626,0,0,0.6362635399908136,war_N1_ge2,war,1,2,completo,walk_forward
1962,rf,0,0.2558134186082634,0,0,0.4866706508606581,war_N1_ge2,war,1,2,completo,walk_forward
1962,xgb,0,0.02697782963514328,0,0,0.9221792221069336,war_N1_ge2,war,1,2,completo,walk_forward
1963,logreg,0,0.6375369125549982,1,1,0.6373284202110946,war_N1_ge2,war,1,2,completo,walk_forward
1963,rf,0,0.3703412393502515,0,0,0.4839377326592311,war_N1_ge2,war,1,2,completo,walk_forward
1963,xgb,0,0.13560311496257782,0,0,0.9133282899856567,war_N1_ge2,war,1,2,completo,walk_forward
1964,logreg,1,0.13297465321494595,0,0,0.6191180354911721,war_N1_ge2,war,1,2,completo,walk_forward
1964,rf,1,0.3199727104306863,0,0,0.48076152624036694,war_N1_ge2,war,1,2,completo,walk_forward
1964,xgb,1,0.021026449277997017,0,0,0.9182388782501221,war_N1_ge2,war,1,2,completo,walk_forward
1965,logreg,0,0.8476963592242788,1,1,0.6531262045968281,war_N1_ge2,war,1,2,completo,walk_forward
1965,rf,0,0.41802821733059925,0,0,0.4881175744893325,war_N1_ge2,war,1,2,completo,walk_forward
1965,xgb,0,0.3379761278629303,0,0,0.9186198711395264,war_N1_ge2,war,1,2,completo,walk_forward
1966,logreg,0,0.9459354305879797,1,1,0.6152148664513075,war_N1_ge2,war,1,2,completo,walk_forward
1966,rf,0,0.3779101169053579,0,0,0.492847948892866,war_N1_ge2,war,1,2,completo,walk_forward
1966,xgb,0,0.1857757866382599,0,0,0.9131581783294678,war_N1_ge2,war,1,2,completo,walk_forward
1967,logreg,0,0.9643289420614299,1,1,0.6477383902927771,war_N1_ge2,war,1,2,completo,walk_forward
1967,rf,0,0.4454428472793343,0,0,0.4980769271911846,war_N1_ge2,war,1,2,completo,walk_forward
1967,xgb,0,0.5499979853630066,1,0,0.9153213500976562,war_N1_ge2,war,1,2,completo,walk_forward
1968,logreg,0,0.5690043186203906,1,0,0.7066330927268348,war_N1_ge2,war,1,2,completo,walk_forward
1968,rf,0,0.37800947732569656,0,0,0.5054851221278299,war_N1_ge2,war,1,2,completo,walk_forward
1968,xgb,0,0.03185710683465004,0,0,0.9183109402656555,war_N1_ge2,war,1,2,completo,walk_forward
1969,logreg,0,0.44399016362845645,0,0,0.6533601091924814,war_N1_ge2,war,1,2,completo,walk_forward
1969,rf,0,0.31417220070731944,0,0,0.4915433705914466,war_N1_ge2,war,1,2,completo,walk_forward
1969,xgb,0,0.035962171852588654,0,0,0.9241127967834473,war_N1_ge2,war,1,2,completo,walk_forward
1970,logreg,0,0.842048468967268,1,1,0.661280558878108,war_N1_ge2,war,1,2,completo,walk_forward
1970,rf,0,0.37601829903290995,0,0,0.5029114558210342,war_N1_ge2,war,1,2,completo,walk_forward
1970,xgb,0,0.6143574118614197,1,0,0.9227333664894104,war_N1_ge2,war,1,2,completo,walk_forward
1971,logreg,0,0.8683535457697268,1,1,0.6692398468808131,war_N1_ge2,war,1,2,completo,walk_forward
1971,rf,0,0.38273744438430113,0,0,0.4997099370282248,war_N1_ge2,war,1,2,completo,walk_forward
1971,xgb,0,0.36119163036346436,0,0,0.9218584895133972,war_N1_ge2,war,1,2,completo,walk_forward
1972,logreg,0,0.5642613337933249,1,0,0.6263441721618842,war_N1_ge2,war,1,2,completo,walk_forward
1972,rf,0,0.3504939320935924,0,0,0.4982160001279709,war_N1_ge2,war,1,2,completo,walk_forward
1972,xgb,0,0.08136571943759918,0,0,0.9222922921180725,war_N1_ge2,war,1,2,completo,walk_forward
1973,logreg,0,0.3475959561659893,0,0,0.6888179639282105,war_N1_ge2,war,1,2,completo,walk_forward
1973,rf,0,0.32143841863634026,0,0,0.49563533235865054,war_N1_ge2,war,1,2,completo,walk_forward
1973,xgb,0,0.04098690673708916,0,0,0.9290292263031006,war_N1_ge2,war,1,2,completo,walk_forward
1974,logreg,0,0.9794220725120889,1,1,0.6999993337785401,war_N1_ge2,war,1,2,completo,walk_forward
1974,rf,0,0.30488147223118073,0,0,0.47703721899767104,war_N1_ge2,war,1,2,completo,walk_forward
1974,xgb,0,0.14296048879623413,0,0,0.9252991080284119,war_N1_ge2,war,1,2,completo,walk_forward
1975,logreg,0,0.5711143439288529,1,0,0.701827173718465,war_N1_ge2,war,1,2,completo,walk_forward
1975,rf,0,0.28487101717831004,0,0,0.5213423880172557,war_N1_ge2,war,1,2,completo,walk_forward
1975,xgb,0,0.0802939236164093,0,0,0.9252609014511108,war_N1_ge2,war,1,2,completo,walk_forward
1976,logreg,0,0.0327592047293778,0,0,0.6712143229946772,war_N1_ge2,war,1,2,completo,walk_forward
1976,rf,0,0.2268225200157346,0,0,0.47816747842474305,war_N1_ge2,war,1,2,completo,walk_forward
1976,xgb,0,0.008498472161591053,0,0,0.922252357006073,war_N1_ge2,war,1,2,completo,walk_forward
1977,logreg,0,0.07484871020919917,0,0,0.672970432956183,war_N1_ge2,war,1,2,completo,walk_forward
1977,rf,0,0.25311346135819424,0,0,0.4833996747838178,war_N1_ge2,war,1,2,completo,walk_forward
1977,xgb,0,0.06082750856876373,0,0,0.9268242120742798,war_N1_ge2,war,1,2,completo,walk_forward
1978,logreg,0,0.04706509635234682,0,0,0.6762519150834089,war_N1_ge2,war,1,2,completo,walk_forward
1978,rf,0,0.18776709681087636,0,0,0.5331712176461187,war_N1_ge2,war,1,2,completo,walk_forward
1978,xgb,0,0.009750730358064175,0,0,0.9288656711578369,war_N1_ge2,war,1,2,completo,walk_forward
1979,logreg,0,0.04033784407937787,0,0,0.6763755660748779,war_N1_ge2,war,1,2,completo,walk_forward
1979,rf,0,0.16935877052385653,0,0,0.4892194382534601,war_N1_ge2,war,1,2,completo,walk_forward
1979,xgb,0,0.0057252985425293446,0,0,0.9327155947685242,war_N1_ge2,war,1,2,completo,walk_forward
1980,logreg,0,0.025707945956855303,0,0,0.6806731946620767,war_N1_ge2,war,1,2,completo,walk_forward
1980,rf,0,0.32117314814202885,0,0,0.5344715377104207,war_N1_ge2,war,1,2,completo,walk_forward
1980,xgb,0,0.06868976354598999,0,0,0.9354245066642761,war_N1_ge2,war,1,2,completo,walk_forward
1981,logreg,0,0.07317367083744762,0,0,0.6841873782802058,war_N1_ge2,war,1,2,completo,walk_forward
1981,rf,0,0.21085699894957596,0,0,0.5303952001557322,war_N1_ge2,war,1,2,completo,walk_forward
1981,xgb,0,0.004196154419332743,0,0,0.9345784783363342,war_N1_ge2,war,1,2,completo,walk_forward
1982,logreg,0,0.8618694546726043,1,1,0.6876274515918593,war_N1_ge2,war,1,2,completo,walk_forward
1982,rf,0,0.20049156249962952,0,0,0.5059825982373821,war_N1_ge2,war,1,2,completo,walk_forward
1982,xgb,0,0.01459133718162775,0,0,0.9362455010414124,war_N1_ge2,war,1,2,completo,walk_forward
1983,logreg,0,0.1586661123908487,0,0,0.6900361061780675,war_N1_ge2,war,1,2,completo,walk_forward
1983,rf,0,0.2289769428294802,0,0,0.49701019207603087,war_N1_ge2,war,1,2,completo,walk_forward
1983,xgb,0,0.028555460274219513,0,0,0.9402720332145691,war_N1_ge2,war,1,2,completo,walk_forward
1984,logreg,0,0.18846563917433665,0,0,0.6943777612622153,war_N1_ge2,war,1,2,completo,walk_forward
1984,rf,0,0.24563001508420731,0,0,0.5295259322074536,war_N1_ge2,war,1,2,completo,walk_forward
1984,xgb,0,0.042944204062223434,0,0,0.9349805116653442,war_N1_ge2,war,1,2,completo,walk_forward
1985,logreg,0,0.016789200807287605,0,0,0.6962365862611151,war_N1_ge2,war,1,2,completo,walk_forward
1985,rf,0,0.3251732138101042,0,0,0.5039130028344595,war_N1_ge2,war,1,2,completo,walk_forward
1985,xgb,0,0.14084401726722717,0,0,0.9387105107307434,war_N1_ge2,war,1,2,completo,walk_forward
1986,logreg,1,0.26897388417210155,0,0,0.5406368927590056,war_N1_ge2,war,1,2,completo,walk_forward
1986,rf,1,0.22575240369943714,0,0,0.5075908009574395,war_N1_ge2,war,1,2,completo,walk_forward
1986,xgb,1,0.07999248802661896,0,0,0.9374182224273682,war_N1_ge2,war,1,2,completo,walk_forward
1987,logreg,0,0.3635947555181628,0,0,0.5445562804816114,war_N1_ge2,war,1,2,completo,walk_forward
1987,rf,0,0.19805622254933775,0,0,0.5007602584894864,war_N1_ge2,war,1,2,completo,walk_forward
1987,xgb,0,0.09341150522232056,0,0,0.9429114460945129,war_N1_ge2,war,1,2,completo,walk_forward
1988,logreg,0,0.08387043355643735,0,0,0.6857892673864192,war_N1_ge2,war,1,2,completo,walk_forward
1988,rf,0,0.4276763035624276,0,0,0.5192047397853268,war_N1_ge2,war,1,2,completo,walk_forward
1988,xgb,0,0.31992268562316895,0,0,0.9343481063842773,war_N1_ge2,war,1,2,completo,walk_forward
1989,logreg,1,0.15397457249911145,0,0,0.6941819346015717,war_N1_ge2,war,1,2,completo,walk_forward
1989,rf,1,0.36038384900074805,0,0,0.5205325610639976,war_N1_ge2,war,1,2,completo,walk_forward
1989,xgb,1,0.26085081696510315,0,0,0.9361168742179871,war_N1_ge2,war,1,2,completo,walk_forward
1990,logreg,0,0.011217533210473926,0,0,0.6963100667991214,war_N1_ge2,war,1,2,completo,walk_forward
1990,rf,0,0.28458264624220453,0,0,0.525906615481503,war_N1_ge2,war,1,2,completo,walk_forward
1990,xgb,0,0.12294925004243851,0,0,0.9393611550331116,war_N1_ge2,war,1,2,completo,walk_forward
1991,logreg,0,0.7147862571858046,1,1,0.6980307558203388,war_N1_ge2,war,1,2,completo,walk_forward
1991,rf,0,0.4008034133547847,0,0,0.5095589462419222,war_N1_ge2,war,1,2,completo,walk_forward
1991,xgb,0,0.6662447452545166,1,0,0.9387825727462769,war_N1_ge2,war,1,2,completo,walk_forward
1992,logreg,0,0.0719628578157055,0,0,0.7008250083152657,war_N1_ge2,war,1,2,completo,walk_forward
1992,rf,0,0.28924643258757066,0,0,0.5075581601361094,war_N1_ge2,war,1,2,completo,walk_forward
1992,xgb,0,0.041240762919187546,0,0,0.9383814930915833,war_N1_ge2,war,1,2,completo,walk_forward
1993,logreg,0,0.05751874314616296,0,0,0.6236253414422597,war_N1_ge2,war,1,2,completo,walk_forward
1993,rf,0,0.272020033893763,0,0,0.5059162366390427,war_N1_ge2,war,1,2,completo,walk_forward
1993,xgb,0,0.024748899042606354,0,0,0.941775381565094,war_N1_ge2,war,1,2,completo,walk_forward
1994,logreg,0,0.011565482702593112,0,0,0.5902579799201101,war_N1_ge2,war,1,2,completo,walk_forward
1994,rf,0,0.2171947688835059,0,0,0.5053442506360791,war_N1_ge2,war,1,2,completo,walk_forward
1994,xgb,0,0.01756005361676216,0,0,0.9410479664802551,war_N1_ge2,war,1,2,completo,walk_forward
1995,logreg,0,0.003989702146726914,0,0,0.5951491628326446,war_N1_ge2,war,1,2,completo,walk_forward
1995,rf,0,0.22107247116762874,0,0,0.5047644356238601,war_N1_ge2,war,1,2,completo,walk_forward
1995,xgb,0,0.010858722031116486,0,0,0.9401752352714539,war_N1_ge2,war,1,2,completo,walk_forward
1996,logreg,0,0.006213417456396326,0,0,0.5990602946531403,war_N1_ge2,war,1,2,completo,walk_forward
1996,rf,0,0.19583439117908605,0,0,0.5161561366530056,war_N1_ge2,war,1,2,completo,walk_forward
1996,xgb,0,0.008959094062447548,0,0,0.9417616128921509,war_N1_ge2,war,1,2,completo,walk_forward
1997,logreg,0,0.012770529138649532,0,0,0.6019756849318951,war_N1_ge2,war,1,2,completo,walk_forward
1997,rf,0,0.17887603010315464,0,0,0.5220467796117433,war_N1_ge2,war,1,2,completo,walk_forward
1997,xgb,0,0.004460659343749285,0,0,0.9452242255210876,war_N1_ge2,war,1,2,completo,walk_forward
1998,logreg,1,0.016588176586042506,0,0,0.6053947839451668,war_N1_ge2,war,1,2,completo,walk_forward
1998,rf,1,0.12342103987283314,0,0,0.5051040960036152,war_N1_ge2,war,1,2,completo,walk_forward
1998,xgb,1,0.009911245666444302,0,0,0.9440913796424866,war_N1_ge2,war,1,2,completo,walk_forward
1999,logreg,0,0.0063329430372551605,0,0,0.6093710541167358,war_N1_ge2,war,1,2,completo,walk_forward
1999,rf,0,0.1448245728961653,0,0,0.5121283257334797,war_N1_ge2,war,1,2,completo,walk_forward
1999,xgb,0,0.006485494319349527,0,0,0.9431774616241455,war_N1_ge2,war,1,2,completo,walk_forward
2000,logreg,1,0.1646459837369597,0,0,0.7190515383689853,war_N1_ge2,war,1,2,completo,walk_forward
2000,rf,1,0.279524104551428,0,0,0.5319441544806545,war_N1_ge2,war,1,2,completo,walk_forward
2000,xgb,1,0.11017783731222153,0,0,0.9427482485771179,war_N1_ge2,war,1,2,completo,walk_forward
2001,logreg,0,0.37366491061056517,0,0,0.7226905538769213,war_N1_ge2,war,1,2,completo,walk_forward
2001,rf,0,0.3175483053203912,0,0,0.532974709460771,war_N1_ge2,war,1,2,completo,walk_forward
2001,xgb,0,0.1696319580078125,0,0,0.9384827017784119,war_N1_ge2,war,1,2,completo,walk_forward
2002,logreg,1,0.8905982888414877,1,1,0.5143247899539994,war_N1_ge2,war,1,2,completo,walk_forward
2002,rf,1,0.41220852829150156,0,0,0.5158090905752476,war_N1_ge2,war,1,2,completo,walk_forward
2002,xgb,1,0.6572407484054565,1,0,0.9365565776824951,war_N1_ge2,war,1,2,completo,walk_forward
2003,logreg,0,0.16368252301176947,0,0,0.5320307641639692,war_N1_ge2,war,1,2,completo,walk_forward
2003,rf,0,0.2851204959069218,0,0,0.49370866783014855,war_N1_ge2,war,1,2,completo,walk_forward
2003,xgb,0,0.030686410143971443,0,0,0.9431025981903076,war_N1_ge2,war,1,2,completo,walk_forward
2004,logreg,0,0.5226174270150152,1,0,0.6811295535213395,war_N1_ge2,war,1,2,completo,walk_forward
2004,rf,0,0.4964929976192851,0,0,0.5253304548480101,war_N1_ge2,war,1,2,completo,walk_forward
2004,xgb,0,0.6589855551719666,1,0,0.9350113868713379,war_N1_ge2,war,1,2,completo,walk_forward
2005,logreg,0,0.6223194304656271,1,0,0.682147800927398,war_N1_ge2,war,1,2,completo,walk_forward
2005,rf,0,0.4558834381236828,0,0,0.5366120914981871,war_N1_ge2,war,1,2,completo,walk_forward
2005,xgb,0,0.13667868077754974,0,0,0.9360387325286865,war_N1_ge2,war,1,2,completo,walk_forward
1931,prevalencia,0,0.25,0,0,0.5,war_N1_ge2,war,1,2,completo,walk_forward
1931,persistencia,0,1.0,1,1,0.5,war_N1_ge2,war,1,2,completo,walk_forward
1931,persistencia_purgada,0,0.0,0,0,0.5,war_N1_ge2,war,1,2,completo,walk_forward
1932,prevalencia,0,0.2682926829268293,0,0,0.5,war_N1_ge2,war,1,2,completo,walk_forward
1932,persistencia,0,0.0,0,0,0.5,war_N1_ge2,war,1,2,completo,walk_forward
1932,persistencia_purgada,0,1.0,1,1,0.5,war_N1_ge2,war,1,2,completo,walk_forward
1933,prevalencia,0,0.2619047619047619,0,0,0.5,war_N1_ge2,war,1,2,completo,walk_forward
1933,persistencia,0,0.0,0,0,0.5,war_N1_ge2,war,1,2,completo,walk_forward
1933,persistencia_purgada,0,0.0,0,0,0.5,war_N1_ge2,war,1,2,completo,walk_forward
1934,prevalencia,0,0.2558139534883721,0,0,0.5,war_N1_ge2,war,1,2,completo,walk_forward
1934,persistencia,0,0.0,0,0,0.5,war_N1_ge2,war,1,2,completo,walk_forward
1934,persistencia_purgada,0,0.0,0,0,0.5,war_N1_ge2,war,1,2,completo,walk_forward
1935,prevalencia,0,0.25,0,0,0.5,war_N1_ge2,war,1,2,completo,walk_forward
1935,persistencia,0,0.0,0,0,0.5,war_N1_ge2,war,1,2,completo,walk_forward
1935,persistencia_purgada,0,0.0,0,0,0.5,war_N1_ge2,war,1,2,completo,walk_forward
1936,prevalencia,1,0.24444444444444444,0,0,0.5,war_N1_ge2,war,1,2,completo,walk_forward
1936,persistencia,1,0.0,0,0,0.5,war_N1_ge2,war,1,2,completo,walk_forward
1936,persistencia_purgada,1,0.0,0,0,0.5,war_N1_ge2,war,1,2,completo,walk_forward
1937,prevalencia,1,0.2391304347826087,0,0,0.5,war_N1_ge2,war,1,2,completo,walk_forward
1937,persistencia,1,1.0,1,1,0.5,war_N1_ge2,war,1,2,completo,walk_forward
1937,persistencia_purgada,1,0.0,0,0,0.5,war_N1_ge2,war,1,2,completo,walk_forward
1938,prevalencia,1,0.2553191489361702,0,0,0.5,war_N1_ge2,war,1,2,completo,walk_forward
1938,persistencia,1,1.0,1,1,0.5,war_N1_ge2,war,1,2,completo,walk_forward
1938,persistencia_purgada,1,1.0,1,1,0.5,war_N1_ge2,war,1,2,completo,walk_forward
1939,prevalencia,0,0.2708333333333333,0,0,0.5,war_N1_ge2,war,1,2,completo,walk_forward
1939,persistencia,0,1.0,1,1,0.5,war_N1_ge2,war,1,2,completo,walk_forward
1939,persistencia_purgada,0,1.0,1,1,0.5,war_N1_ge2,war,1,2,completo,walk_forward
1940,prevalencia,0,0.2857142857142857,0,0,0.5,war_N1_ge2,war,1,2,completo,walk_forward
1940,persistencia,0,0.0,0,0,0.5,war_N1_ge2,war,1,2,completo,walk_forward
1940,persistencia_purgada,0,1.0,1,1,0.5,war_N1_ge2,war,1,2,completo,walk_forward
1941,prevalencia,0,0.28,0,0,0.5,war_N1_ge2,war,1,2,completo,walk_forward
1941,persistencia,0,0.0,0,0,0.5,war_N1_ge2,war,1,2,completo,walk_forward
1941,persistencia_purgada,0,0.0,0,0,0.5,war_N1_ge2,war,1,2,completo,walk_forward
1942,prevalencia,0,0.27450980392156865,0,0,0.5,war_N1_ge2,war,1,2,completo,walk_forward
1942,persistencia,0,0.0,0,0,0.5,war_N1_ge2,war,1,2,completo,walk_forward
1942,persistencia_purgada,0,0.0,0,0,0.5,war_N1_ge2,war,1,2,completo,walk_forward
1943,prevalencia,0,0.2692307692307692,0,0,0.5,war_N1_ge2,war,1,2,completo,walk_forward
1943,persistencia,0,0.0,0,0,0.5,war_N1_ge2,war,1,2,completo,walk_forward
1943,persistencia_purgada,0,0.0,0,0,0.5,war_N1_ge2,war,1,2,completo,walk_forward
1944,prevalencia,0,0.2641509433962264,0,0,0.5,war_N1_ge2,war,1,2,completo,walk_forward
1944,persistencia,0,0.0,0,0,0.5,war_N1_ge2,war,1,2,completo,walk_forward
1944,persistencia_purgada,0,0.0,0,0,0.5,war_N1_ge2,war,1,2,completo,walk_forward
1945,prevalencia,0,0.25925925925925924,0,0,0.5,war_N1_ge2,war,1,2,completo,walk_forward
1945,persistencia,0,0.0,0,0,0.5,war_N1_ge2,war,1,2,completo,walk_forward
1945,persistencia_purgada,0,0.0,0,0,0.5,war_N1_ge2,war,1,2,completo,walk_forward
1946,prevalencia,1,0.2545454545454545,0,0,0.5,war_N1_ge2,war,1,2,completo,walk_forward
1946,persistencia,1,0.0,0,0,0.5,war_N1_ge2,war,1,2,completo,walk_forward
1946,persistencia_purgada,1,0.0,0,0,0.5,war_N1_ge2,war,1,2,completo,walk_forward
1947,prevalencia,0,0.25,0,0,0.5,war_N1_ge2,war,1,2,completo,walk_forward
1947,persistencia,0,1.0,1,1,0.5,war_N1_ge2,war,1,2,completo,walk_forward
1947,persistencia_purgada,0,0.0,0,0,0.5,war_N1_ge2,war,1,2,completo,walk_forward
1948,prevalencia,0,0.2631578947368421,0,0,0.5,war_N1_ge2,war,1,2,completo,walk_forward
1948,persistencia,0,0.0,0,0,0.5,war_N1_ge2,war,1,2,completo,walk_forward
1948,persistencia_purgada,0,1.0,1,1,0.5,war_N1_ge2,war,1,2,completo,walk_forward
1949,prevalencia,1,0.25862068965517243,0,0,0.5,war_N1_ge2,war,1,2,completo,walk_forward
1949,persistencia,1,0.0,0,0,0.5,war_N1_ge2,war,1,2,completo,walk_forward
1949,persistencia_purgada,1,0.0,0,0,0.5,war_N1_ge2,war,1,2,completo,walk_forward
1950,prevalencia,0,0.2542372881355932,0,0,0.5,war_N1_ge2,war,1,2,completo,walk_forward
1950,persistencia,0,1.0,1,1,0.5,war_N1_ge2,war,1,2,completo,walk_forward
1950,persistencia_purgada,0,0.0,0,0,0.5,war_N1_ge2,war,1,2,completo,walk_forward
1951,prevalencia,0,0.26666666666666666,0,0,0.5,war_N1_ge2,war,1,2,completo,walk_forward
1951,persistencia,0,0.0,0,0,0.5,war_N1_ge2,war,1,2,completo,walk_forward
1951,persistencia_purgada,0,1.0,1,1,0.5,war_N1_ge2,war,1,2,completo,walk_forward
1952,prevalencia,0,0.26229508196721313,0,0,0.5,war_N1_ge2,war,1,2,completo,walk_forward
1952,persistencia,0,0.0,0,0,0.5,war_N1_ge2,war,1,2,completo,walk_forward
1952,persistencia_purgada,0,0.0,0,0,0.5,war_N1_ge2,war,1,2,completo,walk_forward
1953,prevalencia,0,0.25806451612903225,0,0,0.5,war_N1_ge2,war,1,2,completo,walk_forward
1953,persistencia,0,0.0,0,0,0.5,war_N1_ge2,war,1,2,completo,walk_forward
1953,persistencia_purgada,0,0.0,0,0,0.5,war_N1_ge2,war,1,2,completo,walk_forward
1954,prevalencia,0,0.25396825396825395,0,0,0.5,war_N1_ge2,war,1,2,completo,walk_forward
1954,persistencia,0,0.0,0,0,0.5,war_N1_ge2,war,1,2,completo,walk_forward
1954,persistencia_purgada,0,0.0,0,0,0.5,war_N1_ge2,war,1,2,completo,walk_forward
1955,prevalencia,1,0.25,0,0,0.5,war_N1_ge2,war,1,2,completo,walk_forward
1955,persistencia,1,0.0,0,0,0.5,war_N1_ge2,war,1,2,completo,walk_forward
1955,persistencia_purgada,1,0.0,0,0,0.5,war_N1_ge2,war,1,2,completo,walk_forward
1956,prevalencia,1,0.24615384615384617,0,0,0.5,war_N1_ge2,war,1,2,completo,walk_forward
1956,persistencia,1,1.0,1,1,0.5,war_N1_ge2,war,1,2,completo,walk_forward
1956,persistencia_purgada,1,0.0,0,0,0.5,war_N1_ge2,war,1,2,completo,walk_forward
1957,prevalencia,0,0.25757575757575757,0,0,0.5,war_N1_ge2,war,1,2,completo,walk_forward
1957,persistencia,0,1.0,1,1,0.5,war_N1_ge2,war,1,2,completo,walk_forward
1957,persistencia_purgada,0,1.0,1,1,0.5,war_N1_ge2,war,1,2,completo,walk_forward
1958,prevalencia,0,0.26865671641791045,0,0,0.5,war_N1_ge2,war,1,2,completo,walk_forward
1958,persistencia,0,0.0,0,0,0.5,war_N1_ge2,war,1,2,completo,walk_forward
1958,persistencia_purgada,0,1.0,1,1,0.5,war_N1_ge2,war,1,2,completo,walk_forward
1959,prevalencia,0,0.2647058823529412,0,0,0.5,war_N1_ge2,war,1,2,completo,walk_forward
1959,persistencia,0,0.0,0,0,0.5,war_N1_ge2,war,1,2,completo,walk_forward
1959,persistencia_purgada,0,0.0,0,0,0.5,war_N1_ge2,war,1,2,completo,walk_forward
1960,prevalencia,0,0.2608695652173913,0,0,0.5,war_N1_ge2,war,1,2,completo,walk_forward
1960,persistencia,0,0.0,0,0,0.5,war_N1_ge2,war,1,2,completo,walk_forward
1960,persistencia_purgada,0,0.0,0,0,0.5,war_N1_ge2,war,1,2,completo,walk_forward
1961,prevalencia,1,0.2571428571428571,0,0,0.5,war_N1_ge2,war,1,2,completo,walk_forward
1961,persistencia,1,0.0,0,0,0.5,war_N1_ge2,war,1,2,completo,walk_forward
1961,persistencia_purgada,1,0.0,0,0,0.5,war_N1_ge2,war,1,2,completo,walk_forward
1962,prevalencia,0,0.2535211267605634,0,0,0.5,war_N1_ge2,war,1,2,completo,walk_forward
1962,persistencia,0,1.0,1,1,0.5,war_N1_ge2,war,1,2,completo,walk_forward
1962,persistencia_purgada,0,0.0,0,0,0.5,war_N1_ge2,war,1,2,completo,walk_forward
1963,prevalencia,0,0.2638888888888889,0,0,0.5,war_N1_ge2,war,1,2,completo,walk_forward
1963,persistencia,0,0.0,0,0,0.5,war_N1_ge2,war,1,2,completo,walk_forward
1963,persistencia_purgada,0,1.0,1,1,0.5,war_N1_ge2,war,1,2,completo,walk_forward
1964,prevalencia,1,0.2602739726027397,0,0,0.5,war_N1_ge2,war,1,2,completo,walk_forward
1964,persistencia,1,0.0,0,0,0.5,war_N1_ge2,war,1,2,completo,walk_forward
1964,persistencia_purgada,1,0.0,0,0,0.5,war_N1_ge2,war,1,2,completo,walk_forward
1965,prevalencia,0,0.25675675675675674,0,0,0.5,war_N1_ge2,war,1,2,completo,walk_forward
1965,persistencia,0,1.0,1,1,0.5,war_N1_ge2,war,1,2,completo,walk_forward
1965,persistencia_purgada,0,0.0,0,0,0.5,war_N1_ge2,war,1,2,completo,walk_forward
1966,prevalencia,0,0.26666666666666666,0,0,0.5,war_N1_ge2,war,1,2,completo,walk_forward
1966,persistencia,0,0.0,0,0,0.5,war_N1_ge2,war,1,2,completo,walk_forward
1966,persistencia_purgada,0,1.0,1,1,0.5,war_N1_ge2,war,1,2,completo,walk_forward
1967,prevalencia,0,0.2631578947368421,0,0,0.5,war_N1_ge2,war,1,2,completo,walk_forward
1967,persistencia,0,0.0,0,0,0.5,war_N1_ge2,war,1,2,completo,walk_forward
1967,persistencia_purgada,0,0.0,0,0,0.5,war_N1_ge2,war,1,2,completo,walk_forward
1968,prevalencia,0,0.2597402597402597,0,0,0.5,war_N1_ge2,war,1,2,completo,walk_forward
1968,persistencia,0,0.0,0,0,0.5,war_N1_ge2,war,1,2,completo,walk_forward
1968,persistencia_purgada,0,0.0,0,0,0.5,war_N1_ge2,war,1,2,completo,walk_forward
1969,prevalencia,0,0.2564102564102564,0,0,0.5,war_N1_ge2,war,1,2,completo,walk_forward
1969,persistencia,0,0.0,0,0,0.5,war_N1_ge2,war,1,2,completo,walk_forward
1969,persistencia_purgada,0,0.0,0,0,0.5,war_N1_ge2,war,1,2,completo,walk_forward
1970,prevalencia,0,0.25316455696202533,0,0,0.5,war_N1_ge2,war,1,2,completo,walk_forward
1970,persistencia,0,0.0,0,0,0.5,war_N1_ge2,war,1,2,completo,walk_forward
1970,persistencia_purgada,0,0.0,0,0,0.5,war_N1_ge2,war,1,2,completo,walk_forward
1971,prevalencia,0,0.25,0,0,0.5,war_N1_ge2,war,1,2,completo,walk_forward
1971,persistencia,0,0.0,0,0,0.5,war_N1_ge2,war,1,2,completo,walk_forward
1971,persistencia_purgada,0,0.0,0,0,0.5,war_N1_ge2,war,1,2,completo,walk_forward
1972,prevalencia,0,0.24691358024691357,0,0,0.5,war_N1_ge2,war,1,2,completo,walk_forward
1972,persistencia,0,0.0,0,0,0.5,war_N1_ge2,war,1,2,completo,walk_forward
1972,persistencia_purgada,0,0.0,0,0,0.5,war_N1_ge2,war,1,2,completo,walk_forward
1973,prevalencia,0,0.24390243902439024,0,0,0.5,war_N1_ge2,war,1,2,completo,walk_forward
1973,persistencia,0,0.0,0,0,0.5,war_N1_ge2,war,1,2,completo,walk_forward
1973,persistencia_purgada,0,0.0,0,0,0.5,war_N1_ge2,war,1,2,completo,walk_forward
1974,prevalencia,0,0.24096385542168675,0,0,0.5,war_N1_ge2,war,1,2,completo,walk_forward
1974,persistencia,0,0.0,0,0,0.5,war_N1_ge2,war,1,2,completo,walk_forward
1974,persistencia_purgada,0,0.0,0,0,0.5,war_N1_ge2,war,1,2,completo,walk_forward
1975,prevalencia,0,0.23809523809523808,0,0,0.5,war_N1_ge2,war,1,2,completo,walk_forward
1975,persistencia,0,0.0,0,0,0.5,war_N1_ge2,war,1,2,completo,walk_forward
1975,persistencia_purgada,0,0.0,0,0,0.5,war_N1_ge2,war,1,2,completo,walk_forward
1976,prevalencia,0,0.23529411764705882,0,0,0.5,war_N1_ge2,war,1,2,completo,walk_forward
1976,persistencia,0,0.0,0,0,0.5,war_N1_ge2,war,1,2,completo,walk_forward
1976,persistencia_purgada,0,0.0,0,0,0.5,war_N1_ge2,war,1,2,completo,walk_forward
1977,prevalencia,0,0.23255813953488372,0,0,0.5,war_N1_ge2,war,1,2,completo,walk_forward
1977,persistencia,0,0.0,0,0,0.5,war_N1_ge2,war,1,2,completo,walk_forward
1977,persistencia_purgada,0,0.0,0,0,0.5,war_N1_ge2,war,1,2,completo,walk_forward
1978,prevalencia,0,0.22988505747126436,0,0,0.5,war_N1_ge2,war,1,2,completo,walk_forward
1978,persistencia,0,0.0,0,0,0.5,war_N1_ge2,war,1,2,completo,walk_forward
1978,persistencia_purgada,0,0.0,0,0,0.5,war_N1_ge2,war,1,2,completo,walk_forward
1979,prevalencia,0,0.22727272727272727,0,0,0.5,war_N1_ge2,war,1,2,completo,walk_forward
1979,persistencia,0,0.0,0,0,0.5,war_N1_ge2,war,1,2,completo,walk_forward
1979,persistencia_purgada,0,0.0,0,0,0.5,war_N1_ge2,war,1,2,completo,walk_forward
1980,prevalencia,0,0.2247191011235955,0,0,0.5,war_N1_ge2,war,1,2,completo,walk_forward
1980,persistencia,0,0.0,0,0,0.5,war_N1_ge2,war,1,2,completo,walk_forward
1980,persistencia_purgada,0,0.0,0,0,0.5,war_N1_ge2,war,1,2,completo,walk_forward
1981,prevalencia,0,0.2222222222222222,0,0,0.5,war_N1_ge2,war,1,2,completo,walk_forward
1981,persistencia,0,0.0,0,0,0.5,war_N1_ge2,war,1,2,completo,walk_forward
1981,persistencia_purgada,0,0.0,0,0,0.5,war_N1_ge2,war,1,2,completo,walk_forward
1982,prevalencia,0,0.21978021978021978,0,0,0.5,war_N1_ge2,war,1,2,completo,walk_forward
1982,persistencia,0,0.0,0,0,0.5,war_N1_ge2,war,1,2,completo,walk_forward
1982,persistencia_purgada,0,0.0,0,0,0.5,war_N1_ge2,war,1,2,completo,walk_forward
1983,prevalencia,0,0.21739130434782608,0,0,0.5,war_N1_ge2,war,1,2,completo,walk_forward
1983,persistencia,0,0.0,0,0,0.5,war_N1_ge2,war,1,2,completo,walk_forward
1983,persistencia_purgada,0,0.0,0,0,0.5,war_N1_ge2,war,1,2,completo,walk_forward
1984,prevalencia,0,0.21505376344086022,0,0,0.5,war_N1_ge2,war,1,2,completo,walk_forward
1984,persistencia,0,0.0,0,0,0.5,war_N1_ge2,war,1,2,completo,walk_forward
1984,persistencia_purgada,0,0.0,0,0,0.5,war_N1_ge2,war,1,2,completo,walk_forward
1985,prevalencia,0,0.2127659574468085,0,0,0.5,war_N1_ge2,war,1,2,completo,walk_forward
1985,persistencia,0,0.0,0,0,0.5,war_N1_ge2,war,1,2,completo,walk_forward
1985,persistencia_purgada,0,0.0,0,0,0.5,war_N1_ge2,war,1,2,completo,walk_forward
1986,prevalencia,1,0.21052631578947367,0,0,0.5,war_N1_ge2,war,1,2,completo,walk_forward
1986,persistencia,1,0.0,0,0,0.5,war_N1_ge2,war,1,2,completo,walk_forward
1986,persistencia_purgada,1,0.0,0,0,0.5,war_N1_ge2,war,1,2,completo,walk_forward
1987,prevalencia,0,0.20833333333333334,0,0,0.5,war_N1_ge2,war,1,2,completo,walk_forward
1987,persistencia,0,1.0,1,1,0.5,war_N1_ge2,war,1,2,completo,walk_forward
1987,persistencia_purgada,0,0.0,0,0,0.5,war_N1_ge2,war,1,2,completo,walk_forward
1988,prevalencia,0,0.21649484536082475,0,0,0.5,war_N1_ge2,war,1,2,completo,walk_forward
1988,persistencia,0,0.0,0,0,0.5,war_N1_ge2,war,1,2,completo,walk_forward
1988,persistencia_purgada,0,1.0,1,1,0.5,war_N1_ge2,war,1,2,completo,walk_forward
1989,prevalencia,1,0.21428571428571427,0,0,0.5,war_N1_ge2,war,1,2,completo,walk_forward
1989,persistencia,1,0.0,0,0,0.5,war_N1_ge2,war,1,2,completo,walk_forward
1989,persistencia_purgada,1,0.0,0,0,0.5,war_N1_ge2,war,1,2,completo,walk_forward
1990,prevalencia,0,0.21212121212121213,0,0,0.5,war_N1_ge2,war,1,2,completo,walk_forward
1990,persistencia,0,1.0,1,1,0.5,war_N1_ge2,war,1,2,completo,walk_forward
1990,persistencia_purgada,0,0.0,0,0,0.5,war_N1_ge2,war,1,2,completo,walk_forward
1991,prevalencia,0,0.22,0,0,0.5,war_N1_ge2,war,1,2,completo,walk_forward
1991,persistencia,0,0.0,0,0,0.5,war_N1_ge2,war,1,2,completo,walk_forward
1991,persistencia_purgada,0,1.0,1,1,0.5,war_N1_ge2,war,1,2,completo,walk_forward
1992,prevalencia,0,0.21782178217821782,0,0,0.5,war_N1_ge2,war,1,2,completo,walk_forward
1992,persistencia,0,0.0,0,0,0.5,war_N1_ge2,war,1,2,completo,walk_forward
1992,persistencia_purgada,0,0.0,0,0,0.5,war_N1_ge2,war,1,2,completo,walk_forward
1993,prevalencia,0,0.21568627450980393,0,0,0.5,war_N1_ge2,war,1,2,completo,walk_forward
1993,persistencia,0,0.0,0,0,0.5,war_N1_ge2,war,1,2,completo,walk_forward
1993,persistencia_purgada,0,0.0,0,0,0.5,war_N1_ge2,war,1,2,completo,walk_forward
1994,prevalencia,0,0.21359223300970873,0,0,0.5,war_N1_ge2,war,1,2,completo,walk_forward
1994,persistencia,0,0.0,0,0,0.5,war_N1_ge2,war,1,2,completo,walk_forward
1994,persistencia_purgada,0,0.0,0,0,0.5,war_N1_ge2,war,1,2,completo,walk_forward
1995,prevalencia,0,0.21153846153846154,0,0,0.5,war_N1_ge2,war,1,2,completo,walk_forward
1995,persistencia,0,0.0,0,0,0.5,war_N1_ge2,war,1,2,completo,walk_forward
1995,persistencia_purgada,0,0.0,0,0,0.5,war_N1_ge2,war,1,2,completo,walk_forward
1996,prevalencia,0,0.20952380952380953,0,0,0.5,war_N1_ge2,war,1,2,completo,walk_forward
1996,persistencia,0,0.0,0,0,0.5,war_N1_ge2,war,1,2,completo,walk_forward
1996,persistencia_purgada,0,0.0,0,0,0.5,war_N1_ge2,war,1,2,completo,walk_forward
1997,prevalencia,0,0.20754716981132076,0,0,0.5,war_N1_ge2,war,1,2,completo,walk_forward
1997,persistencia,0,0.0,0,0,0.5,war_N1_ge2,war,1,2,completo,walk_forward
1997,persistencia_purgada,0,0.0,0,0,0.5,war_N1_ge2,war,1,2,completo,walk_forward
1998,prevalencia,1,0.205607476635514,0,0,0.5,war_N1_ge2,war,1,2,completo,walk_forward
1998,persistencia,1,0.0,0,0,0.5,war_N1_ge2,war,1,2,completo,walk_forward
1998,persistencia_purgada,1,0.0,0,0,0.5,war_N1_ge2,war,1,2,completo,walk_forward
1999,prevalencia,0,0.2037037037037037,0,0,0.5,war_N1_ge2,war,1,2,completo,walk_forward
1999,persistencia,0,1.0,1,1,0.5,war_N1_ge2,war,1,2,completo,walk_forward
1999,persistencia_purgada,0,0.0,0,0,0.5,war_N1_ge2,war,1,2,completo,walk_forward
2000,prevalencia,1,0.21100917431192662,0,0,0.5,war_N1_ge2,war,1,2,completo,walk_forward
2000,persistencia,1,0.0,0,0,0.5,war_N1_ge2,war,1,2,completo,walk_forward
2000,persistencia_purgada,1,1.0,1,1,0.5,war_N1_ge2,war,1,2,completo,walk_forward
2001,prevalencia,0,0.20909090909090908,0,0,0.5,war_N1_ge2,war,1,2,completo,walk_forward
2001,persistencia,0,1.0,1,1,0.5,war_N1_ge2,war,1,2,completo,walk_forward
2001,persistencia_purgada,0,0.0,0,0,0.5,war_N1_ge2,war,1,2,completo,walk_forward
2002,prevalencia,1,0.21621621621621623,0,0,0.5,war_N1_ge2,war,1,2,completo,walk_forward
2002,persistencia,1,0.0,0,0,0.5,war_N1_ge2,war,1,2,completo,walk_forward
2002,persistencia_purgada,1,1.0,1,1,0.5,war_N1_ge2,war,1,2,completo,walk_forward
2003,prevalencia,0,0.21428571428571427,0,0,0.5,war_N1_ge2,war,1,2,completo,walk_forward
2003,persistencia,0,1.0,1,1,0.5,war_N1_ge2,war,1,2,completo,walk_forward
2003,persistencia_purgada,0,0.0,0,0,0.5,war_N1_ge2,war,1,2,completo,walk_forward
2004,prevalencia,0,0.22123893805309736,0,0,0.5,war_N1_ge2,war,1,2,completo,walk_forward
2004,persistencia,0,0.0,0,0,0.5,war_N1_ge2,war,1,2,completo,walk_forward
2004,persistencia_purgada,0,1.0,1,1,0.5,war_N1_ge2,war,1,2,completo,walk_forward
2005,prevalencia,0,0.21929824561403508,0,0,0.5,war_N1_ge2,war,1,2,completo,walk_forward
2005,persistencia,0,0.0,0,0,0.5,war_N1_ge2,war,1,2,completo,walk_forward
2005,persistencia_purgada,0,0.0,0,0,0.5,war_N1_ge2,war,1,2,completo,walk_forward
1946,logreg,1,1.6506350651957216e-05,0,0,0.640450657815637,war_N1_ge2,war,1,2,completo,era_split
1947,logreg,0,0.10969823008784471,0,0,0.640450657815637,war_N1_ge2,war,1,2,completo,era_split
1948,logreg,0,0.07126979411455228,0,0,0.640450657815637,war_N1_ge2,war,1,2,completo,era_split
1949,logreg,1,0.2657948918290547,0,0,0.640450657815637,war_N1_ge2,war,1,2,completo,era_split
1950,logreg,0,0.000597736993331596,0,0,0.640450657815637,war_N1_ge2,war,1,2,completo,era_split
1951,logreg,0,0.008670322313168893,0,0,0.640450657815637,war_N1_ge2,war,1,2,completo,era_split
1952,logreg,0,0.09491674008339053,0,0,0.640450657815637,war_N1_ge2,war,1,2,completo,era_split
1953,logreg,0,0.03624142735688825,0,0,0.640450657815637,war_N1_ge2,war,1,2,completo,era_split
1954,logreg,0,0.03896787933283237,0,0,0.640450657815637,war_N1_ge2,war,1,2,completo,era_split
1955,logreg,1,0.00019260949753087454,0,0,0.640450657815637,war_N1_ge2,war,1,2,completo,era_split
1956,logreg,1,0.5637478934102851,1,0,0.640450657815637,war_N1_ge2,war,1,2,completo,era_split
1957,logreg,0,0.013999527009477026,0,0,0.640450657815637,war_N1_ge2,war,1,2,completo,era_split
1958,logreg,0,0.2583277079919501,0,0,0.640450657815637,war_N1_ge2,war,1,2,completo,era_split
1959,logreg,0,0.03175657247298849,0,0,0.640450657815637,war_N1_ge2,war,1,2,completo,era_split
1960,logreg,0,0.06835104840889035,0,0,0.640450657815637,war_N1_ge2,war,1,2,completo,era_split
1961,logreg,1,0.6835923948454938,1,1,0.640450657815637,war_N1_ge2,war,1,2,completo,era_split
1962,logreg,0,0.3828432814984038,0,0,0.640450657815637,war_N1_ge2,war,1,2,completo,era_split
1963,logreg,0,0.753214670273558,1,1,0.640450657815637,war_N1_ge2,war,1,2,completo,era_split
1964,logreg,1,0.18609587618828402,0,0,0.640450657815637,war_N1_ge2,war,1,2,completo,era_split
1965,logreg,0,0.8885849446194545,1,1,0.640450657815637,war_N1_ge2,war,1,2,completo,era_split
1966,logreg,0,0.6207398415953316,1,0,0.640450657815637,war_N1_ge2,war,1,2,completo,era_split
1967,logreg,0,0.9424711464805907,1,1,0.640450657815637,war_N1_ge2,war,1,2,completo,era_split
1968,logreg,0,0.6831726112099922,1,1,0.640450657815637,war_N1_ge2,war,1,2,completo,era_split
1969,logreg,0,0.6224233103121583,1,0,0.640450657815637,war_N1_ge2,war,1,2,completo,era_split
1970,logreg,0,0.7476725004296938,1,1,0.640450657815637,war_N1_ge2,war,1,2,completo,era_split
1971,logreg,0,0.412114719445456,0,0,0.640450657815637,war_N1_ge2,war,1,2,completo,era_split
1972,logreg,0,0.2826018158817413,0,0,0.640450657815637,war_N1_ge2,war,1,2,completo,era_split
1973,logreg,0,0.35099881803736055,0,0,0.640450657815637,war_N1_ge2,war,1,2,completo,era_split
1974,logreg,0,0.9776331588404713,1,1,0.640450657815637,war_N1_ge2,war,1,2,completo,era_split
1975,logreg,0,0.7851117760596624,1,1,0.640450657815637,war_N1_ge2,war,1,2,completo,era_split
1976,logreg,0,0.6886748802760747,1,1,0.640450657815637,war_N1_ge2,war,1,2,completo,era_split
1977,logreg,0,0.8434341566100845,1,1,0.640450657815637,war_N1_ge2,war,1,2,completo,era_split
1978,logreg,0,0.634006237630725,1,0,0.640450657815637,war_N1_ge2,war,1,2,completo,era_split
1979,logreg,0,0.43837499205570907,0,0,0.640450657815637,war_N1_ge2,war,1,2,completo,era_split
1980,logreg,0,0.5609185746135493,1,0,0.640450657815637,war_N1_ge2,war,1,2,completo,era_split
1981,logreg,0,0.7506831871572045,1,1,0.640450657815637,war_N1_ge2,war,1,2,completo,era_split
1982,logreg,0,0.9988617749642158,1,1,0.640450657815637,war_N1_ge2,war,1,2,completo,era_split
1983,logreg,0,0.680766913375947,1,1,0.640450657815637,war_N1_ge2,war,1,2,completo,era_split
1984,logreg,0,0.9968900754121558,1,1,0.640450657815637,war_N1_ge2,war,1,2,completo,era_split
1985,logreg,0,0.7654594289930768,1,1,0.640450657815637,war_N1_ge2,war,1,2,completo,era_split
1986,logreg,1,0.8222934259311696,1,1,0.640450657815637,war_N1_ge2,war,1,2,completo,era_split
1987,logreg,0,0.9980392074671017,1,1,0.640450657815637,war_N1_ge2,war,1,2,completo,era_split
1988,logreg,0,0.9367867113201428,1,1,0.640450657815637,war_N1_ge2,war,1,2,completo,era_split
1989,logreg,1,0.9945247470366471,1,1,0.640450657815637,war_N1_ge2,war,1,2,completo,era_split
1990,logreg,0,0.9222209517958733,1,1,0.640450657815637,war_N1_ge2,war,1,2,completo,era_split
1991,logreg,0,0.9993854469053847,1,1,0.640450657815637,war_N1_ge2,war,1,2,completo,era_split
1992,logreg,0,0.30714922942735273,0,0,0.640450657815637,war_N1_ge2,war,1,2,completo,era_split
1993,logreg,0,0.9981682594605537,1,1,0.640450657815637,war_N1_ge2,war,1,2,completo,era_split
1994,logreg,0,0.8090949082017095,1,1,0.640450657815637,war_N1_ge2,war,1,2,completo,era_split
1995,logreg,0,0.767544905964903,1,1,0.640450657815637,war_N1_ge2,war,1,2,completo,era_split
1996,logreg,0,0.8798456964642355,1,1,0.640450657815637,war_N1_ge2,war,1,2,completo,era_split
1997,logreg,0,0.9044281616925982,1,1,0.640450657815637,war_N1_ge2,war,1,2,completo,era_split
1998,logreg,1,0.9478462533932118,1,1,0.640450657815637,war_N1_ge2,war,1,2,completo,era_split
1999,logreg,0,0.7428736663907473,1,1,0.640450657815637,war_N1_ge2,war,1,2,completo,era_split
2000,logreg,1,0.8913678209653428,1,1,0.640450657815637,war_N1_ge2,war,1,2,completo,era_split
2001,logreg,0,0.968749674053765,1,1,0.640450657815637,war_N1_ge2,war,1,2,completo,era_split
2002,logreg,1,0.9926517863718124,1,1,0.640450657815637,war_N1_ge2,war,1,2,completo,era_split
2003,logreg,0,0.6875743103599542,1,1,0.640450657815637,war_N1_ge2,war,1,2,completo,era_split
2004,logreg,0,0.986747882089015,1,1,0.640450657815637,war_N1_ge2,war,1,2,completo,era_split
2005,logreg,0,0.9738563414878141,1,1,0.640450657815637,war_N1_ge2,war,1,2,completo,era_split
1946,rf,1,0.15386023882170669,0,0,0.46149432408134666,war_N1_ge2,war,1,2,completo,era_split
1947,rf,0,0.25952109956728325,0,0,0.46149432408134666,war_N1_ge2,war,1,2,completo,era_split
1948,rf,0,0.3006934046035346,0,0,0.46149432408134666,war_N1_ge2,war,1,2,completo,era_split
1949,rf,1,0.2267506551366104,0,0,0.46149432408134666,war_N1_ge2,war,1,2,completo,era_split
1950,rf,0,0.3152339969436135,0,0,0.46149432408134666,war_N1_ge2,war,1,2,completo,era_split
1951,rf,0,0.3265235909604078,0,0,0.46149432408134666,war_N1_ge2,war,1,2,completo,era_split
1952,rf,0,0.36897928064466,0,0,0.46149432408134666,war_N1_ge2,war,1,2,completo,era_split
1953,rf,0,0.3913159411008446,0,0,0.46149432408134666,war_N1_ge2,war,1,2,completo,era_split
1954,rf,0,0.31399564173837485,0,0,0.46149432408134666,war_N1_ge2,war,1,2,completo,era_split
1955,rf,1,0.2792337918462005,0,0,0.46149432408134666,war_N1_ge2,war,1,2,completo,era_split
1956,rf,1,0.31107892675528354,0,0,0.46149432408134666,war_N1_ge2,war,1,2,completo,era_split
1957,rf,0,0.26917146685241067,0,0,0.46149432408134666,war_N1_ge2,war,1,2,completo,era_split
1958,rf,0,0.3972691851168846,0,0,0.46149432408134666,war_N1_ge2,war,1,2,completo,era_split
1959,rf,0,0.364670195299871,0,0,0.46149432408134666,war_N1_ge2,war,1,2,completo,era_split
1960,rf,0,0.31911139044706366,0,0,0.46149432408134666,war_N1_ge2,war,1,2,completo,era_split
1961,rf,1,0.3489388966621056,0,0,0.46149432408134666,war_N1_ge2,war,1,2,completo,era_split
1962,rf,0,0.24591875803848723,0,0,0.46149432408134666,war_N1_ge2,war,1,2,completo,era_split
1963,rf,0,0.3269728566924979,0,0,0.46149432408134666,war_N1_ge2,war,1,2,completo,era_split
1964,rf,1,0.3037443498838884,0,0,0.46149432408134666,war_N1_ge2,war,1,2,completo,era_split
1965,rf,0,0.33740864120285874,0,0,0.46149432408134666,war_N1_ge2,war,1,2,completo,era_split
1966,rf,0,0.28920756409085685,0,0,0.46149432408134666,war_N1_ge2,war,1,2,completo,era_split
1967,rf,0,0.39837846929254644,0,0,0.46149432408134666,war_N1_ge2,war,1,2,completo,era_split
1968,rf,0,0.3575494106199215,0,0,0.46149432408134666,war_N1_ge2,war,1,2,completo,era_split
1969,rf,0,0.2980255327433863,0,0,0.46149432408134666,war_N1_ge2,war,1,2,completo,era_split
1970,rf,0,0.3536918013831477,0,0,0.46149432408134666,war_N1_ge2,war,1,2,completo,era_split
1971,rf,0,0.356066651893687,0,0,0.46149432408134666,war_N1_ge2,war,1,2,completo,era_split
1972,rf,0,0.31383029312860117,0,0,0.46149432408134666,war_N1_ge2,war,1,2,completo,era_split
1973,rf,0,0.3709216095904356,0,0,0.46149432408134666,war_N1_ge2,war,1,2,completo,era_split
1974,rf,0,0.43319232557159987,0,0,0.46149432408134666,war_N1_ge2,war,1,2,completo,era_split
1975,rf,0,0.39936525987958493,0,0,0.46149432408134666,war_N1_ge2,war,1,2,completo,era_split
1976,rf,0,0.46214874469577655,0,1,0.46149432408134666,war_N1_ge2,war,1,2,completo,era_split
1977,rf,0,0.31811887719399345,0,0,0.46149432408134666,war_N1_ge2,war,1,2,completo,era_split
1978,rf,0,0.46362907368749035,0,1,0.46149432408134666,war_N1_ge2,war,1,2,completo,era_split
1979,rf,0,0.43343974982903627,0,0,0.46149432408134666,war_N1_ge2,war,1,2,completo,era_split
1980,rf,0,0.5053076086321836,1,1,0.46149432408134666,war_N1_ge2,war,1,2,completo,era_split
1981,rf,0,0.3287292247095649,0,0,0.46149432408134666,war_N1_ge2,war,1,2,completo,era_split
1982,rf,0,0.4423475877979126,0,0,0.46149432408134666,war_N1_ge2,war,1,2,completo,era_split
1983,rf,0,0.3586501438859947,0,0,0.46149432408134666,war_N1_ge2,war,1,2,completo,era_split
1984,rf,0,0.4983114386378234,0,1,0.46149432408134666,war_N1_ge2,war,1,2,completo,era_split
1985,rf,0,0.5034723166606354,1,1,0.46149432408134666,war_N1_ge2,war,1,2,completo,era_split
1986,rf,1,0.4631375939341948,0,1,0.46149432408134666,war_N1_ge2,war,1,2,completo,era_split
1987,rf,0,0.5444350448043437,1,1,0.46149432408134666,war_N1_ge2,war,1,2,completo,era_split
1988,rf,0,0.5811591836653588,1,1,0.46149432408134666,war_N1_ge2,war,1,2,completo,era_split
1989,rf,1,0.5045669590054679,1,1,0.46149432408134666,war_N1_ge2,war,1,2,completo,era_split
1990,rf,0,0.3844141242477722,0,0,0.46149432408134666,war_N1_ge2,war,1,2,completo,era_split
1991,rf,0,0.4608999055200131,0,0,0.46149432408134666,war_N1_ge2,war,1,2,completo,era_split
1992,rf,0,0.2992983294997287,0,0,0.46149432408134666,war_N1_ge2,war,1,2,completo,era_split
1993,rf,0,0.5030369345520351,1,1,0.46149432408134666,war_N1_ge2,war,1,2,completo,era_split
1994,rf,0,0.4543779530864478,0,0,0.46149432408134666,war_N1_ge2,war,1,2,completo,era_split
1995,rf,0,0.48772756501190645,0,1,0.46149432408134666,war_N1_ge2,war,1,2,completo,era_split
1996,rf,0,0.43463448459593834,0,0,0.46149432408134666,war_N1_ge2,war,1,2,completo,era_split
1997,rf,0,0.46049928983535865,0,0,0.46149432408134666,war_N1_ge2,war,1,2,completo,era_split
1998,rf,1,0.39328305693809346,0,0,0.46149432408134666,war_N1_ge2,war,1,2,completo,era_split
1999,rf,0,0.45339307641472776,0,0,0.46149432408134666,war_N1_ge2,war,1,2,completo,era_split
2000,rf,1,0.4697228337341601,0,1,0.46149432408134666,war_N1_ge2,war,1,2,completo,era_split
2001,rf,0,0.46849531954256224,0,1,0.46149432408134666,war_N1_ge2,war,1,2,completo,era_split
2002,rf,1,0.4678990591655124,0,1,0.46149432408134666,war_N1_ge2,war,1,2,completo,era_split
2003,rf,0,0.3868255283690219,0,0,0.46149432408134666,war_N1_ge2,war,1,2,completo,era_split
2004,rf,0,0.4515650772551061,0,0,0.46149432408134666,war_N1_ge2,war,1,2,completo,era_split
2005,rf,0,0.5415369298753633,1,1,0.46149432408134666,war_N1_ge2,war,1,2,completo,era_split
1946,xgb,1,0.013007688336074352,0,0,0.908087968826294,war_N1_ge2,war,1,2,completo,era_split
1947,xgb,0,0.3503970801830292,0,0,0.908087968826294,war_N1_ge2,war,1,2,completo,era_split
1948,xgb,0,0.10793878883123398,0,0,0.908087968826294,war_N1_ge2,war,1,2,completo,era_split
1949,xgb,1,0.082027867436409,0,0,0.908087968826294,war_N1_ge2,war,1,2,completo,era_split
1950,xgb,0,0.07934972643852234,0,0,0.908087968826294,war_N1_ge2,war,1,2,completo,era_split
1951,xgb,0,0.08396852761507034,0,0,0.908087968826294,war_N1_ge2,war,1,2,completo,era_split
1952,xgb,0,0.2634926736354828,0,0,0.908087968826294,war_N1_ge2,war,1,2,completo,era_split
1953,xgb,0,0.2858693599700928,0,0,0.908087968826294,war_N1_ge2,war,1,2,completo,era_split
1954,xgb,0,0.20287500321865082,0,0,0.908087968826294,war_N1_ge2,war,1,2,completo,era_split
1955,xgb,1,0.09406895935535431,0,0,0.908087968826294,war_N1_ge2,war,1,2,completo,era_split
1956,xgb,1,0.13055409491062164,0,0,0.908087968826294,war_N1_ge2,war,1,2,completo,era_split
1957,xgb,0,0.09859437495470047,0,0,0.908087968826294,war_N1_ge2,war,1,2,completo,era_split
1958,xgb,0,0.5325179100036621,1,0,0.908087968826294,war_N1_ge2,war,1,2,completo,era_split
1959,xgb,0,0.18410593271255493,0,0,0.908087968826294,war_N1_ge2,war,1,2,completo,era_split
1960,xgb,0,0.07070093601942062,0,0,0.908087968826294,war_N1_ge2,war,1,2,completo,era_split
1961,xgb,1,0.08416026085615158,0,0,0.908087968826294,war_N1_ge2,war,1,2,completo,era_split
1962,xgb,0,0.022414937615394592,0,0,0.908087968826294,war_N1_ge2,war,1,2,completo,era_split
1963,xgb,0,0.04002956300973892,0,0,0.908087968826294,war_N1_ge2,war,1,2,completo,era_split
1964,xgb,1,0.019717779010534286,0,0,0.908087968826294,war_N1_ge2,war,1,2,completo,era_split
1965,xgb,0,0.2142835557460785,0,0,0.908087968826294,war_N1_ge2,war,1,2,completo,era_split
1966,xgb,0,0.09679830074310303,0,0,0.908087968826294,war_N1_ge2,war,1,2,completo,era_split
1967,xgb,0,0.5667193531990051,1,0,0.908087968826294,war_N1_ge2,war,1,2,completo,era_split
1968,xgb,0,0.1520468294620514,0,0,0.908087968826294,war_N1_ge2,war,1,2,completo,era_split
1969,xgb,0,0.046030834317207336,0,0,0.908087968826294,war_N1_ge2,war,1,2,completo,era_split
1970,xgb,0,0.3383212685585022,0,0,0.908087968826294,war_N1_ge2,war,1,2,completo,era_split
1971,xgb,0,0.16563574969768524,0,0,0.908087968826294,war_N1_ge2,war,1,2,completo,era_split
1972,xgb,0,0.07687421888113022,0,0,0.908087968826294,war_N1_ge2,war,1,2,completo,era_split
1973,xgb,0,0.11188254505395889,0,0,0.908087968826294,war_N1_ge2,war,1,2,completo,era_split
1974,xgb,0,0.2732454538345337,0,0,0.908087968826294,war_N1_ge2,war,1,2,completo,era_split
1975,xgb,0,0.2989214360713959,0,0,0.908087968826294,war_N1_ge2,war,1,2,completo,era_split
1976,xgb,0,0.4000820219516754,0,0,0.908087968826294,war_N1_ge2,war,1,2,completo,era_split
1977,xgb,0,0.11767247319221497,0,0,0.908087968826294,war_N1_ge2,war,1,2,completo,era_split
1978,xgb,0,0.33088043332099915,0,0,0.908087968826294,war_N1_ge2,war,1,2,completo,era_split
1979,xgb,0,0.3154330551624298,0,0,0.908087968826294,war_N1_ge2,war,1,2,completo,era_split
1980,xgb,0,0.3561743199825287,0,0,0.908087968826294,war_N1_ge2,war,1,2,completo,era_split
1981,xgb,0,0.06071872636675835,0,0,0.908087968826294,war_N1_ge2,war,1,2,completo,era_split
1982,xgb,0,0.42812249064445496,0,0,0.908087968826294,war_N1_ge2,war,1,2,completo,era_split
1983,xgb,0,0.12596508860588074,0,0,0.908087968826294,war_N1_ge2,war,1,2,completo,era_split
1984,xgb,0,0.45084327459335327,0,0,0.908087968826294,war_N1_ge2,war,1,2,completo,era_split
1985,xgb,0,0.6288182735443115,1,0,0.908087968826294,war_N1_ge2,war,1,2,completo,era_split
1986,xgb,1,0.6941743493080139,1,0,0.908087968826294,war_N1_ge2,war,1,2,completo,era_split
1987,xgb,0,0.9006624817848206,1,0,0.908087968826294,war_N1_ge2,war,1,2,completo,era_split
1988,xgb,0,0.8133693337440491,1,0,0.908087968826294,war_N1_ge2,war,1,2,completo,era_split
1989,xgb,1,0.6985839009284973,1,0,0.908087968826294,war_N1_ge2,war,1,2,completo,era_split
1990,xgb,0,0.5799483060836792,1,0,0.908087968826294,war_N1_ge2,war,1,2,completo,era_split
1991,xgb,0,0.7837115526199341,1,0,0.908087968826294,war_N1_ge2,war,1,2,completo,era_split
1992,xgb,0,0.09554845839738846,0,0,0.908087968826294,war_N1_ge2,war,1,2,completo,era_split
1993,xgb,0,0.7580071091651917,1,0,0.908087968826294,war_N1_ge2,war,1,2,completo,era_split
1994,xgb,0,0.6145339608192444,1,0,0.908087968826294,war_N1_ge2,war,1,2,completo,era_split
1995,xgb,0,0.7568309903144836,1,0,0.908087968826294,war_N1_ge2,war,1,2,completo,era_split
1996,xgb,0,0.33053717017173767,0,0,0.908087968826294,war_N1_ge2,war,1,2,completo,era_split
1997,xgb,0,0.36919817328453064,0,0,0.908087968826294,war_N1_ge2,war,1,2,completo,era_split
1998,xgb,1,0.24860894680023193,0,0,0.908087968826294,war_N1_ge2,war,1,2,completo,era_split
1999,xgb,0,0.4097398817539215,0,0,0.908087968826294,war_N1_ge2,war,1,2,completo,era_split
2000,xgb,1,0.6133059859275818,1,0,0.908087968826294,war_N1_ge2,war,1,2,completo,era_split
2001,xgb,0,0.6438301205635071,1,0,0.908087968826294,war_N1_ge2,war,1,2,completo,era_split
2002,xgb,1,0.8172296285629272,1,0,0.908087968826294,war_N1_ge2,war,1,2,completo,era_split
2003,xgb,0,0.2507041096687317,0,0,0.908087968826294,war_N1_ge2,war,1,2,completo,era_split
2004,xgb,0,0.6637618541717529,1,0,0.908087968826294,war_N1_ge2,war,1,2,completo,era_split
2005,xgb,0,0.5383638739585876,1,0,0.908087968826294,war_N1_ge2,war,1,2,completo,era_split
1946,prevalencia,1,0.2545454545454545,0,0,0.5,war_N1_ge2,war,1,2,completo,era_split
1947,prevalencia,0,0.2545454545454545,0,0,0.5,war_N1_ge2,war,1,2,completo,era_split
1948,prevalencia,0,0.2545454545454545,0,0,0.5,war_N1_ge2,war,1,2,completo,era_split
1949,prevalencia,1,0.2545454545454545,0,0,0.5,war_N1_ge2,war,1,2,completo,era_split
1950,prevalencia,0,0.2545454545454545,0,0,0.5,war_N1_ge2,war,1,2,completo,era_split
1951,prevalencia,0,0.2545454545454545,0,0,0.5,war_N1_ge2,war,1,2,completo,era_split
1952,prevalencia,0,0.2545454545454545,0,0,0.5,war_N1_ge2,war,1,2,completo,era_split
1953,prevalencia,0,0.2545454545454545,0,0,0.5,war_N1_ge2,war,1,2,completo,era_split
1954,prevalencia,0,0.2545454545454545,0,0,0.5,war_N1_ge2,war,1,2,completo,era_split
1955,prevalencia,1,0.2545454545454545,0,0,0.5,war_N1_ge2,war,1,2,completo,era_split
1956,prevalencia,1,0.2545454545454545,0,0,0.5,war_N1_ge2,war,1,2,completo,era_split
1957,prevalencia,0,0.2545454545454545,0,0,0.5,war_N1_ge2,war,1,2,completo,era_split
1958,prevalencia,0,0.2545454545454545,0,0,0.5,war_N1_ge2,war,1,2,completo,era_split
1959,prevalencia,0,0.2545454545454545,0,0,0.5,war_N1_ge2,war,1,2,completo,era_split
1960,prevalencia,0,0.2545454545454545,0,0,0.5,war_N1_ge2,war,1,2,completo,era_split
1961,prevalencia,1,0.2545454545454545,0,0,0.5,war_N1_ge2,war,1,2,completo,era_split
1962,prevalencia,0,0.2545454545454545,0,0,0.5,war_N1_ge2,war,1,2,completo,era_split
1963,prevalencia,0,0.2545454545454545,0,0,0.5,war_N1_ge2,war,1,2,completo,era_split
1964,prevalencia,1,0.2545454545454545,0,0,0.5,war_N1_ge2,war,1,2,completo,era_split
1965,prevalencia,0,0.2545454545454545,0,0,0.5,war_N1_ge2,war,1,2,completo,era_split
1966,prevalencia,0,0.2545454545454545,0,0,0.5,war_N1_ge2,war,1,2,completo,era_split
1967,prevalencia,0,0.2545454545454545,0,0,0.5,war_N1_ge2,war,1,2,completo,era_split
1968,prevalencia,0,0.2545454545454545,0,0,0.5,war_N1_ge2,war,1,2,completo,era_split
1969,prevalencia,0,0.2545454545454545,0,0,0.5,war_N1_ge2,war,1,2,completo,era_split
1970,prevalencia,0,0.2545454545454545,0,0,0.5,war_N1_ge2,war,1,2,completo,era_split
1971,prevalencia,0,0.2545454545454545,0,0,0.5,war_N1_ge2,war,1,2,completo,era_split
1972,prevalencia,0,0.2545454545454545,0,0,0.5,war_N1_ge2,war,1,2,completo,era_split
1973,prevalencia,0,0.2545454545454545,0,0,0.5,war_N1_ge2,war,1,2,completo,era_split
1974,prevalencia,0,0.2545454545454545,0,0,0.5,war_N1_ge2,war,1,2,completo,era_split
1975,prevalencia,0,0.2545454545454545,0,0,0.5,war_N1_ge2,war,1,2,completo,era_split
1976,prevalencia,0,0.2545454545454545,0,0,0.5,war_N1_ge2,war,1,2,completo,era_split
1977,prevalencia,0,0.2545454545454545,0,0,0.5,war_N1_ge2,war,1,2,completo,era_split
1978,prevalencia,0,0.2545454545454545,0,0,0.5,war_N1_ge2,war,1,2,completo,era_split
1979,prevalencia,0,0.2545454545454545,0,0,0.5,war_N1_ge2,war,1,2,completo,era_split
1980,prevalencia,0,0.2545454545454545,0,0,0.5,war_N1_ge2,war,1,2,completo,era_split
1981,prevalencia,0,0.2545454545454545,0,0,0.5,war_N1_ge2,war,1,2,completo,era_split
1982,prevalencia,0,0.2545454545454545,0,0,0.5,war_N1_ge2,war,1,2,completo,era_split
1983,prevalencia,0,0.2545454545454545,0,0,0.5,war_N1_ge2,war,1,2,completo,era_split
1984,prevalencia,0,0.2545454545454545,0,0,0.5,war_N1_ge2,war,1,2,completo,era_split
1985,prevalencia,0,0.2545454545454545,0,0,0.5,war_N1_ge2,war,1,2,completo,era_split
1986,prevalencia,1,0.2545454545454545,0,0,0.5,war_N1_ge2,war,1,2,completo,era_split
1987,prevalencia,0,0.2545454545454545,0,0,0.5,war_N1_ge2,war,1,2,completo,era_split
1988,prevalencia,0,0.2545454545454545,0,0,0.5,war_N1_ge2,war,1,2,completo,era_split
1989,prevalencia,1,0.2545454545454545,0,0,0.5,war_N1_ge2,war,1,2,completo,era_split
1990,prevalencia,0,0.2545454545454545,0,0,0.5,war_N1_ge2,war,1,2,completo,era_split
1991,prevalencia,0,0.2545454545454545,0,0,0.5,war_N1_ge2,war,1,2,completo,era_split
1992,prevalencia,0,0.2545454545454545,0,0,0.5,war_N1_ge2,war,1,2,completo,era_split
1993,prevalencia,0,0.2545454545454545,0,0,0.5,war_N1_ge2,war,1,2,completo,era_split
1994,prevalencia,0,0.2545454545454545,0,0,0.5,war_N1_ge2,war,1,2,completo,era_split
1995,prevalencia,0,0.2545454545454545,0,0,0.5,war_N1_ge2,war,1,2,completo,era_split
1996,prevalencia,0,0.2545454545454545,0,0,0.5,war_N1_ge2,war,1,2,completo,era_split
1997,prevalencia,0,0.2545454545454545,0,0,0.5,war_N1_ge2,war,1,2,completo,era_split
1998,prevalencia,1,0.2545454545454545,0,0,0.5,war_N1_ge2,war,1,2,completo,era_split
1999,prevalencia,0,0.2545454545454545,0,0,0.5,war_N1_ge2,war,1,2,completo,era_split
2000,prevalencia,1,0.2545454545454545,0,0,0.5,war_N1_ge2,war,1,2,completo,era_split
2001,prevalencia,0,0.2545454545454545,0,0,0.5,war_N1_ge2,war,1,2,completo,era_split
2002,prevalencia,1,0.2545454545454545,0,0,0.5,war_N1_ge2,war,1,2,completo,era_split
2003,prevalencia,0,0.2545454545454545,0,0,0.5,war_N1_ge2,war,1,2,completo,era_split
2004,prevalencia,0,0.2545454545454545,0,0,0.5,war_N1_ge2,war,1,2,completo,era_split
2005,prevalencia,0,0.2545454545454545,0,0,0.5,war_N1_ge2,war,1,2,completo,era_split
1931,logreg,0,0.4335851067821033,0,0,0.6053202246031638,war_N1_ge2,war,1,2,sem_dipl,walk_forward
1931,rf,0,0.552272172215448,1,1,0.5246969186676717,war_N1_ge2,war,1,2,sem_dipl,walk_forward
1931,xgb,0,0.629693865776062,1,0,0.8836470246315002,war_N1_ge2,war,1,2,sem_dipl,walk_forward
1932,logreg,0,0.5549423896632059,1,0,0.6807373372221276,war_N1_ge2,war,1,2,sem_dipl,walk_forward
1932,rf,0,0.48007900673483433,0,0,0.5259966708194029,war_N1_ge2,war,1,2,sem_dipl,walk_forward
1932,xgb,0,0.4745062589645386,0,0,0.8891381621360779,war_N1_ge2,war,1,2,sem_dipl,walk_forward
1933,logreg,0,0.4490565992916874,0,0,0.5316580998064974,war_N1_ge2,war,1,2,sem_dipl,walk_forward
1933,rf,0,0.4128770535592911,0,0,0.5267372047453251,war_N1_ge2,war,1,2,sem_dipl,walk_forward
1933,xgb,0,0.14452195167541504,0,0,0.8915723562240601,war_N1_ge2,war,1,2,sem_dipl,walk_forward
1934,logreg,0,0.2884192492216603,0,0,0.5413289130907802,war_N1_ge2,war,1,2,sem_dipl,walk_forward
1934,rf,0,0.435953262639917,0,0,0.5258934828322772,war_N1_ge2,war,1,2,sem_dipl,walk_forward
1934,xgb,0,0.19621501863002777,0,0,0.8990346193313599,war_N1_ge2,war,1,2,sem_dipl,walk_forward
1935,logreg,0,0.7379422918761105,1,1,0.5496739241129025,war_N1_ge2,war,1,2,sem_dipl,walk_forward
1935,rf,0,0.383702328098548,0,0,0.5368780480494283,war_N1_ge2,war,1,2,sem_dipl,walk_forward
1935,xgb,0,0.04806741699576378,0,0,0.9008662700653076,war_N1_ge2,war,1,2,sem_dipl,walk_forward
1936,logreg,1,0.11215642816036993,0,0,0.6285564536210106,war_N1_ge2,war,1,2,sem_dipl,walk_forward
1936,rf,1,0.3858594317762904,0,0,0.5352988192241307,war_N1_ge2,war,1,2,sem_dipl,walk_forward
1936,xgb,1,0.2281888723373413,0,0,0.9056146740913391,war_N1_ge2,war,1,2,sem_dipl,walk_forward
1937,logreg,1,0.7537454120668229,1,1,0.645025980535885,war_N1_ge2,war,1,2,sem_dipl,walk_forward
1937,rf,1,0.468728892319636,0,0,0.5333587890039215,war_N1_ge2,war,1,2,sem_dipl,walk_forward
1937,xgb,1,0.49719148874282837,0,0,0.9088209271430969,war_N1_ge2,war,1,2,sem_dipl,walk_forward
1938,logreg,1,0.6382309642573984,1,1,0.5973972280857927,war_N1_ge2,war,1,2,sem_dipl,walk_forward
1938,rf,1,0.32082021078658857,0,0,0.5340983135244083,war_N1_ge2,war,1,2,sem_dipl,walk_forward
1938,xgb,1,0.028207339346408844,0,0,0.9075661897659302,war_N1_ge2,war,1,2,sem_dipl,walk_forward
1939,logreg,0,0.7126543309414419,1,1,0.580470508237293,war_N1_ge2,war,1,2,sem_dipl,walk_forward
1939,rf,0,0.3463521626737201,0,0,0.5261418060070239,war_N1_ge2,war,1,2,sem_dipl,walk_forward
1939,xgb,0,0.19455009698867798,0,0,0.8998278975486755,war_N1_ge2,war,1,2,sem_dipl,walk_forward
1940,logreg,0,0.9991811128036658,1,1,0.5581188631846831,war_N1_ge2,war,1,2,sem_dipl,walk_forward
1940,rf,0,0.42519082792649704,0,0,0.5004239426324215,war_N1_ge2,war,1,2,sem_dipl,walk_forward
1940,xgb,0,0.3534160256385803,0,0,0.9077368974685669,war_N1_ge2,war,1,2,sem_dipl,walk_forward
1941,logreg,0,0.9671293833585212,1,1,0.5879972729338162,war_N1_ge2,war,1,2,sem_dipl,walk_forward
1941,rf,0,0.38928426231819513,0,0,0.5123543313973499,war_N1_ge2,war,1,2,sem_dipl,walk_forward
1941,xgb,0,0.6242057681083679,1,0,0.9129082560539246,war_N1_ge2,war,1,2,sem_dipl,walk_forward
1942,logreg,0,0.0005515939122420735,0,0,0.6695825597945645,war_N1_ge2,war,1,2,sem_dipl,walk_forward
1942,rf,0,0.3882742537915484,0,0,0.5052474864900088,war_N1_ge2,war,1,2,sem_dipl,walk_forward
1942,xgb,0,0.500116229057312,1,0,0.9122649431228638,war_N1_ge2,war,1,2,sem_dipl,walk_forward
1943,logreg,0,0.00013570837564190168,0,0,0.6745428331216827,war_N1_ge2,war,1,2,sem_dipl,walk_forward
1943,rf,0,0.35813295443190885,0,0,0.5067695201278076,war_N1_ge2,war,1,2,sem_dipl,walk_forward
1943,xgb,0,0.23402245342731476,0,0,0.9114432334899902,war_N1_ge2,war,1,2,sem_dipl,walk_forward
1944,logreg,0,0.00032420266714363347,0,0,0.6807048764211286,war_N1_ge2,war,1,2,sem_dipl,walk_forward
1944,rf,0,0.14373618067205332,0,0,0.5036031783685677,war_N1_ge2,war,1,2,sem_dipl,walk_forward
1944,xgb,0,0.00585126131772995,0,0,0.9066954255104065,war_N1_ge2,war,1,2,sem_dipl,walk_forward
1945,logreg,0,2.6036100800221658e-05,0,0,0.6857426484383047,war_N1_ge2,war,1,2,sem_dipl,walk_forward
1945,rf,0,0.21670186494988275,0,0,0.509252934368326,war_N1_ge2,war,1,2,sem_dipl,walk_forward
1945,xgb,0,0.01459740661084652,0,0,0.9181219935417175,war_N1_ge2,war,1,2,sem_dipl,walk_forward
1946,logreg,1,2.19328672239072e-05,0,0,0.6913849622300092,war_N1_ge2,war,1,2,sem_dipl,walk_forward
1946,rf,1,0.19163812909753217,0,0,0.5078204215597109,war_N1_ge2,war,1,2,sem_dipl,walk_forward
1946,xgb,1,0.01733977347612381,0,0,0.9160206913948059,war_N1_ge2,war,1,2,sem_dipl,walk_forward
1947,logreg,0,0.1942686824424708,0,0,0.5932787861727212,war_N1_ge2,war,1,2,sem_dipl,walk_forward
1947,rf,0,0.33359623341554007,0,0,0.5016108572214426,war_N1_ge2,war,1,2,sem_dipl,walk_forward
1947,xgb,0,0.45460471510887146,0,0,0.9208264946937561,war_N1_ge2,war,1,2,sem_dipl,walk_forward
1948,logreg,0,0.9261850591236107,1,1,0.7023572732875676,war_N1_ge2,war,1,2,sem_dipl,walk_forward
1948,rf,0,0.43674439576418134,0,0,0.5040995376830586,war_N1_ge2,war,1,2,sem_dipl,walk_forward
1948,xgb,0,0.39987438917160034,0,0,0.9070943593978882,war_N1_ge2,war,1,2,sem_dipl,walk_forward
1949,logreg,1,0.7951977358352808,1,1,0.5449712599373067,war_N1_ge2,war,1,2,sem_dipl,walk_forward
1949,rf,1,0.36067115486577983,0,0,0.494336602661235,war_N1_ge2,war,1,2,sem_dipl,walk_forward
1949,xgb,1,0.21459968388080597,0,0,0.9163289070129395,war_N1_ge2,war,1,2,sem_dipl,walk_forward
1950,logreg,0,0.2449849162437685,0,0,0.5746705780154604,war_N1_ge2,war,1,2,sem_dipl,walk_forward
1950,rf,0,0.4070006694398515,0,0,0.49747721753335566,war_N1_ge2,war,1,2,sem_dipl,walk_forward
1950,xgb,0,0.11686709523200989,0,0,0.9169601202011108,war_N1_ge2,war,1,2,sem_dipl,walk_forward
1951,logreg,0,0.6295331453167358,1,1,0.5616831709838261,war_N1_ge2,war,1,2,sem_dipl,walk_forward
1951,rf,0,0.5413411668051623,1,1,0.5170054142885488,war_N1_ge2,war,1,2,sem_dipl,walk_forward
1951,xgb,0,0.3375561535358429,0,0,0.9125922322273254,war_N1_ge2,war,1,2,sem_dipl,walk_forward
1952,logreg,0,0.9165134756397534,1,1,0.5777830108900587,war_N1_ge2,war,1,2,sem_dipl,walk_forward
1952,rf,0,0.531101551397847,1,1,0.510875113248324,war_N1_ge2,war,1,2,sem_dipl,walk_forward
1952,xgb,0,0.6481591463088989,1,0,0.9162207841873169,war_N1_ge2,war,1,2,sem_dipl,walk_forward
1953,logreg,0,0.3118445299432402,0,0,0.5810715790836674,war_N1_ge2,war,1,2,sem_dipl,walk_forward
1953,rf,0,0.47368107844373475,0,0,0.5172165159666597,war_N1_ge2,war,1,2,sem_dipl,walk_forward
1953,xgb,0,0.3275626003742218,0,0,0.9152259826660156,war_N1_ge2,war,1,2,sem_dipl,walk_forward
1954,logreg,0,0.4430555941778489,0,0,0.5524001193102619,war_N1_ge2,war,1,2,sem_dipl,walk_forward
1954,rf,0,0.3430546279894651,0,0,0.5133806392396351,war_N1_ge2,war,1,2,sem_dipl,walk_forward
1954,xgb,0,0.06036000698804855,0,0,0.9216897487640381,war_N1_ge2,war,1,2,sem_dipl,walk_forward
1955,logreg,1,0.24337774021718142,0,0,0.554850332712474,war_N1_ge2,war,1,2,sem_dipl,walk_forward
1955,rf,1,0.2781012653819403,0,0,0.5106015806545644,war_N1_ge2,war,1,2,sem_dipl,walk_forward
1955,xgb,1,0.03797762840986252,0,0,0.9245373010635376,war_N1_ge2,war,1,2,sem_dipl,walk_forward
1956,logreg,1,0.8995934751445457,1,1,0.5534031396949362,war_N1_ge2,war,1,2,sem_dipl,walk_forward
1956,rf,1,0.28886187053698775,0,0,0.5014858548095069,war_N1_ge2,war,1,2,sem_dipl,walk_forward
1956,xgb,1,0.052277613431215286,0,0,0.9234015345573425,war_N1_ge2,war,1,2,sem_dipl,walk_forward
1957,logreg,0,0.9193497511962916,1,1,0.5639266535943539,war_N1_ge2,war,1,2,sem_dipl,walk_forward
1957,rf,0,0.3060015526330036,0,0,0.5023609008717607,war_N1_ge2,war,1,2,sem_dipl,walk_forward
1957,xgb,0,0.09378163516521454,0,0,0.9189618229866028,war_N1_ge2,war,1,2,sem_dipl,walk_forward
1958,logreg,0,0.9684290631244201,1,1,0.552178386962606,war_N1_ge2,war,1,2,sem_dipl,walk_forward
1958,rf,0,0.536090477091501,1,1,0.47596930764567125,war_N1_ge2,war,1,2,sem_dipl,walk_forward
1958,xgb,0,0.9449272751808167,1,1,0.9123515486717224,war_N1_ge2,war,1,2,sem_dipl,walk_forward
1959,logreg,0,0.5311504372571083,1,0,0.6078868811218471,war_N1_ge2,war,1,2,sem_dipl,walk_forward
1959,rf,0,0.42297669833076135,0,0,0.4813341360320575,war_N1_ge2,war,1,2,sem_dipl,walk_forward
1959,xgb,0,0.19363300502300262,0,0,0.9159522652626038,war_N1_ge2,war,1,2,sem_dipl,walk_forward
1960,logreg,0,0.22017405969692883,0,0,0.5981744395649236,war_N1_ge2,war,1,2,sem_dipl,walk_forward
1960,rf,0,0.3372829680160198,0,0,0.4891176777977987,war_N1_ge2,war,1,2,sem_dipl,walk_forward
1960,xgb,0,0.04100209102034569,0,0,0.9121928215026855,war_N1_ge2,war,1,2,sem_dipl,walk_forward
1961,logreg,1,0.17330500178938868,0,0,0.6033984103737744,war_N1_ge2,war,1,2,sem_dipl,walk_forward
1961,rf,1,0.3616987169051464,0,0,0.4871721424456562,war_N1_ge2,war,1,2,sem_dipl,walk_forward
1961,xgb,1,0.04888363182544708,0,0,0.9214510917663574,war_N1_ge2,war,1,2,sem_dipl,walk_forward
1962,logreg,0,0.4569353749547614,0,0,0.6066165252359675,war_N1_ge2,war,1,2,sem_dipl,walk_forward
1962,rf,0,0.313749435028552,0,0,0.5076213501337814,war_N1_ge2,war,1,2,sem_dipl,walk_forward
1962,xgb,0,0.02586626075208187,0,0,0.918648362159729,war_N1_ge2,war,1,2,sem_dipl,walk_forward
1963,logreg,0,0.8510603483660594,1,1,0.5732686438461179,war_N1_ge2,war,1,2,sem_dipl,walk_forward
1963,rf,0,0.40510281650143765,0,0,0.5091684131453195,war_N1_ge2,war,1,2,sem_dipl,walk_forward
1963,xgb,0,0.226836696267128,0,0,0.9172107577323914,war_N1_ge2,war,1,2,sem_dipl,walk_forward
1964,logreg,1,0.31587732353419556,0,0,0.5876588055332405,war_N1_ge2,war,1,2,sem_dipl,walk_forward
1964,rf,1,0.3537421316674958,0,0,0.5124537693043819,war_N1_ge2,war,1,2,sem_dipl,walk_forward
1964,xgb,1,0.019682466983795166,0,0,0.9181988835334778,war_N1_ge2,war,1,2,sem_dipl,walk_forward
1965,logreg,0,0.8845847075072221,1,1,0.6092162128525908,war_N1_ge2,war,1,2,sem_dipl,walk_forward
1965,rf,0,0.4284338190058371,0,0,0.5113992989149505,war_N1_ge2,war,1,2,sem_dipl,walk_forward
1965,xgb,0,0.32744279503822327,0,0,0.918498158454895,war_N1_ge2,war,1,2,sem_dipl,walk_forward
1966,logreg,0,0.7115842883907008,1,1,0.6104544433232816,war_N1_ge2,war,1,2,sem_dipl,walk_forward
1966,rf,0,0.35553656768962316,0,0,0.5105338038596784,war_N1_ge2,war,1,2,sem_dipl,walk_forward
1966,xgb,0,0.1294073760509491,0,0,0.9095311760902405,war_N1_ge2,war,1,2,sem_dipl,walk_forward
1967,logreg,0,0.779526479820049,1,1,0.5037764784103628,war_N1_ge2,war,1,2,sem_dipl,walk_forward
1967,rf,0,0.4368324074367484,0,0,0.5003974735427401,war_N1_ge2,war,1,2,sem_dipl,walk_forward
1967,xgb,0,0.49422696232795715,0,0,0.9158191084861755,war_N1_ge2,war,1,2,sem_dipl,walk_forward
1968,logreg,0,0.26489691968046924,0,0,0.6151703569445256,war_N1_ge2,war,1,2,sem_dipl,walk_forward
1968,rf,0,0.34013900160121,0,0,0.5065350912503543,war_N1_ge2,war,1,2,sem_dipl,walk_forward
1968,xgb,0,0.056091003119945526,0,0,0.9112539887428284,war_N1_ge2,war,1,2,sem_dipl,walk_forward
1969,logreg,0,0.2603290276529058,0,0,0.6142939241387829,war_N1_ge2,war,1,2,sem_dipl,walk_forward
1969,rf,0,0.3191968432658322,0,0,0.49582981762271994,war_N1_ge2,war,1,2,sem_dipl,walk_forward
1969,xgb,0,0.06550612300634384,0,0,0.9171454906463623,war_N1_ge2,war,1,2,sem_dipl,walk_forward
1970,logreg,0,0.9389124263700531,1,1,0.6779499333950322,war_N1_ge2,war,1,2,sem_dipl,walk_forward
1970,rf,0,0.3492472763837927,0,0,0.5105258336346707,war_N1_ge2,war,1,2,sem_dipl,walk_forward
1970,xgb,0,0.3950152099132538,0,0,0.9129235744476318,war_N1_ge2,war,1,2,sem_dipl,walk_forward
1971,logreg,0,0.8890800003963719,1,1,0.6818911803549932,war_N1_ge2,war,1,2,sem_dipl,walk_forward
1971,rf,0,0.3552815260270343,0,0,0.5151873683079897,war_N1_ge2,war,1,2,sem_dipl,walk_forward
1971,xgb,0,0.211134672164917,0,0,0.9222029447555542,war_N1_ge2,war,1,2,sem_dipl,walk_forward
1972,logreg,0,0.48626383056688904,0,0,0.6558548222379718,war_N1_ge2,war,1,2,sem_dipl,walk_forward
1972,rf,0,0.3328727296569426,0,0,0.5160254633490658,war_N1_ge2,war,1,2,sem_dipl,walk_forward
1972,xgb,0,0.09737025946378708,0,0,0.9227895140647888,war_N1_ge2,war,1,2,sem_dipl,walk_forward
1973,logreg,0,0.30917710578432855,0,0,0.5175458914072811,war_N1_ge2,war,1,2,sem_dipl,walk_forward
1973,rf,0,0.33708598950117646,0,0,0.5121207711341786,war_N1_ge2,war,1,2,sem_dipl,walk_forward
1973,xgb,0,0.04777533933520317,0,0,0.9266884326934814,war_N1_ge2,war,1,2,sem_dipl,walk_forward
1974,logreg,0,0.9666489337396242,1,1,0.520002841064412,war_N1_ge2,war,1,2,sem_dipl,walk_forward
1974,rf,0,0.3517416787556949,0,0,0.5026822630086851,war_N1_ge2,war,1,2,sem_dipl,walk_forward
1974,xgb,0,0.09627937525510788,0,0,0.927135705947876,war_N1_ge2,war,1,2,sem_dipl,walk_forward
1975,logreg,0,0.5884621180762352,1,1,0.5170892680240393,war_N1_ge2,war,1,2,sem_dipl,walk_forward
1975,rf,0,0.3187809659006612,0,0,0.49722068699982414,war_N1_ge2,war,1,2,sem_dipl,walk_forward
1975,xgb,0,0.06806813925504684,0,0,0.9280908703804016,war_N1_ge2,war,1,2,sem_dipl,walk_forward
1976,logreg,0,0.05317979773037936,0,0,0.535846207630316,war_N1_ge2,war,1,2,sem_dipl,walk_forward
1976,rf,0,0.2561482429507754,0,0,0.49823372262468935,war_N1_ge2,war,1,2,sem_dipl,walk_forward
1976,xgb,0,0.02943429723381996,0,0,0.9279190301895142,war_N1_ge2,war,1,2,sem_dipl,walk_forward
1977,logreg,0,0.08543452466464584,0,0,0.5469048716849113,war_N1_ge2,war,1,2,sem_dipl,walk_forward
1977,rf,0,0.2645333355011638,0,0,0.4957029163970913,war_N1_ge2,war,1,2,sem_dipl,walk_forward
1977,xgb,0,0.06775286048650742,0,0,0.9281957149505615,war_N1_ge2,war,1,2,sem_dipl,walk_forward
1978,logreg,0,0.10536283956294076,0,0,0.550857228936418,war_N1_ge2,war,1,2,sem_dipl,walk_forward
1978,rf,0,0.1922310448841371,0,0,0.48806505593788735,war_N1_ge2,war,1,2,sem_dipl,walk_forward
1978,xgb,0,0.04456166923046112,0,0,0.9293414950370789,war_N1_ge2,war,1,2,sem_dipl,walk_forward
1979,logreg,0,0.12328483413261453,0,0,0.5565158517865968,war_N1_ge2,war,1,2,sem_dipl,walk_forward
1979,rf,0,0.1873184779362882,0,0,0.49970436187310374,war_N1_ge2,war,1,2,sem_dipl,walk_forward
1979,xgb,0,0.013239599764347076,0,0,0.9297792911529541,war_N1_ge2,war,1,2,sem_dipl,walk_forward
1980,logreg,0,0.07543003421861409,0,0,0.5574939081497866,war_N1_ge2,war,1,2,sem_dipl,walk_forward
1980,rf,0,0.3070033118114236,0,0,0.4874165444782199,war_N1_ge2,war,1,2,sem_dipl,walk_forward
1980,xgb,0,0.09332001209259033,0,0,0.9298717379570007,war_N1_ge2,war,1,2,sem_dipl,walk_forward
1981,logreg,0,0.027982904580451818,0,0,0.5562056551657486,war_N1_ge2,war,1,2,sem_dipl,walk_forward
1981,rf,0,0.1565592580418332,0,0,0.49636656232637544,war_N1_ge2,war,1,2,sem_dipl,walk_forward
1981,xgb,0,0.0033241889905184507,0,0,0.9362281560897827,war_N1_ge2,war,1,2,sem_dipl,walk_forward
1982,logreg,0,0.632513388651191,1,1,0.5571728710257644,war_N1_ge2,war,1,2,sem_dipl,walk_forward
1982,rf,0,0.17589032045103165,0,0,0.5028216144845034,war_N1_ge2,war,1,2,sem_dipl,walk_forward
1982,xgb,0,0.016622545197606087,0,0,0.9329482316970825,war_N1_ge2,war,1,2,sem_dipl,walk_forward
1983,logreg,0,0.07075730380739573,0,0,0.5599871207740681,war_N1_ge2,war,1,2,sem_dipl,walk_forward
1983,rf,0,0.23005621250724392,0,0,0.503010120888221,war_N1_ge2,war,1,2,sem_dipl,walk_forward
1983,xgb,0,0.05298041179776192,0,0,0.9340078830718994,war_N1_ge2,war,1,2,sem_dipl,walk_forward
1984,logreg,0,0.054766991274733175,0,0,0.5385915865074421,war_N1_ge2,war,1,2,sem_dipl,walk_forward
1984,rf,0,0.2656957934079551,0,0,0.5050232641870951,war_N1_ge2,war,1,2,sem_dipl,walk_forward
1984,xgb,0,0.03547690808773041,0,0,0.9349241852760315,war_N1_ge2,war,1,2,sem_dipl,walk_forward
1985,logreg,0,0.009091467942618066,0,0,0.5417762739517709,war_N1_ge2,war,1,2,sem_dipl,walk_forward
1985,rf,0,0.26173522940857763,0,0,0.5037136493853736,war_N1_ge2,war,1,2,sem_dipl,walk_forward
1985,xgb,0,0.048497334122657776,0,0,0.935551106929779,war_N1_ge2,war,1,2,sem_dipl,walk_forward
1986,logreg,1,0.22869855051295324,0,0,0.5470501624603499,war_N1_ge2,war,1,2,sem_dipl,walk_forward
1986,rf,1,0.13222845316499818,0,0,0.509110762508451,war_N1_ge2,war,1,2,sem_dipl,walk_forward
1986,xgb,1,0.02736842818558216,0,0,0.9343811869621277,war_N1_ge2,war,1,2,sem_dipl,walk_forward
1987,logreg,0,0.10565840053373995,0,0,0.5506006464465582,war_N1_ge2,war,1,2,sem_dipl,walk_forward
1987,rf,0,0.1408662170776914,0,0,0.507045968415174,war_N1_ge2,war,1,2,sem_dipl,walk_forward
1987,xgb,0,0.03940797597169876,0,0,0.937757670879364,war_N1_ge2,war,1,2,sem_dipl,walk_forward
1988,logreg,0,0.027917588347384545,0,0,0.6934959779304088,war_N1_ge2,war,1,2,sem_dipl,walk_forward
1988,rf,0,0.3288470230717503,0,0,0.5047945357517916,war_N1_ge2,war,1,2,sem_dipl,walk_forward
1988,xgb,0,0.1101962998509407,0,0,0.9305158853530884,war_N1_ge2,war,1,2,sem_dipl,walk_forward
1989,logreg,1,0.18003953334599115,0,0,0.6758862915442074,war_N1_ge2,war,1,2,sem_dipl,walk_forward
1989,rf,1,0.2366382167443593,0,0,0.4829419625421963,war_N1_ge2,war,1,2,sem_dipl,walk_forward
1989,xgb,1,0.17552803456783295,0,0,0.9288265705108643,war_N1_ge2,war,1,2,sem_dipl,walk_forward
1990,logreg,0,0.09793183167717026,0,0,0.537462327239329,war_N1_ge2,war,1,2,sem_dipl,walk_forward
1990,rf,0,0.3246920128336089,0,0,0.4962555962562395,war_N1_ge2,war,1,2,sem_dipl,walk_forward
1990,xgb,0,0.036429498344659805,0,0,0.9363638162612915,war_N1_ge2,war,1,2,sem_dipl,walk_forward
1991,logreg,0,0.9700102159410324,1,1,0.4796079588859667,war_N1_ge2,war,1,2,sem_dipl,walk_forward
1991,rf,0,0.40802199016691787,0,0,0.5289757345311475,war_N1_ge2,war,1,2,sem_dipl,walk_forward
1991,xgb,0,0.43738678097724915,0,0,0.9294849038124084,war_N1_ge2,war,1,2,sem_dipl,walk_forward
1992,logreg,0,0.4468592385884489,0,0,0.4991575445463054,war_N1_ge2,war,1,2,sem_dipl,walk_forward
1992,rf,0,0.2830132651424483,0,0,0.5302450637902999,war_N1_ge2,war,1,2,sem_dipl,walk_forward
1992,xgb,0,0.03191077709197998,0,0,0.9333136081695557,war_N1_ge2,war,1,2,sem_dipl,walk_forward
1993,logreg,0,0.24949397931570486,0,0,0.5136641025352651,war_N1_ge2,war,1,2,sem_dipl,walk_forward
1993,rf,0,0.2615860761638406,0,0,0.5203402949078767,war_N1_ge2,war,1,2,sem_dipl,walk_forward
1993,xgb,0,0.03452371433377266,0,0,0.9349831342697144,war_N1_ge2,war,1,2,sem_dipl,walk_forward
1994,logreg,0,0.044082067656809026,0,0,0.5202291197449764,war_N1_ge2,war,1,2,sem_dipl,walk_forward
1994,rf,0,0.23415785416889537,0,0,0.526351968698692,war_N1_ge2,war,1,2,sem_dipl,walk_forward
1994,xgb,0,0.02260931394994259,0,0,0.9353126883506775,war_N1_ge2,war,1,2,sem_dipl,walk_forward
1995,logreg,0,0.03854812072888815,0,0,0.5317683597924526,war_N1_ge2,war,1,2,sem_dipl,walk_forward
1995,rf,0,0.22285770183708956,0,0,0.5304812431193437,war_N1_ge2,war,1,2,sem_dipl,walk_forward
1995,xgb,0,0.017247546464204788,0,0,0.9392170906066895,war_N1_ge2,war,1,2,sem_dipl,walk_forward
1996,logreg,0,0.032745515696540564,0,0,0.536894312068681,war_N1_ge2,war,1,2,sem_dipl,walk_forward
1996,rf,0,0.2159492698681072,0,0,0.5254280973627903,war_N1_ge2,war,1,2,sem_dipl,walk_forward
1996,xgb,0,0.014475846663117409,0,0,0.93699711561203,war_N1_ge2,war,1,2,sem_dipl,walk_forward
1997,logreg,0,0.04128003223201576,0,0,0.5413958299367908,war_N1_ge2,war,1,2,sem_dipl,walk_forward
1997,rf,0,0.24706870796934932,0,0,0.5189558423207513,war_N1_ge2,war,1,2,sem_dipl,walk_forward
1997,xgb,0,0.011174674145877361,0,0,0.938151478767395,war_N1_ge2,war,1,2,sem_dipl,walk_forward
1998,logreg,1,0.05736781542739991,0,0,0.5449932072711953,war_N1_ge2,war,1,2,sem_dipl,walk_forward
1998,rf,1,0.1599325015206684,0,0,0.5207964573119015,war_N1_ge2,war,1,2,sem_dipl,walk_forward
1998,xgb,1,0.021514786407351494,0,0,0.9382964968681335,war_N1_ge2,war,1,2,sem_dipl,walk_forward
1999,logreg,0,0.029533689532720984,0,0,0.5496893922038749,war_N1_ge2,war,1,2,sem_dipl,walk_forward
1999,rf,0,0.1785531351646768,0,0,0.5283358119410194,war_N1_ge2,war,1,2,sem_dipl,walk_forward
1999,xgb,0,0.041626639664173126,0,0,0.9403507709503174,war_N1_ge2,war,1,2,sem_dipl,walk_forward
2000,logreg,1,0.32644495060974077,0,0,0.4572361136668213,war_N1_ge2,war,1,2,sem_dipl,walk_forward
2000,rf,1,0.3316898812387457,0,0,0.5250830694140655,war_N1_ge2,war,1,2,sem_dipl,walk_forward
2000,xgb,1,0.2430865615606308,0,0,0.9370759129524231,war_N1_ge2,war,1,2,sem_dipl,walk_forward
2001,logreg,0,0.45600905517630325,0,0,0.4610264064982177,war_N1_ge2,war,1,2,sem_dipl,walk_forward
2001,rf,0,0.40191444305902746,0,0,0.5276767707132136,war_N1_ge2,war,1,2,sem_dipl,walk_forward
2001,xgb,0,0.4999467134475708,0,0,0.9391075372695923,war_N1_ge2,war,1,2,sem_dipl,walk_forward
2002,logreg,1,0.9312854273741596,1,1,0.45775794310024526,war_N1_ge2,war,1,2,sem_dipl,walk_forward
2002,rf,1,0.39644859576618763,0,0,0.5230806515609691,war_N1_ge2,war,1,2,sem_dipl,walk_forward
2002,xgb,1,0.5826072096824646,1,0,0.9323852062225342,war_N1_ge2,war,1,2,sem_dipl,walk_forward
2003,logreg,0,0.19027737589777238,0,0,0.5874759765374082,war_N1_ge2,war,1,2,sem_dipl,walk_forward
2003,rf,0,0.2965553660102235,0,0,0.5201401446200757,war_N1_ge2,war,1,2,sem_dipl,walk_forward
2003,xgb,0,0.05471096932888031,0,0,0.9380674362182617,war_N1_ge2,war,1,2,sem_dipl,walk_forward
2004,logreg,0,0.4269335030518608,0,0,0.5893828309597714,war_N1_ge2,war,1,2,sem_dipl,walk_forward
2004,rf,0,0.47063911451531276,0,0,0.527009010772124,war_N1_ge2,war,1,2,sem_dipl,walk_forward
2004,xgb,0,0.787274181842804,1,0,0.9345464706420898,war_N1_ge2,war,1,2,sem_dipl,walk_forward
2005,logreg,0,0.36351368843278775,0,0,0.591372654554224,war_N1_ge2,war,1,2,sem_dipl,walk_forward
2005,rf,0,0.41454043028675963,0,0,0.5314145574105893,war_N1_ge2,war,1,2,sem_dipl,walk_forward
2005,xgb,0,0.1541028618812561,0,0,0.939246416091919,war_N1_ge2,war,1,2,sem_dipl,walk_forward
2006,logreg,0,0.4708497347178028,0,0,0.5967360996424288,war_N1_ge2,war,1,2,sem_dipl,walk_forward
2006,rf,0,0.3985842075417294,0,0,0.5376772128171057,war_N1_ge2,war,1,2,sem_dipl,walk_forward
2006,xgb,0,0.09393277764320374,0,0,0.9370840787887573,war_N1_ge2,war,1,2,sem_dipl,walk_forward
1931,prevalencia,0,0.25,0,0,0.5,war_N1_ge2,war,1,2,sem_dipl,walk_forward
1931,persistencia,0,1.0,1,1,0.5,war_N1_ge2,war,1,2,sem_dipl,walk_forward
1931,persistencia_purgada,0,0.0,0,0,0.5,war_N1_ge2,war,1,2,sem_dipl,walk_forward
1932,prevalencia,0,0.2682926829268293,0,0,0.5,war_N1_ge2,war,1,2,sem_dipl,walk_forward
1932,persistencia,0,0.0,0,0,0.5,war_N1_ge2,war,1,2,sem_dipl,walk_forward
1932,persistencia_purgada,0,1.0,1,1,0.5,war_N1_ge2,war,1,2,sem_dipl,walk_forward
1933,prevalencia,0,0.2619047619047619,0,0,0.5,war_N1_ge2,war,1,2,sem_dipl,walk_forward
1933,persistencia,0,0.0,0,0,0.5,war_N1_ge2,war,1,2,sem_dipl,walk_forward
1933,persistencia_purgada,0,0.0,0,0,0.5,war_N1_ge2,war,1,2,sem_dipl,walk_forward
1934,prevalencia,0,0.2558139534883721,0,0,0.5,war_N1_ge2,war,1,2,sem_dipl,walk_forward
1934,persistencia,0,0.0,0,0,0.5,war_N1_ge2,war,1,2,sem_dipl,walk_forward
1934,persistencia_purgada,0,0.0,0,0,0.5,war_N1_ge2,war,1,2,sem_dipl,walk_forward
1935,prevalencia,0,0.25,0,0,0.5,war_N1_ge2,war,1,2,sem_dipl,walk_forward
1935,persistencia,0,0.0,0,0,0.5,war_N1_ge2,war,1,2,sem_dipl,walk_forward
1935,persistencia_purgada,0,0.0,0,0,0.5,war_N1_ge2,war,1,2,sem_dipl,walk_forward
1936,prevalencia,1,0.24444444444444444,0,0,0.5,war_N1_ge2,war,1,2,sem_dipl,walk_forward
1936,persistencia,1,0.0,0,0,0.5,war_N1_ge2,war,1,2,sem_dipl,walk_forward
1936,persistencia_purgada,1,0.0,0,0,0.5,war_N1_ge2,war,1,2,sem_dipl,walk_forward
1937,prevalencia,1,0.2391304347826087,0,0,0.5,war_N1_ge2,war,1,2,sem_dipl,walk_forward
1937,persistencia,1,1.0,1,1,0.5,war_N1_ge2,war,1,2,sem_dipl,walk_forward
1937,persistencia_purgada,1,0.0,0,0,0.5,war_N1_ge2,war,1,2,sem_dipl,walk_forward
1938,prevalencia,1,0.2553191489361702,0,0,0.5,war_N1_ge2,war,1,2,sem_dipl,walk_forward
1938,persistencia,1,1.0,1,1,0.5,war_N1_ge2,war,1,2,sem_dipl,walk_forward
1938,persistencia_purgada,1,1.0,1,1,0.5,war_N1_ge2,war,1,2,sem_dipl,walk_forward
1939,prevalencia,0,0.2708333333333333,0,0,0.5,war_N1_ge2,war,1,2,sem_dipl,walk_forward
1939,persistencia,0,1.0,1,1,0.5,war_N1_ge2,war,1,2,sem_dipl,walk_forward
1939,persistencia_purgada,0,1.0,1,1,0.5,war_N1_ge2,war,1,2,sem_dipl,walk_forward
1940,prevalencia,0,0.2857142857142857,0,0,0.5,war_N1_ge2,war,1,2,sem_dipl,walk_forward
1940,persistencia,0,0.0,0,0,0.5,war_N1_ge2,war,1,2,sem_dipl,walk_forward
1940,persistencia_purgada,0,1.0,1,1,0.5,war_N1_ge2,war,1,2,sem_dipl,walk_forward
1941,prevalencia,0,0.28,0,0,0.5,war_N1_ge2,war,1,2,sem_dipl,walk_forward
1941,persistencia,0,0.0,0,0,0.5,war_N1_ge2,war,1,2,sem_dipl,walk_forward
1941,persistencia_purgada,0,0.0,0,0,0.5,war_N1_ge2,war,1,2,sem_dipl,walk_forward
1942,prevalencia,0,0.27450980392156865,0,0,0.5,war_N1_ge2,war,1,2,sem_dipl,walk_forward
1942,persistencia,0,0.0,0,0,0.5,war_N1_ge2,war,1,2,sem_dipl,walk_forward
1942,persistencia_purgada,0,0.0,0,0,0.5,war_N1_ge2,war,1,2,sem_dipl,walk_forward
1943,prevalencia,0,0.2692307692307692,0,0,0.5,war_N1_ge2,war,1,2,sem_dipl,walk_forward
1943,persistencia,0,0.0,0,0,0.5,war_N1_ge2,war,1,2,sem_dipl,walk_forward
1943,persistencia_purgada,0,0.0,0,0,0.5,war_N1_ge2,war,1,2,sem_dipl,walk_forward
1944,prevalencia,0,0.2641509433962264,0,0,0.5,war_N1_ge2,war,1,2,sem_dipl,walk_forward
1944,persistencia,0,0.0,0,0,0.5,war_N1_ge2,war,1,2,sem_dipl,walk_forward
1944,persistencia_purgada,0,0.0,0,0,0.5,war_N1_ge2,war,1,2,sem_dipl,walk_forward
1945,prevalencia,0,0.25925925925925924,0,0,0.5,war_N1_ge2,war,1,2,sem_dipl,walk_forward
1945,persistencia,0,0.0,0,0,0.5,war_N1_ge2,war,1,2,sem_dipl,walk_forward
1945,persistencia_purgada,0,0.0,0,0,0.5,war_N1_ge2,war,1,2,sem_dipl,walk_forward
1946,prevalencia,1,0.2545454545454545,0,0,0.5,war_N1_ge2,war,1,2,sem_dipl,walk_forward
1946,persistencia,1,0.0,0,0,0.5,war_N1_ge2,war,1,2,sem_dipl,walk_forward
1946,persistencia_purgada,1,0.0,0,0,0.5,war_N1_ge2,war,1,2,sem_dipl,walk_forward
1947,prevalencia,0,0.25,0,0,0.5,war_N1_ge2,war,1,2,sem_dipl,walk_forward
1947,persistencia,0,1.0,1,1,0.5,war_N1_ge2,war,1,2,sem_dipl,walk_forward
1947,persistencia_purgada,0,0.0,0,0,0.5,war_N1_ge2,war,1,2,sem_dipl,walk_forward
1948,prevalencia,0,0.2631578947368421,0,0,0.5,war_N1_ge2,war,1,2,sem_dipl,walk_forward
1948,persistencia,0,0.0,0,0,0.5,war_N1_ge2,war,1,2,sem_dipl,walk_forward
1948,persistencia_purgada,0,1.0,1,1,0.5,war_N1_ge2,war,1,2,sem_dipl,walk_forward
1949,prevalencia,1,0.25862068965517243,0,0,0.5,war_N1_ge2,war,1,2,sem_dipl,walk_forward
1949,persistencia,1,0.0,0,0,0.5,war_N1_ge2,war,1,2,sem_dipl,walk_forward
1949,persistencia_purgada,1,0.0,0,0,0.5,war_N1_ge2,war,1,2,sem_dipl,walk_forward
1950,prevalencia,0,0.2542372881355932,0,0,0.5,war_N1_ge2,war,1,2,sem_dipl,walk_forward
1950,persistencia,0,1.0,1,1,0.5,war_N1_ge2,war,1,2,sem_dipl,walk_forward
1950,persistencia_purgada,0,0.0,0,0,0.5,war_N1_ge2,war,1,2,sem_dipl,walk_forward
1951,prevalencia,0,0.26666666666666666,0,0,0.5,war_N1_ge2,war,1,2,sem_dipl,walk_forward
1951,persistencia,0,0.0,0,0,0.5,war_N1_ge2,war,1,2,sem_dipl,walk_forward
1951,persistencia_purgada,0,1.0,1,1,0.5,war_N1_ge2,war,1,2,sem_dipl,walk_forward
1952,prevalencia,0,0.26229508196721313,0,0,0.5,war_N1_ge2,war,1,2,sem_dipl,walk_forward
1952,persistencia,0,0.0,0,0,0.5,war_N1_ge2,war,1,2,sem_dipl,walk_forward
1952,persistencia_purgada,0,0.0,0,0,0.5,war_N1_ge2,war,1,2,sem_dipl,walk_forward
1953,prevalencia,0,0.25806451612903225,0,0,0.5,war_N1_ge2,war,1,2,sem_dipl,walk_forward
1953,persistencia,0,0.0,0,0,0.5,war_N1_ge2,war,1,2,sem_dipl,walk_forward
1953,persistencia_purgada,0,0.0,0,0,0.5,war_N1_ge2,war,1,2,sem_dipl,walk_forward
1954,prevalencia,0,0.25396825396825395,0,0,0.5,war_N1_ge2,war,1,2,sem_dipl,walk_forward
1954,persistencia,0,0.0,0,0,0.5,war_N1_ge2,war,1,2,sem_dipl,walk_forward
1954,persistencia_purgada,0,0.0,0,0,0.5,war_N1_ge2,war,1,2,sem_dipl,walk_forward
1955,prevalencia,1,0.25,0,0,0.5,war_N1_ge2,war,1,2,sem_dipl,walk_forward
1955,persistencia,1,0.0,0,0,0.5,war_N1_ge2,war,1,2,sem_dipl,walk_forward
1955,persistencia_purgada,1,0.0,0,0,0.5,war_N1_ge2,war,1,2,sem_dipl,walk_forward
1956,prevalencia,1,0.24615384615384617,0,0,0.5,war_N1_ge2,war,1,2,sem_dipl,walk_forward
1956,persistencia,1,1.0,1,1,0.5,war_N1_ge2,war,1,2,sem_dipl,walk_forward
1956,persistencia_purgada,1,0.0,0,0,0.5,war_N1_ge2,war,1,2,sem_dipl,walk_forward
1957,prevalencia,0,0.25757575757575757,0,0,0.5,war_N1_ge2,war,1,2,sem_dipl,walk_forward
1957,persistencia,0,1.0,1,1,0.5,war_N1_ge2,war,1,2,sem_dipl,walk_forward
1957,persistencia_purgada,0,1.0,1,1,0.5,war_N1_ge2,war,1,2,sem_dipl,walk_forward
1958,prevalencia,0,0.26865671641791045,0,0,0.5,war_N1_ge2,war,1,2,sem_dipl,walk_forward
1958,persistencia,0,0.0,0,0,0.5,war_N1_ge2,war,1,2,sem_dipl,walk_forward
1958,persistencia_purgada,0,1.0,1,1,0.5,war_N1_ge2,war,1,2,sem_dipl,walk_forward
1959,prevalencia,0,0.2647058823529412,0,0,0.5,war_N1_ge2,war,1,2,sem_dipl,walk_forward
1959,persistencia,0,0.0,0,0,0.5,war_N1_ge2,war,1,2,sem_dipl,walk_forward
1959,persistencia_purgada,0,0.0,0,0,0.5,war_N1_ge2,war,1,2,sem_dipl,walk_forward
1960,prevalencia,0,0.2608695652173913,0,0,0.5,war_N1_ge2,war,1,2,sem_dipl,walk_forward
1960,persistencia,0,0.0,0,0,0.5,war_N1_ge2,war,1,2,sem_dipl,walk_forward
1960,persistencia_purgada,0,0.0,0,0,0.5,war_N1_ge2,war,1,2,sem_dipl,walk_forward
1961,prevalencia,1,0.2571428571428571,0,0,0.5,war_N1_ge2,war,1,2,sem_dipl,walk_forward
1961,persistencia,1,0.0,0,0,0.5,war_N1_ge2,war,1,2,sem_dipl,walk_forward
1961,persistencia_purgada,1,0.0,0,0,0.5,war_N1_ge2,war,1,2,sem_dipl,walk_forward
1962,prevalencia,0,0.2535211267605634,0,0,0.5,war_N1_ge2,war,1,2,sem_dipl,walk_forward
1962,persistencia,0,1.0,1,1,0.5,war_N1_ge2,war,1,2,sem_dipl,walk_forward
1962,persistencia_purgada,0,0.0,0,0,0.5,war_N1_ge2,war,1,2,sem_dipl,walk_forward
1963,prevalencia,0,0.2638888888888889,0,0,0.5,war_N1_ge2,war,1,2,sem_dipl,walk_forward
1963,persistencia,0,0.0,0,0,0.5,war_N1_ge2,war,1,2,sem_dipl,walk_forward
1963,persistencia_purgada,0,1.0,1,1,0.5,war_N1_ge2,war,1,2,sem_dipl,walk_forward
1964,prevalencia,1,0.2602739726027397,0,0,0.5,war_N1_ge2,war,1,2,sem_dipl,walk_forward
1964,persistencia,1,0.0,0,0,0.5,war_N1_ge2,war,1,2,sem_dipl,walk_forward
1964,persistencia_purgada,1,0.0,0,0,0.5,war_N1_ge2,war,1,2,sem_dipl,walk_forward
1965,prevalencia,0,0.25675675675675674,0,0,0.5,war_N1_ge2,war,1,2,sem_dipl,walk_forward
1965,persistencia,0,1.0,1,1,0.5,war_N1_ge2,war,1,2,sem_dipl,walk_forward
1965,persistencia_purgada,0,0.0,0,0,0.5,war_N1_ge2,war,1,2,sem_dipl,walk_forward
1966,prevalencia,0,0.26666666666666666,0,0,0.5,war_N1_ge2,war,1,2,sem_dipl,walk_forward
1966,persistencia,0,0.0,0,0,0.5,war_N1_ge2,war,1,2,sem_dipl,walk_forward
1966,persistencia_purgada,0,1.0,1,1,0.5,war_N1_ge2,war,1,2,sem_dipl,walk_forward
1967,prevalencia,0,0.2631578947368421,0,0,0.5,war_N1_ge2,war,1,2,sem_dipl,walk_forward
1967,persistencia,0,0.0,0,0,0.5,war_N1_ge2,war,1,2,sem_dipl,walk_forward
1967,persistencia_purgada,0,0.0,0,0,0.5,war_N1_ge2,war,1,2,sem_dipl,walk_forward
1968,prevalencia,0,0.2597402597402597,0,0,0.5,war_N1_ge2,war,1,2,sem_dipl,walk_forward
1968,persistencia,0,0.0,0,0,0.5,war_N1_ge2,war,1,2,sem_dipl,walk_forward
1968,persistencia_purgada,0,0.0,0,0,0.5,war_N1_ge2,war,1,2,sem_dipl,walk_forward
1969,prevalencia,0,0.2564102564102564,0,0,0.5,war_N1_ge2,war,1,2,sem_dipl,walk_forward
1969,persistencia,0,0.0,0,0,0.5,war_N1_ge2,war,1,2,sem_dipl,walk_forward
1969,persistencia_purgada,0,0.0,0,0,0.5,war_N1_ge2,war,1,2,sem_dipl,walk_forward
1970,prevalencia,0,0.25316455696202533,0,0,0.5,war_N1_ge2,war,1,2,sem_dipl,walk_forward
1970,persistencia,0,0.0,0,0,0.5,war_N1_ge2,war,1,2,sem_dipl,walk_forward
1970,persistencia_purgada,0,0.0,0,0,0.5,war_N1_ge2,war,1,2,sem_dipl,walk_forward
1971,prevalencia,0,0.25,0,0,0.5,war_N1_ge2,war,1,2,sem_dipl,walk_forward
1971,persistencia,0,0.0,0,0,0.5,war_N1_ge2,war,1,2,sem_dipl,walk_forward
1971,persistencia_purgada,0,0.0,0,0,0.5,war_N1_ge2,war,1,2,sem_dipl,walk_forward
1972,prevalencia,0,0.24691358024691357,0,0,0.5,war_N1_ge2,war,1,2,sem_dipl,walk_forward
1972,persistencia,0,0.0,0,0,0.5,war_N1_ge2,war,1,2,sem_dipl,walk_forward
1972,persistencia_purgada,0,0.0,0,0,0.5,war_N1_ge2,war,1,2,sem_dipl,walk_forward
1973,prevalencia,0,0.24390243902439024,0,0,0.5,war_N1_ge2,war,1,2,sem_dipl,walk_forward
1973,persistencia,0,0.0,0,0,0.5,war_N1_ge2,war,1,2,sem_dipl,walk_forward
1973,persistencia_purgada,0,0.0,0,0,0.5,war_N1_ge2,war,1,2,sem_dipl,walk_forward
1974,prevalencia,0,0.24096385542168675,0,0,0.5,war_N1_ge2,war,1,2,sem_dipl,walk_forward
1974,persistencia,0,0.0,0,0,0.5,war_N1_ge2,war,1,2,sem_dipl,walk_forward
1974,persistencia_purgada,0,0.0,0,0,0.5,war_N1_ge2,war,1,2,sem_dipl,walk_forward
1975,prevalencia,0,0.23809523809523808,0,0,0.5,war_N1_ge2,war,1,2,sem_dipl,walk_forward
1975,persistencia,0,0.0,0,0,0.5,war_N1_ge2,war,1,2,sem_dipl,walk_forward
1975,persistencia_purgada,0,0.0,0,0,0.5,war_N1_ge2,war,1,2,sem_dipl,walk_forward
1976,prevalencia,0,0.23529411764705882,0,0,0.5,war_N1_ge2,war,1,2,sem_dipl,walk_forward
1976,persistencia,0,0.0,0,0,0.5,war_N1_ge2,war,1,2,sem_dipl,walk_forward
1976,persistencia_purgada,0,0.0,0,0,0.5,war_N1_ge2,war,1,2,sem_dipl,walk_forward
1977,prevalencia,0,0.23255813953488372,0,0,0.5,war_N1_ge2,war,1,2,sem_dipl,walk_forward
1977,persistencia,0,0.0,0,0,0.5,war_N1_ge2,war,1,2,sem_dipl,walk_forward
1977,persistencia_purgada,0,0.0,0,0,0.5,war_N1_ge2,war,1,2,sem_dipl,walk_forward
1978,prevalencia,0,0.22988505747126436,0,0,0.5,war_N1_ge2,war,1,2,sem_dipl,walk_forward
1978,persistencia,0,0.0,0,0,0.5,war_N1_ge2,war,1,2,sem_dipl,walk_forward
1978,persistencia_purgada,0,0.0,0,0,0.5,war_N1_ge2,war,1,2,sem_dipl,walk_forward
1979,prevalencia,0,0.22727272727272727,0,0,0.5,war_N1_ge2,war,1,2,sem_dipl,walk_forward
1979,persistencia,0,0.0,0,0,0.5,war_N1_ge2,war,1,2,sem_dipl,walk_forward
1979,persistencia_purgada,0,0.0,0,0,0.5,war_N1_ge2,war,1,2,sem_dipl,walk_forward
1980,prevalencia,0,0.2247191011235955,0,0,0.5,war_N1_ge2,war,1,2,sem_dipl,walk_forward
1980,persistencia,0,0.0,0,0,0.5,war_N1_ge2,war,1,2,sem_dipl,walk_forward
1980,persistencia_purgada,0,0.0,0,0,0.5,war_N1_ge2,war,1,2,sem_dipl,walk_forward
1981,prevalencia,0,0.2222222222222222,0,0,0.5,war_N1_ge2,war,1,2,sem_dipl,walk_forward
1981,persistencia,0,0.0,0,0,0.5,war_N1_ge2,war,1,2,sem_dipl,walk_forward
1981,persistencia_purgada,0,0.0,0,0,0.5,war_N1_ge2,war,1,2,sem_dipl,walk_forward
1982,prevalencia,0,0.21978021978021978,0,0,0.5,war_N1_ge2,war,1,2,sem_dipl,walk_forward
1982,persistencia,0,0.0,0,0,0.5,war_N1_ge2,war,1,2,sem_dipl,walk_forward
1982,persistencia_purgada,0,0.0,0,0,0.5,war_N1_ge2,war,1,2,sem_dipl,walk_forward
1983,prevalencia,0,0.21739130434782608,0,0,0.5,war_N1_ge2,war,1,2,sem_dipl,walk_forward
1983,persistencia,0,0.0,0,0,0.5,war_N1_ge2,war,1,2,sem_dipl,walk_forward
1983,persistencia_purgada,0,0.0,0,0,0.5,war_N1_ge2,war,1,2,sem_dipl,walk_forward
1984,prevalencia,0,0.21505376344086022,0,0,0.5,war_N1_ge2,war,1,2,sem_dipl,walk_forward
1984,persistencia,0,0.0,0,0,0.5,war_N1_ge2,war,1,2,sem_dipl,walk_forward
1984,persistencia_purgada,0,0.0,0,0,0.5,war_N1_ge2,war,1,2,sem_dipl,walk_forward
1985,prevalencia,0,0.2127659574468085,0,0,0.5,war_N1_ge2,war,1,2,sem_dipl,walk_forward
1985,persistencia,0,0.0,0,0,0.5,war_N1_ge2,war,1,2,sem_dipl,walk_forward
1985,persistencia_purgada,0,0.0,0,0,0.5,war_N1_ge2,war,1,2,sem_dipl,walk_forward
1986,prevalencia,1,0.21052631578947367,0,0,0.5,war_N1_ge2,war,1,2,sem_dipl,walk_forward
1986,persistencia,1,0.0,0,0,0.5,war_N1_ge2,war,1,2,sem_dipl,walk_forward
1986,persistencia_purgada,1,0.0,0,0,0.5,war_N1_ge2,war,1,2,sem_dipl,walk_forward
1987,prevalencia,0,0.20833333333333334,0,0,0.5,war_N1_ge2,war,1,2,sem_dipl,walk_forward
1987,persistencia,0,1.0,1,1,0.5,war_N1_ge2,war,1,2,sem_dipl,walk_forward
1987,persistencia_purgada,0,0.0,0,0,0.5,war_N1_ge2,war,1,2,sem_dipl,walk_forward
1988,prevalencia,0,0.21649484536082475,0,0,0.5,war_N1_ge2,war,1,2,sem_dipl,walk_forward
1988,persistencia,0,0.0,0,0,0.5,war_N1_ge2,war,1,2,sem_dipl,walk_forward
1988,persistencia_purgada,0,1.0,1,1,0.5,war_N1_ge2,war,1,2,sem_dipl,walk_forward
1989,prevalencia,1,0.21428571428571427,0,0,0.5,war_N1_ge2,war,1,2,sem_dipl,walk_forward
1989,persistencia,1,0.0,0,0,0.5,war_N1_ge2,war,1,2,sem_dipl,walk_forward
1989,persistencia_purgada,1,0.0,0,0,0.5,war_N1_ge2,war,1,2,sem_dipl,walk_forward
1990,prevalencia,0,0.21212121212121213,0,0,0.5,war_N1_ge2,war,1,2,sem_dipl,walk_forward
1990,persistencia,0,1.0,1,1,0.5,war_N1_ge2,war,1,2,sem_dipl,walk_forward
1990,persistencia_purgada,0,0.0,0,0,0.5,war_N1_ge2,war,1,2,sem_dipl,walk_forward
1991,prevalencia,0,0.22,0,0,0.5,war_N1_ge2,war,1,2,sem_dipl,walk_forward
1991,persistencia,0,0.0,0,0,0.5,war_N1_ge2,war,1,2,sem_dipl,walk_forward
1991,persistencia_purgada,0,1.0,1,1,0.5,war_N1_ge2,war,1,2,sem_dipl,walk_forward
1992,prevalencia,0,0.21782178217821782,0,0,0.5,war_N1_ge2,war,1,2,sem_dipl,walk_forward
1992,persistencia,0,0.0,0,0,0.5,war_N1_ge2,war,1,2,sem_dipl,walk_forward
1992,persistencia_purgada,0,0.0,0,0,0.5,war_N1_ge2,war,1,2,sem_dipl,walk_forward
1993,prevalencia,0,0.21568627450980393,0,0,0.5,war_N1_ge2,war,1,2,sem_dipl,walk_forward
1993,persistencia,0,0.0,0,0,0.5,war_N1_ge2,war,1,2,sem_dipl,walk_forward
1993,persistencia_purgada,0,0.0,0,0,0.5,war_N1_ge2,war,1,2,sem_dipl,walk_forward
1994,prevalencia,0,0.21359223300970873,0,0,0.5,war_N1_ge2,war,1,2,sem_dipl,walk_forward
1994,persistencia,0,0.0,0,0,0.5,war_N1_ge2,war,1,2,sem_dipl,walk_forward
1994,persistencia_purgada,0,0.0,0,0,0.5,war_N1_ge2,war,1,2,sem_dipl,walk_forward
1995,prevalencia,0,0.21153846153846154,0,0,0.5,war_N1_ge2,war,1,2,sem_dipl,walk_forward
1995,persistencia,0,0.0,0,0,0.5,war_N1_ge2,war,1,2,sem_dipl,walk_forward
1995,persistencia_purgada,0,0.0,0,0,0.5,war_N1_ge2,war,1,2,sem_dipl,walk_forward
1996,prevalencia,0,0.20952380952380953,0,0,0.5,war_N1_ge2,war,1,2,sem_dipl,walk_forward
1996,persistencia,0,0.0,0,0,0.5,war_N1_ge2,war,1,2,sem_dipl,walk_forward
1996,persistencia_purgada,0,0.0,0,0,0.5,war_N1_ge2,war,1,2,sem_dipl,walk_forward
1997,prevalencia,0,0.20754716981132076,0,0,0.5,war_N1_ge2,war,1,2,sem_dipl,walk_forward
1997,persistencia,0,0.0,0,0,0.5,war_N1_ge2,war,1,2,sem_dipl,walk_forward
1997,persistencia_purgada,0,0.0,0,0,0.5,war_N1_ge2,war,1,2,sem_dipl,walk_forward
1998,prevalencia,1,0.205607476635514,0,0,0.5,war_N1_ge2,war,1,2,sem_dipl,walk_forward
1998,persistencia,1,0.0,0,0,0.5,war_N1_ge2,war,1,2,sem_dipl,walk_forward
1998,persistencia_purgada,1,0.0,0,0,0.5,war_N1_ge2,war,1,2,sem_dipl,walk_forward
1999,prevalencia,0,0.2037037037037037,0,0,0.5,war_N1_ge2,war,1,2,sem_dipl,walk_forward
1999,persistencia,0,1.0,1,1,0.5,war_N1_ge2,war,1,2,sem_dipl,walk_forward
1999,persistencia_purgada,0,0.0,0,0,0.5,war_N1_ge2,war,1,2,sem_dipl,walk_forward
2000,prevalencia,1,0.21100917431192662,0,0,0.5,war_N1_ge2,war,1,2,sem_dipl,walk_forward
2000,persistencia,1,0.0,0,0,0.5,war_N1_ge2,war,1,2,sem_dipl,walk_forward
2000,persistencia_purgada,1,1.0,1,1,0.5,war_N1_ge2,war,1,2,sem_dipl,walk_forward
2001,prevalencia,0,0.20909090909090908,0,0,0.5,war_N1_ge2,war,1,2,sem_dipl,walk_forward
2001,persistencia,0,1.0,1,1,0.5,war_N1_ge2,war,1,2,sem_dipl,walk_forward
2001,persistencia_purgada,0,0.0,0,0,0.5,war_N1_ge2,war,1,2,sem_dipl,walk_forward
2002,prevalencia,1,0.21621621621621623,0,0,0.5,war_N1_ge2,war,1,2,sem_dipl,walk_forward
2002,persistencia,1,0.0,0,0,0.5,war_N1_ge2,war,1,2,sem_dipl,walk_forward
2002,persistencia_purgada,1,1.0,1,1,0.5,war_N1_ge2,war,1,2,sem_dipl,walk_forward
2003,prevalencia,0,0.21428571428571427,0,0,0.5,war_N1_ge2,war,1,2,sem_dipl,walk_forward
2003,persistencia,0,1.0,1,1,0.5,war_N1_ge2,war,1,2,sem_dipl,walk_forward
2003,persistencia_purgada,0,0.0,0,0,0.5,war_N1_ge2,war,1,2,sem_dipl,walk_forward
2004,prevalencia,0,0.22123893805309736,0,0,0.5,war_N1_ge2,war,1,2,sem_dipl,walk_forward
2004,persistencia,0,0.0,0,0,0.5,war_N1_ge2,war,1,2,sem_dipl,walk_forward
2004,persistencia_purgada,0,1.0,1,1,0.5,war_N1_ge2,war,1,2,sem_dipl,walk_forward
2005,prevalencia,0,0.21929824561403508,0,0,0.5,war_N1_ge2,war,1,2,sem_dipl,walk_forward
2005,persistencia,0,0.0,0,0,0.5,war_N1_ge2,war,1,2,sem_dipl,walk_forward
2005,persistencia_purgada,0,0.0,0,0,0.5,war_N1_ge2,war,1,2,sem_dipl,walk_forward
2006,prevalencia,0,0.21739130434782608,0,0,0.5,war_N1_ge2,war,1,2,sem_dipl,walk_forward
2006,persistencia,0,0.0,0,0,0.5,war_N1_ge2,war,1,2,sem_dipl,walk_forward
2006,persistencia_purgada,0,0.0,0,0,0.5,war_N1_ge2,war,1,2,sem_dipl,walk_forward
1946,logreg,1,2.1932867223907123e-05,0,0,0.6913849622300092,war_N1_ge2,war,1,2,sem_dipl,era_split
1947,logreg,0,0.1557215023993778,0,0,0.6913849622300092,war_N1_ge2,war,1,2,sem_dipl,era_split
1948,logreg,0,0.5471151011858819,1,0,0.6913849622300092,war_N1_ge2,war,1,2,sem_dipl,era_split
1949,logreg,1,0.8546602599312886,1,1,0.6913849622300092,war_N1_ge2,war,1,2,sem_dipl,era_split
1950,logreg,0,0.15930017403856447,0,0,0.6913849622300092,war_N1_ge2,war,1,2,sem_dipl,era_split
1951,logreg,0,0.32727002127946536,0,0,0.6913849622300092,war_N1_ge2,war,1,2,sem_dipl,era_split
1952,logreg,0,0.8293872294959357,1,1,0.6913849622300092,war_N1_ge2,war,1,2,sem_dipl,era_split
1953,logreg,0,0.591364463263826,1,0,0.6913849622300092,war_N1_ge2,war,1,2,sem_dipl,era_split
1954,logreg,0,0.6950636883721052,1,1,0.6913849622300092,war_N1_ge2,war,1,2,sem_dipl,era_split
1955,logreg,1,0.17948456772892868,0,0,0.6913849622300092,war_N1_ge2,war,1,2,sem_dipl,era_split
1956,logreg,1,0.9943607696213221,1,1,0.6913849622300092,war_N1_ge2,war,1,2,sem_dipl,era_split
1957,logreg,0,0.7667624643230398,1,1,0.6913849622300092,war_N1_ge2,war,1,2,sem_dipl,era_split
1958,logreg,0,0.9874710534334493,1,1,0.6913849622300092,war_N1_ge2,war,1,2,sem_dipl,era_split
1959,logreg,0,0.8828570234670563,1,1,0.6913849622300092,war_N1_ge2,war,1,2,sem_dipl,era_split
1960,logreg,0,0.40977614743659163,0,0,0.6913849622300092,war_N1_ge2,war,1,2,sem_dipl,era_split
1961,logreg,1,0.8388689172231606,1,1,0.6913849622300092,war_N1_ge2,war,1,2,sem_dipl,era_split
1962,logreg,0,0.8028163242872834,1,1,0.6913849622300092,war_N1_ge2,war,1,2,sem_dipl,era_split
1963,logreg,0,0.9758659052831431,1,1,0.6913849622300092,war_N1_ge2,war,1,2,sem_dipl,era_split
1964,logreg,1,0.7443859311799819,1,1,0.6913849622300092,war_N1_ge2,war,1,2,sem_dipl,era_split
1965,logreg,0,0.9850472463545403,1,1,0.6913849622300092,war_N1_ge2,war,1,2,sem_dipl,era_split
1966,logreg,0,0.6479366796188234,1,0,0.6913849622300092,war_N1_ge2,war,1,2,sem_dipl,era_split
1967,logreg,0,0.9268082240360717,1,1,0.6913849622300092,war_N1_ge2,war,1,2,sem_dipl,era_split
1968,logreg,0,0.677953006112888,1,0,0.6913849622300092,war_N1_ge2,war,1,2,sem_dipl,era_split
1969,logreg,0,0.6637285964855201,1,0,0.6913849622300092,war_N1_ge2,war,1,2,sem_dipl,era_split
1970,logreg,0,0.9187315489393701,1,1,0.6913849622300092,war_N1_ge2,war,1,2,sem_dipl,era_split
1971,logreg,0,0.36433011268684845,0,0,0.6913849622300092,war_N1_ge2,war,1,2,sem_dipl,era_split
1972,logreg,0,0.25879893177405494,0,0,0.6913849622300092,war_N1_ge2,war,1,2,sem_dipl,era_split
1973,logreg,0,0.41780640595962415,0,0,0.6913849622300092,war_N1_ge2,war,1,2,sem_dipl,era_split
1974,logreg,0,0.9812302443046544,1,1,0.6913849622300092,war_N1_ge2,war,1,2,sem_dipl,era_split
1975,logreg,0,0.9615159372416759,1,1,0.6913849622300092,war_N1_ge2,war,1,2,sem_dipl,era_split
1976,logreg,0,0.8452943505300845,1,1,0.6913849622300092,war_N1_ge2,war,1,2,sem_dipl,era_split
1977,logreg,0,0.9311737918305334,1,1,0.6913849622300092,war_N1_ge2,war,1,2,sem_dipl,era_split
1978,logreg,0,0.8199035465176443,1,1,0.6913849622300092,war_N1_ge2,war,1,2,sem_dipl,era_split
1979,logreg,0,0.6812417109909646,1,0,0.6913849622300092,war_N1_ge2,war,1,2,sem_dipl,era_split
1980,logreg,0,0.8928617291995689,1,1,0.6913849622300092,war_N1_ge2,war,1,2,sem_dipl,era_split
1981,logreg,0,0.7621196011603801,1,1,0.6913849622300092,war_N1_ge2,war,1,2,sem_dipl,era_split
1982,logreg,0,0.9989112096621219,1,1,0.6913849622300092,war_N1_ge2,war,1,2,sem_dipl,era_split
1983,logreg,0,0.5580754194060248,1,0,0.6913849622300092,war_N1_ge2,war,1,2,sem_dipl,era_split
1984,logreg,0,0.9952780917872867,1,1,0.6913849622300092,war_N1_ge2,war,1,2,sem_dipl,era_split
1985,logreg,0,0.8049141855723146,1,1,0.6913849622300092,war_N1_ge2,war,1,2,sem_dipl,era_split
1986,logreg,1,0.7876066631092709,1,1,0.6913849622300092,war_N1_ge2,war,1,2,sem_dipl,era_split
1987,logreg,0,0.9969878922045575,1,1,0.6913849622300092,war_N1_ge2,war,1,2,sem_dipl,era_split
1988,logreg,0,0.9160219732918853,1,1,0.6913849622300092,war_N1_ge2,war,1,2,sem_dipl,era_split
1989,logreg,1,0.9977118616450475,1,1,0.6913849622300092,war_N1_ge2,war,1,2,sem_dipl,era_split
1990,logreg,0,0.9684900547409421,1,1,0.6913849622300092,war_N1_ge2,war,1,2,sem_dipl,era_split
1991,logreg,0,0.9998496791938726,1,1,0.6913849622300092,war_N1_ge2,war,1,2,sem_dipl,era_split
1992,logreg,0,0.6019163834508323,1,0,0.6913849622300092,war_N1_ge2,war,1,2,sem_dipl,era_split
1993,logreg,0,0.9995131120146664,1,1,0.6913849622300092,war_N1_ge2,war,1,2,sem_dipl,era_split
1994,logreg,0,0.9448780502369116,1,1,0.6913849622300092,war_N1_ge2,war,1,2,sem_dipl,era_split
1995,logreg,0,0.9887909035419178,1,1,0.6913849622300092,war_N1_ge2,war,1,2,sem_dipl,era_split
1996,logreg,0,0.9874637554351253,1,1,0.6913849622300092,war_N1_ge2,war,1,2,sem_dipl,era_split
1997,logreg,0,0.988222327439673,1,1,0.6913849622300092,war_N1_ge2,war,1,2,sem_dipl,era_split
1998,logreg,1,0.9873083431948912,1,1,0.6913849622300092,war_N1_ge2,war,1,2,sem_dipl,era_split
1999,logreg,0,0.9644964279560232,1,1,0.6913849622300092,war_N1_ge2,war,1,2,sem_dipl,era_split
2000,logreg,1,0.9937121727640325,1,1,0.6913849622300092,war_N1_ge2,war,1,2,sem_dipl,era_split
2001,logreg,0,0.9959290383468223,1,1,0.6913849622300092,war_N1_ge2,war,1,2,sem_dipl,era_split
2002,logreg,1,0.9977062568095483,1,1,0.6913849622300092,war_N1_ge2,war,1,2,sem_dipl,era_split
2003,logreg,0,0.9285066675531541,1,1,0.6913849622300092,war_N1_ge2,war,1,2,sem_dipl,era_split
2004,logreg,0,0.9982935778125626,1,1,0.6913849622300092,war_N1_ge2,war,1,2,sem_dipl,era_split
2005,logreg,0,0.9963426742689049,1,1,0.6913849622300092,war_N1_ge2,war,1,2,sem_dipl,era_split
2006,logreg,0,0.9977942871466191,1,1,0.6913849622300092,war_N1_ge2,war,1,2,sem_dipl,era_split
1946,rf,1,0.19163812909753217,0,0,0.5078204215597109,war_N1_ge2,war,1,2,sem_dipl,era_split
1947,rf,0,0.33848712296864514,0,0,0.5078204215597109,war_N1_ge2,war,1,2,sem_dipl,era_split
1948,rf,0,0.38889601983766214,0,0,0.5078204215597109,war_N1_ge2,war,1,2,sem_dipl,era_split
1949,rf,1,0.3149422832472674,0,0,0.5078204215597109,war_N1_ge2,war,1,2,sem_dipl,era_split
1950,rf,0,0.40272363668042793,0,0,0.5078204215597109,war_N1_ge2,war,1,2,sem_dipl,era_split
1951,rf,0,0.44859382728168457,0,0,0.5078204215597109,war_N1_ge2,war,1,2,sem_dipl,era_split
1952,rf,0,0.49749485024574636,0,0,0.5078204215597109,war_N1_ge2,war,1,2,sem_dipl,era_split
1953,rf,0,0.5216204527088992,1,1,0.5078204215597109,war_N1_ge2,war,1,2,sem_dipl,era_split
1954,rf,0,0.38554464766583313,0,0,0.5078204215597109,war_N1_ge2,war,1,2,sem_dipl,era_split
1955,rf,1,0.3382457673927605,0,0,0.5078204215597109,war_N1_ge2,war,1,2,sem_dipl,era_split
1956,rf,1,0.42925771903032645,0,0,0.5078204215597109,war_N1_ge2,war,1,2,sem_dipl,era_split
1957,rf,0,0.38098220019314044,0,0,0.5078204215597109,war_N1_ge2,war,1,2,sem_dipl,era_split
1958,rf,0,0.522475399157513,1,1,0.5078204215597109,war_N1_ge2,war,1,2,sem_dipl,era_split
1959,rf,0,0.4926651475330772,0,0,0.5078204215597109,war_N1_ge2,war,1,2,sem_dipl,era_split
1960,rf,0,0.354664258276046,0,0,0.5078204215597109,war_N1_ge2,war,1,2,sem_dipl,era_split
1961,rf,1,0.4532009681855469,0,0,0.5078204215597109,war_N1_ge2,war,1,2,sem_dipl,era_split
1962,rf,0,0.2904358320489184,0,0,0.5078204215597109,war_N1_ge2,war,1,2,sem_dipl,era_split
1963,rf,0,0.3947224645122896,0,0,0.5078204215597109,war_N1_ge2,war,1,2,sem_dipl,era_split
1964,rf,1,0.3583047729621466,0,0,0.5078204215597109,war_N1_ge2,war,1,2,sem_dipl,era_split
1965,rf,0,0.41722312946170115,0,0,0.5078204215597109,war_N1_ge2,war,1,2,sem_dipl,era_split
1966,rf,0,0.35661550364858247,0,0,0.5078204215597109,war_N1_ge2,war,1,2,sem_dipl,era_split
1967,rf,0,0.4708911362161913,0,0,0.5078204215597109,war_N1_ge2,war,1,2,sem_dipl,era_split
1968,rf,0,0.4315738487996282,0,0,0.5078204215597109,war_N1_ge2,war,1,2,sem_dipl,era_split
1969,rf,0,0.3755846755681109,0,0,0.5078204215597109,war_N1_ge2,war,1,2,sem_dipl,era_split
1970,rf,0,0.39474428716925763,0,0,0.5078204215597109,war_N1_ge2,war,1,2,sem_dipl,era_split
1971,rf,0,0.3824283576590488,0,0,0.5078204215597109,war_N1_ge2,war,1,2,sem_dipl,era_split
1972,rf,0,0.3292279541100932,0,0,0.5078204215597109,war_N1_ge2,war,1,2,sem_dipl,era_split
1973,rf,0,0.423798599434677,0,0,0.5078204215597109,war_N1_ge2,war,1,2,sem_dipl,era_split
1974,rf,0,0.47418605534020797,0,0,0.5078204215597109,war_N1_ge2,war,1,2,sem_dipl,era_split
1975,rf,0,0.44779393208920093,0,0,0.5078204215597109,war_N1_ge2,war,1,2,sem_dipl,era_split
1976,rf,0,0.5287466760284705,1,1,0.5078204215597109,war_N1_ge2,war,1,2,sem_dipl,era_split
1977,rf,0,0.3598274082603571,0,0,0.5078204215597109,war_N1_ge2,war,1,2,sem_dipl,era_split
1978,rf,0,0.5354113469198645,1,1,0.5078204215597109,war_N1_ge2,war,1,2,sem_dipl,era_split
1979,rf,0,0.4956009533455999,0,0,0.5078204215597109,war_N1_ge2,war,1,2,sem_dipl,era_split
1980,rf,0,0.5507225470091791,1,1,0.5078204215597109,war_N1_ge2,war,1,2,sem_dipl,era_split
1981,rf,0,0.35949674537085147,0,0,0.5078204215597109,war_N1_ge2,war,1,2,sem_dipl,era_split
1982,rf,0,0.48401807243885275,0,0,0.5078204215597109,war_N1_ge2,war,1,2,sem_dipl,era_split
1983,rf,0,0.3821699639988266,0,0,0.5078204215597109,war_N1_ge2,war,1,2,sem_dipl,era_split
1984,rf,0,0.535249640282406,1,1,0.5078204215597109,war_N1_ge2,war,1,2,sem_dipl,era_split
1985,rf,0,0.4951660240370115,0,0,0.5078204215597109,war_N1_ge2,war,1,2,sem_dipl,era_split
1986,rf,1,0.4276528294133342,0,0,0.5078204215597109,war_N1_ge2,war,1,2,sem_dipl,era_split
1987,rf,0,0.5421099566133234,1,1,0.5078204215597109,war_N1_ge2,war,1,2,sem_dipl,era_split
1988,rf,0,0.5931256767038585,1,1,0.5078204215597109,war_N1_ge2,war,1,2,sem_dipl,era_split
1989,rf,1,0.5235620945062694,1,1,0.5078204215597109,war_N1_ge2,war,1,2,sem_dipl,era_split
1990,rf,0,0.3868668336820907,0,0,0.5078204215597109,war_N1_ge2,war,1,2,sem_dipl,era_split
1991,rf,0,0.5057714353877115,1,0,0.5078204215597109,war_N1_ge2,war,1,2,sem_dipl,era_split
1992,rf,0,0.29638278766643883,0,0,0.5078204215597109,war_N1_ge2,war,1,2,sem_dipl,era_split
1993,rf,0,0.5606443776962202,1,1,0.5078204215597109,war_N1_ge2,war,1,2,sem_dipl,era_split
1994,rf,0,0.48773622742787753,0,0,0.5078204215597109,war_N1_ge2,war,1,2,sem_dipl,era_split
1995,rf,0,0.5341755451900669,1,1,0.5078204215597109,war_N1_ge2,war,1,2,sem_dipl,era_split
1996,rf,0,0.48443696682930165,0,0,0.5078204215597109,war_N1_ge2,war,1,2,sem_dipl,era_split
1997,rf,0,0.5138913507092052,1,1,0.5078204215597109,war_N1_ge2,war,1,2,sem_dipl,era_split
1998,rf,1,0.4057476330488769,0,0,0.5078204215597109,war_N1_ge2,war,1,2,sem_dipl,era_split
1999,rf,0,0.5055199840817004,1,0,0.5078204215597109,war_N1_ge2,war,1,2,sem_dipl,era_split
2000,rf,1,0.5220078412452637,1,1,0.5078204215597109,war_N1_ge2,war,1,2,sem_dipl,era_split
2001,rf,0,0.541932485850679,1,1,0.5078204215597109,war_N1_ge2,war,1,2,sem_dipl,era_split
2002,rf,1,0.5058117496802104,1,0,0.5078204215597109,war_N1_ge2,war,1,2,sem_dipl,era_split
2003,rf,0,0.43757620431361177,0,0,0.5078204215597109,war_N1_ge2,war,1,2,sem_dipl,era_split
2004,rf,0,0.5222855385448496,1,1,0.5078204215597109,war_N1_ge2,war,1,2,sem_dipl,era_split
2005,rf,0,0.5303811778067635,1,1,0.5078204215597109,war_N1_ge2,war,1,2,sem_dipl,era_split
2006,rf,0,0.5245337898043233,1,1,0.5078204215597109,war_N1_ge2,war,1,2,sem_dipl,era_split
1946,xgb,1,0.01733977347612381,0,0,0.9160206913948059,war_N1_ge2,war,1,2,sem_dipl,era_split
1947,xgb,0,0.43275895714759827,0,0,0.9160206913948059,war_N1_ge2,war,1,2,sem_dipl,era_split
1948,xgb,0,0.25748464465141296,0,0,0.9160206913948059,war_N1_ge2,war,1,2,sem_dipl,era_split
1949,xgb,1,0.21187441051006317,0,0,0.9160206913948059,war_N1_ge2,war,1,2,sem_dipl,era_split
1950,xgb,0,0.15938512980937958,0,0,0.9160206913948059,war_N1_ge2,war,1,2,sem_dipl,era_split
1951,xgb,0,0.2533201277256012,0,0,0.9160206913948059,war_N1_ge2,war,1,2,sem_dipl,era_split
1952,xgb,0,0.6485794186592102,1,0,0.9160206913948059,war_N1_ge2,war,1,2,sem_dipl,era_split
1953,xgb,0,0.5773825645446777,1,0,0.9160206913948059,war_N1_ge2,war,1,2,sem_dipl,era_split
1954,xgb,0,0.32320448756217957,0,0,0.9160206913948059,war_N1_ge2,war,1,2,sem_dipl,era_split
1955,xgb,1,0.07586687058210373,0,0,0.9160206913948059,war_N1_ge2,war,1,2,sem_dipl,era_split
1956,xgb,1,0.3416922092437744,0,0,0.9160206913948059,war_N1_ge2,war,1,2,sem_dipl,era_split
1957,xgb,0,0.24629411101341248,0,0,0.9160206913948059,war_N1_ge2,war,1,2,sem_dipl,era_split
1958,xgb,0,0.8144829273223877,1,0,0.9160206913948059,war_N1_ge2,war,1,2,sem_dipl,era_split
1959,xgb,0,0.365338534116745,0,0,0.9160206913948059,war_N1_ge2,war,1,2,sem_dipl,era_split
1960,xgb,0,0.18678401410579681,0,0,0.9160206913948059,war_N1_ge2,war,1,2,sem_dipl,era_split
1961,xgb,1,0.30852198600769043,0,0,0.9160206913948059,war_N1_ge2,war,1,2,sem_dipl,era_split
1962,xgb,0,0.04977087676525116,0,0,0.9160206913948059,war_N1_ge2,war,1,2,sem_dipl,era_split
1963,xgb,0,0.1609937697649002,0,0,0.9160206913948059,war_N1_ge2,war,1,2,sem_dipl,era_split
1964,xgb,1,0.03198903799057007,0,0,0.9160206913948059,war_N1_ge2,war,1,2,sem_dipl,era_split
1965,xgb,0,0.3872838020324707,0,0,0.9160206913948059,war_N1_ge2,war,1,2,sem_dipl,era_split
1966,xgb,0,0.10635162889957428,0,0,0.9160206913948059,war_N1_ge2,war,1,2,sem_dipl,era_split
1967,xgb,0,0.6379978656768799,1,0,0.9160206913948059,war_N1_ge2,war,1,2,sem_dipl,era_split
1968,xgb,0,0.3205932676792145,0,0,0.9160206913948059,war_N1_ge2,war,1,2,sem_dipl,era_split
1969,xgb,0,0.07015632092952728,0,0,0.9160206913948059,war_N1_ge2,war,1,2,sem_dipl,era_split
1970,xgb,0,0.5094912648200989,1,0,0.9160206913948059,war_N1_ge2,war,1,2,sem_dipl,era_split
1971,xgb,0,0.27277132868766785,0,0,0.9160206913948059,war_N1_ge2,war,1,2,sem_dipl,era_split
1972,xgb,0,0.08018065989017487,0,0,0.9160206913948059,war_N1_ge2,war,1,2,sem_dipl,era_split
1973,xgb,0,0.2559261620044708,0,0,0.9160206913948059,war_N1_ge2,war,1,2,sem_dipl,era_split
1974,xgb,0,0.7144123315811157,1,0,0.9160206913948059,war_N1_ge2,war,1,2,sem_dipl,era_split
1975,xgb,0,0.7578340172767639,1,0,0.9160206913948059,war_N1_ge2,war,1,2,sem_dipl,era_split
1976,xgb,0,0.7605065703392029,1,0,0.9160206913948059,war_N1_ge2,war,1,2,sem_dipl,era_split
1977,xgb,0,0.2585510015487671,0,0,0.9160206913948059,war_N1_ge2,war,1,2,sem_dipl,era_split
1978,xgb,0,0.6696547269821167,1,0,0.9160206913948059,war_N1_ge2,war,1,2,sem_dipl,era_split
1979,xgb,0,0.6931008696556091,1,0,0.9160206913948059,war_N1_ge2,war,1,2,sem_dipl,era_split
1980,xgb,0,0.8257572650909424,1,0,0.9160206913948059,war_N1_ge2,war,1,2,sem_dipl,era_split
1981,xgb,0,0.16754740476608276,0,0,0.9160206913948059,war_N1_ge2,war,1,2,sem_dipl,era_split
1982,xgb,0,0.712785542011261,1,0,0.9160206913948059,war_N1_ge2,war,1,2,sem_dipl,era_split
1983,xgb,0,0.2715702950954437,0,0,0.9160206913948059,war_N1_ge2,war,1,2,sem_dipl,era_split
1984,xgb,0,0.7765723466873169,1,0,0.9160206913948059,war_N1_ge2,war,1,2,sem_dipl,era_split
1985,xgb,0,0.5239185094833374,1,0,0.9160206913948059,war_N1_ge2,war,1,2,sem_dipl,era_split
1986,xgb,1,0.5906182527542114,1,0,0.9160206913948059,war_N1_ge2,war,1,2,sem_dipl,era_split
1987,xgb,0,0.9018728733062744,1,0,0.9160206913948059,war_N1_ge2,war,1,2,sem_dipl,era_split
1988,xgb,0,0.8286662101745605,1,0,0.9160206913948059,war_N1_ge2,war,1,2,sem_dipl,era_split
1989,xgb,1,0.6390631794929504,1,0,0.9160206913948059,war_N1_ge2,war,1,2,sem_dipl,era_split
1990,xgb,0,0.44138795137405396,0,0,0.9160206913948059,war_N1_ge2,war,1,2,sem_dipl,era_split
1991,xgb,0,0.7421176433563232,1,0,0.9160206913948059,war_N1_ge2,war,1,2,sem_dipl,era_split
1992,xgb,0,0.03891317918896675,0,0,0.9160206913948059,war_N1_ge2,war,1,2,sem_dipl,era_split
1993,xgb,0,0.786657989025116,1,0,0.9160206913948059,war_N1_ge2,war,1,2,sem_dipl,era_split
1994,xgb,0,0.4973795711994171,0,0,0.9160206913948059,war_N1_ge2,war,1,2,sem_dipl,era_split
1995,xgb,0,0.7689096927642822,1,0,0.9160206913948059,war_N1_ge2,war,1,2,sem_dipl,era_split
1996,xgb,0,0.283184677362442,0,0,0.9160206913948059,war_N1_ge2,war,1,2,sem_dipl,era_split
1997,xgb,0,0.45937758684158325,0,0,0.9160206913948059,war_N1_ge2,war,1,2,sem_dipl,era_split
1998,xgb,1,0.15584862232208252,0,0,0.9160206913948059,war_N1_ge2,war,1,2,sem_dipl,era_split
1999,xgb,0,0.36643320322036743,0,0,0.9160206913948059,war_N1_ge2,war,1,2,sem_dipl,era_split
2000,xgb,1,0.7348575592041016,1,0,0.9160206913948059,war_N1_ge2,war,1,2,sem_dipl,era_split
2001,xgb,0,0.7457226514816284,1,0,0.9160206913948059,war_N1_ge2,war,1,2,sem_dipl,era_split
2002,xgb,1,0.7884719967842102,1,0,0.9160206913948059,war_N1_ge2,war,1,2,sem_dipl,era_split
2003,xgb,0,0.3377271592617035,0,0,0.9160206913948059,war_N1_ge2,war,1,2,sem_dipl,era_split
2004,xgb,0,0.6788305044174194,1,0,0.9160206913948059,war_N1_ge2,war,1,2,sem_dipl,era_split
2005,xgb,0,0.5371318459510803,1,0,0.9160206913948059,war_N1_ge2,war,1,2,sem_dipl,era_split
2006,xgb,0,0.6653448939323425,1,0,0.9160206913948059,war_N1_ge2,war,1,2,sem_dipl,era_split
1946,prevalencia,1,0.2545454545454545,0,0,0.5,war_N1_ge2,war,1,2,sem_dipl,era_split
1947,prevalencia,0,0.2545454545454545,0,0,0.5,war_N1_ge2,war,1,2,sem_dipl,era_split
1948,prevalencia,0,0.2545454545454545,0,0,0.5,war_N1_ge2,war,1,2,sem_dipl,era_split
1949,prevalencia,1,0.2545454545454545,0,0,0.5,war_N1_ge2,war,1,2,sem_dipl,era_split
1950,prevalencia,0,0.2545454545454545,0,0,0.5,war_N1_ge2,war,1,2,sem_dipl,era_split
1951,prevalencia,0,0.2545454545454545,0,0,0.5,war_N1_ge2,war,1,2,sem_dipl,era_split
1952,prevalencia,0,0.2545454545454545,0,0,0.5,war_N1_ge2,war,1,2,sem_dipl,era_split
1953,prevalencia,0,0.2545454545454545,0,0,0.5,war_N1_ge2,war,1,2,sem_dipl,era_split
1954,prevalencia,0,0.2545454545454545,0,0,0.5,war_N1_ge2,war,1,2,sem_dipl,era_split
1955,prevalencia,1,0.2545454545454545,0,0,0.5,war_N1_ge2,war,1,2,sem_dipl,era_split
1956,prevalencia,1,0.2545454545454545,0,0,0.5,war_N1_ge2,war,1,2,sem_dipl,era_split
1957,prevalencia,0,0.2545454545454545,0,0,0.5,war_N1_ge2,war,1,2,sem_dipl,era_split
1958,prevalencia,0,0.2545454545454545,0,0,0.5,war_N1_ge2,war,1,2,sem_dipl,era_split
1959,prevalencia,0,0.2545454545454545,0,0,0.5,war_N1_ge2,war,1,2,sem_dipl,era_split
1960,prevalencia,0,0.2545454545454545,0,0,0.5,war_N1_ge2,war,1,2,sem_dipl,era_split
1961,prevalencia,1,0.2545454545454545,0,0,0.5,war_N1_ge2,war,1,2,sem_dipl,era_split
1962,prevalencia,0,0.2545454545454545,0,0,0.5,war_N1_ge2,war,1,2,sem_dipl,era_split
1963,prevalencia,0,0.2545454545454545,0,0,0.5,war_N1_ge2,war,1,2,sem_dipl,era_split
1964,prevalencia,1,0.2545454545454545,0,0,0.5,war_N1_ge2,war,1,2,sem_dipl,era_split
1965,prevalencia,0,0.2545454545454545,0,0,0.5,war_N1_ge2,war,1,2,sem_dipl,era_split
1966,prevalencia,0,0.2545454545454545,0,0,0.5,war_N1_ge2,war,1,2,sem_dipl,era_split
1967,prevalencia,0,0.2545454545454545,0,0,0.5,war_N1_ge2,war,1,2,sem_dipl,era_split
1968,prevalencia,0,0.2545454545454545,0,0,0.5,war_N1_ge2,war,1,2,sem_dipl,era_split
1969,prevalencia,0,0.2545454545454545,0,0,0.5,war_N1_ge2,war,1,2,sem_dipl,era_split
1970,prevalencia,0,0.2545454545454545,0,0,0.5,war_N1_ge2,war,1,2,sem_dipl,era_split
1971,prevalencia,0,0.2545454545454545,0,0,0.5,war_N1_ge2,war,1,2,sem_dipl,era_split
1972,prevalencia,0,0.2545454545454545,0,0,0.5,war_N1_ge2,war,1,2,sem_dipl,era_split
1973,prevalencia,0,0.2545454545454545,0,0,0.5,war_N1_ge2,war,1,2,sem_dipl,era_split
1974,prevalencia,0,0.2545454545454545,0,0,0.5,war_N1_ge2,war,1,2,sem_dipl,era_split
1975,prevalencia,0,0.2545454545454545,0,0,0.5,war_N1_ge2,war,1,2,sem_dipl,era_split
1976,prevalencia,0,0.2545454545454545,0,0,0.5,war_N1_ge2,war,1,2,sem_dipl,era_split
1977,prevalencia,0,0.2545454545454545,0,0,0.5,war_N1_ge2,war,1,2,sem_dipl,era_split
1978,prevalencia,0,0.2545454545454545,0,0,0.5,war_N1_ge2,war,1,2,sem_dipl,era_split
1979,prevalencia,0,0.2545454545454545,0,0,0.5,war_N1_ge2,war,1,2,sem_dipl,era_split
1980,prevalencia,0,0.2545454545454545,0,0,0.5,war_N1_ge2,war,1,2,sem_dipl,era_split
1981,prevalencia,0,0.2545454545454545,0,0,0.5,war_N1_ge2,war,1,2,sem_dipl,era_split
1982,prevalencia,0,0.2545454545454545,0,0,0.5,war_N1_ge2,war,1,2,sem_dipl,era_split
1983,prevalencia,0,0.2545454545454545,0,0,0.5,war_N1_ge2,war,1,2,sem_dipl,era_split
1984,prevalencia,0,0.2545454545454545,0,0,0.5,war_N1_ge2,war,1,2,sem_dipl,era_split
1985,prevalencia,0,0.2545454545454545,0,0,0.5,war_N1_ge2,war,1,2,sem_dipl,era_split
1986,prevalencia,1,0.2545454545454545,0,0,0.5,war_N1_ge2,war,1,2,sem_dipl,era_split
1987,prevalencia,0,0.2545454545454545,0,0,0.5,war_N1_ge2,war,1,2,sem_dipl,era_split
1988,prevalencia,0,0.2545454545454545,0,0,0.5,war_N1_ge2,war,1,2,sem_dipl,era_split
1989,prevalencia,1,0.2545454545454545,0,0,0.5,war_N1_ge2,war,1,2,sem_dipl,era_split
1990,prevalencia,0,0.2545454545454545,0,0,0.5,war_N1_ge2,war,1,2,sem_dipl,era_split
1991,prevalencia,0,0.2545454545454545,0,0,0.5,war_N1_ge2,war,1,2,sem_dipl,era_split
1992,prevalencia,0,0.2545454545454545,0,0,0.5,war_N1_ge2,war,1,2,sem_dipl,era_split
1993,prevalencia,0,0.2545454545454545,0,0,0.5,war_N1_ge2,war,1,2,sem_dipl,era_split
1994,prevalencia,0,0.2545454545454545,0,0,0.5,war_N1_ge2,war,1,2,sem_dipl,era_split
1995,prevalencia,0,0.2545454545454545,0,0,0.5,war_N1_ge2,war,1,2,sem_dipl,era_split
1996,prevalencia,0,0.2545454545454545,0,0,0.5,war_N1_ge2,war,1,2,sem_dipl,era_split
1997,prevalencia,0,0.2545454545454545,0,0,0.5,war_N1_ge2,war,1,2,sem_dipl,era_split
1998,prevalencia,1,0.2545454545454545,0,0,0.5,war_N1_ge2,war,1,2,sem_dipl,era_split
1999,prevalencia,0,0.2545454545454545,0,0,0.5,war_N1_ge2,war,1,2,sem_dipl,era_split
2000,prevalencia,1,0.2545454545454545,0,0,0.5,war_N1_ge2,war,1,2,sem_dipl,era_split
2001,prevalencia,0,0.2545454545454545,0,0,0.5,war_N1_ge2,war,1,2,sem_dipl,era_split
2002,prevalencia,1,0.2545454545454545,0,0,0.5,war_N1_ge2,war,1,2,sem_dipl,era_split
2003,prevalencia,0,0.2545454545454545,0,0,0.5,war_N1_ge2,war,1,2,sem_dipl,era_split
2004,prevalencia,0,0.2545454545454545,0,0,0.5,war_N1_ge2,war,1,2,sem_dipl,era_split
2005,prevalencia,0,0.2545454545454545,0,0,0.5,war_N1_ge2,war,1,2,sem_dipl,era_split
2006,prevalencia,0,0.2545454545454545,0,0,0.5,war_N1_ge2,war,1,2,sem_dipl,era_split
1933,logreg,0,0.7408199017361647,1,1,0.6241498549359036,war_N3_ge2,war,3,2,completo,walk_forward
1933,rf,0,0.5654783470092946,1,1,0.5479134736790803,war_N3_ge2,war,3,2,completo,walk_forward
1933,xgb,0,0.5164746642112732,1,0,0.665590226650238,war_N3_ge2,war,3,2,completo,walk_forward
1934,logreg,1,0.7637806576568749,1,1,0.6052633689931457,war_N3_ge2,war,3,2,completo,walk_forward
1934,rf,1,0.6472960638348009,1,1,0.5279363572645138,war_N3_ge2,war,3,2,completo,walk_forward
1934,xgb,1,0.7317672371864319,1,1,0.7187877297401428,war_N3_ge2,war,3,2,completo,walk_forward
1935,logreg,1,0.6513712206694469,1,1,0.6254741452471401,war_N3_ge2,war,3,2,completo,walk_forward
1935,rf,1,0.6553549027425087,1,1,0.5706975845450604,war_N3_ge2,war,3,2,completo,walk_forward
1935,xgb,1,0.8438855409622192,1,1,0.7427200675010681,war_N3_ge2,war,3,2,completo,walk_forward
1936,logreg,1,0.8013324781474996,1,1,0.6307460975411869,war_N3_ge2,war,3,2,completo,walk_forward
1936,rf,1,0.6726437610203228,1,1,0.5462840917936481,war_N3_ge2,war,3,2,completo,walk_forward
1936,xgb,1,0.8863314986228943,1,1,0.7605966925621033,war_N3_ge2,war,3,2,completo,walk_forward
1937,logreg,1,0.9748585595552048,1,1,0.641537064261312,war_N3_ge2,war,3,2,completo,walk_forward
1937,rf,1,0.6781508603918516,1,1,0.5444947857642186,war_N3_ge2,war,3,2,completo,walk_forward
1937,xgb,1,0.8772069215774536,1,1,0.7723163366317749,war_N3_ge2,war,3,2,completo,walk_forward
1938,logreg,1,0.9828258119100189,1,1,0.5491643479465903,war_N3_ge2,war,3,2,completo,walk_forward
1938,rf,1,0.5968402012442336,1,1,0.5608359688997321,war_N3_ge2,war,3,2,completo,walk_forward
1938,xgb,1,0.6709926724433899,1,0,0.7746307849884033,war_N3_ge2,war,3,2,completo,walk_forward
1939,logreg,0,0.9999191395612207,1,1,0.5263329130994433,war_N3_ge2,war,3,2,completo,walk_forward
1939,rf,0,0.6751890559413043,1,1,0.5147086973546723,war_N3_ge2,war,3,2,completo,walk_forward
1939,xgb,0,0.9742923974990845,1,1,0.7480491995811462,war_N3_ge2,war,3,2,completo,walk_forward
1940,logreg,0,0.923130429829083,1,1,0.5083173069357594,war_N3_ge2,war,3,2,completo,walk_forward
1940,rf,0,0.42628346229963743,0,0,0.5340214115647934,war_N3_ge2,war,3,2,completo,walk_forward
1940,xgb,0,0.2483704388141632,0,0,0.748360276222229,war_N3_ge2,war,3,2,completo,walk_forward
1941,logreg,0,0.005707756852353393,0,0,0.4982859866288585,war_N3_ge2,war,3,2,completo,walk_forward
1941,rf,0,0.41328932174320715,0,0,0.5265484518024819,war_N3_ge2,war,3,2,completo,walk_forward
1941,xgb,0,0.2558404505252838,0,0,0.7399424314498901,war_N3_ge2,war,3,2,completo,walk_forward
1942,logreg,0,0.03176368595808484,0,0,0.49272870336449015,war_N3_ge2,war,3,2,completo,walk_forward
1942,rf,0,0.4430118146601396,0,0,0.5273797515677039,war_N3_ge2,war,3,2,completo,walk_forward
1942,xgb,0,0.6987150311470032,1,0,0.7078292965888977,war_N3_ge2,war,3,2,completo,walk_forward
1943,logreg,0,2.481308497815454e-06,0,0,0.6029738413391869,war_N3_ge2,war,3,2,completo,walk_forward
1943,rf,0,0.34049868099923963,0,0,0.5214458078255234,war_N3_ge2,war,3,2,completo,walk_forward
1943,xgb,0,0.05673900619149208,0,0,0.7293825745582581,war_N3_ge2,war,3,2,completo,walk_forward
1944,logreg,1,1.0348981697897979e-05,0,0,0.6056868230226157,war_N3_ge2,war,3,2,completo,walk_forward
1944,rf,1,0.21274971705223386,0,0,0.49914996707181,war_N3_ge2,war,3,2,completo,walk_forward
1944,xgb,1,0.029721181839704514,0,0,0.7428112626075745,war_N3_ge2,war,3,2,completo,walk_forward
1945,logreg,1,0.00013968470553284276,0,0,0.6134287932765876,war_N3_ge2,war,3,2,completo,walk_forward
1945,rf,1,0.2110540048932465,0,0,0.5018054902103375,war_N3_ge2,war,3,2,completo,walk_forward
1945,xgb,1,0.014749748632311821,0,0,0.7591242790222168,war_N3_ge2,war,3,2,completo,walk_forward
1946,logreg,1,1.5238130555031898e-06,0,0,0.6198041019183254,war_N3_ge2,war,3,2,completo,walk_forward
1946,rf,1,0.20101090871837077,0,0,0.5116965224708476,war_N3_ge2,war,3,2,completo,walk_forward
1946,xgb,1,0.02908528968691826,0,0,0.7779830098152161,war_N3_ge2,war,3,2,completo,walk_forward
1947,logreg,1,0.001385048377589604,0,0,0.6248356474812781,war_N3_ge2,war,3,2,completo,walk_forward
1947,rf,1,0.2376280153882156,0,0,0.520604857506659,war_N3_ge2,war,3,2,completo,walk_forward
1947,xgb,1,0.15158095955848694,0,0,0.7663858532905579,war_N3_ge2,war,3,2,completo,walk_forward
1948,logreg,1,0.6098735748091462,1,0,0.6519788499534291,war_N3_ge2,war,3,2,completo,walk_forward
1948,rf,1,0.2974230664601001,0,0,0.5353569833405802,war_N3_ge2,war,3,2,completo,walk_forward
1948,xgb,1,0.0763651430606842,0,0,0.7416461706161499,war_N3_ge2,war,3,2,completo,walk_forward
1949,logreg,1,0.04760781878222251,0,0,0.6076380145697431,war_N3_ge2,war,3,2,completo,walk_forward
1949,rf,1,0.33487617450849955,0,0,0.5458798270650437,war_N3_ge2,war,3,2,completo,walk_forward
1949,xgb,1,0.2212042361497879,0,0,0.7801253795623779,war_N3_ge2,war,3,2,completo,walk_forward
1950,logreg,0,0.06250442486638541,0,0,0.43464131612165285,war_N3_ge2,war,3,2,completo,walk_forward
1950,rf,0,0.4102591866966108,0,0,0.5516249965341721,war_N3_ge2,war,3,2,completo,walk_forward
1950,xgb,0,0.2986947298049927,0,0,0.808610737323761,war_N3_ge2,war,3,2,completo,walk_forward
1951,logreg,0,0.1728574845651274,0,0,0.5757005747164667,war_N3_ge2,war,3,2,completo,walk_forward
1951,rf,0,0.4456271354598118,0,0,0.5636197551736134,war_N3_ge2,war,3,2,completo,walk_forward
1951,xgb,0,0.35958433151245117,0,0,0.8067874312400818,war_N3_ge2,war,3,2,completo,walk_forward
1952,logreg,0,0.29407444361927615,0,0,0.569085016484618,war_N3_ge2,war,3,2,completo,walk_forward
1952,rf,0,0.49868041541492386,0,0,0.5474567839703737,war_N3_ge2,war,3,2,completo,walk_forward
1952,xgb,0,0.6943767070770264,1,0,0.8167051672935486,war_N3_ge2,war,3,2,completo,walk_forward
1953,logreg,1,0.32599803020941626,0,0,0.4189559873471509,war_N3_ge2,war,3,2,completo,walk_forward
1953,rf,1,0.5669817564813191,1,0,0.5695421804386852,war_N3_ge2,war,3,2,completo,walk_forward
1953,xgb,1,0.9144469499588013,1,1,0.8076948523521423,war_N3_ge2,war,3,2,completo,walk_forward
1954,logreg,1,0.048551187563292596,0,0,0.42551972907803104,war_N3_ge2,war,3,2,completo,walk_forward
1954,rf,1,0.3891337594397569,0,0,0.5561407024888824,war_N3_ge2,war,3,2,completo,walk_forward
1954,xgb,1,0.20205333828926086,0,0,0.8238798379898071,war_N3_ge2,war,3,2,completo,walk_forward
1955,logreg,1,0.001177133055599084,0,0,0.4495486704728703,war_N3_ge2,war,3,2,completo,walk_forward
1955,rf,1,0.3288802476445285,0,0,0.5511503324279182,war_N3_ge2,war,3,2,completo,walk_forward
1955,xgb,1,0.05356874689459801,0,0,0.8294951915740967,war_N3_ge2,war,3,2,completo,walk_forward
1956,logreg,1,0.11500037003477996,0,0,0.46788352473332856,war_N3_ge2,war,3,2,completo,walk_forward
1956,rf,1,0.38725626455257056,0,0,0.5677765618503912,war_N3_ge2,war,3,2,completo,walk_forward
1956,xgb,1,0.36849650740623474,0,0,0.8369877338409424,war_N3_ge2,war,3,2,completo,walk_forward
1957,logreg,0,0.1846643109106954,0,0,0.4368604282998921,war_N3_ge2,war,3,2,completo,walk_forward
1957,rf,0,0.3513316308105053,0,0,0.46900411751107923,war_N3_ge2,war,3,2,completo,walk_forward
1957,xgb,0,0.06449209153652191,0,0,0.8266544342041016,war_N3_ge2,war,3,2,completo,walk_forward
1958,logreg,0,0.9444191299456279,1,1,0.5113545172879546,war_N3_ge2,war,3,2,completo,walk_forward
1958,rf,0,0.49281029494393286,0,0,0.49338052519568104,war_N3_ge2,war,3,2,completo,walk_forward
1958,xgb,0,0.5956101417541504,1,0,0.8147773146629333,war_N3_ge2,war,3,2,completo,walk_forward
1959,logreg,1,0.9699174980097023,1,1,0.5069630475116216,war_N3_ge2,war,3,2,completo,walk_forward
1959,rf,1,0.5120781196079564,1,1,0.48977389783157615,war_N3_ge2,war,3,2,completo,walk_forward
1959,xgb,1,0.7963613867759705,1,0,0.800599217414856,war_N3_ge2,war,3,2,completo,walk_forward
1960,logreg,1,0.003505716316901238,0,0,0.5053665051347827,war_N3_ge2,war,3,2,completo,walk_forward
1960,rf,1,0.4970144125101208,0,0,0.5145233548967191,war_N3_ge2,war,3,2,completo,walk_forward
1960,xgb,1,0.1779770702123642,0,0,0.8069350719451904,war_N3_ge2,war,3,2,completo,walk_forward
1961,logreg,1,0.9734254218573671,1,1,0.4977266982343151,war_N3_ge2,war,3,2,completo,walk_forward
1961,rf,1,0.5314909855058012,1,1,0.4941641418527045,war_N3_ge2,war,3,2,completo,walk_forward
1961,xgb,1,0.8828817009925842,1,1,0.8057076930999756,war_N3_ge2,war,3,2,completo,walk_forward
1962,logreg,1,0.7233303036274739,1,1,0.5495906593512552,war_N3_ge2,war,3,2,completo,walk_forward
1962,rf,1,0.45042172617202275,0,0,0.476677281386305,war_N3_ge2,war,3,2,completo,walk_forward
1962,xgb,1,0.3586989939212799,0,0,0.813200056552887,war_N3_ge2,war,3,2,completo,walk_forward
1963,logreg,1,0.7079133887747608,1,1,0.5242837607848008,war_N3_ge2,war,3,2,completo,walk_forward
1963,rf,1,0.5390920905594041,1,1,0.5317060222906388,war_N3_ge2,war,3,2,completo,walk_forward
1963,xgb,1,0.5753320455551147,1,0,0.811623752117157,war_N3_ge2,war,3,2,completo,walk_forward
1964,logreg,1,0.8831369126625076,1,1,0.4179723167991856,war_N3_ge2,war,3,2,completo,walk_forward
1964,rf,1,0.5595346189616969,1,1,0.5177231332393358,war_N3_ge2,war,3,2,completo,walk_forward
1964,xgb,1,0.7128604054450989,1,0,0.8196067810058594,war_N3_ge2,war,3,2,completo,walk_forward
1965,logreg,0,0.994253249199946,1,1,0.4147814032295249,war_N3_ge2,war,3,2,completo,walk_forward
1965,rf,0,0.6532086822731482,1,1,0.49936416592532784,war_N3_ge2,war,3,2,completo,walk_forward
1965,xgb,0,0.9243377447128296,1,1,0.8280524611473083,war_N3_ge2,war,3,2,completo,walk_forward
1966,logreg,0,0.8810425867276163,1,1,0.4510188172547437,war_N3_ge2,war,3,2,completo,walk_forward
1966,rf,0,0.5361901893427607,1,1,0.5071560127048349,war_N3_ge2,war,3,2,completo,walk_forward
1966,xgb,0,0.7947207093238831,1,0,0.8148454427719116,war_N3_ge2,war,3,2,completo,walk_forward
1967,logreg,0,0.9612865549092335,1,1,0.4357962352276599,war_N3_ge2,war,3,2,completo,walk_forward
1967,rf,0,0.6917769545113369,1,1,0.5165927416699978,war_N3_ge2,war,3,2,completo,walk_forward
1967,xgb,0,0.9721443057060242,1,1,0.8026692271232605,war_N3_ge2,war,3,2,completo,walk_forward
1968,logreg,0,0.9136152193144323,1,1,0.4321762280820748,war_N3_ge2,war,3,2,completo,walk_forward
1968,rf,0,0.6657122565273363,1,1,0.5354608524047094,war_N3_ge2,war,3,2,completo,walk_forward
1968,xgb,0,0.7961593270301819,1,1,0.7888436317443848,war_N3_ge2,war,3,2,completo,walk_forward
1969,logreg,0,0.8628221119968286,1,1,0.4500244699795958,war_N3_ge2,war,3,2,completo,walk_forward
1969,rf,0,0.6029511575370194,1,1,0.5134948685934474,war_N3_ge2,war,3,2,completo,walk_forward
1969,xgb,0,0.8477187156677246,1,1,0.8159405589103699,war_N3_ge2,war,3,2,completo,walk_forward
1970,logreg,0,0.5995295059699997,1,1,0.4651686360814099,war_N3_ge2,war,3,2,completo,walk_forward
1970,rf,0,0.579320958664137,1,1,0.49898899666841307,war_N3_ge2,war,3,2,completo,walk_forward
1970,xgb,0,0.8194729685783386,1,0,0.8332997560501099,war_N3_ge2,war,3,2,completo,walk_forward
1971,logreg,0,0.33451999259047727,0,0,0.39799467612774564,war_N3_ge2,war,3,2,completo,walk_forward
1971,rf,0,0.4776391944530401,0,0,0.5634547229651923,war_N3_ge2,war,3,2,completo,walk_forward
1971,xgb,0,0.1939670592546463,0,0,0.836264431476593,war_N3_ge2,war,3,2,completo,walk_forward
1972,logreg,0,0.5688062257335208,1,1,0.3785835526809238,war_N3_ge2,war,3,2,completo,walk_forward
1972,rf,0,0.5169616877915965,1,0,0.5408737170845083,war_N3_ge2,war,3,2,completo,walk_forward
1972,xgb,0,0.3615470826625824,0,0,0.8511020541191101,war_N3_ge2,war,3,2,completo,walk_forward
1973,logreg,0,0.7069777430408773,1,1,0.5045532686678621,war_N3_ge2,war,3,2,completo,walk_forward
1973,rf,0,0.5176506746597984,1,0,0.5369348001298807,war_N3_ge2,war,3,2,completo,walk_forward
1973,xgb,0,0.6629890203475952,1,0,0.8445525765419006,war_N3_ge2,war,3,2,completo,walk_forward
1974,logreg,0,0.1760911457906812,0,0,0.40635925353629715,war_N3_ge2,war,3,2,completo,walk_forward
1974,rf,0,0.43702660636051344,0,0,0.4796709997363618,war_N3_ge2,war,3,2,completo,walk_forward
1974,xgb,0,0.25566449761390686,0,0,0.8414456248283386,war_N3_ge2,war,3,2,completo,walk_forward
1975,logreg,0,0.06684971119443253,0,0,0.4869175842902375,war_N3_ge2,war,3,2,completo,walk_forward
1975,rf,0,0.42943106666467823,0,0,0.4877456230566005,war_N3_ge2,war,3,2,completo,walk_forward
1975,xgb,0,0.09711721539497375,0,0,0.8396429419517517,war_N3_ge2,war,3,2,completo,walk_forward
1976,logreg,0,0.10139988600960216,0,0,0.40801711480796493,war_N3_ge2,war,3,2,completo,walk_forward
1976,rf,0,0.4249055380702311,0,0,0.4950057620538392,war_N3_ge2,war,3,2,completo,walk_forward
1976,xgb,0,0.20269279181957245,0,0,0.8542467951774597,war_N3_ge2,war,3,2,completo,walk_forward
1977,logreg,0,0.13134139458866012,0,0,0.5011512944043288,war_N3_ge2,war,3,2,completo,walk_forward
1977,rf,0,0.32111977911519507,0,0,0.495966247449879,war_N3_ge2,war,3,2,completo,walk_forward
1977,xgb,0,0.04175110533833504,0,0,0.8539472222328186,war_N3_ge2,war,3,2,completo,walk_forward
1978,logreg,0,0.032055883199408386,0,0,0.5093301694768262,war_N3_ge2,war,3,2,completo,walk_forward
1978,rf,0,0.29424298921581477,0,0,0.5019210958401142,war_N3_ge2,war,3,2,completo,walk_forward
1978,xgb,0,0.08968678116798401,0,0,0.8539667725563049,war_N3_ge2,war,3,2,completo,walk_forward
1979,logreg,0,0.036970717572381684,0,0,0.5160737103665443,war_N3_ge2,war,3,2,completo,walk_forward
1979,rf,0,0.23799505266866008,0,0,0.5036719063736127,war_N3_ge2,war,3,2,completo,walk_forward
1979,xgb,0,0.027404913678765297,0,0,0.8524065017700195,war_N3_ge2,war,3,2,completo,walk_forward
1980,logreg,0,0.051586439501738496,0,0,0.523553953968555,war_N3_ge2,war,3,2,completo,walk_forward
1980,rf,0,0.46822977270217236,0,0,0.5035860610845331,war_N3_ge2,war,3,2,completo,walk_forward
1980,xgb,0,0.11356960237026215,0,0,0.8460854291915894,war_N3_ge2,war,3,2,completo,walk_forward
1981,logreg,0,0.5593364729622952,1,1,0.530568969390508,war_N3_ge2,war,3,2,completo,walk_forward
1981,rf,0,0.3841822243339393,0,0,0.5019048039731616,war_N3_ge2,war,3,2,completo,walk_forward
1981,xgb,0,0.10179668664932251,0,0,0.857417106628418,war_N3_ge2,war,3,2,completo,walk_forward
1982,logreg,0,0.3760075312490326,0,0,0.5356120717695323,war_N3_ge2,war,3,2,completo,walk_forward
1982,rf,0,0.4346217180012316,0,0,0.5072998574002956,war_N3_ge2,war,3,2,completo,walk_forward
1982,xgb,0,0.11190308630466461,0,0,0.8564563393592834,war_N3_ge2,war,3,2,completo,walk_forward
1983,logreg,0,0.18499540014989907,0,0,0.5409907612525044,war_N3_ge2,war,3,2,completo,walk_forward
1983,rf,0,0.41094080372410874,0,0,0.5119162571760812,war_N3_ge2,war,3,2,completo,walk_forward
1983,xgb,0,0.11014895886182785,0,0,0.8555755019187927,war_N3_ge2,war,3,2,completo,walk_forward
1984,logreg,1,0.10145847206425998,0,0,0.5422352614226343,war_N3_ge2,war,3,2,completo,walk_forward
1984,rf,1,0.3993286136045274,0,0,0.5157104437357044,war_N3_ge2,war,3,2,completo,walk_forward
1984,xgb,1,0.08553553372621536,0,0,0.8599957227706909,war_N3_ge2,war,3,2,completo,walk_forward
1985,logreg,1,0.01859492170814755,0,0,0.555682484891787,war_N3_ge2,war,3,2,completo,walk_forward
1985,rf,1,0.451431322553336,0,0,0.5162019601882646,war_N3_ge2,war,3,2,completo,walk_forward
1985,xgb,1,0.2971512973308563,0,0,0.8616828918457031,war_N3_ge2,war,3,2,completo,walk_forward
1986,logreg,1,0.05458848224094747,0,0,0.5795186913992618,war_N3_ge2,war,3,2,completo,walk_forward
1986,rf,1,0.3842548160136914,0,0,0.5198933056343912,war_N3_ge2,war,3,2,completo,walk_forward
1986,xgb,1,0.03312018886208534,0,0,0.8756828904151917,war_N3_ge2,war,3,2,completo,walk_forward
1987,logreg,1,0.23933862997840455,0,0,0.55340304697966,war_N3_ge2,war,3,2,completo,walk_forward
1987,rf,1,0.3437828458089609,0,0,0.517344921165853,war_N3_ge2,war,3,2,completo,walk_forward
1987,xgb,1,0.1737394481897354,0,0,0.8772683143615723,war_N3_ge2,war,3,2,completo,walk_forward
1988,logreg,1,0.37100265938044946,0,0,0.5403713439036919,war_N3_ge2,war,3,2,completo,walk_forward
1988,rf,1,0.5542208937647317,1,1,0.49857931388196547,war_N3_ge2,war,3,2,completo,walk_forward
1988,xgb,1,0.7560539841651917,1,0,0.8776327967643738,war_N3_ge2,war,3,2,completo,walk_forward
1989,logreg,1,0.7807546871074615,1,1,0.5986240508199522,war_N3_ge2,war,3,2,completo,walk_forward
1989,rf,1,0.5192630102023934,1,1,0.5047125677599713,war_N3_ge2,war,3,2,completo,walk_forward
1989,xgb,1,0.5724492073059082,1,0,0.8739621043205261,war_N3_ge2,war,3,2,completo,walk_forward
1990,logreg,0,0.21010650220575106,0,0,0.5895106464275022,war_N3_ge2,war,3,2,completo,walk_forward
1990,rf,0,0.41989184120051115,0,0,0.5006337689852414,war_N3_ge2,war,3,2,completo,walk_forward
1990,xgb,0,0.2936166524887085,0,0,0.8802241086959839,war_N3_ge2,war,3,2,completo,walk_forward
1991,logreg,0,0.0531916617487115,0,0,0.5870926197088534,war_N3_ge2,war,3,2,completo,walk_forward
1991,rf,0,0.4579600288237604,0,0,0.4959294152908193,war_N3_ge2,war,3,2,completo,walk_forward
1991,xgb,0,0.8511185050010681,1,0,0.8833439946174622,war_N3_ge2,war,3,2,completo,walk_forward
1992,logreg,0,0.11240190109753984,0,0,0.5804521062133899,war_N3_ge2,war,3,2,completo,walk_forward
1992,rf,0,0.4431186684888581,0,0,0.5088990032504033,war_N3_ge2,war,3,2,completo,walk_forward
1992,xgb,0,0.3432537019252777,0,0,0.8767125010490417,war_N3_ge2,war,3,2,completo,walk_forward
1993,logreg,0,0.2894195160842327,0,0,0.5785152676629737,war_N3_ge2,war,3,2,completo,walk_forward
1993,rf,0,0.4969395239971911,0,0,0.5043567214343055,war_N3_ge2,war,3,2,completo,walk_forward
1993,xgb,0,0.4115821123123169,0,0,0.8736151456832886,war_N3_ge2,war,3,2,completo,walk_forward
1994,logreg,0,0.11632997269346869,0,0,0.5802610911542577,war_N3_ge2,war,3,2,completo,walk_forward
1994,rf,0,0.3746743674576295,0,0,0.5135772563593851,war_N3_ge2,war,3,2,completo,walk_forward
1994,xgb,0,0.15262526273727417,0,0,0.8835572004318237,war_N3_ge2,war,3,2,completo,walk_forward
1995,logreg,0,0.07021614579505156,0,0,0.5839432459532882,war_N3_ge2,war,3,2,completo,walk_forward
1995,rf,0,0.38503262039165415,0,0,0.49605620901184133,war_N3_ge2,war,3,2,completo,walk_forward
1995,xgb,0,0.19102352857589722,0,0,0.8825865387916565,war_N3_ge2,war,3,2,completo,walk_forward
1996,logreg,1,0.07951854511991255,0,0,0.5922373572868344,war_N3_ge2,war,3,2,completo,walk_forward
1996,rf,1,0.36315234923317835,0,0,0.49349120777649624,war_N3_ge2,war,3,2,completo,walk_forward
1996,xgb,1,0.10290005803108215,0,0,0.8827856779098511,war_N3_ge2,war,3,2,completo,walk_forward
1997,logreg,1,0.07308480547053549,0,0,0.6038703472495983,war_N3_ge2,war,3,2,completo,walk_forward
1997,rf,1,0.36155162610323704,0,0,0.48761663281618184,war_N3_ge2,war,3,2,completo,walk_forward
1997,xgb,1,0.1577732115983963,0,0,0.883592963218689,war_N3_ge2,war,3,2,completo,walk_forward
1998,logreg,1,0.017384645737577985,0,0,0.605751016732647,war_N3_ge2,war,3,2,completo,walk_forward
1998,rf,1,0.20500973411080542,0,0,0.4894178614599011,war_N3_ge2,war,3,2,completo,walk_forward
1998,xgb,1,0.019658999517560005,0,0,0.8912101984024048,war_N3_ge2,war,3,2,completo,walk_forward
1999,logreg,1,0.10067025006782505,0,0,0.6103078271685664,war_N3_ge2,war,3,2,completo,walk_forward
1999,rf,1,0.2319830346638807,0,0,0.5062452570059447,war_N3_ge2,war,3,2,completo,walk_forward
1999,xgb,1,0.07233013957738876,0,0,0.8851983547210693,war_N3_ge2,war,3,2,completo,walk_forward
2000,logreg,1,0.41108552661161496,0,0,0.42795915775074694,war_N3_ge2,war,3,2,completo,walk_forward
2000,rf,1,0.3321667701421916,0,0,0.496152888604203,war_N3_ge2,war,3,2,completo,walk_forward
2000,xgb,1,0.49176672101020813,0,0,0.8601912260055542,war_N3_ge2,war,3,2,completo,walk_forward
2001,logreg,1,0.39998381816729356,0,0,0.4010198101819505,war_N3_ge2,war,3,2,completo,walk_forward
2001,rf,1,0.33778696659744745,0,0,0.5102158814024622,war_N3_ge2,war,3,2,completo,walk_forward
2001,xgb,1,0.36060842871665955,0,0,0.8723981380462646,war_N3_ge2,war,3,2,completo,walk_forward
2002,logreg,1,0.17449614237567113,0,0,0.42880155382644786,war_N3_ge2,war,3,2,completo,walk_forward
2002,rf,1,0.35078428731477707,0,0,0.4814645201775984,war_N3_ge2,war,3,2,completo,walk_forward
2002,xgb,1,0.3011493980884552,0,0,0.8666563034057617,war_N3_ge2,war,3,2,completo,walk_forward
2003,logreg,0,0.24489691096535857,0,0,0.42939981205175787,war_N3_ge2,war,3,2,completo,walk_forward
2003,rf,0,0.4639071602911344,0,0,0.5184210825349168,war_N3_ge2,war,3,2,completo,walk_forward
2003,xgb,0,0.35524341464042664,0,0,0.8716496229171753,war_N3_ge2,war,3,2,completo,walk_forward
2004,logreg,0,0.5480393345270335,1,1,0.441161087431181,war_N3_ge2,war,3,2,completo,walk_forward
2004,rf,0,0.5504951690655941,1,1,0.5309288671671416,war_N3_ge2,war,3,2,completo,walk_forward
2004,xgb,0,0.9308637380599976,1,1,0.8682026863098145,war_N3_ge2,war,3,2,completo,walk_forward
1933,prevalencia,0,0.625,1,1,0.5,war_N3_ge2,war,3,2,completo,walk_forward
1933,persistencia,0,0.0,0,0,0.5,war_N3_ge2,war,3,2,completo,walk_forward
1933,persistencia_purgada,0,1.0,1,1,0.5,war_N3_ge2,war,3,2,completo,walk_forward
1934,prevalencia,1,0.6341463414634146,1,1,0.5,war_N3_ge2,war,3,2,completo,walk_forward
1934,persistencia,1,0.0,0,0,0.5,war_N3_ge2,war,3,2,completo,walk_forward
1934,persistencia_purgada,1,1.0,1,1,0.5,war_N3_ge2,war,3,2,completo,walk_forward
1935,prevalencia,1,0.6190476190476191,1,1,0.5,war_N3_ge2,war,3,2,completo,walk_forward
1935,persistencia,1,1.0,1,1,0.5,war_N3_ge2,war,3,2,completo,walk_forward
1935,persistencia_purgada,1,0.0,0,0,0.5,war_N3_ge2,war,3,2,completo,walk_forward
1936,prevalencia,1,0.6046511627906976,1,1,0.5,war_N3_ge2,war,3,2,completo,walk_forward
1936,persistencia,1,1.0,1,1,0.5,war_N3_ge2,war,3,2,completo,walk_forward
1936,persistencia_purgada,1,0.0,0,0,0.5,war_N3_ge2,war,3,2,completo,walk_forward
1937,prevalencia,1,0.5909090909090909,1,1,0.5,war_N3_ge2,war,3,2,completo,walk_forward
1937,persistencia,1,1.0,1,1,0.5,war_N3_ge2,war,3,2,completo,walk_forward
1937,persistencia_purgada,1,0.0,0,0,0.5,war_N3_ge2,war,3,2,completo,walk_forward
1938,prevalencia,1,0.6,1,1,0.5,war_N3_ge2,war,3,2,completo,walk_forward
1938,persistencia,1,1.0,1,1,0.5,war_N3_ge2,war,3,2,completo,walk_forward
1938,persistencia_purgada,1,1.0,1,1,0.5,war_N3_ge2,war,3,2,completo,walk_forward
1939,prevalencia,0,0.6086956521739131,1,1,0.5,war_N3_ge2,war,3,2,completo,walk_forward
1939,persistencia,0,1.0,1,1,0.5,war_N3_ge2,war,3,2,completo,walk_forward
1939,persistencia_purgada,0,1.0,1,1,0.5,war_N3_ge2,war,3,2,completo,walk_forward
1940,prevalencia,0,0.6170212765957447,1,1,0.5,war_N3_ge2,war,3,2,completo,walk_forward
1940,persistencia,0,0.0,0,0,0.5,war_N3_ge2,war,3,2,completo,walk_forward
1940,persistencia_purgada,0,1.0,1,1,0.5,war_N3_ge2,war,3,2,completo,walk_forward
1941,prevalencia,0,0.625,1,1,0.5,war_N3_ge2,war,3,2,completo,walk_forward
1941,persistencia,0,0.0,0,0,0.5,war_N3_ge2,war,3,2,completo,walk_forward
1941,persistencia_purgada,0,1.0,1,1,0.5,war_N3_ge2,war,3,2,completo,walk_forward
1942,prevalencia,0,0.6326530612244898,1,1,0.5,war_N3_ge2,war,3,2,completo,walk_forward
1942,persistencia,0,0.0,0,0,0.5,war_N3_ge2,war,3,2,completo,walk_forward
1942,persistencia_purgada,0,1.0,1,1,0.5,war_N3_ge2,war,3,2,completo,walk_forward
1943,prevalencia,0,0.62,1,1,0.5,war_N3_ge2,war,3,2,completo,walk_forward
1943,persistencia,0,0.0,0,0,0.5,war_N3_ge2,war,3,2,completo,walk_forward
1943,persistencia_purgada,0,0.0,0,0,0.5,war_N3_ge2,war,3,2,completo,walk_forward
1944,prevalencia,1,0.6078431372549019,1,1,0.5,war_N3_ge2,war,3,2,completo,walk_forward
1944,persistencia,1,0.0,0,0,0.5,war_N3_ge2,war,3,2,completo,walk_forward
1944,persistencia_purgada,1,0.0,0,0,0.5,war_N3_ge2,war,3,2,completo,walk_forward
1945,prevalencia,1,0.5961538461538461,1,1,0.5,war_N3_ge2,war,3,2,completo,walk_forward
1945,persistencia,1,1.0,1,1,0.5,war_N3_ge2,war,3,2,completo,walk_forward
1945,persistencia_purgada,1,0.0,0,0,0.5,war_N3_ge2,war,3,2,completo,walk_forward
1946,prevalencia,1,0.5849056603773585,1,1,0.5,war_N3_ge2,war,3,2,completo,walk_forward
1946,persistencia,1,1.0,1,1,0.5,war_N3_ge2,war,3,2,completo,walk_forward
1946,persistencia_purgada,1,0.0,0,0,0.5,war_N3_ge2,war,3,2,completo,walk_forward
1947,prevalencia,1,0.5740740740740741,1,1,0.5,war_N3_ge2,war,3,2,completo,walk_forward
1947,persistencia,1,1.0,1,1,0.5,war_N3_ge2,war,3,2,completo,walk_forward
1947,persistencia_purgada,1,0.0,0,0,0.5,war_N3_ge2,war,3,2,completo,walk_forward
1948,prevalencia,1,0.5818181818181818,1,1,0.5,war_N3_ge2,war,3,2,completo,walk_forward
1948,persistencia,1,1.0,1,1,0.5,war_N3_ge2,war,3,2,completo,walk_forward
1948,persistencia_purgada,1,1.0,1,1,0.5,war_N3_ge2,war,3,2,completo,walk_forward
1949,prevalencia,1,0.5892857142857143,1,1,0.5,war_N3_ge2,war,3,2,completo,walk_forward
1949,persistencia,1,1.0,1,1,0.5,war_N3_ge2,war,3,2,completo,walk_forward
1949,persistencia_purgada,1,1.0,1,1,0.5,war_N3_ge2,war,3,2,completo,walk_forward
1950,prevalencia,0,0.5964912280701754,1,1,0.5,war_N3_ge2,war,3,2,completo,walk_forward
1950,persistencia,0,1.0,1,1,0.5,war_N3_ge2,war,3,2,completo,walk_forward
1950,persistencia_purgada,0,1.0,1,1,0.5,war_N3_ge2,war,3,2,completo,walk_forward
1951,prevalencia,0,0.603448275862069,1,1,0.5,war_N3_ge2,war,3,2,completo,walk_forward
1951,persistencia,0,0.0,0,0,0.5,war_N3_ge2,war,3,2,completo,walk_forward
1951,persistencia_purgada,0,1.0,1,1,0.5,war_N3_ge2,war,3,2,completo,walk_forward
1952,prevalencia,0,0.6101694915254238,1,1,0.5,war_N3_ge2,war,3,2,completo,walk_forward
1952,persistencia,0,0.0,0,0,0.5,war_N3_ge2,war,3,2,completo,walk_forward
1952,persistencia_purgada,0,1.0,1,1,0.5,war_N3_ge2,war,3,2,completo,walk_forward
1953,prevalencia,1,0.6166666666666667,1,1,0.5,war_N3_ge2,war,3,2,completo,walk_forward
1953,persistencia,1,0.0,0,0,0.5,war_N3_ge2,war,3,2,completo,walk_forward
1953,persistencia_purgada,1,1.0,1,1,0.5,war_N3_ge2,war,3,2,completo,walk_forward
1954,prevalencia,1,0.6065573770491803,1,1,0.5,war_N3_ge2,war,3,2,completo,walk_forward
1954,persistencia,1,1.0,1,1,0.5,war_N3_ge2,war,3,2,completo,walk_forward
1954,persistencia_purgada,1,0.0,0,0,0.5,war_N3_ge2,war,3,2,completo,walk_forward
1955,prevalencia,1,0.5967741935483871,1,1,0.5,war_N3_ge2,war,3,2,completo,walk_forward
1955,persistencia,1,1.0,1,1,0.5,war_N3_ge2,war,3,2,completo,walk_forward
1955,persistencia_purgada,1,0.0,0,0,0.5,war_N3_ge2,war,3,2,completo,walk_forward
1956,prevalencia,1,0.5873015873015873,1,1,0.5,war_N3_ge2,war,3,2,completo,walk_forward
1956,persistencia,1,1.0,1,1,0.5,war_N3_ge2,war,3,2,completo,walk_forward
1956,persistencia_purgada,1,0.0,0,0,0.5,war_N3_ge2,war,3,2,completo,walk_forward
1957,prevalencia,0,0.59375,1,1,0.5,war_N3_ge2,war,3,2,completo,walk_forward
1957,persistencia,0,1.0,1,1,0.5,war_N3_ge2,war,3,2,completo,walk_forward
1957,persistencia_purgada,0,1.0,1,1,0.5,war_N3_ge2,war,3,2,completo,walk_forward
1958,prevalencia,0,0.6,1,1,0.5,war_N3_ge2,war,3,2,completo,walk_forward
1958,persistencia,0,0.0,0,0,0.5,war_N3_ge2,war,3,2,completo,walk_forward
1958,persistencia_purgada,0,1.0,1,1,0.5,war_N3_ge2,war,3,2,completo,walk_forward
1959,prevalencia,1,0.6060606060606061,1,1,0.5,war_N3_ge2,war,3,2,completo,walk_forward
1959,persistencia,1,0.0,0,0,0.5,war_N3_ge2,war,3,2,completo,walk_forward
1959,persistencia_purgada,1,1.0,1,1,0.5,war_N3_ge2,war,3,2,completo,walk_forward
1960,prevalencia,1,0.6119402985074627,1,1,0.5,war_N3_ge2,war,3,2,completo,walk_forward
1960,persistencia,1,1.0,1,1,0.5,war_N3_ge2,war,3,2,completo,walk_forward
1960,persistencia_purgada,1,1.0,1,1,0.5,war_N3_ge2,war,3,2,completo,walk_forward
1961,prevalencia,1,0.6029411764705882,1,1,0.5,war_N3_ge2,war,3,2,completo,walk_forward
1961,persistencia,1,1.0,1,1,0.5,war_N3_ge2,war,3,2,completo,walk_forward
1961,persistencia_purgada,1,0.0,0,0,0.5,war_N3_ge2,war,3,2,completo,walk_forward
1962,prevalencia,1,0.5942028985507246,1,1,0.5,war_N3_ge2,war,3,2,completo,walk_forward
1962,persistencia,1,1.0,1,1,0.5,war_N3_ge2,war,3,2,completo,walk_forward
1962,persistencia_purgada,1,0.0,0,0,0.5,war_N3_ge2,war,3,2,completo,walk_forward
1963,prevalencia,1,0.6,1,1,0.5,war_N3_ge2,war,3,2,completo,walk_forward
1963,persistencia,1,1.0,1,1,0.5,war_N3_ge2,war,3,2,completo,walk_forward
1963,persistencia_purgada,1,1.0,1,1,0.5,war_N3_ge2,war,3,2,completo,walk_forward
1964,prevalencia,1,0.6056338028169014,1,1,0.5,war_N3_ge2,war,3,2,completo,walk_forward
1964,persistencia,1,1.0,1,1,0.5,war_N3_ge2,war,3,2,completo,walk_forward
1964,persistencia_purgada,1,1.0,1,1,0.5,war_N3_ge2,war,3,2,completo,walk_forward
1965,prevalencia,0,0.6111111111111112,1,1,0.5,war_N3_ge2,war,3,2,completo,walk_forward
1965,persistencia,0,1.0,1,1,0.5,war_N3_ge2,war,3,2,completo,walk_forward
1965,persistencia_purgada,0,1.0,1,1,0.5,war_N3_ge2,war,3,2,completo,walk_forward
1966,prevalencia,0,0.6164383561643836,1,1,0.5,war_N3_ge2,war,3,2,completo,walk_forward
1966,persistencia,0,0.0,0,0,0.5,war_N3_ge2,war,3,2,completo,walk_forward
1966,persistencia_purgada,0,1.0,1,1,0.5,war_N3_ge2,war,3,2,completo,walk_forward
1967,prevalencia,0,0.6216216216216216,1,1,0.5,war_N3_ge2,war,3,2,completo,walk_forward
1967,persistencia,0,0.0,0,0,0.5,war_N3_ge2,war,3,2,completo,walk_forward
1967,persistencia_purgada,0,1.0,1,1,0.5,war_N3_ge2,war,3,2,completo,walk_forward
1968,prevalencia,0,0.6266666666666667,1,1,0.5,war_N3_ge2,war,3,2,completo,walk_forward
1968,persistencia,0,0.0,0,0,0.5,war_N3_ge2,war,3,2,completo,walk_forward
1968,persistencia_purgada,0,1.0,1,1,0.5,war_N3_ge2,war,3,2,completo,walk_forward
1969,prevalencia,0,0.618421052631579,1,1,0.5,war_N3_ge2,war,3,2,completo,walk_forward
1969,persistencia,0,0.0,0,0,0.5,war_N3_ge2,war,3,2,completo,walk_forward
1969,persistencia_purgada,0,0.0,0,0,0.5,war_N3_ge2,war,3,2,completo,walk_forward
1970,prevalencia,0,0.6103896103896104,1,1,0.5,war_N3_ge2,war,3,2,completo,walk_forward
1970,persistencia,0,0.0,0,0,0.5,war_N3_ge2,war,3,2,completo,walk_forward
1970,persistencia_purgada,0,0.0,0,0,0.5,war_N3_ge2,war,3,2,completo,walk_forward
1971,prevalencia,0,0.6025641025641025,1,1,0.5,war_N3_ge2,war,3,2,completo,walk_forward
1971,persistencia,0,0.0,0,0,0.5,war_N3_ge2,war,3,2,completo,walk_forward
1971,persistencia_purgada,0,0.0,0,0,0.5,war_N3_ge2,war,3,2,completo,walk_forward
1972,prevalencia,0,0.5949367088607594,1,1,0.5,war_N3_ge2,war,3,2,completo,walk_forward
1972,persistencia,0,0.0,0,0,0.5,war_N3_ge2,war,3,2,completo,walk_forward
1972,persistencia_purgada,0,0.0,0,0,0.5,war_N3_ge2,war,3,2,completo,walk_forward
1973,prevalencia,0,0.5875,1,1,0.5,war_N3_ge2,war,3,2,completo,walk_forward
1973,persistencia,0,0.0,0,0,0.5,war_N3_ge2,war,3,2,completo,walk_forward
1973,persistencia_purgada,0,0.0,0,0,0.5,war_N3_ge2,war,3,2,completo,walk_forward
1974,prevalencia,0,0.5802469135802469,1,1,0.5,war_N3_ge2,war,3,2,completo,walk_forward
1974,persistencia,0,0.0,0,0,0.5,war_N3_ge2,war,3,2,completo,walk_forward
1974,persistencia_purgada,0,0.0,0,0,0.5,war_N3_ge2,war,3,2,completo,walk_forward
1975,prevalencia,0,0.573170731707317,1,1,0.5,war_N3_ge2,war,3,2,completo,walk_forward
1975,persistencia,0,0.0,0,0,0.5,war_N3_ge2,war,3,2,completo,walk_forward
1975,persistencia_purgada,0,0.0,0,0,0.5,war_N3_ge2,war,3,2,completo,walk_forward
1976,prevalencia,0,0.5662650602409639,1,1,0.5,war_N3_ge2,war,3,2,completo,walk_forward
1976,persistencia,0,0.0,0,0,0.5,war_N3_ge2,war,3,2,completo,walk_forward
1976,persistencia_purgada,0,0.0,0,0,0.5,war_N3_ge2,war,3,2,completo,walk_forward
1977,prevalencia,0,0.5595238095238095,1,1,0.5,war_N3_ge2,war,3,2,completo,walk_forward
1977,persistencia,0,0.0,0,0,0.5,war_N3_ge2,war,3,2,completo,walk_forward
1977,persistencia_purgada,0,0.0,0,0,0.5,war_N3_ge2,war,3,2,completo,walk_forward
1978,prevalencia,0,0.5529411764705883,1,1,0.5,war_N3_ge2,war,3,2,completo,walk_forward
1978,persistencia,0,0.0,0,0,0.5,war_N3_ge2,war,3,2,completo,walk_forward
1978,persistencia_purgada,0,0.0,0,0,0.5,war_N3_ge2,war,3,2,completo,walk_forward
1979,prevalencia,0,0.5465116279069767,1,1,0.5,war_N3_ge2,war,3,2,completo,walk_forward
1979,persistencia,0,0.0,0,0,0.5,war_N3_ge2,war,3,2,completo,walk_forward
1979,persistencia_purgada,0,0.0,0,0,0.5,war_N3_ge2,war,3,2,completo,walk_forward
1980,prevalencia,0,0.5402298850574713,1,1,0.5,war_N3_ge2,war,3,2,completo,walk_forward
1980,persistencia,0,0.0,0,0,0.5,war_N3_ge2,war,3,2,completo,walk_forward
1980,persistencia_purgada,0,0.0,0,0,0.5,war_N3_ge2,war,3,2,completo,walk_forward
1981,prevalencia,0,0.5340909090909091,1,1,0.5,war_N3_ge2,war,3,2,completo,walk_forward
1981,persistencia,0,0.0,0,0,0.5,war_N3_ge2,war,3,2,completo,walk_forward
1981,persistencia_purgada,0,0.0,0,0,0.5,war_N3_ge2,war,3,2,completo,walk_forward
1982,prevalencia,0,0.5280898876404494,1,1,0.5,war_N3_ge2,war,3,2,completo,walk_forward
1982,persistencia,0,0.0,0,0,0.5,war_N3_ge2,war,3,2,completo,walk_forward
1982,persistencia_purgada,0,0.0,0,0,0.5,war_N3_ge2,war,3,2,completo,walk_forward
1983,prevalencia,0,0.5222222222222223,1,1,0.5,war_N3_ge2,war,3,2,completo,walk_forward
1983,persistencia,0,0.0,0,0,0.5,war_N3_ge2,war,3,2,completo,walk_forward
1983,persistencia_purgada,0,0.0,0,0,0.5,war_N3_ge2,war,3,2,completo,walk_forward
1984,prevalencia,1,0.5164835164835165,1,1,0.5,war_N3_ge2,war,3,2,completo,walk_forward
1984,persistencia,1,0.0,0,0,0.5,war_N3_ge2,war,3,2,completo,walk_forward
1984,persistencia_purgada,1,0.0,0,0,0.5,war_N3_ge2,war,3,2,completo,walk_forward
1985,prevalencia,1,0.5108695652173914,1,1,0.5,war_N3_ge2,war,3,2,completo,walk_forward
1985,persistencia,1,1.0,1,1,0.5,war_N3_ge2,war,3,2,completo,walk_forward
1985,persistencia_purgada,1,0.0,0,0,0.5,war_N3_ge2,war,3,2,completo,walk_forward
1986,prevalencia,1,0.5053763440860215,1,1,0.5,war_N3_ge2,war,3,2,completo,walk_forward
1986,persistencia,1,1.0,1,1,0.5,war_N3_ge2,war,3,2,completo,walk_forward
1986,persistencia_purgada,1,0.0,0,0,0.5,war_N3_ge2,war,3,2,completo,walk_forward
1987,prevalencia,1,0.5,1,1,0.5,war_N3_ge2,war,3,2,completo,walk_forward
1987,persistencia,1,1.0,1,1,0.5,war_N3_ge2,war,3,2,completo,walk_forward
1987,persistencia_purgada,1,0.0,0,0,0.5,war_N3_ge2,war,3,2,completo,walk_forward
1988,prevalencia,1,0.5052631578947369,1,1,0.5,war_N3_ge2,war,3,2,completo,walk_forward
1988,persistencia,1,1.0,1,1,0.5,war_N3_ge2,war,3,2,completo,walk_forward
1988,persistencia_purgada,1,1.0,1,1,0.5,war_N3_ge2,war,3,2,completo,walk_forward
1989,prevalencia,1,0.5104166666666666,1,1,0.5,war_N3_ge2,war,3,2,completo,walk_forward
1989,persistencia,1,1.0,1,1,0.5,war_N3_ge2,war,3,2,completo,walk_forward
1989,persistencia_purgada,1,1.0,1,1,0.5,war_N3_ge2,war,3,2,completo,walk_forward
1990,prevalencia,0,0.5154639175257731,1,1,0.5,war_N3_ge2,war,3,2,completo,walk_forward
1990,persistencia,0,1.0,1,1,0.5,war_N3_ge2,war,3,2,completo,walk_forward
1990,persistencia_purgada,0,1.0,1,1,0.5,war_N3_ge2,war,3,2,completo,walk_forward
1991,prevalencia,0,0.5204081632653061,1,1,0.5,war_N3_ge2,war,3,2,completo,walk_forward
1991,persistencia,0,0.0,0,0,0.5,war_N3_ge2,war,3,2,completo,walk_forward
1991,persistencia_purgada,0,1.0,1,1,0.5,war_N3_ge2,war,3,2,completo,walk_forward
1992,prevalencia,0,0.5252525252525253,1,1,0.5,war_N3_ge2,war,3,2,completo,walk_forward
1992,persistencia,0,0.0,0,0,0.5,war_N3_ge2,war,3,2,completo,walk_forward
1992,persistencia_purgada,0,1.0,1,1,0.5,war_N3_ge2,war,3,2,completo,walk_forward
1993,prevalencia,0,0.53,1,1,0.5,war_N3_ge2,war,3,2,completo,walk_forward
1993,persistencia,0,0.0,0,0,0.5,war_N3_ge2,war,3,2,completo,walk_forward
1993,persistencia_purgada,0,1.0,1,1,0.5,war_N3_ge2,war,3,2,completo,walk_forward
1994,prevalencia,0,0.5247524752475248,1,1,0.5,war_N3_ge2,war,3,2,completo,walk_forward
1994,persistencia,0,0.0,0,0,0.5,war_N3_ge2,war,3,2,completo,walk_forward
1994,persistencia_purgada,0,0.0,0,0,0.5,war_N3_ge2,war,3,2,completo,walk_forward
1995,prevalencia,0,0.5196078431372549,1,1,0.5,war_N3_ge2,war,3,2,completo,walk_forward
1995,persistencia,0,0.0,0,0,0.5,war_N3_ge2,war,3,2,completo,walk_forward
1995,persistencia_purgada,0,0.0,0,0,0.5,war_N3_ge2,war,3,2,completo,walk_forward
1996,prevalencia,1,0.5145631067961165,1,1,0.5,war_N3_ge2,war,3,2,completo,walk_forward
1996,persistencia,1,0.0,0,0,0.5,war_N3_ge2,war,3,2,completo,walk_forward
1996,persistencia_purgada,1,0.0,0,0,0.5,war_N3_ge2,war,3,2,completo,walk_forward
1997,prevalencia,1,0.5096153846153846,1,1,0.5,war_N3_ge2,war,3,2,completo,walk_forward
1997,persistencia,1,1.0,1,1,0.5,war_N3_ge2,war,3,2,completo,walk_forward
1997,persistencia_purgada,1,0.0,0,0,0.5,war_N3_ge2,war,3,2,completo,walk_forward
1998,prevalencia,1,0.5047619047619047,1,1,0.5,war_N3_ge2,war,3,2,completo,walk_forward
1998,persistencia,1,1.0,1,1,0.5,war_N3_ge2,war,3,2,completo,walk_forward
1998,persistencia_purgada,1,0.0,0,0,0.5,war_N3_ge2,war,3,2,completo,walk_forward
1999,prevalencia,1,0.5,1,1,0.5,war_N3_ge2,war,3,2,completo,walk_forward
1999,persistencia,1,1.0,1,1,0.5,war_N3_ge2,war,3,2,completo,walk_forward
1999,persistencia_purgada,1,0.0,0,0,0.5,war_N3_ge2,war,3,2,completo,walk_forward
2000,prevalencia,1,0.5046728971962616,1,1,0.5,war_N3_ge2,war,3,2,completo,walk_forward
2000,persistencia,1,1.0,1,1,0.5,war_N3_ge2,war,3,2,completo,walk_forward
2000,persistencia_purgada,1,1.0,1,1,0.5,war_N3_ge2,war,3,2,completo,walk_forward
2001,prevalencia,1,0.5092592592592593,1,1,0.5,war_N3_ge2,war,3,2,completo,walk_forward
2001,persistencia,1,1.0,1,1,0.5,war_N3_ge2,war,3,2,completo,walk_forward
2001,persistencia_purgada,1,1.0,1,1,0.5,war_N3_ge2,war,3,2,completo,walk_forward
2002,prevalencia,1,0.5137614678899083,1,1,0.5,war_N3_ge2,war,3,2,completo,walk_forward
2002,persistencia,1,1.0,1,1,0.5,war_N3_ge2,war,3,2,completo,walk_forward
2002,persistencia_purgada,1,1.0,1,1,0.5,war_N3_ge2,war,3,2,completo,walk_forward
2003,prevalencia,0,0.5181818181818182,1,1,0.5,war_N3_ge2,war,3,2,completo,walk_forward
2003,persistencia,0,1.0,1,1,0.5,war_N3_ge2,war,3,2,completo,walk_forward
2003,persistencia_purgada,0,1.0,1,1,0.5,war_N3_ge2,war,3,2,completo,walk_forward
2004,prevalencia,0,0.5225225225225225,1,1,0.5,war_N3_ge2,war,3,2,completo,walk_forward
2004,persistencia,0,0.0,0,0,0.5,war_N3_ge2,war,3,2,completo,walk_forward
2004,persistencia_purgada,0,1.0,1,1,0.5,war_N3_ge2,war,3,2,completo,walk_forward
1946,logreg,1,1.5238130555031898e-06,0,0,0.6198041019183254,war_N3_ge2,war,3,2,completo,era_split
1947,logreg,1,0.001111004652248519,0,0,0.6198041019183254,war_N3_ge2,war,3,2,completo,era_split
1948,logreg,1,0.07814822484871342,0,0,0.6198041019183254,war_N3_ge2,war,3,2,completo,era_split
1949,logreg,1,0.0025574664774368544,0,0,0.6198041019183254,war_N3_ge2,war,3,2,completo,era_split
1950,logreg,0,0.0020195164065501836,0,0,0.6198041019183254,war_N3_ge2,war,3,2,completo,era_split
1951,logreg,0,0.013308096058597726,0,0,0.6198041019183254,war_N3_ge2,war,3,2,completo,era_split
1952,logreg,0,0.01297887857453061,0,0,0.6198041019183254,war_N3_ge2,war,3,2,completo,era_split
1953,logreg,1,0.014536642852879965,0,0,0.6198041019183254,war_N3_ge2,war,3,2,completo,era_split
1954,logreg,1,0.0012460463092255653,0,0,0.6198041019183254,war_N3_ge2,war,3,2,completo,era_split
1955,logreg,1,3.139882905504439e-05,0,0,0.6198041019183254,war_N3_ge2,war,3,2,completo,era_split
1956,logreg,1,0.013316796101054294,0,0,0.6198041019183254,war_N3_ge2,war,3,2,completo,era_split
1957,logreg,0,0.0014102962198230986,0,0,0.6198041019183254,war_N3_ge2,war,3,2,completo,era_split
1958,logreg,0,0.0061503006022207395,0,0,0.6198041019183254,war_N3_ge2,war,3,2,completo,era_split
1959,logreg,1,0.0056793687254133056,0,0,0.6198041019183254,war_N3_ge2,war,3,2,completo,era_split
1960,logreg,1,0.00683638963499832,0,0,0.6198041019183254,war_N3_ge2,war,3,2,completo,era_split
1961,logreg,1,0.8756669738047373,1,1,0.6198041019183254,war_N3_ge2,war,3,2,completo,era_split
1962,logreg,1,0.46689884075518856,0,0,0.6198041019183254,war_N3_ge2,war,3,2,completo,era_split
1963,logreg,1,0.8419188731613463,1,1,0.6198041019183254,war_N3_ge2,war,3,2,completo,era_split
1964,logreg,1,0.8770308212030199,1,1,0.6198041019183254,war_N3_ge2,war,3,2,completo,era_split
1965,logreg,0,0.994331579827191,1,1,0.6198041019183254,war_N3_ge2,war,3,2,completo,era_split
1966,logreg,0,0.7946998910999629,1,1,0.6198041019183254,war_N3_ge2,war,3,2,completo,era_split
1967,logreg,0,0.8567620852038336,1,1,0.6198041019183254,war_N3_ge2,war,3,2,completo,era_split
1968,logreg,0,0.6704428275621273,1,1,0.6198041019183254,war_N3_ge2,war,3,2,completo,era_split
1969,logreg,0,0.6898422269811625,1,1,0.6198041019183254,war_N3_ge2,war,3,2,completo,era_split
1970,logreg,0,0.23908805856997842,0,0,0.6198041019183254,war_N3_ge2,war,3,2,completo,era_split
1971,logreg,0,0.1272699508293595,0,0,0.6198041019183254,war_N3_ge2,war,3,2,completo,era_split
1972,logreg,0,0.1805992808898846,0,0,0.6198041019183254,war_N3_ge2,war,3,2,completo,era_split
1973,logreg,0,0.40119104388799903,0,0,0.6198041019183254,war_N3_ge2,war,3,2,completo,era_split
1974,logreg,0,0.09352377485934693,0,0,0.6198041019183254,war_N3_ge2,war,3,2,completo,era_split
1975,logreg,0,0.18929842660729665,0,0,0.6198041019183254,war_N3_ge2,war,3,2,completo,era_split
1976,logreg,0,0.2905642744587684,0,0,0.6198041019183254,war_N3_ge2,war,3,2,completo,era_split
1977,logreg,0,0.40218051544733363,0,0,0.6198041019183254,war_N3_ge2,war,3,2,completo,era_split
1978,logreg,0,0.28072677970884574,0,0,0.6198041019183254,war_N3_ge2,war,3,2,completo,era_split
1979,logreg,0,0.15519174635075061,0,0,0.6198041019183254,war_N3_ge2,war,3,2,completo,era_split
1980,logreg,0,0.20448705314085303,0,0,0.6198041019183254,war_N3_ge2,war,3,2,completo,era_split
1981,logreg,0,0.9370865367408219,1,1,0.6198041019183254,war_N3_ge2,war,3,2,completo,era_split
1982,logreg,0,0.7498637785857675,1,1,0.6198041019183254,war_N3_ge2,war,3,2,completo,era_split
1983,logreg,0,0.7094782704360387,1,1,0.6198041019183254,war_N3_ge2,war,3,2,completo,era_split
1984,logreg,1,0.7838993721686326,1,1,0.6198041019183254,war_N3_ge2,war,3,2,completo,era_split
1985,logreg,1,0.570333815035129,1,0,0.6198041019183254,war_N3_ge2,war,3,2,completo,era_split
1986,logreg,1,0.6324393252334184,1,1,0.6198041019183254,war_N3_ge2,war,3,2,completo,era_split
1987,logreg,1,0.9894489020065249,1,1,0.6198041019183254,war_N3_ge2,war,3,2,completo,era_split
1988,logreg,1,0.8254081878757666,1,1,0.6198041019183254,war_N3_ge2,war,3,2,completo,era_split
1989,logreg,1,0.8612287191243624,1,1,0.6198041019183254,war_N3_ge2,war,3,2,completo,era_split
1990,logreg,0,0.14762590058106737,0,0,0.6198041019183254,war_N3_ge2,war,3,2,completo,era_split
1991,logreg,0,0.059757089507989296,0,0,0.6198041019183254,war_N3_ge2,war,3,2,completo,era_split
1992,logreg,0,0.033294406452544105,0,0,0.6198041019183254,war_N3_ge2,war,3,2,completo,era_split
1993,logreg,0,0.49545139399633903,0,0,0.6198041019183254,war_N3_ge2,war,3,2,completo,era_split
1994,logreg,0,0.12061016080393551,0,0,0.6198041019183254,war_N3_ge2,war,3,2,completo,era_split
1995,logreg,0,0.19958178905300636,0,0,0.6198041019183254,war_N3_ge2,war,3,2,completo,era_split
1996,logreg,1,0.3105740890403606,0,0,0.6198041019183254,war_N3_ge2,war,3,2,completo,era_split
1997,logreg,1,0.4847507741391797,0,0,0.6198041019183254,war_N3_ge2,war,3,2,completo,era_split
1998,logreg,1,0.16263496928541912,0,0,0.6198041019183254,war_N3_ge2,war,3,2,completo,era_split
1999,logreg,1,0.3860247232817254,0,0,0.6198041019183254,war_N3_ge2,war,3,2,completo,era_split
2000,logreg,1,0.3377598917116515,0,0,0.6198041019183254,war_N3_ge2,war,3,2,completo,era_split
2001,logreg,1,0.44542914448339227,0,0,0.6198041019183254,war_N3_ge2,war,3,2,completo,era_split
2002,logreg,1,0.017752450128568086,0,0,0.6198041019183254,war_N3_ge2,war,3,2,completo,era_split
2003,logreg,0,0.04253481455378333,0,0,0.6198041019183254,war_N3_ge2,war,3,2,completo,era_split
2004,logreg,0,0.4404419076253279,0,0,0.6198041019183254,war_N3_ge2,war,3,2,completo,era_split
1946,rf,1,0.20101090871837077,0,0,0.5116965224708476,war_N3_ge2,war,3,2,completo,era_split
1947,rf,1,0.28086827216066207,0,0,0.5116965224708476,war_N3_ge2,war,3,2,completo,era_split
1948,rf,1,0.29595101502739224,0,0,0.5116965224708476,war_N3_ge2,war,3,2,completo,era_split
1949,rf,1,0.2767568381068765,0,0,0.5116965224708476,war_N3_ge2,war,3,2,completo,era_split
1950,rf,0,0.34104505586692074,0,0,0.5116965224708476,war_N3_ge2,war,3,2,completo,era_split
1951,rf,0,0.3495769180413785,0,0,0.5116965224708476,war_N3_ge2,war,3,2,completo,era_split
1952,rf,0,0.37341943555808804,0,0,0.5116965224708476,war_N3_ge2,war,3,2,completo,era_split
1953,rf,1,0.39660991027819453,0,0,0.5116965224708476,war_N3_ge2,war,3,2,completo,era_split
1954,rf,1,0.3299255014467831,0,0,0.5116965224708476,war_N3_ge2,war,3,2,completo,era_split
1955,rf,1,0.25926604229809813,0,0,0.5116965224708476,war_N3_ge2,war,3,2,completo,era_split
1956,rf,1,0.3647290494730675,0,0,0.5116965224708476,war_N3_ge2,war,3,2,completo,era_split
1957,rf,0,0.3116254159930714,0,0,0.5116965224708476,war_N3_ge2,war,3,2,completo,era_split
1958,rf,0,0.3700615261393362,0,0,0.5116965224708476,war_N3_ge2,war,3,2,completo,era_split
1959,rf,1,0.3743645117341602,0,0,0.5116965224708476,war_N3_ge2,war,3,2,completo,era_split
1960,rf,1,0.3863563405539974,0,0,0.5116965224708476,war_N3_ge2,war,3,2,completo,era_split
1961,rf,1,0.39643434124064425,0,0,0.5116965224708476,war_N3_ge2,war,3,2,completo,era_split
1962,rf,1,0.35905341995063617,0,0,0.5116965224708476,war_N3_ge2,war,3,2,completo,era_split
1963,rf,1,0.44466487568847407,0,0,0.5116965224708476,war_N3_ge2,war,3,2,completo,era_split
1964,rf,1,0.425463400961678,0,0,0.5116965224708476,war_N3_ge2,war,3,2,completo,era_split
1965,rf,0,0.4526635226659315,0,0,0.5116965224708476,war_N3_ge2,war,3,2,completo,era_split
1966,rf,0,0.3847357290940506,0,0,0.5116965224708476,war_N3_ge2,war,3,2,completo,era_split
1967,rf,0,0.46024823194047637,0,0,0.5116965224708476,war_N3_ge2,war,3,2,completo,era_split
1968,rf,0,0.43542907724740026,0,0,0.5116965224708476,war_N3_ge2,war,3,2,completo,era_split
1969,rf,0,0.4221759971727619,0,0,0.5116965224708476,war_N3_ge2,war,3,2,completo,era_split
1970,rf,0,0.47961235002006464,0,0,0.5116965224708476,war_N3_ge2,war,3,2,completo,era_split
1971,rf,0,0.3977319762655389,0,0,0.5116965224708476,war_N3_ge2,war,3,2,completo,era_split
1972,rf,0,0.43233031955310286,0,0,0.5116965224708476,war_N3_ge2,war,3,2,completo,era_split
1973,rf,0,0.5309756530073182,1,1,0.5116965224708476,war_N3_ge2,war,3,2,completo,era_split
1974,rf,0,0.4980701145219545,0,0,0.5116965224708476,war_N3_ge2,war,3,2,completo,era_split
1975,rf,0,0.5065750245308013,1,0,0.5116965224708476,war_N3_ge2,war,3,2,completo,era_split
1976,rf,0,0.5526015150627888,1,1,0.5116965224708476,war_N3_ge2,war,3,2,completo,era_split
1977,rf,0,0.451965119629661,0,0,0.5116965224708476,war_N3_ge2,war,3,2,completo,era_split
1978,rf,0,0.540181519973519,1,1,0.5116965224708476,war_N3_ge2,war,3,2,completo,era_split
1979,rf,0,0.5029178667603362,1,0,0.5116965224708476,war_N3_ge2,war,3,2,completo,era_split
1980,rf,0,0.6634322508098033,1,1,0.5116965224708476,war_N3_ge2,war,3,2,completo,era_split
1981,rf,0,0.55921890172031,1,1,0.5116965224708476,war_N3_ge2,war,3,2,completo,era_split
1982,rf,0,0.6303429086361991,1,1,0.5116965224708476,war_N3_ge2,war,3,2,completo,era_split
1983,rf,0,0.5745373232393489,1,1,0.5116965224708476,war_N3_ge2,war,3,2,completo,era_split
1984,rf,1,0.6424005984431668,1,1,0.5116965224708476,war_N3_ge2,war,3,2,completo,era_split
1985,rf,1,0.6743456999737237,1,1,0.5116965224708476,war_N3_ge2,war,3,2,completo,era_split
1986,rf,1,0.6166773893065117,1,1,0.5116965224708476,war_N3_ge2,war,3,2,completo,era_split
1987,rf,1,0.7217343515385726,1,1,0.5116965224708476,war_N3_ge2,war,3,2,completo,era_split
1988,rf,1,0.7064327097525906,1,1,0.5116965224708476,war_N3_ge2,war,3,2,completo,era_split
1989,rf,1,0.7118777004076801,1,1,0.5116965224708476,war_N3_ge2,war,3,2,completo,era_split
1990,rf,0,0.4620262470413454,0,0,0.5116965224708476,war_N3_ge2,war,3,2,completo,era_split
1991,rf,0,0.5925051418467895,1,1,0.5116965224708476,war_N3_ge2,war,3,2,completo,era_split
1992,rf,0,0.43907954779690256,0,0,0.5116965224708476,war_N3_ge2,war,3,2,completo,era_split
1993,rf,0,0.5894542844244391,1,1,0.5116965224708476,war_N3_ge2,war,3,2,completo,era_split
1994,rf,0,0.5451091744873591,1,1,0.5116965224708476,war_N3_ge2,war,3,2,completo,era_split
1995,rf,0,0.6145428160376599,1,1,0.5116965224708476,war_N3_ge2,war,3,2,completo,era_split
1996,rf,1,0.5987871077472054,1,1,0.5116965224708476,war_N3_ge2,war,3,2,completo,era_split
1997,rf,1,0.6356568085263231,1,1,0.5116965224708476,war_N3_ge2,war,3,2,completo,era_split
1998,rf,1,0.5535243434608427,1,1,0.5116965224708476,war_N3_ge2,war,3,2,completo,era_split
1999,rf,1,0.5947364063129291,1,1,0.5116965224708476,war_N3_ge2,war,3,2,completo,era_split
2000,rf,1,0.5786197113058191,1,1,0.5116965224708476,war_N3_ge2,war,3,2,completo,era_split
2001,rf,1,0.587697841413458,1,1,0.5116965224708476,war_N3_ge2,war,3,2,completo,era_split
2002,rf,1,0.5507741078668653,1,1,0.5116965224708476,war_N3_ge2,war,3,2,completo,era_split
2003,rf,0,0.4905823282507452,0,0,0.5116965224708476,war_N3_ge2,war,3,2,completo,era_split
2004,rf,0,0.6026945846675591,1,1,0.5116965224708476,war_N3_ge2,war,3,2,completo,era_split
1946,xgb,1,0.02908528968691826,0,0,0.7779830098152161,war_N3_ge2,war,3,2,completo,era_split
1947,xgb,1,0.19096548855304718,0,0,0.7779830098152161,war_N3_ge2,war,3,2,completo,era_split
1948,xgb,1,0.08212191611528397,0,0,0.7779830098152161,war_N3_ge2,war,3,2,completo,era_split
1949,xgb,1,0.4152798056602478,0,0,0.7779830098152161,war_N3_ge2,war,3,2,completo,era_split
1950,xgb,0,0.13909149169921875,0,0,0.7779830098152161,war_N3_ge2,war,3,2,completo,era_split
1951,xgb,0,0.346996009349823,0,0,0.7779830098152161,war_N3_ge2,war,3,2,completo,era_split
1952,xgb,0,0.3925136923789978,0,0,0.7779830098152161,war_N3_ge2,war,3,2,completo,era_split
1953,xgb,1,0.6572043299674988,1,0,0.7779830098152161,war_N3_ge2,war,3,2,completo,era_split
1954,xgb,1,0.0837080180644989,0,0,0.7779830098152161,war_N3_ge2,war,3,2,completo,era_split
1955,xgb,1,0.11721907556056976,0,0,0.7779830098152161,war_N3_ge2,war,3,2,completo,era_split
1956,xgb,1,0.463519811630249,0,0,0.7779830098152161,war_N3_ge2,war,3,2,completo,era_split
1957,xgb,0,0.13108809292316437,0,0,0.7779830098152161,war_N3_ge2,war,3,2,completo,era_split
1958,xgb,0,0.4905049502849579,0,0,0.7779830098152161,war_N3_ge2,war,3,2,completo,era_split
1959,xgb,1,0.29301247000694275,0,0,0.7779830098152161,war_N3_ge2,war,3,2,completo,era_split
1960,xgb,1,0.2528613805770874,0,0,0.7779830098152161,war_N3_ge2,war,3,2,completo,era_split
1961,xgb,1,0.3110463321208954,0,0,0.7779830098152161,war_N3_ge2,war,3,2,completo,era_split
1962,xgb,1,0.26827383041381836,0,0,0.7779830098152161,war_N3_ge2,war,3,2,completo,era_split
1963,xgb,1,0.46612608432769775,0,0,0.7779830098152161,war_N3_ge2,war,3,2,completo,era_split
1964,xgb,1,0.30746129155158997,0,0,0.7779830098152161,war_N3_ge2,war,3,2,completo,era_split
1965,xgb,0,0.530529260635376,1,0,0.7779830098152161,war_N3_ge2,war,3,2,completo,era_split
1966,xgb,0,0.2548970878124237,0,0,0.7779830098152161,war_N3_ge2,war,3,2,completo,era_split
1967,xgb,0,0.6927965879440308,1,0,0.7779830098152161,war_N3_ge2,war,3,2,completo,era_split
1968,xgb,0,0.27384427189826965,0,0,0.7779830098152161,war_N3_ge2,war,3,2,completo,era_split
1969,xgb,0,0.1928107887506485,0,0,0.7779830098152161,war_N3_ge2,war,3,2,completo,era_split
1970,xgb,0,0.5377054810523987,1,0,0.7779830098152161,war_N3_ge2,war,3,2,completo,era_split
1971,xgb,0,0.13044272363185883,0,0,0.7779830098152161,war_N3_ge2,war,3,2,completo,era_split
1972,xgb,0,0.3357824683189392,0,0,0.7779830098152161,war_N3_ge2,war,3,2,completo,era_split
1973,xgb,0,0.5799790620803833,1,0,0.7779830098152161,war_N3_ge2,war,3,2,completo,era_split
1974,xgb,0,0.33135175704956055,0,0,0.7779830098152161,war_N3_ge2,war,3,2,completo,era_split
1975,xgb,0,0.22193804383277893,0,0,0.7779830098152161,war_N3_ge2,war,3,2,completo,era_split
1976,xgb,0,0.47432106733322144,0,0,0.7779830098152161,war_N3_ge2,war,3,2,completo,era_split
1977,xgb,0,0.13023337721824646,0,0,0.7779830098152161,war_N3_ge2,war,3,2,completo,era_split
1978,xgb,0,0.48245954513549805,0,0,0.7779830098152161,war_N3_ge2,war,3,2,completo,era_split
1979,xgb,0,0.24476894736289978,0,0,0.7779830098152161,war_N3_ge2,war,3,2,completo,era_split
1980,xgb,0,0.7466417551040649,1,0,0.7779830098152161,war_N3_ge2,war,3,2,completo,era_split
1981,xgb,0,0.2895542085170746,0,0,0.7779830098152161,war_N3_ge2,war,3,2,completo,era_split
1982,xgb,0,0.730658233165741,1,0,0.7779830098152161,war_N3_ge2,war,3,2,completo,era_split
1983,xgb,0,0.49678322672843933,0,0,0.7779830098152161,war_N3_ge2,war,3,2,completo,era_split
1984,xgb,1,0.6536839604377747,1,0,0.7779830098152161,war_N3_ge2,war,3,2,completo,era_split
1985,xgb,1,0.8744556903839111,1,1,0.7779830098152161,war_N3_ge2,war,3,2,completo,era_split
1986,xgb,1,0.7641143202781677,1,0,0.7779830098152161,war_N3_ge2,war,3,2,completo,era_split
1987,xgb,1,0.9711014032363892,1,1,0.7779830098152161,war_N3_ge2,war,3,2,completo,era_split
1988,xgb,1,0.9681889414787292,1,1,0.7779830098152161,war_N3_ge2,war,3,2,completo,era_split
1989,xgb,1,0.9362409114837646,1,1,0.7779830098152161,war_N3_ge2,war,3,2,completo,era_split
1990,xgb,0,0.5064451098442078,1,0,0.7779830098152161,war_N3_ge2,war,3,2,completo,era_split
1991,xgb,0,0.9431123733520508,1,1,0.7779830098152161,war_N3_ge2,war,3,2,completo,era_split
1992,xgb,0,0.30224689841270447,0,0,0.7779830098152161,war_N3_ge2,war,3,2,completo,era_split
1993,xgb,0,0.8497446775436401,1,1,0.7779830098152161,war_N3_ge2,war,3,2,completo,era_split
1994,xgb,0,0.4905088543891907,0,0,0.7779830098152161,war_N3_ge2,war,3,2,completo,era_split
1995,xgb,0,0.7190665006637573,1,0,0.7779830098152161,war_N3_ge2,war,3,2,completo,era_split
1996,xgb,1,0.6844205856323242,1,0,0.7779830098152161,war_N3_ge2,war,3,2,completo,era_split
1997,xgb,1,0.8727378845214844,1,1,0.7779830098152161,war_N3_ge2,war,3,2,completo,era_split
1998,xgb,1,0.7685179114341736,1,0,0.7779830098152161,war_N3_ge2,war,3,2,completo,era_split
1999,xgb,1,0.6091386675834656,1,0,0.7779830098152161,war_N3_ge2,war,3,2,completo,era_split
2000,xgb,1,0.8467137217521667,1,1,0.7779830098152161,war_N3_ge2,war,3,2,completo,era_split
2001,xgb,1,0.9240924119949341,1,1,0.7779830098152161,war_N3_ge2,war,3,2,completo,era_split
2002,xgb,1,0.7565793395042419,1,0,0.7779830098152161,war_N3_ge2,war,3,2,completo,era_split
2003,xgb,0,0.16073256731033325,0,0,0.7779830098152161,war_N3_ge2,war,3,2,completo,era_split
2004,xgb,0,0.9107780456542969,1,1,0.7779830098152161,war_N3_ge2,war,3,2,completo,era_split
1946,prevalencia,1,0.5849056603773585,1,1,0.5,war_N3_ge2,war,3,2,completo,era_split
1947,prevalencia,1,0.5849056603773585,1,1,0.5,war_N3_ge2,war,3,2,completo,era_split
1948,prevalencia,1,0.5849056603773585,1,1,0.5,war_N3_ge2,war,3,2,completo,era_split
1949,prevalencia,1,0.5849056603773585,1,1,0.5,war_N3_ge2,war,3,2,completo,era_split
1950,prevalencia,0,0.5849056603773585,1,1,0.5,war_N3_ge2,war,3,2,completo,era_split
1951,prevalencia,0,0.5849056603773585,1,1,0.5,war_N3_ge2,war,3,2,completo,era_split
1952,prevalencia,0,0.5849056603773585,1,1,0.5,war_N3_ge2,war,3,2,completo,era_split
1953,prevalencia,1,0.5849056603773585,1,1,0.5,war_N3_ge2,war,3,2,completo,era_split
1954,prevalencia,1,0.5849056603773585,1,1,0.5,war_N3_ge2,war,3,2,completo,era_split
1955,prevalencia,1,0.5849056603773585,1,1,0.5,war_N3_ge2,war,3,2,completo,era_split
1956,prevalencia,1,0.5849056603773585,1,1,0.5,war_N3_ge2,war,3,2,completo,era_split
1957,prevalencia,0,0.5849056603773585,1,1,0.5,war_N3_ge2,war,3,2,completo,era_split
1958,prevalencia,0,0.5849056603773585,1,1,0.5,war_N3_ge2,war,3,2,completo,era_split
1959,prevalencia,1,0.5849056603773585,1,1,0.5,war_N3_ge2,war,3,2,completo,era_split
1960,prevalencia,1,0.5849056603773585,1,1,0.5,war_N3_ge2,war,3,2,completo,era_split
1961,prevalencia,1,0.5849056603773585,1,1,0.5,war_N3_ge2,war,3,2,completo,era_split
1962,prevalencia,1,0.5849056603773585,1,1,0.5,war_N3_ge2,war,3,2,completo,era_split
1963,prevalencia,1,0.5849056603773585,1,1,0.5,war_N3_ge2,war,3,2,completo,era_split
1964,prevalencia,1,0.5849056603773585,1,1,0.5,war_N3_ge2,war,3,2,completo,era_split
1965,prevalencia,0,0.5849056603773585,1,1,0.5,war_N3_ge2,war,3,2,completo,era_split
1966,prevalencia,0,0.5849056603773585,1,1,0.5,war_N3_ge2,war,3,2,completo,era_split
1967,prevalencia,0,0.5849056603773585,1,1,0.5,war_N3_ge2,war,3,2,completo,era_split
1968,prevalencia,0,0.5849056603773585,1,1,0.5,war_N3_ge2,war,3,2,completo,era_split
1969,prevalencia,0,0.5849056603773585,1,1,0.5,war_N3_ge2,war,3,2,completo,era_split
1970,prevalencia,0,0.5849056603773585,1,1,0.5,war_N3_ge2,war,3,2,completo,era_split
1971,prevalencia,0,0.5849056603773585,1,1,0.5,war_N3_ge2,war,3,2,completo,era_split
1972,prevalencia,0,0.5849056603773585,1,1,0.5,war_N3_ge2,war,3,2,completo,era_split
1973,prevalencia,0,0.5849056603773585,1,1,0.5,war_N3_ge2,war,3,2,completo,era_split
1974,prevalencia,0,0.5849056603773585,1,1,0.5,war_N3_ge2,war,3,2,completo,era_split
1975,prevalencia,0,0.5849056603773585,1,1,0.5,war_N3_ge2,war,3,2,completo,era_split
1976,prevalencia,0,0.5849056603773585,1,1,0.5,war_N3_ge2,war,3,2,completo,era_split
1977,prevalencia,0,0.5849056603773585,1,1,0.5,war_N3_ge2,war,3,2,completo,era_split
1978,prevalencia,0,0.5849056603773585,1,1,0.5,war_N3_ge2,war,3,2,completo,era_split
1979,prevalencia,0,0.5849056603773585,1,1,0.5,war_N3_ge2,war,3,2,completo,era_split
1980,prevalencia,0,0.5849056603773585,1,1,0.5,war_N3_ge2,war,3,2,completo,era_split
1981,prevalencia,0,0.5849056603773585,1,1,0.5,war_N3_ge2,war,3,2,completo,era_split
1982,prevalencia,0,0.5849056603773585,1,1,0.5,war_N3_ge2,war,3,2,completo,era_split
1983,prevalencia,0,0.5849056603773585,1,1,0.5,war_N3_ge2,war,3,2,completo,era_split
1984,prevalencia,1,0.5849056603773585,1,1,0.5,war_N3_ge2,war,3,2,completo,era_split
1985,prevalencia,1,0.5849056603773585,1,1,0.5,war_N3_ge2,war,3,2,completo,era_split
1986,prevalencia,1,0.5849056603773585,1,1,0.5,war_N3_ge2,war,3,2,completo,era_split
1987,prevalencia,1,0.5849056603773585,1,1,0.5,war_N3_ge2,war,3,2,completo,era_split
1988,prevalencia,1,0.5849056603773585,1,1,0.5,war_N3_ge2,war,3,2,completo,era_split
1989,prevalencia,1,0.5849056603773585,1,1,0.5,war_N3_ge2,war,3,2,completo,era_split
1990,prevalencia,0,0.5849056603773585,1,1,0.5,war_N3_ge2,war,3,2,completo,era_split
1991,prevalencia,0,0.5849056603773585,1,1,0.5,war_N3_ge2,war,3,2,completo,era_split
1992,prevalencia,0,0.5849056603773585,1,1,0.5,war_N3_ge2,war,3,2,completo,era_split
1993,prevalencia,0,0.5849056603773585,1,1,0.5,war_N3_ge2,war,3,2,completo,era_split
1994,prevalencia,0,0.5849056603773585,1,1,0.5,war_N3_ge2,war,3,2,completo,era_split
1995,prevalencia,0,0.5849056603773585,1,1,0.5,war_N3_ge2,war,3,2,completo,era_split
1996,prevalencia,1,0.5849056603773585,1,1,0.5,war_N3_ge2,war,3,2,completo,era_split
1997,prevalencia,1,0.5849056603773585,1,1,0.5,war_N3_ge2,war,3,2,completo,era_split
1998,prevalencia,1,0.5849056603773585,1,1,0.5,war_N3_ge2,war,3,2,completo,era_split
1999,prevalencia,1,0.5849056603773585,1,1,0.5,war_N3_ge2,war,3,2,completo,era_split
2000,prevalencia,1,0.5849056603773585,1,1,0.5,war_N3_ge2,war,3,2,completo,era_split
2001,prevalencia,1,0.5849056603773585,1,1,0.5,war_N3_ge2,war,3,2,completo,era_split
2002,prevalencia,1,0.5849056603773585,1,1,0.5,war_N3_ge2,war,3,2,completo,era_split
2003,prevalencia,0,0.5849056603773585,1,1,0.5,war_N3_ge2,war,3,2,completo,era_split
2004,prevalencia,0,0.5849056603773585,1,1,0.5,war_N3_ge2,war,3,2,completo,era_split
1933,logreg,0,0.41822061140524974,0,0,0.5749096890007694,war_N3_ge2,war,3,2,sem_dipl,walk_forward
1933,rf,0,0.584959790987762,1,1,0.5706700639965672,war_N3_ge2,war,3,2,sem_dipl,walk_forward
1933,xgb,0,0.5364420413970947,1,0,0.7412784695625305,war_N3_ge2,war,3,2,sem_dipl,walk_forward
1934,logreg,1,0.5354856310819778,1,0,0.5702745222658613,war_N3_ge2,war,3,2,sem_dipl,walk_forward
1934,rf,1,0.6645412318883699,1,1,0.5762088355661784,war_N3_ge2,war,3,2,sem_dipl,walk_forward
1934,xgb,1,0.7380821108818054,1,0,0.7405423521995544,war_N3_ge2,war,3,2,sem_dipl,walk_forward
1935,logreg,1,0.6370647276219321,1,1,0.47243168833881805,war_N3_ge2,war,3,2,sem_dipl,walk_forward
1935,rf,1,0.5874811661935481,1,1,0.5255617218125701,war_N3_ge2,war,3,2,sem_dipl,walk_forward
1935,xgb,1,0.7796878218650818,1,1,0.7585285305976868,war_N3_ge2,war,3,2,sem_dipl,walk_forward
1936,logreg,1,0.733653377965043,1,1,0.4798960503826974,war_N3_ge2,war,3,2,sem_dipl,walk_forward
1936,rf,1,0.6159854328688167,1,1,0.5429252152062938,war_N3_ge2,war,3,2,sem_dipl,walk_forward
1936,xgb,1,0.8358840346336365,1,1,0.7863919138908386,war_N3_ge2,war,3,2,sem_dipl,walk_forward
1937,logreg,1,0.8535790580820543,1,1,0.49404977498196384,war_N3_ge2,war,3,2,sem_dipl,walk_forward
1937,rf,1,0.5604437387593403,1,1,0.5497078579785525,war_N3_ge2,war,3,2,sem_dipl,walk_forward
1937,xgb,1,0.6043587327003479,1,0,0.8125202655792236,war_N3_ge2,war,3,2,sem_dipl,walk_forward
1938,logreg,1,0.9065633000509106,1,1,0.48486820994942986,war_N3_ge2,war,3,2,sem_dipl,walk_forward
1938,rf,1,0.5258031323069495,1,0,0.5363868863749104,war_N3_ge2,war,3,2,sem_dipl,walk_forward
1938,xgb,1,0.598324716091156,1,0,0.8000848293304443,war_N3_ge2,war,3,2,sem_dipl,walk_forward
1939,logreg,0,0.9999664639422389,1,1,0.4820749576392948,war_N3_ge2,war,3,2,sem_dipl,walk_forward
1939,rf,0,0.6367249333075038,1,1,0.5506377681893434,war_N3_ge2,war,3,2,sem_dipl,walk_forward
1939,xgb,0,0.9543893337249756,1,1,0.8047411441802979,war_N3_ge2,war,3,2,sem_dipl,walk_forward
1940,logreg,0,0.9997578263279576,1,1,0.4580502490220301,war_N3_ge2,war,3,2,sem_dipl,walk_forward
1940,rf,0,0.5720792625314007,1,1,0.546923083837995,war_N3_ge2,war,3,2,sem_dipl,walk_forward
1940,xgb,0,0.5070477724075317,1,0,0.7863830924034119,war_N3_ge2,war,3,2,sem_dipl,walk_forward
1941,logreg,0,0.7816550361824164,1,1,0.43173966046696194,war_N3_ge2,war,3,2,sem_dipl,walk_forward
1941,rf,0,0.5768571420141033,1,1,0.5526366910125766,war_N3_ge2,war,3,2,sem_dipl,walk_forward
1941,xgb,0,0.49927738308906555,0,0,0.7989451289176941,war_N3_ge2,war,3,2,sem_dipl,walk_forward
1942,logreg,0,0.9888070443072245,1,1,0.4205676673642565,war_N3_ge2,war,3,2,sem_dipl,walk_forward
1942,rf,0,0.6269373488979934,1,1,0.5419374360958205,war_N3_ge2,war,3,2,sem_dipl,walk_forward
1942,xgb,0,0.8794752359390259,1,1,0.8005759716033936,war_N3_ge2,war,3,2,sem_dipl,walk_forward
1943,logreg,0,1.57934267531902e-05,0,0,0.5266883350641461,war_N3_ge2,war,3,2,sem_dipl,walk_forward
1943,rf,0,0.4047763435282841,0,0,0.5235206255018208,war_N3_ge2,war,3,2,sem_dipl,walk_forward
1943,xgb,0,0.08553825318813324,0,0,0.7596465945243835,war_N3_ge2,war,3,2,sem_dipl,walk_forward
1944,logreg,1,3.3006939114910352e-06,0,0,0.5594386782733582,war_N3_ge2,war,3,2,sem_dipl,walk_forward
1944,rf,1,0.2838309111921549,0,0,0.5023975282141406,war_N3_ge2,war,3,2,sem_dipl,walk_forward
1944,xgb,1,0.03483860567212105,0,0,0.7596803307533264,war_N3_ge2,war,3,2,sem_dipl,walk_forward
1945,logreg,1,5.290525869157357e-06,0,0,0.569895741796109,war_N3_ge2,war,3,2,sem_dipl,walk_forward
1945,rf,1,0.3131827283149846,0,0,0.5092081676076675,war_N3_ge2,war,3,2,sem_dipl,walk_forward
1945,xgb,1,0.02075827307999134,0,0,0.7644683718681335,war_N3_ge2,war,3,2,sem_dipl,walk_forward
1946,logreg,1,9.107135866629651e-08,0,0,0.5808854828149327,war_N3_ge2,war,3,2,sem_dipl,walk_forward
1946,rf,1,0.3410223647165166,0,0,0.5142958291950026,war_N3_ge2,war,3,2,sem_dipl,walk_forward
1946,xgb,1,0.06917539983987808,0,0,0.7887012958526611,war_N3_ge2,war,3,2,sem_dipl,walk_forward
1947,logreg,1,0.00031779674392761793,0,0,0.5904655159650584,war_N3_ge2,war,3,2,sem_dipl,walk_forward
1947,rf,1,0.4216648734817547,0,0,0.4874202554661783,war_N3_ge2,war,3,2,sem_dipl,walk_forward
1947,xgb,1,0.4122943580150604,0,0,0.7945877909660339,war_N3_ge2,war,3,2,sem_dipl,walk_forward
1948,logreg,1,0.4070463106975604,0,0,0.5925447389708092,war_N3_ge2,war,3,2,sem_dipl,walk_forward
1948,rf,1,0.44921054353127704,0,0,0.5214526147555469,war_N3_ge2,war,3,2,sem_dipl,walk_forward
1948,xgb,1,0.2857136130332947,0,0,0.7589378952980042,war_N3_ge2,war,3,2,sem_dipl,walk_forward
1949,logreg,1,0.07716898280760308,0,0,0.5553656697688698,war_N3_ge2,war,3,2,sem_dipl,walk_forward
1949,rf,1,0.4482537149748306,0,0,0.5304866906520143,war_N3_ge2,war,3,2,sem_dipl,walk_forward
1949,xgb,1,0.3976512849330902,0,0,0.8021588921546936,war_N3_ge2,war,3,2,sem_dipl,walk_forward
1950,logreg,0,0.7076226853528864,1,1,0.48167967213982293,war_N3_ge2,war,3,2,sem_dipl,walk_forward
1950,rf,0,0.5610416523867766,1,1,0.5134356146715325,war_N3_ge2,war,3,2,sem_dipl,walk_forward
1950,xgb,0,0.589227557182312,1,0,0.8285453915596008,war_N3_ge2,war,3,2,sem_dipl,walk_forward
1951,logreg,0,0.6733892883239592,1,1,0.5066233546918752,war_N3_ge2,war,3,2,sem_dipl,walk_forward
1951,rf,0,0.5704863681176745,1,1,0.548191919260511,war_N3_ge2,war,3,2,sem_dipl,walk_forward
1951,xgb,0,0.6228668093681335,1,0,0.83034348487854,war_N3_ge2,war,3,2,sem_dipl,walk_forward
1952,logreg,0,0.8477435406177304,1,1,0.5014131153946783,war_N3_ge2,war,3,2,sem_dipl,walk_forward
1952,rf,0,0.6258401255814798,1,1,0.4830615338918635,war_N3_ge2,war,3,2,sem_dipl,walk_forward
1952,xgb,0,0.6797651648521423,1,0,0.8190109133720398,war_N3_ge2,war,3,2,sem_dipl,walk_forward
1953,logreg,1,0.870538974841393,1,1,0.49943659352542197,war_N3_ge2,war,3,2,sem_dipl,walk_forward
1953,rf,1,0.6631344983372576,1,1,0.544490892296131,war_N3_ge2,war,3,2,sem_dipl,walk_forward
1953,xgb,1,0.9097577929496765,1,1,0.8026975393295288,war_N3_ge2,war,3,2,sem_dipl,walk_forward
1954,logreg,1,0.407141106343267,0,0,0.5235774503850013,war_N3_ge2,war,3,2,sem_dipl,walk_forward
1954,rf,1,0.48985800825205394,0,0,0.5461234092073297,war_N3_ge2,war,3,2,sem_dipl,walk_forward
1954,xgb,1,0.18359577655792236,0,0,0.8072172403335571,war_N3_ge2,war,3,2,sem_dipl,walk_forward
1955,logreg,1,0.004581856678127147,0,0,0.51922854749518,war_N3_ge2,war,3,2,sem_dipl,walk_forward
1955,rf,1,0.3833664147406323,0,0,0.5521061865372807,war_N3_ge2,war,3,2,sem_dipl,walk_forward
1955,xgb,1,0.03564130514860153,0,0,0.8137117624282837,war_N3_ge2,war,3,2,sem_dipl,walk_forward
1956,logreg,1,0.5760814163206478,1,1,0.5085868298784185,war_N3_ge2,war,3,2,sem_dipl,walk_forward
1956,rf,1,0.5074932258097188,1,0,0.5577511360557582,war_N3_ge2,war,3,2,sem_dipl,walk_forward
1956,xgb,1,0.6233803033828735,1,0,0.8375874757766724,war_N3_ge2,war,3,2,sem_dipl,walk_forward
1957,logreg,0,0.3248061369243802,0,0,0.4909746627556829,war_N3_ge2,war,3,2,sem_dipl,walk_forward
1957,rf,0,0.43068222832338504,0,0,0.4950608346901701,war_N3_ge2,war,3,2,sem_dipl,walk_forward
1957,xgb,0,0.09221785515546799,0,0,0.8163533806800842,war_N3_ge2,war,3,2,sem_dipl,walk_forward
1958,logreg,0,0.9266391980852582,1,1,0.4381209794272507,war_N3_ge2,war,3,2,sem_dipl,walk_forward
1958,rf,0,0.5826376366277385,1,1,0.5102039138134027,war_N3_ge2,war,3,2,sem_dipl,walk_forward
1958,xgb,0,0.6395620107650757,1,0,0.8299312591552734,war_N3_ge2,war,3,2,sem_dipl,walk_forward
1959,logreg,1,0.9395186188357527,1,1,0.4644429409367289,war_N3_ge2,war,3,2,sem_dipl,walk_forward
1959,rf,1,0.5511286323740229,1,1,0.49606839506706074,war_N3_ge2,war,3,2,sem_dipl,walk_forward
1959,xgb,1,0.8149352669715881,1,1,0.8027248382568359,war_N3_ge2,war,3,2,sem_dipl,walk_forward
1960,logreg,1,0.8637515276965017,1,1,0.4599014227952367,war_N3_ge2,war,3,2,sem_dipl,walk_forward
1960,rf,1,0.5231427120202694,1,0,0.546780117004599,war_N3_ge2,war,3,2,sem_dipl,walk_forward
1960,xgb,1,0.39809808135032654,0,0,0.8064514994621277,war_N3_ge2,war,3,2,sem_dipl,walk_forward
1961,logreg,1,0.8820127833558329,1,1,0.4854495018440886,war_N3_ge2,war,3,2,sem_dipl,walk_forward
1961,rf,1,0.6031443975997629,1,1,0.5443760373686962,war_N3_ge2,war,3,2,sem_dipl,walk_forward
1961,xgb,1,0.9237455129623413,1,1,0.7998346090316772,war_N3_ge2,war,3,2,sem_dipl,walk_forward
1962,logreg,1,0.5485983109798365,1,1,0.4127894249041515,war_N3_ge2,war,3,2,sem_dipl,walk_forward
1962,rf,1,0.507499323130661,1,0,0.5217836825627804,war_N3_ge2,war,3,2,sem_dipl,walk_forward
1962,xgb,1,0.5522778630256653,1,0,0.8383141160011292,war_N3_ge2,war,3,2,sem_dipl,walk_forward
1963,logreg,1,0.7940738028274189,1,1,0.4121032818666481,war_N3_ge2,war,3,2,sem_dipl,walk_forward
1963,rf,1,0.6388322360999277,1,1,0.5081694559561181,war_N3_ge2,war,3,2,sem_dipl,walk_forward
1963,xgb,1,0.722434937953949,1,0,0.8210560083389282,war_N3_ge2,war,3,2,sem_dipl,walk_forward
1964,logreg,1,0.9397813551215493,1,1,0.4098854501868768,war_N3_ge2,war,3,2,sem_dipl,walk_forward
1964,rf,1,0.6404126153112332,1,1,0.5062797452846132,war_N3_ge2,war,3,2,sem_dipl,walk_forward
1964,xgb,1,0.8631975054740906,1,1,0.8199625611305237,war_N3_ge2,war,3,2,sem_dipl,walk_forward
1965,logreg,0,0.9915365254863281,1,1,0.41626784155210594,war_N3_ge2,war,3,2,sem_dipl,walk_forward
1965,rf,0,0.6993868689343548,1,1,0.5182966898857377,war_N3_ge2,war,3,2,sem_dipl,walk_forward
1965,xgb,0,0.9567418098449707,1,1,0.8155385255813599,war_N3_ge2,war,3,2,sem_dipl,walk_forward
1966,logreg,0,0.44631527612381927,0,1,0.4047445753058403,war_N3_ge2,war,3,2,sem_dipl,walk_forward
1966,rf,0,0.5361531582467933,1,1,0.5157138327626464,war_N3_ge2,war,3,2,sem_dipl,walk_forward
1966,xgb,0,0.6510338187217712,1,0,0.820233941078186,war_N3_ge2,war,3,2,sem_dipl,walk_forward
1967,logreg,0,0.7889900408892213,1,1,0.4049078666719197,war_N3_ge2,war,3,2,sem_dipl,walk_forward
1967,rf,0,0.7182694081394686,1,1,0.5192737037516121,war_N3_ge2,war,3,2,sem_dipl,walk_forward
1967,xgb,0,0.969548225402832,1,1,0.7929510474205017,war_N3_ge2,war,3,2,sem_dipl,walk_forward
1968,logreg,0,0.713547267517366,1,1,0.398990756871727,war_N3_ge2,war,3,2,sem_dipl,walk_forward
1968,rf,0,0.6598432770735626,1,1,0.5238752320776822,war_N3_ge2,war,3,2,sem_dipl,walk_forward
1968,xgb,0,0.8287793397903442,1,1,0.7968384027481079,war_N3_ge2,war,3,2,sem_dipl,walk_forward
1969,logreg,0,0.6091247015554072,1,1,0.39895941987319,war_N3_ge2,war,3,2,sem_dipl,walk_forward
1969,rf,0,0.6316623985052428,1,1,0.5201952042446509,war_N3_ge2,war,3,2,sem_dipl,walk_forward
1969,xgb,0,0.8151451349258423,1,0,0.8184149265289307,war_N3_ge2,war,3,2,sem_dipl,walk_forward
1970,logreg,0,0.694541764376254,1,1,0.4843274642162314,war_N3_ge2,war,3,2,sem_dipl,walk_forward
1970,rf,0,0.5568474985746517,1,1,0.5366084766822125,war_N3_ge2,war,3,2,sem_dipl,walk_forward
1970,xgb,0,0.762465238571167,1,0,0.8222193121910095,war_N3_ge2,war,3,2,sem_dipl,walk_forward
1971,logreg,0,0.3071790487527758,0,0,0.5078645584937893,war_N3_ge2,war,3,2,sem_dipl,walk_forward
1971,rf,0,0.40833435109439625,0,0,0.5518591611092549,war_N3_ge2,war,3,2,sem_dipl,walk_forward
1971,xgb,0,0.12673687934875488,0,0,0.8411528468132019,war_N3_ge2,war,3,2,sem_dipl,walk_forward
1972,logreg,0,0.4910176183440812,0,0,0.5006289047992528,war_N3_ge2,war,3,2,sem_dipl,walk_forward
1972,rf,0,0.4877977728493669,0,0,0.543581257388543,war_N3_ge2,war,3,2,sem_dipl,walk_forward
1972,xgb,0,0.22255326807498932,0,0,0.8360857367515564,war_N3_ge2,war,3,2,sem_dipl,walk_forward
1973,logreg,0,0.6859840646311647,1,1,0.5188621030186473,war_N3_ge2,war,3,2,sem_dipl,walk_forward
1973,rf,0,0.5167922566907216,1,1,0.49583641771604303,war_N3_ge2,war,3,2,sem_dipl,walk_forward
1973,xgb,0,0.2521172761917114,0,0,0.8174492716789246,war_N3_ge2,war,3,2,sem_dipl,walk_forward
1974,logreg,0,0.20968471756414128,0,0,0.4089038258381103,war_N3_ge2,war,3,2,sem_dipl,walk_forward
1974,rf,0,0.4777048544525835,0,0,0.49158432558413057,war_N3_ge2,war,3,2,sem_dipl,walk_forward
1974,xgb,0,0.20752006769180298,0,0,0.8256206512451172,war_N3_ge2,war,3,2,sem_dipl,walk_forward
1975,logreg,0,0.14128090981931984,0,0,0.43025146438205064,war_N3_ge2,war,3,2,sem_dipl,walk_forward
1975,rf,0,0.5005219928366633,1,0,0.5013941972072553,war_N3_ge2,war,3,2,sem_dipl,walk_forward
1975,xgb,0,0.1167059913277626,0,0,0.8306933641433716,war_N3_ge2,war,3,2,sem_dipl,walk_forward
1976,logreg,0,0.16839576354118257,0,0,0.42044394085569387,war_N3_ge2,war,3,2,sem_dipl,walk_forward
1976,rf,0,0.5025405157132598,1,1,0.4965600903256406,war_N3_ge2,war,3,2,sem_dipl,walk_forward
1976,xgb,0,0.3280523121356964,0,0,0.8374130725860596,war_N3_ge2,war,3,2,sem_dipl,walk_forward
1977,logreg,0,0.17418325096448736,0,0,0.44694462234975807,war_N3_ge2,war,3,2,sem_dipl,walk_forward
1977,rf,0,0.35476741905707704,0,0,0.5141855251405959,war_N3_ge2,war,3,2,sem_dipl,walk_forward
1977,xgb,0,0.03142314404249191,0,0,0.8407862186431885,war_N3_ge2,war,3,2,sem_dipl,walk_forward
1978,logreg,0,0.050376863937737056,0,0,0.45266554348198357,war_N3_ge2,war,3,2,sem_dipl,walk_forward
1978,rf,0,0.34265236155473,0,0,0.5187189142296094,war_N3_ge2,war,3,2,sem_dipl,walk_forward
1978,xgb,0,0.09942395985126495,0,0,0.836355984210968,war_N3_ge2,war,3,2,sem_dipl,walk_forward
1979,logreg,0,0.06320974643665399,0,0,0.4584658008378324,war_N3_ge2,war,3,2,sem_dipl,walk_forward
1979,rf,0,0.28918956886837116,0,0,0.4930918660846601,war_N3_ge2,war,3,2,sem_dipl,walk_forward
1979,xgb,0,0.023626865819096565,0,0,0.8557424545288086,war_N3_ge2,war,3,2,sem_dipl,walk_forward
1980,logreg,0,0.1287673713980297,0,0,0.4608592255504512,war_N3_ge2,war,3,2,sem_dipl,walk_forward
1980,rf,0,0.4117969504962832,0,0,0.5476505756241329,war_N3_ge2,war,3,2,sem_dipl,walk_forward
1980,xgb,0,0.15145786106586456,0,0,0.8544732332229614,war_N3_ge2,war,3,2,sem_dipl,walk_forward
1981,logreg,0,0.4891723861885036,0,1,0.4704811160139956,war_N3_ge2,war,3,2,sem_dipl,walk_forward
1981,rf,0,0.25723900495325497,0,0,0.49755031319914156,war_N3_ge2,war,3,2,sem_dipl,walk_forward
1981,xgb,0,0.07843367010354996,0,0,0.8488325476646423,war_N3_ge2,war,3,2,sem_dipl,walk_forward
1982,logreg,0,0.33239740796183415,0,0,0.47610882733302423,war_N3_ge2,war,3,2,sem_dipl,walk_forward
1982,rf,0,0.3279515717878355,0,0,0.5054603589064008,war_N3_ge2,war,3,2,sem_dipl,walk_forward
1982,xgb,0,0.1021275743842125,0,0,0.8551338911056519,war_N3_ge2,war,3,2,sem_dipl,walk_forward
1983,logreg,0,0.1357989215706115,0,0,0.4808279365119385,war_N3_ge2,war,3,2,sem_dipl,walk_forward
1983,rf,0,0.30784481279270515,0,0,0.5141649400138378,war_N3_ge2,war,3,2,sem_dipl,walk_forward
1983,xgb,0,0.06690195947885513,0,0,0.8564766645431519,war_N3_ge2,war,3,2,sem_dipl,walk_forward
1984,logreg,1,0.07792384901404384,0,0,0.48489191541420207,war_N3_ge2,war,3,2,sem_dipl,walk_forward
1984,rf,1,0.39515810077391655,0,0,0.5233391547789213,war_N3_ge2,war,3,2,sem_dipl,walk_forward
1984,xgb,1,0.13173972070217133,0,0,0.8684916496276855,war_N3_ge2,war,3,2,sem_dipl,walk_forward
1985,logreg,1,0.026244695277525314,0,0,0.48500851891075747,war_N3_ge2,war,3,2,sem_dipl,walk_forward
1985,rf,1,0.37170012559756177,0,0,0.5187127969944672,war_N3_ge2,war,3,2,sem_dipl,walk_forward
1985,xgb,1,0.42451438307762146,0,0,0.8616376519203186,war_N3_ge2,war,3,2,sem_dipl,walk_forward
1986,logreg,1,0.03871718172943245,0,0,0.49534106726427807,war_N3_ge2,war,3,2,sem_dipl,walk_forward
1986,rf,1,0.22859175989099148,0,0,0.5336969390574539,war_N3_ge2,war,3,2,sem_dipl,walk_forward
1986,xgb,1,0.012877372093498707,0,0,0.869235634803772,war_N3_ge2,war,3,2,sem_dipl,walk_forward
1987,logreg,1,0.14882442937742396,0,0,0.5048989977839395,war_N3_ge2,war,3,2,sem_dipl,walk_forward
1987,rf,1,0.18925445239171537,0,0,0.5353435648034636,war_N3_ge2,war,3,2,sem_dipl,walk_forward
1987,xgb,1,0.09638954699039459,0,0,0.8718906044960022,war_N3_ge2,war,3,2,sem_dipl,walk_forward
1988,logreg,1,0.28017190326747243,0,0,0.5518802229937849,war_N3_ge2,war,3,2,sem_dipl,walk_forward
1988,rf,1,0.4884668586486705,0,0,0.5338126552496197,war_N3_ge2,war,3,2,sem_dipl,walk_forward
1988,xgb,1,0.8823026418685913,1,1,0.8656790852546692,war_N3_ge2,war,3,2,sem_dipl,walk_forward
1989,logreg,1,0.6527944536492589,1,1,0.5263856577030902,war_N3_ge2,war,3,2,sem_dipl,walk_forward
1989,rf,1,0.28820483953038245,0,0,0.5334926081529314,war_N3_ge2,war,3,2,sem_dipl,walk_forward
1989,xgb,1,0.15880942344665527,0,0,0.8786382675170898,war_N3_ge2,war,3,2,sem_dipl,walk_forward
1990,logreg,0,0.5554135758440325,1,0,0.5579080632858646,war_N3_ge2,war,3,2,sem_dipl,walk_forward
1990,rf,0,0.3862397527619301,0,0,0.5212651316217447,war_N3_ge2,war,3,2,sem_dipl,walk_forward
1990,xgb,0,0.1965133100748062,0,0,0.84253990650177,war_N3_ge2,war,3,2,sem_dipl,walk_forward
1991,logreg,0,0.3725841669801355,0,0,0.5772265838714855,war_N3_ge2,war,3,2,sem_dipl,walk_forward
1991,rf,0,0.4821133880967452,0,0,0.49412608017712506,war_N3_ge2,war,3,2,sem_dipl,walk_forward
1991,xgb,0,0.7673705220222473,1,0,0.8203439712524414,war_N3_ge2,war,3,2,sem_dipl,walk_forward
1992,logreg,0,0.468191545584484,0,1,0.4049738205355496,war_N3_ge2,war,3,2,sem_dipl,walk_forward
1992,rf,0,0.4660414729690779,0,0,0.5098045273332624,war_N3_ge2,war,3,2,sem_dipl,walk_forward
1992,xgb,0,0.4145033657550812,0,0,0.8266386389732361,war_N3_ge2,war,3,2,sem_dipl,walk_forward
1993,logreg,0,0.7412666138652878,1,1,0.37989516937846984,war_N3_ge2,war,3,2,sem_dipl,walk_forward
1993,rf,0,0.5417277398845806,1,1,0.5114622244190307,war_N3_ge2,war,3,2,sem_dipl,walk_forward
1993,xgb,0,0.3877405822277069,0,0,0.84605473279953,war_N3_ge2,war,3,2,sem_dipl,walk_forward
1994,logreg,0,0.37721935591658334,0,0,0.5353645763561905,war_N3_ge2,war,3,2,sem_dipl,walk_forward
1994,rf,0,0.4403802648654233,0,0,0.5148501321606664,war_N3_ge2,war,3,2,sem_dipl,walk_forward
1994,xgb,0,0.5065253376960754,1,0,0.8555012345314026,war_N3_ge2,war,3,2,sem_dipl,walk_forward
1995,logreg,0,0.4540184128032756,0,1,0.41746148634788777,war_N3_ge2,war,3,2,sem_dipl,walk_forward
1995,rf,0,0.4914502905411276,0,0,0.5249586611015604,war_N3_ge2,war,3,2,sem_dipl,walk_forward
1995,xgb,0,0.6995689272880554,1,0,0.8482210040092468,war_N3_ge2,war,3,2,sem_dipl,walk_forward
1996,logreg,1,0.36383175506956067,0,0,0.46672182730456974,war_N3_ge2,war,3,2,sem_dipl,walk_forward
1996,rf,1,0.4757449483450271,0,0,0.5136133764285755,war_N3_ge2,war,3,2,sem_dipl,walk_forward
1996,xgb,1,0.40173617005348206,0,0,0.8452656269073486,war_N3_ge2,war,3,2,sem_dipl,walk_forward
1997,logreg,1,0.24342969670875847,0,0,0.5651470152382746,war_N3_ge2,war,3,2,sem_dipl,walk_forward
1997,rf,1,0.46669077339118553,0,0,0.5298793511749281,war_N3_ge2,war,3,2,sem_dipl,walk_forward
1997,xgb,1,0.5696618556976318,1,0,0.8538438677787781,war_N3_ge2,war,3,2,sem_dipl,walk_forward
1998,logreg,1,0.056641354576815,0,0,0.514170484436584,war_N3_ge2,war,3,2,sem_dipl,walk_forward
1998,rf,1,0.24883607524065102,0,0,0.5302978360501945,war_N3_ge2,war,3,2,sem_dipl,walk_forward
1998,xgb,1,0.023939361795783043,0,0,0.8383018970489502,war_N3_ge2,war,3,2,sem_dipl,walk_forward
1999,logreg,1,0.3059800052939664,0,0,0.5259730702481946,war_N3_ge2,war,3,2,sem_dipl,walk_forward
1999,rf,1,0.34701769127513016,0,0,0.5486655767861608,war_N3_ge2,war,3,2,sem_dipl,walk_forward
1999,xgb,1,0.1961064338684082,0,0,0.8528719544410706,war_N3_ge2,war,3,2,sem_dipl,walk_forward
2000,logreg,1,0.7232292190930327,1,1,0.365033509778497,war_N3_ge2,war,3,2,sem_dipl,walk_forward
2000,rf,1,0.4460184196674048,0,0,0.5402631383540453,war_N3_ge2,war,3,2,sem_dipl,walk_forward
2000,xgb,1,0.753792405128479,1,0,0.8365475535392761,war_N3_ge2,war,3,2,sem_dipl,walk_forward
2001,logreg,1,0.5018145650288481,1,1,0.3695580994062378,war_N3_ge2,war,3,2,sem_dipl,walk_forward
2001,rf,1,0.4319130030476282,0,0,0.5224997045699299,war_N3_ge2,war,3,2,sem_dipl,walk_forward
2001,xgb,1,0.2964976131916046,0,0,0.8441794514656067,war_N3_ge2,war,3,2,sem_dipl,walk_forward
2002,logreg,1,0.2488122153657692,0,0,0.3647481522768656,war_N3_ge2,war,3,2,sem_dipl,walk_forward
2002,rf,1,0.3985008064085181,0,0,0.5312169648000195,war_N3_ge2,war,3,2,sem_dipl,walk_forward
2002,xgb,1,0.5022599101066589,1,0,0.8242293000221252,war_N3_ge2,war,3,2,sem_dipl,walk_forward
2003,logreg,0,0.3524316509218021,0,0,0.37040255699913455,war_N3_ge2,war,3,2,sem_dipl,walk_forward
2003,rf,0,0.513736187707119,1,1,0.5059886320212046,war_N3_ge2,war,3,2,sem_dipl,walk_forward
2003,xgb,0,0.33001160621643066,0,0,0.8284589052200317,war_N3_ge2,war,3,2,sem_dipl,walk_forward
2004,logreg,0,0.5904086287834566,1,1,0.3620505553354315,war_N3_ge2,war,3,2,sem_dipl,walk_forward
2004,rf,0,0.5971784545963403,1,1,0.5298928591152376,war_N3_ge2,war,3,2,sem_dipl,walk_forward
2004,xgb,0,0.9407159686088562,1,1,0.8371645212173462,war_N3_ge2,war,3,2,sem_dipl,walk_forward
1933,prevalencia,0,0.625,1,1,0.5,war_N3_ge2,war,3,2,sem_dipl,walk_forward
1933,persistencia,0,0.0,0,0,0.5,war_N3_ge2,war,3,2,sem_dipl,walk_forward
1933,persistencia_purgada,0,1.0,1,1,0.5,war_N3_ge2,war,3,2,sem_dipl,walk_forward
1934,prevalencia,1,0.6341463414634146,1,1,0.5,war_N3_ge2,war,3,2,sem_dipl,walk_forward
1934,persistencia,1,0.0,0,0,0.5,war_N3_ge2,war,3,2,sem_dipl,walk_forward
1934,persistencia_purgada,1,1.0,1,1,0.5,war_N3_ge2,war,3,2,sem_dipl,walk_forward
1935,prevalencia,1,0.6190476190476191,1,1,0.5,war_N3_ge2,war,3,2,sem_dipl,walk_forward
1935,persistencia,1,1.0,1,1,0.5,war_N3_ge2,war,3,2,sem_dipl,walk_forward
1935,persistencia_purgada,1,0.0,0,0,0.5,war_N3_ge2,war,3,2,sem_dipl,walk_forward
1936,prevalencia,1,0.6046511627906976,1,1,0.5,war_N3_ge2,war,3,2,sem_dipl,walk_forward
1936,persistencia,1,1.0,1,1,0.5,war_N3_ge2,war,3,2,sem_dipl,walk_forward
1936,persistencia_purgada,1,0.0,0,0,0.5,war_N3_ge2,war,3,2,sem_dipl,walk_forward
1937,prevalencia,1,0.5909090909090909,1,1,0.5,war_N3_ge2,war,3,2,sem_dipl,walk_forward
1937,persistencia,1,1.0,1,1,0.5,war_N3_ge2,war,3,2,sem_dipl,walk_forward
1937,persistencia_purgada,1,0.0,0,0,0.5,war_N3_ge2,war,3,2,sem_dipl,walk_forward
1938,prevalencia,1,0.6,1,1,0.5,war_N3_ge2,war,3,2,sem_dipl,walk_forward
1938,persistencia,1,1.0,1,1,0.5,war_N3_ge2,war,3,2,sem_dipl,walk_forward
1938,persistencia_purgada,1,1.0,1,1,0.5,war_N3_ge2,war,3,2,sem_dipl,walk_forward
1939,prevalencia,0,0.6086956521739131,1,1,0.5,war_N3_ge2,war,3,2,sem_dipl,walk_forward
1939,persistencia,0,1.0,1,1,0.5,war_N3_ge2,war,3,2,sem_dipl,walk_forward
1939,persistencia_purgada,0,1.0,1,1,0.5,war_N3_ge2,war,3,2,sem_dipl,walk_forward
1940,prevalencia,0,0.6170212765957447,1,1,0.5,war_N3_ge2,war,3,2,sem_dipl,walk_forward
1940,persistencia,0,0.0,0,0,0.5,war_N3_ge2,war,3,2,sem_dipl,walk_forward
1940,persistencia_purgada,0,1.0,1,1,0.5,war_N3_ge2,war,3,2,sem_dipl,walk_forward
1941,prevalencia,0,0.625,1,1,0.5,war_N3_ge2,war,3,2,sem_dipl,walk_forward
1941,persistencia,0,0.0,0,0,0.5,war_N3_ge2,war,3,2,sem_dipl,walk_forward
1941,persistencia_purgada,0,1.0,1,1,0.5,war_N3_ge2,war,3,2,sem_dipl,walk_forward
1942,prevalencia,0,0.6326530612244898,1,1,0.5,war_N3_ge2,war,3,2,sem_dipl,walk_forward
1942,persistencia,0,0.0,0,0,0.5,war_N3_ge2,war,3,2,sem_dipl,walk_forward
1942,persistencia_purgada,0,1.0,1,1,0.5,war_N3_ge2,war,3,2,sem_dipl,walk_forward
1943,prevalencia,0,0.62,1,1,0.5,war_N3_ge2,war,3,2,sem_dipl,walk_forward
1943,persistencia,0,0.0,0,0,0.5,war_N3_ge2,war,3,2,sem_dipl,walk_forward
1943,persistencia_purgada,0,0.0,0,0,0.5,war_N3_ge2,war,3,2,sem_dipl,walk_forward
1944,prevalencia,1,0.6078431372549019,1,1,0.5,war_N3_ge2,war,3,2,sem_dipl,walk_forward
1944,persistencia,1,0.0,0,0,0.5,war_N3_ge2,war,3,2,sem_dipl,walk_forward
1944,persistencia_purgada,1,0.0,0,0,0.5,war_N3_ge2,war,3,2,sem_dipl,walk_forward
1945,prevalencia,1,0.5961538461538461,1,1,0.5,war_N3_ge2,war,3,2,sem_dipl,walk_forward
1945,persistencia,1,1.0,1,1,0.5,war_N3_ge2,war,3,2,sem_dipl,walk_forward
1945,persistencia_purgada,1,0.0,0,0,0.5,war_N3_ge2,war,3,2,sem_dipl,walk_forward
1946,prevalencia,1,0.5849056603773585,1,1,0.5,war_N3_ge2,war,3,2,sem_dipl,walk_forward
1946,persistencia,1,1.0,1,1,0.5,war_N3_ge2,war,3,2,sem_dipl,walk_forward
1946,persistencia_purgada,1,0.0,0,0,0.5,war_N3_ge2,war,3,2,sem_dipl,walk_forward
1947,prevalencia,1,0.5740740740740741,1,1,0.5,war_N3_ge2,war,3,2,sem_dipl,walk_forward
1947,persistencia,1,1.0,1,1,0.5,war_N3_ge2,war,3,2,sem_dipl,walk_forward
1947,persistencia_purgada,1,0.0,0,0,0.5,war_N3_ge2,war,3,2,sem_dipl,walk_forward
1948,prevalencia,1,0.5818181818181818,1,1,0.5,war_N3_ge2,war,3,2,sem_dipl,walk_forward
1948,persistencia,1,1.0,1,1,0.5,war_N3_ge2,war,3,2,sem_dipl,walk_forward
1948,persistencia_purgada,1,1.0,1,1,0.5,war_N3_ge2,war,3,2,sem_dipl,walk_forward
1949,prevalencia,1,0.5892857142857143,1,1,0.5,war_N3_ge2,war,3,2,sem_dipl,walk_forward
1949,persistencia,1,1.0,1,1,0.5,war_N3_ge2,war,3,2,sem_dipl,walk_forward
1949,persistencia_purgada,1,1.0,1,1,0.5,war_N3_ge2,war,3,2,sem_dipl,walk_forward
1950,prevalencia,0,0.5964912280701754,1,1,0.5,war_N3_ge2,war,3,2,sem_dipl,walk_forward
1950,persistencia,0,1.0,1,1,0.5,war_N3_ge2,war,3,2,sem_dipl,walk_forward
1950,persistencia_purgada,0,1.0,1,1,0.5,war_N3_ge2,war,3,2,sem_dipl,walk_forward
1951,prevalencia,0,0.603448275862069,1,1,0.5,war_N3_ge2,war,3,2,sem_dipl,walk_forward
1951,persistencia,0,0.0,0,0,0.5,war_N3_ge2,war,3,2,sem_dipl,walk_forward
1951,persistencia_purgada,0,1.0,1,1,0.5,war_N3_ge2,war,3,2,sem_dipl,walk_forward
1952,prevalencia,0,0.6101694915254238,1,1,0.5,war_N3_ge2,war,3,2,sem_dipl,walk_forward
1952,persistencia,0,0.0,0,0,0.5,war_N3_ge2,war,3,2,sem_dipl,walk_forward
1952,persistencia_purgada,0,1.0,1,1,0.5,war_N3_ge2,war,3,2,sem_dipl,walk_forward
1953,prevalencia,1,0.6166666666666667,1,1,0.5,war_N3_ge2,war,3,2,sem_dipl,walk_forward
1953,persistencia,1,0.0,0,0,0.5,war_N3_ge2,war,3,2,sem_dipl,walk_forward
1953,persistencia_purgada,1,1.0,1,1,0.5,war_N3_ge2,war,3,2,sem_dipl,walk_forward
1954,prevalencia,1,0.6065573770491803,1,1,0.5,war_N3_ge2,war,3,2,sem_dipl,walk_forward
1954,persistencia,1,1.0,1,1,0.5,war_N3_ge2,war,3,2,sem_dipl,walk_forward
1954,persistencia_purgada,1,0.0,0,0,0.5,war_N3_ge2,war,3,2,sem_dipl,walk_forward
1955,prevalencia,1,0.5967741935483871,1,1,0.5,war_N3_ge2,war,3,2,sem_dipl,walk_forward
1955,persistencia,1,1.0,1,1,0.5,war_N3_ge2,war,3,2,sem_dipl,walk_forward
1955,persistencia_purgada,1,0.0,0,0,0.5,war_N3_ge2,war,3,2,sem_dipl,walk_forward
1956,prevalencia,1,0.5873015873015873,1,1,0.5,war_N3_ge2,war,3,2,sem_dipl,walk_forward
1956,persistencia,1,1.0,1,1,0.5,war_N3_ge2,war,3,2,sem_dipl,walk_forward
1956,persistencia_purgada,1,0.0,0,0,0.5,war_N3_ge2,war,3,2,sem_dipl,walk_forward
1957,prevalencia,0,0.59375,1,1,0.5,war_N3_ge2,war,3,2,sem_dipl,walk_forward
1957,persistencia,0,1.0,1,1,0.5,war_N3_ge2,war,3,2,sem_dipl,walk_forward
1957,persistencia_purgada,0,1.0,1,1,0.5,war_N3_ge2,war,3,2,sem_dipl,walk_forward
1958,prevalencia,0,0.6,1,1,0.5,war_N3_ge2,war,3,2,sem_dipl,walk_forward
1958,persistencia,0,0.0,0,0,0.5,war_N3_ge2,war,3,2,sem_dipl,walk_forward
1958,persistencia_purgada,0,1.0,1,1,0.5,war_N3_ge2,war,3,2,sem_dipl,walk_forward
1959,prevalencia,1,0.6060606060606061,1,1,0.5,war_N3_ge2,war,3,2,sem_dipl,walk_forward
1959,persistencia,1,0.0,0,0,0.5,war_N3_ge2,war,3,2,sem_dipl,walk_forward
1959,persistencia_purgada,1,1.0,1,1,0.5,war_N3_ge2,war,3,2,sem_dipl,walk_forward
1960,prevalencia,1,0.6119402985074627,1,1,0.5,war_N3_ge2,war,3,2,sem_dipl,walk_forward
1960,persistencia,1,1.0,1,1,0.5,war_N3_ge2,war,3,2,sem_dipl,walk_forward
1960,persistencia_purgada,1,1.0,1,1,0.5,war_N3_ge2,war,3,2,sem_dipl,walk_forward
1961,prevalencia,1,0.6029411764705882,1,1,0.5,war_N3_ge2,war,3,2,sem_dipl,walk_forward
1961,persistencia,1,1.0,1,1,0.5,war_N3_ge2,war,3,2,sem_dipl,walk_forward
1961,persistencia_purgada,1,0.0,0,0,0.5,war_N3_ge2,war,3,2,sem_dipl,walk_forward
1962,prevalencia,1,0.5942028985507246,1,1,0.5,war_N3_ge2,war,3,2,sem_dipl,walk_forward
1962,persistencia,1,1.0,1,1,0.5,war_N3_ge2,war,3,2,sem_dipl,walk_forward
1962,persistencia_purgada,1,0.0,0,0,0.5,war_N3_ge2,war,3,2,sem_dipl,walk_forward
1963,prevalencia,1,0.6,1,1,0.5,war_N3_ge2,war,3,2,sem_dipl,walk_forward
1963,persistencia,1,1.0,1,1,0.5,war_N3_ge2,war,3,2,sem_dipl,walk_forward
1963,persistencia_purgada,1,1.0,1,1,0.5,war_N3_ge2,war,3,2,sem_dipl,walk_forward
1964,prevalencia,1,0.6056338028169014,1,1,0.5,war_N3_ge2,war,3,2,sem_dipl,walk_forward
1964,persistencia,1,1.0,1,1,0.5,war_N3_ge2,war,3,2,sem_dipl,walk_forward
1964,persistencia_purgada,1,1.0,1,1,0.5,war_N3_ge2,war,3,2,sem_dipl,walk_forward
1965,prevalencia,0,0.6111111111111112,1,1,0.5,war_N3_ge2,war,3,2,sem_dipl,walk_forward
1965,persistencia,0,1.0,1,1,0.5,war_N3_ge2,war,3,2,sem_dipl,walk_forward
1965,persistencia_purgada,0,1.0,1,1,0.5,war_N3_ge2,war,3,2,sem_dipl,walk_forward
1966,prevalencia,0,0.6164383561643836,1,1,0.5,war_N3_ge2,war,3,2,sem_dipl,walk_forward
1966,persistencia,0,0.0,0,0,0.5,war_N3_ge2,war,3,2,sem_dipl,walk_forward
1966,persistencia_purgada,0,1.0,1,1,0.5,war_N3_ge2,war,3,2,sem_dipl,walk_forward
1967,prevalencia,0,0.6216216216216216,1,1,0.5,war_N3_ge2,war,3,2,sem_dipl,walk_forward
1967,persistencia,0,0.0,0,0,0.5,war_N3_ge2,war,3,2,sem_dipl,walk_forward
1967,persistencia_purgada,0,1.0,1,1,0.5,war_N3_ge2,war,3,2,sem_dipl,walk_forward
1968,prevalencia,0,0.6266666666666667,1,1,0.5,war_N3_ge2,war,3,2,sem_dipl,walk_forward
1968,persistencia,0,0.0,0,0,0.5,war_N3_ge2,war,3,2,sem_dipl,walk_forward
1968,persistencia_purgada,0,1.0,1,1,0.5,war_N3_ge2,war,3,2,sem_dipl,walk_forward
1969,prevalencia,0,0.618421052631579,1,1,0.5,war_N3_ge2,war,3,2,sem_dipl,walk_forward
1969,persistencia,0,0.0,0,0,0.5,war_N3_ge2,war,3,2,sem_dipl,walk_forward
1969,persistencia_purgada,0,0.0,0,0,0.5,war_N3_ge2,war,3,2,sem_dipl,walk_forward
1970,prevalencia,0,0.6103896103896104,1,1,0.5,war_N3_ge2,war,3,2,sem_dipl,walk_forward
1970,persistencia,0,0.0,0,0,0.5,war_N3_ge2,war,3,2,sem_dipl,walk_forward
1970,persistencia_purgada,0,0.0,0,0,0.5,war_N3_ge2,war,3,2,sem_dipl,walk_forward
1971,prevalencia,0,0.6025641025641025,1,1,0.5,war_N3_ge2,war,3,2,sem_dipl,walk_forward
1971,persistencia,0,0.0,0,0,0.5,war_N3_ge2,war,3,2,sem_dipl,walk_forward
1971,persistencia_purgada,0,0.0,0,0,0.5,war_N3_ge2,war,3,2,sem_dipl,walk_forward
1972,prevalencia,0,0.5949367088607594,1,1,0.5,war_N3_ge2,war,3,2,sem_dipl,walk_forward
1972,persistencia,0,0.0,0,0,0.5,war_N3_ge2,war,3,2,sem_dipl,walk_forward
1972,persistencia_purgada,0,0.0,0,0,0.5,war_N3_ge2,war,3,2,sem_dipl,walk_forward
1973,prevalencia,0,0.5875,1,1,0.5,war_N3_ge2,war,3,2,sem_dipl,walk_forward
1973,persistencia,0,0.0,0,0,0.5,war_N3_ge2,war,3,2,sem_dipl,walk_forward
1973,persistencia_purgada,0,0.0,0,0,0.5,war_N3_ge2,war,3,2,sem_dipl,walk_forward
1974,prevalencia,0,0.5802469135802469,1,1,0.5,war_N3_ge2,war,3,2,sem_dipl,walk_forward
1974,persistencia,0,0.0,0,0,0.5,war_N3_ge2,war,3,2,sem_dipl,walk_forward
1974,persistencia_purgada,0,0.0,0,0,0.5,war_N3_ge2,war,3,2,sem_dipl,walk_forward
1975,prevalencia,0,0.573170731707317,1,1,0.5,war_N3_ge2,war,3,2,sem_dipl,walk_forward
1975,persistencia,0,0.0,0,0,0.5,war_N3_ge2,war,3,2,sem_dipl,walk_forward
1975,persistencia_purgada,0,0.0,0,0,0.5,war_N3_ge2,war,3,2,sem_dipl,walk_forward
1976,prevalencia,0,0.5662650602409639,1,1,0.5,war_N3_ge2,war,3,2,sem_dipl,walk_forward
1976,persistencia,0,0.0,0,0,0.5,war_N3_ge2,war,3,2,sem_dipl,walk_forward
1976,persistencia_purgada,0,0.0,0,0,0.5,war_N3_ge2,war,3,2,sem_dipl,walk_forward
1977,prevalencia,0,0.5595238095238095,1,1,0.5,war_N3_ge2,war,3,2,sem_dipl,walk_forward
1977,persistencia,0,0.0,0,0,0.5,war_N3_ge2,war,3,2,sem_dipl,walk_forward
1977,persistencia_purgada,0,0.0,0,0,0.5,war_N3_ge2,war,3,2,sem_dipl,walk_forward
1978,prevalencia,0,0.5529411764705883,1,1,0.5,war_N3_ge2,war,3,2,sem_dipl,walk_forward
1978,persistencia,0,0.0,0,0,0.5,war_N3_ge2,war,3,2,sem_dipl,walk_forward
1978,persistencia_purgada,0,0.0,0,0,0.5,war_N3_ge2,war,3,2,sem_dipl,walk_forward
1979,prevalencia,0,0.5465116279069767,1,1,0.5,war_N3_ge2,war,3,2,sem_dipl,walk_forward
1979,persistencia,0,0.0,0,0,0.5,war_N3_ge2,war,3,2,sem_dipl,walk_forward
1979,persistencia_purgada,0,0.0,0,0,0.5,war_N3_ge2,war,3,2,sem_dipl,walk_forward
1980,prevalencia,0,0.5402298850574713,1,1,0.5,war_N3_ge2,war,3,2,sem_dipl,walk_forward
1980,persistencia,0,0.0,0,0,0.5,war_N3_ge2,war,3,2,sem_dipl,walk_forward
1980,persistencia_purgada,0,0.0,0,0,0.5,war_N3_ge2,war,3,2,sem_dipl,walk_forward
1981,prevalencia,0,0.5340909090909091,1,1,0.5,war_N3_ge2,war,3,2,sem_dipl,walk_forward
1981,persistencia,0,0.0,0,0,0.5,war_N3_ge2,war,3,2,sem_dipl,walk_forward
1981,persistencia_purgada,0,0.0,0,0,0.5,war_N3_ge2,war,3,2,sem_dipl,walk_forward
1982,prevalencia,0,0.5280898876404494,1,1,0.5,war_N3_ge2,war,3,2,sem_dipl,walk_forward
1982,persistencia,0,0.0,0,0,0.5,war_N3_ge2,war,3,2,sem_dipl,walk_forward
1982,persistencia_purgada,0,0.0,0,0,0.5,war_N3_ge2,war,3,2,sem_dipl,walk_forward
1983,prevalencia,0,0.5222222222222223,1,1,0.5,war_N3_ge2,war,3,2,sem_dipl,walk_forward
1983,persistencia,0,0.0,0,0,0.5,war_N3_ge2,war,3,2,sem_dipl,walk_forward
1983,persistencia_purgada,0,0.0,0,0,0.5,war_N3_ge2,war,3,2,sem_dipl,walk_forward
1984,prevalencia,1,0.5164835164835165,1,1,0.5,war_N3_ge2,war,3,2,sem_dipl,walk_forward
1984,persistencia,1,0.0,0,0,0.5,war_N3_ge2,war,3,2,sem_dipl,walk_forward
1984,persistencia_purgada,1,0.0,0,0,0.5,war_N3_ge2,war,3,2,sem_dipl,walk_forward
1985,prevalencia,1,0.5108695652173914,1,1,0.5,war_N3_ge2,war,3,2,sem_dipl,walk_forward
1985,persistencia,1,1.0,1,1,0.5,war_N3_ge2,war,3,2,sem_dipl,walk_forward
1985,persistencia_purgada,1,0.0,0,0,0.5,war_N3_ge2,war,3,2,sem_dipl,walk_forward
1986,prevalencia,1,0.5053763440860215,1,1,0.5,war_N3_ge2,war,3,2,sem_dipl,walk_forward
1986,persistencia,1,1.0,1,1,0.5,war_N3_ge2,war,3,2,sem_dipl,walk_forward
1986,persistencia_purgada,1,0.0,0,0,0.5,war_N3_ge2,war,3,2,sem_dipl,walk_forward
1987,prevalencia,1,0.5,1,1,0.5,war_N3_ge2,war,3,2,sem_dipl,walk_forward
1987,persistencia,1,1.0,1,1,0.5,war_N3_ge2,war,3,2,sem_dipl,walk_forward
1987,persistencia_purgada,1,0.0,0,0,0.5,war_N3_ge2,war,3,2,sem_dipl,walk_forward
1988,prevalencia,1,0.5052631578947369,1,1,0.5,war_N3_ge2,war,3,2,sem_dipl,walk_forward
1988,persistencia,1,1.0,1,1,0.5,war_N3_ge2,war,3,2,sem_dipl,walk_forward
1988,persistencia_purgada,1,1.0,1,1,0.5,war_N3_ge2,war,3,2,sem_dipl,walk_forward
1989,prevalencia,1,0.5104166666666666,1,1,0.5,war_N3_ge2,war,3,2,sem_dipl,walk_forward
1989,persistencia,1,1.0,1,1,0.5,war_N3_ge2,war,3,2,sem_dipl,walk_forward
1989,persistencia_purgada,1,1.0,1,1,0.5,war_N3_ge2,war,3,2,sem_dipl,walk_forward
1990,prevalencia,0,0.5154639175257731,1,1,0.5,war_N3_ge2,war,3,2,sem_dipl,walk_forward
1990,persistencia,0,1.0,1,1,0.5,war_N3_ge2,war,3,2,sem_dipl,walk_forward
1990,persistencia_purgada,0,1.0,1,1,0.5,war_N3_ge2,war,3,2,sem_dipl,walk_forward
1991,prevalencia,0,0.5204081632653061,1,1,0.5,war_N3_ge2,war,3,2,sem_dipl,walk_forward
1991,persistencia,0,0.0,0,0,0.5,war_N3_ge2,war,3,2,sem_dipl,walk_forward
1991,persistencia_purgada,0,1.0,1,1,0.5,war_N3_ge2,war,3,2,sem_dipl,walk_forward
1992,prevalencia,0,0.5252525252525253,1,1,0.5,war_N3_ge2,war,3,2,sem_dipl,walk_forward
1992,persistencia,0,0.0,0,0,0.5,war_N3_ge2,war,3,2,sem_dipl,walk_forward
1992,persistencia_purgada,0,1.0,1,1,0.5,war_N3_ge2,war,3,2,sem_dipl,walk_forward
1993,prevalencia,0,0.53,1,1,0.5,war_N3_ge2,war,3,2,sem_dipl,walk_forward
1993,persistencia,0,0.0,0,0,0.5,war_N3_ge2,war,3,2,sem_dipl,walk_forward
1993,persistencia_purgada,0,1.0,1,1,0.5,war_N3_ge2,war,3,2,sem_dipl,walk_forward
1994,prevalencia,0,0.5247524752475248,1,1,0.5,war_N3_ge2,war,3,2,sem_dipl,walk_forward
1994,persistencia,0,0.0,0,0,0.5,war_N3_ge2,war,3,2,sem_dipl,walk_forward
1994,persistencia_purgada,0,0.0,0,0,0.5,war_N3_ge2,war,3,2,sem_dipl,walk_forward
1995,prevalencia,0,0.5196078431372549,1,1,0.5,war_N3_ge2,war,3,2,sem_dipl,walk_forward
1995,persistencia,0,0.0,0,0,0.5,war_N3_ge2,war,3,2,sem_dipl,walk_forward
1995,persistencia_purgada,0,0.0,0,0,0.5,war_N3_ge2,war,3,2,sem_dipl,walk_forward
1996,prevalencia,1,0.5145631067961165,1,1,0.5,war_N3_ge2,war,3,2,sem_dipl,walk_forward
1996,persistencia,1,0.0,0,0,0.5,war_N3_ge2,war,3,2,sem_dipl,walk_forward
1996,persistencia_purgada,1,0.0,0,0,0.5,war_N3_ge2,war,3,2,sem_dipl,walk_forward
1997,prevalencia,1,0.5096153846153846,1,1,0.5,war_N3_ge2,war,3,2,sem_dipl,walk_forward
1997,persistencia,1,1.0,1,1,0.5,war_N3_ge2,war,3,2,sem_dipl,walk_forward
1997,persistencia_purgada,1,0.0,0,0,0.5,war_N3_ge2,war,3,2,sem_dipl,walk_forward
1998,prevalencia,1,0.5047619047619047,1,1,0.5,war_N3_ge2,war,3,2,sem_dipl,walk_forward
1998,persistencia,1,1.0,1,1,0.5,war_N3_ge2,war,3,2,sem_dipl,walk_forward
1998,persistencia_purgada,1,0.0,0,0,0.5,war_N3_ge2,war,3,2,sem_dipl,walk_forward
1999,prevalencia,1,0.5,1,1,0.5,war_N3_ge2,war,3,2,sem_dipl,walk_forward
1999,persistencia,1,1.0,1,1,0.5,war_N3_ge2,war,3,2,sem_dipl,walk_forward
1999,persistencia_purgada,1,0.0,0,0,0.5,war_N3_ge2,war,3,2,sem_dipl,walk_forward
2000,prevalencia,1,0.5046728971962616,1,1,0.5,war_N3_ge2,war,3,2,sem_dipl,walk_forward
2000,persistencia,1,1.0,1,1,0.5,war_N3_ge2,war,3,2,sem_dipl,walk_forward
2000,persistencia_purgada,1,1.0,1,1,0.5,war_N3_ge2,war,3,2,sem_dipl,walk_forward
2001,prevalencia,1,0.5092592592592593,1,1,0.5,war_N3_ge2,war,3,2,sem_dipl,walk_forward
2001,persistencia,1,1.0,1,1,0.5,war_N3_ge2,war,3,2,sem_dipl,walk_forward
2001,persistencia_purgada,1,1.0,1,1,0.5,war_N3_ge2,war,3,2,sem_dipl,walk_forward
2002,prevalencia,1,0.5137614678899083,1,1,0.5,war_N3_ge2,war,3,2,sem_dipl,walk_forward
2002,persistencia,1,1.0,1,1,0.5,war_N3_ge2,war,3,2,sem_dipl,walk_forward
2002,persistencia_purgada,1,1.0,1,1,0.5,war_N3_ge2,war,3,2,sem_dipl,walk_forward
2003,prevalencia,0,0.5181818181818182,1,1,0.5,war_N3_ge2,war,3,2,sem_dipl,walk_forward
2003,persistencia,0,1.0,1,1,0.5,war_N3_ge2,war,3,2,sem_dipl,walk_forward
2003,persistencia_purgada,0,1.0,1,1,0.5,war_N3_ge2,war,3,2,sem_dipl,walk_forward
2004,prevalencia,0,0.5225225225225225,1,1,0.5,war_N3_ge2,war,3,2,sem_dipl,walk_forward
2004,persistencia,0,0.0,0,0,0.5,war_N3_ge2,war,3,2,sem_dipl,walk_forward
2004,persistencia_purgada,0,1.0,1,1,0.5,war_N3_ge2,war,3,2,sem_dipl,walk_forward
1946,logreg,1,9.107135866629651e-08,0,0,0.5808854828149327,war_N3_ge2,war,3,2,sem_dipl,era_split
1947,logreg,1,0.000247224092416297,0,0,0.5808854828149327,war_N3_ge2,war,3,2,sem_dipl,era_split
1948,logreg,1,0.1748029379192805,0,0,0.5808854828149327,war_N3_ge2,war,3,2,sem_dipl,era_split
1949,logreg,1,0.014318576957112252,0,0,0.5808854828149327,war_N3_ge2,war,3,2,sem_dipl,era_split
1950,logreg,0,0.10296793868369594,0,0,0.5808854828149327,war_N3_ge2,war,3,2,sem_dipl,era_split
1951,logreg,0,0.07424482856874297,0,0,0.5808854828149327,war_N3_ge2,war,3,2,sem_dipl,era_split
1952,logreg,0,0.11519202517771202,0,0,0.5808854828149327,war_N3_ge2,war,3,2,sem_dipl,era_split
1953,logreg,1,0.11811183295252219,0,0,0.5808854828149327,war_N3_ge2,war,3,2,sem_dipl,era_split
1954,logreg,1,0.03524568870702764,0,0,0.5808854828149327,war_N3_ge2,war,3,2,sem_dipl,era_split
1955,logreg,1,0.0019417003863231995,0,0,0.5808854828149327,war_N3_ge2,war,3,2,sem_dipl,era_split
1956,logreg,1,0.6403444946140204,1,1,0.5808854828149327,war_N3_ge2,war,3,2,sem_dipl,era_split
1957,logreg,0,0.16744948048346078,0,0,0.5808854828149327,war_N3_ge2,war,3,2,sem_dipl,era_split
1958,logreg,0,0.5768373464629295,1,0,0.5808854828149327,war_N3_ge2,war,3,2,sem_dipl,era_split
1959,logreg,1,0.5696900907208612,1,0,0.5808854828149327,war_N3_ge2,war,3,2,sem_dipl,era_split
1960,logreg,1,0.5143619870957236,1,0,0.5808854828149327,war_N3_ge2,war,3,2,sem_dipl,era_split
1961,logreg,1,0.880631012539334,1,1,0.5808854828149327,war_N3_ge2,war,3,2,sem_dipl,era_split
1962,logreg,1,0.5864972164128379,1,1,0.5808854828149327,war_N3_ge2,war,3,2,sem_dipl,era_split
1963,logreg,1,0.9590556962732932,1,1,0.5808854828149327,war_N3_ge2,war,3,2,sem_dipl,era_split
1964,logreg,1,0.9804587579867025,1,1,0.5808854828149327,war_N3_ge2,war,3,2,sem_dipl,era_split
1965,logreg,0,0.99897495213104,1,1,0.5808854828149327,war_N3_ge2,war,3,2,sem_dipl,era_split
1966,logreg,0,0.5387617393923092,1,0,0.5808854828149327,war_N3_ge2,war,3,2,sem_dipl,era_split
1967,logreg,0,0.6418022418069089,1,1,0.5808854828149327,war_N3_ge2,war,3,2,sem_dipl,era_split
1968,logreg,0,0.5213844274879916,1,0,0.5808854828149327,war_N3_ge2,war,3,2,sem_dipl,era_split
1969,logreg,0,0.5195295829159433,1,0,0.5808854828149327,war_N3_ge2,war,3,2,sem_dipl,era_split
1970,logreg,0,0.4041268244216344,0,0,0.5808854828149327,war_N3_ge2,war,3,2,sem_dipl,era_split
1971,logreg,0,0.11496131646131158,0,0,0.5808854828149327,war_N3_ge2,war,3,2,sem_dipl,era_split
1972,logreg,0,0.19005332447378678,0,0,0.5808854828149327,war_N3_ge2,war,3,2,sem_dipl,era_split
1973,logreg,0,0.5097973434111103,1,0,0.5808854828149327,war_N3_ge2,war,3,2,sem_dipl,era_split
1974,logreg,0,0.1357370384881789,0,0,0.5808854828149327,war_N3_ge2,war,3,2,sem_dipl,era_split
1975,logreg,0,0.2268104093539247,0,0,0.5808854828149327,war_N3_ge2,war,3,2,sem_dipl,era_split
1976,logreg,0,0.4000035121453329,0,0,0.5808854828149327,war_N3_ge2,war,3,2,sem_dipl,era_split
1977,logreg,0,0.3453838118466427,0,0,0.5808854828149327,war_N3_ge2,war,3,2,sem_dipl,era_split
1978,logreg,0,0.46776787963575894,0,0,0.5808854828149327,war_N3_ge2,war,3,2,sem_dipl,era_split
1979,logreg,0,0.24440208570322539,0,0,0.5808854828149327,war_N3_ge2,war,3,2,sem_dipl,era_split
1980,logreg,0,0.6216067234943172,1,1,0.5808854828149327,war_N3_ge2,war,3,2,sem_dipl,era_split
1981,logreg,0,0.9148310464701769,1,1,0.5808854828149327,war_N3_ge2,war,3,2,sem_dipl,era_split
1982,logreg,0,0.5942614097061518,1,1,0.5808854828149327,war_N3_ge2,war,3,2,sem_dipl,era_split
1983,logreg,0,0.47596925489654635,0,0,0.5808854828149327,war_N3_ge2,war,3,2,sem_dipl,era_split
1984,logreg,1,0.7907029248177603,1,1,0.5808854828149327,war_N3_ge2,war,3,2,sem_dipl,era_split
1985,logreg,1,0.6682591448779098,1,1,0.5808854828149327,war_N3_ge2,war,3,2,sem_dipl,era_split
1986,logreg,1,0.307788977194126,0,0,0.5808854828149327,war_N3_ge2,war,3,2,sem_dipl,era_split
1987,logreg,1,0.969091811771574,1,1,0.5808854828149327,war_N3_ge2,war,3,2,sem_dipl,era_split
1988,logreg,1,0.9179808186199954,1,1,0.5808854828149327,war_N3_ge2,war,3,2,sem_dipl,era_split
1989,logreg,1,0.912475096038718,1,1,0.5808854828149327,war_N3_ge2,war,3,2,sem_dipl,era_split
1990,logreg,0,0.5108692217893531,1,0,0.5808854828149327,war_N3_ge2,war,3,2,sem_dipl,era_split
1991,logreg,0,0.19929966786853703,0,0,0.5808854828149327,war_N3_ge2,war,3,2,sem_dipl,era_split
1992,logreg,0,0.12416733989386759,0,0,0.5808854828149327,war_N3_ge2,war,3,2,sem_dipl,era_split
1993,logreg,0,0.8885637298437226,1,1,0.5808854828149327,war_N3_ge2,war,3,2,sem_dipl,era_split
1994,logreg,0,0.5689644669786634,1,0,0.5808854828149327,war_N3_ge2,war,3,2,sem_dipl,era_split
1995,logreg,0,0.8885781154156909,1,1,0.5808854828149327,war_N3_ge2,war,3,2,sem_dipl,era_split
1996,logreg,1,0.8465524565730427,1,1,0.5808854828149327,war_N3_ge2,war,3,2,sem_dipl,era_split
1997,logreg,1,0.8661321662380442,1,1,0.5808854828149327,war_N3_ge2,war,3,2,sem_dipl,era_split
1998,logreg,1,0.398426563597683,0,0,0.5808854828149327,war_N3_ge2,war,3,2,sem_dipl,era_split
1999,logreg,1,0.8527713991133795,1,1,0.5808854828149327,war_N3_ge2,war,3,2,sem_dipl,era_split
2000,logreg,1,0.8991548964608379,1,1,0.5808854828149327,war_N3_ge2,war,3,2,sem_dipl,era_split
2001,logreg,1,0.8066727287555626,1,1,0.5808854828149327,war_N3_ge2,war,3,2,sem_dipl,era_split
2002,logreg,1,0.07181832908393411,0,0,0.5808854828149327,war_N3_ge2,war,3,2,sem_dipl,era_split
2003,logreg,0,0.3411393122097744,0,0,0.5808854828149327,war_N3_ge2,war,3,2,sem_dipl,era_split
2004,logreg,0,0.8389528733994033,1,1,0.5808854828149327,war_N3_ge2,war,3,2,sem_dipl,era_split
1946,rf,1,0.3410223647165166,0,0,0.5142958291950026,war_N3_ge2,war,3,2,sem_dipl,era_split
1947,rf,1,0.46139725890678107,0,0,0.5142958291950026,war_N3_ge2,war,3,2,sem_dipl,era_split
1948,rf,1,0.466320132601174,0,0,0.5142958291950026,war_N3_ge2,war,3,2,sem_dipl,era_split
1949,rf,1,0.47972716893773415,0,0,0.5142958291950026,war_N3_ge2,war,3,2,sem_dipl,era_split
1950,rf,0,0.517332148637891,1,1,0.5142958291950026,war_N3_ge2,war,3,2,sem_dipl,era_split
1951,rf,0,0.539494464147038,1,1,0.5142958291950026,war_N3_ge2,war,3,2,sem_dipl,era_split
1952,rf,0,0.5754628791316387,1,1,0.5142958291950026,war_N3_ge2,war,3,2,sem_dipl,era_split
1953,rf,1,0.6060380740296936,1,1,0.5142958291950026,war_N3_ge2,war,3,2,sem_dipl,era_split
1954,rf,1,0.49773479754414834,0,0,0.5142958291950026,war_N3_ge2,war,3,2,sem_dipl,era_split
1955,rf,1,0.39490828367159014,0,0,0.5142958291950026,war_N3_ge2,war,3,2,sem_dipl,era_split
1956,rf,1,0.5637757613370736,1,1,0.5142958291950026,war_N3_ge2,war,3,2,sem_dipl,era_split
1957,rf,0,0.4799288843214156,0,0,0.5142958291950026,war_N3_ge2,war,3,2,sem_dipl,era_split
1958,rf,0,0.5566002329001913,1,1,0.5142958291950026,war_N3_ge2,war,3,2,sem_dipl,era_split
1959,rf,1,0.5282602206782093,1,1,0.5142958291950026,war_N3_ge2,war,3,2,sem_dipl,era_split
1960,rf,1,0.5396075642883965,1,1,0.5142958291950026,war_N3_ge2,war,3,2,sem_dipl,era_split
1961,rf,1,0.5549336863377258,1,1,0.5142958291950026,war_N3_ge2,war,3,2,sem_dipl,era_split
1962,rf,1,0.524375105001882,1,1,0.5142958291950026,war_N3_ge2,war,3,2,sem_dipl,era_split
1963,rf,1,0.6426746982861475,1,1,0.5142958291950026,war_N3_ge2,war,3,2,sem_dipl,era_split
1964,rf,1,0.6560856135417922,1,1,0.5142958291950026,war_N3_ge2,war,3,2,sem_dipl,era_split
1965,rf,0,0.594687938631628,1,1,0.5142958291950026,war_N3_ge2,war,3,2,sem_dipl,era_split
1966,rf,0,0.5082087531165204,1,0,0.5142958291950026,war_N3_ge2,war,3,2,sem_dipl,era_split
1967,rf,0,0.6184814888775508,1,1,0.5142958291950026,war_N3_ge2,war,3,2,sem_dipl,era_split
1968,rf,0,0.5803527765135665,1,1,0.5142958291950026,war_N3_ge2,war,3,2,sem_dipl,era_split
1969,rf,0,0.5445557736772957,1,1,0.5142958291950026,war_N3_ge2,war,3,2,sem_dipl,era_split
1970,rf,0,0.5861256365734945,1,1,0.5142958291950026,war_N3_ge2,war,3,2,sem_dipl,era_split
1971,rf,0,0.47594770065074976,0,0,0.5142958291950026,war_N3_ge2,war,3,2,sem_dipl,era_split
1972,rf,0,0.4890040707390659,0,0,0.5142958291950026,war_N3_ge2,war,3,2,sem_dipl,era_split
1973,rf,0,0.6142356701533326,1,1,0.5142958291950026,war_N3_ge2,war,3,2,sem_dipl,era_split
1974,rf,0,0.5984437047975689,1,1,0.5142958291950026,war_N3_ge2,war,3,2,sem_dipl,era_split
1975,rf,0,0.5727223195738871,1,1,0.5142958291950026,war_N3_ge2,war,3,2,sem_dipl,era_split
1976,rf,0,0.6156000382075634,1,1,0.5142958291950026,war_N3_ge2,war,3,2,sem_dipl,era_split
1977,rf,0,0.5047839746978882,1,0,0.5142958291950026,war_N3_ge2,war,3,2,sem_dipl,era_split
1978,rf,0,0.613795079124641,1,1,0.5142958291950026,war_N3_ge2,war,3,2,sem_dipl,era_split
1979,rf,0,0.5701269794888879,1,1,0.5142958291950026,war_N3_ge2,war,3,2,sem_dipl,era_split
1980,rf,0,0.708901676044058,1,1,0.5142958291950026,war_N3_ge2,war,3,2,sem_dipl,era_split
1981,rf,0,0.5285354012860967,1,1,0.5142958291950026,war_N3_ge2,war,3,2,sem_dipl,era_split
1982,rf,0,0.652900747930675,1,1,0.5142958291950026,war_N3_ge2,war,3,2,sem_dipl,era_split
1983,rf,0,0.5378261519567434,1,1,0.5142958291950026,war_N3_ge2,war,3,2,sem_dipl,era_split
1984,rf,1,0.6605242483893085,1,1,0.5142958291950026,war_N3_ge2,war,3,2,sem_dipl,era_split
1985,rf,1,0.6133952397462448,1,1,0.5142958291950026,war_N3_ge2,war,3,2,sem_dipl,era_split
1986,rf,1,0.5586241916645347,1,1,0.5142958291950026,war_N3_ge2,war,3,2,sem_dipl,era_split
1987,rf,1,0.6959360160190589,1,1,0.5142958291950026,war_N3_ge2,war,3,2,sem_dipl,era_split
1988,rf,1,0.7235653391005858,1,1,0.5142958291950026,war_N3_ge2,war,3,2,sem_dipl,era_split
1989,rf,1,0.6828570930893767,1,1,0.5142958291950026,war_N3_ge2,war,3,2,sem_dipl,era_split
1990,rf,0,0.4995799650921249,0,0,0.5142958291950026,war_N3_ge2,war,3,2,sem_dipl,era_split
1991,rf,0,0.6691759259759616,1,1,0.5142958291950026,war_N3_ge2,war,3,2,sem_dipl,era_split
1992,rf,0,0.46152456330233027,0,0,0.5142958291950026,war_N3_ge2,war,3,2,sem_dipl,era_split
1993,rf,0,0.6956244163994412,1,1,0.5142958291950026,war_N3_ge2,war,3,2,sem_dipl,era_split
1994,rf,0,0.6032856493519839,1,1,0.5142958291950026,war_N3_ge2,war,3,2,sem_dipl,era_split
1995,rf,0,0.6933645077924298,1,1,0.5142958291950026,war_N3_ge2,war,3,2,sem_dipl,era_split
1996,rf,1,0.6589977999795775,1,1,0.5142958291950026,war_N3_ge2,war,3,2,sem_dipl,era_split
1997,rf,1,0.719498404377971,1,1,0.5142958291950026,war_N3_ge2,war,3,2,sem_dipl,era_split
1998,rf,1,0.6089602670766407,1,1,0.5142958291950026,war_N3_ge2,war,3,2,sem_dipl,era_split
1999,rf,1,0.6898055889240245,1,1,0.5142958291950026,war_N3_ge2,war,3,2,sem_dipl,era_split
2000,rf,1,0.7301443197605734,1,1,0.5142958291950026,war_N3_ge2,war,3,2,sem_dipl,era_split
2001,rf,1,0.7287062622389965,1,1,0.5142958291950026,war_N3_ge2,war,3,2,sem_dipl,era_split
2002,rf,1,0.6542941270994856,1,1,0.5142958291950026,war_N3_ge2,war,3,2,sem_dipl,era_split
2003,rf,0,0.548761053967266,1,1,0.5142958291950026,war_N3_ge2,war,3,2,sem_dipl,era_split
2004,rf,0,0.7477757252737904,1,1,0.5142958291950026,war_N3_ge2,war,3,2,sem_dipl,era_split
1946,xgb,1,0.06917539983987808,0,0,0.7887012958526611,war_N3_ge2,war,3,2,sem_dipl,era_split
1947,xgb,1,0.3887879252433777,0,0,0.7887012958526611,war_N3_ge2,war,3,2,sem_dipl,era_split
1948,xgb,1,0.23210708796977997,0,0,0.7887012958526611,war_N3_ge2,war,3,2,sem_dipl,era_split
1949,xgb,1,0.5946778655052185,1,0,0.7887012958526611,war_N3_ge2,war,3,2,sem_dipl,era_split
1950,xgb,0,0.5204030871391296,1,0,0.7887012958526611,war_N3_ge2,war,3,2,sem_dipl,era_split
1951,xgb,0,0.6636807918548584,1,0,0.7887012958526611,war_N3_ge2,war,3,2,sem_dipl,era_split
1952,xgb,0,0.7339802384376526,1,0,0.7887012958526611,war_N3_ge2,war,3,2,sem_dipl,era_split
1953,xgb,1,0.8720266819000244,1,1,0.7887012958526611,war_N3_ge2,war,3,2,sem_dipl,era_split
1954,xgb,1,0.23196479678153992,0,0,0.7887012958526611,war_N3_ge2,war,3,2,sem_dipl,era_split
1955,xgb,1,0.1553245633840561,0,0,0.7887012958526611,war_N3_ge2,war,3,2,sem_dipl,era_split
1956,xgb,1,0.8718366026878357,1,1,0.7887012958526611,war_N3_ge2,war,3,2,sem_dipl,era_split
1957,xgb,0,0.281980961561203,0,0,0.7887012958526611,war_N3_ge2,war,3,2,sem_dipl,era_split
1958,xgb,0,0.6809470057487488,1,0,0.7887012958526611,war_N3_ge2,war,3,2,sem_dipl,era_split
1959,xgb,1,0.7467273473739624,1,0,0.7887012958526611,war_N3_ge2,war,3,2,sem_dipl,era_split
1960,xgb,1,0.5235500335693359,1,0,0.7887012958526611,war_N3_ge2,war,3,2,sem_dipl,era_split
1961,xgb,1,0.7769898176193237,1,0,0.7887012958526611,war_N3_ge2,war,3,2,sem_dipl,era_split
1962,xgb,1,0.5617781281471252,1,0,0.7887012958526611,war_N3_ge2,war,3,2,sem_dipl,era_split
1963,xgb,1,0.7979773879051208,1,1,0.7887012958526611,war_N3_ge2,war,3,2,sem_dipl,era_split
1964,xgb,1,0.5535274744033813,1,0,0.7887012958526611,war_N3_ge2,war,3,2,sem_dipl,era_split
1965,xgb,0,0.8576353788375854,1,1,0.7887012958526611,war_N3_ge2,war,3,2,sem_dipl,era_split
1966,xgb,0,0.3564269542694092,0,0,0.7887012958526611,war_N3_ge2,war,3,2,sem_dipl,era_split
1967,xgb,0,0.8669788241386414,1,1,0.7887012958526611,war_N3_ge2,war,3,2,sem_dipl,era_split
1968,xgb,0,0.7500268220901489,1,0,0.7887012958526611,war_N3_ge2,war,3,2,sem_dipl,era_split
1969,xgb,0,0.6216871738433838,1,0,0.7887012958526611,war_N3_ge2,war,3,2,sem_dipl,era_split
1970,xgb,0,0.7643213272094727,1,0,0.7887012958526611,war_N3_ge2,war,3,2,sem_dipl,era_split
1971,xgb,0,0.06022805720567703,0,0,0.7887012958526611,war_N3_ge2,war,3,2,sem_dipl,era_split
1972,xgb,0,0.3090553283691406,0,0,0.7887012958526611,war_N3_ge2,war,3,2,sem_dipl,era_split
1973,xgb,0,0.772130012512207,1,0,0.7887012958526611,war_N3_ge2,war,3,2,sem_dipl,era_split
1974,xgb,0,0.5757015347480774,1,0,0.7887012958526611,war_N3_ge2,war,3,2,sem_dipl,era_split
1975,xgb,0,0.4479657709598541,0,0,0.7887012958526611,war_N3_ge2,war,3,2,sem_dipl,era_split
1976,xgb,0,0.7271091341972351,1,0,0.7887012958526611,war_N3_ge2,war,3,2,sem_dipl,era_split
1977,xgb,0,0.279276043176651,0,0,0.7887012958526611,war_N3_ge2,war,3,2,sem_dipl,era_split
1978,xgb,0,0.6788123846054077,1,0,0.7887012958526611,war_N3_ge2,war,3,2,sem_dipl,era_split
1979,xgb,0,0.5402254462242126,1,0,0.7887012958526611,war_N3_ge2,war,3,2,sem_dipl,era_split
1980,xgb,0,0.9413726329803467,1,1,0.7887012958526611,war_N3_ge2,war,3,2,sem_dipl,era_split
1981,xgb,0,0.5474012494087219,1,0,0.7887012958526611,war_N3_ge2,war,3,2,sem_dipl,era_split
1982,xgb,0,0.9043890237808228,1,1,0.7887012958526611,war_N3_ge2,war,3,2,sem_dipl,era_split
1983,xgb,0,0.5028013586997986,1,0,0.7887012958526611,war_N3_ge2,war,3,2,sem_dipl,era_split
1984,xgb,1,0.9057031273841858,1,1,0.7887012958526611,war_N3_ge2,war,3,2,sem_dipl,era_split
1985,xgb,1,0.8898398280143738,1,1,0.7887012958526611,war_N3_ge2,war,3,2,sem_dipl,era_split
1986,xgb,1,0.5471880435943604,1,0,0.7887012958526611,war_N3_ge2,war,3,2,sem_dipl,era_split
1987,xgb,1,0.9602047801017761,1,1,0.7887012958526611,war_N3_ge2,war,3,2,sem_dipl,era_split
1988,xgb,1,0.9751212000846863,1,1,0.7887012958526611,war_N3_ge2,war,3,2,sem_dipl,era_split
1989,xgb,1,0.9597998261451721,1,1,0.7887012958526611,war_N3_ge2,war,3,2,sem_dipl,era_split
1990,xgb,0,0.44717884063720703,0,0,0.7887012958526611,war_N3_ge2,war,3,2,sem_dipl,era_split
1991,xgb,0,0.9686532616615295,1,1,0.7887012958526611,war_N3_ge2,war,3,2,sem_dipl,era_split
1992,xgb,0,0.07786358892917633,0,0,0.7887012958526611,war_N3_ge2,war,3,2,sem_dipl,era_split
1993,xgb,0,0.9253356456756592,1,1,0.7887012958526611,war_N3_ge2,war,3,2,sem_dipl,era_split
1994,xgb,0,0.6494871973991394,1,0,0.7887012958526611,war_N3_ge2,war,3,2,sem_dipl,era_split
1995,xgb,0,0.8631015419960022,1,1,0.7887012958526611,war_N3_ge2,war,3,2,sem_dipl,era_split
1996,xgb,1,0.8334442377090454,1,1,0.7887012958526611,war_N3_ge2,war,3,2,sem_dipl,era_split
1997,xgb,1,0.9312949776649475,1,1,0.7887012958526611,war_N3_ge2,war,3,2,sem_dipl,era_split
1998,xgb,1,0.5823678374290466,1,0,0.7887012958526611,war_N3_ge2,war,3,2,sem_dipl,era_split
1999,xgb,1,0.83360755443573,1,1,0.7887012958526611,war_N3_ge2,war,3,2,sem_dipl,era_split
2000,xgb,1,0.9412867426872253,1,1,0.7887012958526611,war_N3_ge2,war,3,2,sem_dipl,era_split
2001,xgb,1,0.9744195938110352,1,1,0.7887012958526611,war_N3_ge2,war,3,2,sem_dipl,era_split
2002,xgb,1,0.9094768762588501,1,1,0.7887012958526611,war_N3_ge2,war,3,2,sem_dipl,era_split
2003,xgb,0,0.2544819116592407,0,0,0.7887012958526611,war_N3_ge2,war,3,2,sem_dipl,era_split
2004,xgb,0,0.9664571285247803,1,1,0.7887012958526611,war_N3_ge2,war,3,2,sem_dipl,era_split
1946,prevalencia,1,0.5849056603773585,1,1,0.5,war_N3_ge2,war,3,2,sem_dipl,era_split
1947,prevalencia,1,0.5849056603773585,1,1,0.5,war_N3_ge2,war,3,2,sem_dipl,era_split
1948,prevalencia,1,0.5849056603773585,1,1,0.5,war_N3_ge2,war,3,2,sem_dipl,era_split
1949,prevalencia,1,0.5849056603773585,1,1,0.5,war_N3_ge2,war,3,2,sem_dipl,era_split
1950,prevalencia,0,0.5849056603773585,1,1,0.5,war_N3_ge2,war,3,2,sem_dipl,era_split
1951,prevalencia,0,0.5849056603773585,1,1,0.5,war_N3_ge2,war,3,2,sem_dipl,era_split
1952,prevalencia,0,0.5849056603773585,1,1,0.5,war_N3_ge2,war,3,2,sem_dipl,era_split
1953,prevalencia,1,0.5849056603773585,1,1,0.5,war_N3_ge2,war,3,2,sem_dipl,era_split
1954,prevalencia,1,0.5849056603773585,1,1,0.5,war_N3_ge2,war,3,2,sem_dipl,era_split
1955,prevalencia,1,0.5849056603773585,1,1,0.5,war_N3_ge2,war,3,2,sem_dipl,era_split
1956,prevalencia,1,0.5849056603773585,1,1,0.5,war_N3_ge2,war,3,2,sem_dipl,era_split
1957,prevalencia,0,0.5849056603773585,1,1,0.5,war_N3_ge2,war,3,2,sem_dipl,era_split
1958,prevalencia,0,0.5849056603773585,1,1,0.5,war_N3_ge2,war,3,2,sem_dipl,era_split
1959,prevalencia,1,0.5849056603773585,1,1,0.5,war_N3_ge2,war,3,2,sem_dipl,era_split
1960,prevalencia,1,0.5849056603773585,1,1,0.5,war_N3_ge2,war,3,2,sem_dipl,era_split
1961,prevalencia,1,0.5849056603773585,1,1,0.5,war_N3_ge2,war,3,2,sem_dipl,era_split
1962,prevalencia,1,0.5849056603773585,1,1,0.5,war_N3_ge2,war,3,2,sem_dipl,era_split
1963,prevalencia,1,0.5849056603773585,1,1,0.5,war_N3_ge2,war,3,2,sem_dipl,era_split
1964,prevalencia,1,0.5849056603773585,1,1,0.5,war_N3_ge2,war,3,2,sem_dipl,era_split
1965,prevalencia,0,0.5849056603773585,1,1,0.5,war_N3_ge2,war,3,2,sem_dipl,era_split
1966,prevalencia,0,0.5849056603773585,1,1,0.5,war_N3_ge2,war,3,2,sem_dipl,era_split
1967,prevalencia,0,0.5849056603773585,1,1,0.5,war_N3_ge2,war,3,2,sem_dipl,era_split
1968,prevalencia,0,0.5849056603773585,1,1,0.5,war_N3_ge2,war,3,2,sem_dipl,era_split
1969,prevalencia,0,0.5849056603773585,1,1,0.5,war_N3_ge2,war,3,2,sem_dipl,era_split
1970,prevalencia,0,0.5849056603773585,1,1,0.5,war_N3_ge2,war,3,2,sem_dipl,era_split
1971,prevalencia,0,0.5849056603773585,1,1,0.5,war_N3_ge2,war,3,2,sem_dipl,era_split
1972,prevalencia,0,0.5849056603773585,1,1,0.5,war_N3_ge2,war,3,2,sem_dipl,era_split
1973,prevalencia,0,0.5849056603773585,1,1,0.5,war_N3_ge2,war,3,2,sem_dipl,era_split
1974,prevalencia,0,0.5849056603773585,1,1,0.5,war_N3_ge2,war,3,2,sem_dipl,era_split
1975,prevalencia,0,0.5849056603773585,1,1,0.5,war_N3_ge2,war,3,2,sem_dipl,era_split
1976,prevalencia,0,0.5849056603773585,1,1,0.5,war_N3_ge2,war,3,2,sem_dipl,era_split
1977,prevalencia,0,0.5849056603773585,1,1,0.5,war_N3_ge2,war,3,2,sem_dipl,era_split
1978,prevalencia,0,0.5849056603773585,1,1,0.5,war_N3_ge2,war,3,2,sem_dipl,era_split
1979,prevalencia,0,0.5849056603773585,1,1,0.5,war_N3_ge2,war,3,2,sem_dipl,era_split
1980,prevalencia,0,0.5849056603773585,1,1,0.5,war_N3_ge2,war,3,2,sem_dipl,era_split
1981,prevalencia,0,0.5849056603773585,1,1,0.5,war_N3_ge2,war,3,2,sem_dipl,era_split
1982,prevalencia,0,0.5849056603773585,1,1,0.5,war_N3_ge2,war,3,2,sem_dipl,era_split
1983,prevalencia,0,0.5849056603773585,1,1,0.5,war_N3_ge2,war,3,2,sem_dipl,era_split
1984,prevalencia,1,0.5849056603773585,1,1,0.5,war_N3_ge2,war,3,2,sem_dipl,era_split
1985,prevalencia,1,0.5849056603773585,1,1,0.5,war_N3_ge2,war,3,2,sem_dipl,era_split
1986,prevalencia,1,0.5849056603773585,1,1,0.5,war_N3_ge2,war,3,2,sem_dipl,era_split
1987,prevalencia,1,0.5849056603773585,1,1,0.5,war_N3_ge2,war,3,2,sem_dipl,era_split
1988,prevalencia,1,0.5849056603773585,1,1,0.5,war_N3_ge2,war,3,2,sem_dipl,era_split
1989,prevalencia,1,0.5849056603773585,1,1,0.5,war_N3_ge2,war,3,2,sem_dipl,era_split
1990,prevalencia,0,0.5849056603773585,1,1,0.5,war_N3_ge2,war,3,2,sem_dipl,era_split
1991,prevalencia,0,0.5849056603773585,1,1,0.5,war_N3_ge2,war,3,2,sem_dipl,era_split
1992,prevalencia,0,0.5849056603773585,1,1,0.5,war_N3_ge2,war,3,2,sem_dipl,era_split
1993,prevalencia,0,0.5849056603773585,1,1,0.5,war_N3_ge2,war,3,2,sem_dipl,era_split
1994,prevalencia,0,0.5849056603773585,1,1,0.5,war_N3_ge2,war,3,2,sem_dipl,era_split
1995,prevalencia,0,0.5849056603773585,1,1,0.5,war_N3_ge2,war,3,2,sem_dipl,era_split
1996,prevalencia,1,0.5849056603773585,1,1,0.5,war_N3_ge2,war,3,2,sem_dipl,era_split
1997,prevalencia,1,0.5849056603773585,1,1,0.5,war_N3_ge2,war,3,2,sem_dipl,era_split
1998,prevalencia,1,0.5849056603773585,1,1,0.5,war_N3_ge2,war,3,2,sem_dipl,era_split
1999,prevalencia,1,0.5849056603773585,1,1,0.5,war_N3_ge2,war,3,2,sem_dipl,era_split
2000,prevalencia,1,0.5849056603773585,1,1,0.5,war_N3_ge2,war,3,2,sem_dipl,era_split
2001,prevalencia,1,0.5849056603773585,1,1,0.5,war_N3_ge2,war,3,2,sem_dipl,era_split
2002,prevalencia,1,0.5849056603773585,1,1,0.5,war_N3_ge2,war,3,2,sem_dipl,era_split
2003,prevalencia,0,0.5849056603773585,1,1,0.5,war_N3_ge2,war,3,2,sem_dipl,era_split
2004,prevalencia,0,0.5849056603773585,1,1,0.5,war_N3_ge2,war,3,2,sem_dipl,era_split
1931,logreg,0,0.2257235043753543,0,0,0.6417521513224463,proxy_N1_ge2,proxy,1,2,completo,walk_forward
1931,rf,0,0.4539321212237695,0,0,0.5393071801407119,proxy_N1_ge2,proxy,1,2,completo,walk_forward
1931,xgb,0,0.23068968951702118,0,0,0.904769241809845,proxy_N1_ge2,proxy,1,2,completo,walk_forward
1932,logreg,1,0.48063868435660595,0,0,0.5945450031461388,proxy_N1_ge2,proxy,1,2,completo,walk_forward
1932,rf,1,0.4956912737964934,0,0,0.541891616134567,proxy_N1_ge2,proxy,1,2,completo,walk_forward
1932,xgb,1,0.15668484568595886,0,0,0.902633786201477,proxy_N1_ge2,proxy,1,2,completo,walk_forward
1933,logreg,1,0.5758624065574991,1,0,0.5969663509565958,proxy_N1_ge2,proxy,1,2,completo,walk_forward
1933,rf,1,0.4190030197030796,0,0,0.5334509592251588,proxy_N1_ge2,proxy,1,2,completo,walk_forward
1933,xgb,1,0.05026305094361305,0,0,0.9092283248901367,proxy_N1_ge2,proxy,1,2,completo,walk_forward
1934,logreg,0,0.668352359021911,1,1,0.5501928638294741,proxy_N1_ge2,proxy,1,2,completo,walk_forward
1934,rf,0,0.4750974884542259,0,0,0.5318937049050878,proxy_N1_ge2,proxy,1,2,completo,walk_forward
1934,xgb,0,0.16283467411994934,0,0,0.905463457107544,proxy_N1_ge2,proxy,1,2,completo,walk_forward
1935,logreg,0,0.6057981834019582,1,1,0.539653983035291,proxy_N1_ge2,proxy,1,2,completo,walk_forward
1935,rf,0,0.4951466491335765,0,0,0.5093884438762489,proxy_N1_ge2,proxy,1,2,completo,walk_forward
1935,xgb,0,0.10298921912908554,0,0,0.9023247957229614,proxy_N1_ge2,proxy,1,2,completo,walk_forward
1936,logreg,1,0.22496432112878925,0,0,0.5223958442923781,proxy_N1_ge2,proxy,1,2,completo,walk_forward
1936,rf,1,0.4962662994115856,0,0,0.5129641004634018,proxy_N1_ge2,proxy,1,2,completo,walk_forward
1936,xgb,1,0.319888710975647,0,0,0.905548095703125,proxy_N1_ge2,proxy,1,2,completo,walk_forward
1937,logreg,1,0.8502418078695925,1,1,0.5224968587922283,proxy_N1_ge2,proxy,1,2,completo,walk_forward
1937,rf,1,0.4794136900211264,0,0,0.5184467036865015,proxy_N1_ge2,proxy,1,2,completo,walk_forward
1937,xgb,1,0.2713468670845032,0,0,0.9086174368858337,proxy_N1_ge2,proxy,1,2,completo,walk_forward
1938,logreg,1,0.873113625149389,1,1,0.541795720490857,proxy_N1_ge2,proxy,1,2,completo,walk_forward
1938,rf,1,0.5071783254648018,1,0,0.52016440076335,proxy_N1_ge2,proxy,1,2,completo,walk_forward
1938,xgb,1,0.20782482624053955,0,0,0.9062460064888,proxy_N1_ge2,proxy,1,2,completo,walk_forward
1939,logreg,1,0.999606327024455,1,1,0.5388396746186539,proxy_N1_ge2,proxy,1,2,completo,walk_forward
1939,rf,1,0.5439918766398509,1,1,0.5212460914888348,proxy_N1_ge2,proxy,1,2,completo,walk_forward
1939,xgb,1,0.7374204993247986,1,0,0.8995471000671387,proxy_N1_ge2,proxy,1,2,completo,walk_forward
1940,logreg,1,0.9987041743092996,1,1,0.5315888966437884,proxy_N1_ge2,proxy,1,2,completo,walk_forward
1940,rf,1,0.5013502389703649,1,0,0.514506522779695,proxy_N1_ge2,proxy,1,2,completo,walk_forward
1940,xgb,1,0.889082133769989,1,0,0.889360249042511,proxy_N1_ge2,proxy,1,2,completo,walk_forward
1941,logreg,0,0.4140839884860265,0,0,0.5082989966961149,proxy_N1_ge2,proxy,1,2,completo,walk_forward
1941,rf,0,0.47934817999624757,0,0,0.5194222969113825,proxy_N1_ge2,proxy,1,2,completo,walk_forward
1941,xgb,0,0.4989652633666992,0,0,0.8985984325408936,proxy_N1_ge2,proxy,1,2,completo,walk_forward
1942,logreg,1,0.025572024683934554,0,0,0.49233624533339887,proxy_N1_ge2,proxy,1,2,completo,walk_forward
1942,rf,1,0.5309787796705369,1,1,0.5202548901964881,proxy_N1_ge2,proxy,1,2,completo,walk_forward
1942,xgb,1,0.7950787544250488,1,0,0.8964259624481201,proxy_N1_ge2,proxy,1,2,completo,walk_forward
1943,logreg,0,3.281095091528986e-05,0,0,0.5308625569807028,proxy_N1_ge2,proxy,1,2,completo,walk_forward
1943,rf,0,0.3533698771706819,0,0,0.5121767735580267,proxy_N1_ge2,proxy,1,2,completo,walk_forward
1943,xgb,0,0.05593026429414749,0,0,0.8847918510437012,proxy_N1_ge2,proxy,1,2,completo,walk_forward
1944,logreg,0,0.03546955526988326,0,0,0.5425172142544381,proxy_N1_ge2,proxy,1,2,completo,walk_forward
1944,rf,0,0.42933786944100905,0,0,0.5068658118840436,proxy_N1_ge2,proxy,1,2,completo,walk_forward
1944,xgb,0,0.5282654166221619,1,0,0.885702908039093,proxy_N1_ge2,proxy,1,2,completo,walk_forward
1945,logreg,0,0.004661980939545974,0,0,0.5502360508748412,proxy_N1_ge2,proxy,1,2,completo,walk_forward
1945,rf,0,0.3197739569377488,0,0,0.5057406123993986,proxy_N1_ge2,proxy,1,2,completo,walk_forward
1945,xgb,0,0.04732733964920044,0,0,0.8841537237167358,proxy_N1_ge2,proxy,1,2,completo,walk_forward
1946,logreg,1,7.9167849623788e-05,0,0,0.5593966824947775,proxy_N1_ge2,proxy,1,2,completo,walk_forward
1946,rf,1,0.2930900869135215,0,0,0.5041791005623439,proxy_N1_ge2,proxy,1,2,completo,walk_forward
1946,xgb,1,0.07087063044309616,0,0,0.890845000743866,proxy_N1_ge2,proxy,1,2,completo,walk_forward
1947,logreg,0,0.015275630857296591,0,0,0.5689485035761054,proxy_N1_ge2,proxy,1,2,completo,walk_forward
1947,rf,0,0.3052322942933279,0,0,0.5032423599442167,proxy_N1_ge2,proxy,1,2,completo,walk_forward
1947,xgb,0,0.12469273805618286,0,0,0.8886219263076782,proxy_N1_ge2,proxy,1,2,completo,walk_forward
1948,logreg,0,0.15307464750539893,0,0,0.5480656388588123,proxy_N1_ge2,proxy,1,2,completo,walk_forward
1948,rf,0,0.43331822447818413,0,0,0.4952254046344894,proxy_N1_ge2,proxy,1,2,completo,walk_forward
1948,xgb,0,0.731281042098999,1,0,0.9068326354026794,proxy_N1_ge2,proxy,1,2,completo,walk_forward
1949,logreg,1,0.8860309193513579,1,1,0.5232990715782783,proxy_N1_ge2,proxy,1,2,completo,walk_forward
1949,rf,1,0.4663196619265391,0,0,0.5108553315166157,proxy_N1_ge2,proxy,1,2,completo,walk_forward
1949,xgb,1,0.8228850364685059,1,0,0.9035561680793762,proxy_N1_ge2,proxy,1,2,completo,walk_forward
1950,logreg,0,0.054553054324264556,0,0,0.5316277438547558,proxy_N1_ge2,proxy,1,2,completo,walk_forward
1950,rf,0,0.46262627380867843,0,0,0.500855009415128,proxy_N1_ge2,proxy,1,2,completo,walk_forward
1950,xgb,0,0.17935143411159515,0,0,0.9043707251548767,proxy_N1_ge2,proxy,1,2,completo,walk_forward
1951,logreg,0,0.3450468738241157,0,0,0.5268853958414116,proxy_N1_ge2,proxy,1,2,completo,walk_forward
1951,rf,0,0.46509795535785725,0,0,0.49854044557076094,proxy_N1_ge2,proxy,1,2,completo,walk_forward
1951,xgb,0,0.22067710757255554,0,0,0.8954498171806335,proxy_N1_ge2,proxy,1,2,completo,walk_forward
1952,logreg,0,0.23103099462178928,0,0,0.5318653862213066,proxy_N1_ge2,proxy,1,2,completo,walk_forward
1952,rf,0,0.37681497191884317,0,0,0.5080482427584523,proxy_N1_ge2,proxy,1,2,completo,walk_forward
1952,xgb,0,0.02575882337987423,0,0,0.9029733538627625,proxy_N1_ge2,proxy,1,2,completo,walk_forward
1953,logreg,0,0.06056730736732787,0,0,0.5318953454532171,proxy_N1_ge2,proxy,1,2,completo,walk_forward
1953,rf,0,0.35749737011374977,0,0,0.4900790959582434,proxy_N1_ge2,proxy,1,2,completo,walk_forward
1953,xgb,0,0.02873496524989605,0,0,0.9083409905433655,proxy_N1_ge2,proxy,1,2,completo,walk_forward
1954,logreg,1,0.05632999349200784,0,0,0.5327026789985502,proxy_N1_ge2,proxy,1,2,completo,walk_forward
1954,rf,1,0.24311583708149298,0,0,0.5101022331905778,proxy_N1_ge2,proxy,1,2,completo,walk_forward
1954,xgb,1,0.002822709269821644,0,0,0.9069634079933167,proxy_N1_ge2,proxy,1,2,completo,walk_forward
1955,logreg,0,0.039823401706875046,0,0,0.5376950106814381,proxy_N1_ge2,proxy,1,2,completo,walk_forward
1955,rf,0,0.3481133806684847,0,0,0.5134016733197619,proxy_N1_ge2,proxy,1,2,completo,walk_forward
1955,xgb,0,0.019582828506827354,0,0,0.9079713225364685,proxy_N1_ge2,proxy,1,2,completo,walk_forward
1956,logreg,0,0.8154976100323291,1,1,0.46711578960987826,proxy_N1_ge2,proxy,1,2,completo,walk_forward
1956,rf,0,0.36975171884241087,0,0,0.49333702777343524,proxy_N1_ge2,proxy,1,2,completo,walk_forward
1956,xgb,0,0.07228082418441772,0,0,0.9025136232376099,proxy_N1_ge2,proxy,1,2,completo,walk_forward
1957,logreg,0,0.784410205457781,1,1,0.45023257708371145,proxy_N1_ge2,proxy,1,2,completo,walk_forward
1957,rf,0,0.35206749483804844,0,0,0.5091496483523934,proxy_N1_ge2,proxy,1,2,completo,walk_forward
1957,xgb,0,0.31537505984306335,0,0,0.9054999947547913,proxy_N1_ge2,proxy,1,2,completo,walk_forward
1958,logreg,0,0.8356426993764291,1,1,0.5257004521978508,proxy_N1_ge2,proxy,1,2,completo,walk_forward
1958,rf,0,0.4405821676312351,0,0,0.49911361636368257,proxy_N1_ge2,proxy,1,2,completo,walk_forward
1958,xgb,0,0.8673225045204163,1,0,0.9088571667671204,proxy_N1_ge2,proxy,1,2,completo,walk_forward
1959,logreg,0,0.09043355295622026,0,0,0.5304063141688827,proxy_N1_ge2,proxy,1,2,completo,walk_forward
1959,rf,0,0.22759121979330268,0,0,0.49588212065098564,proxy_N1_ge2,proxy,1,2,completo,walk_forward
1959,xgb,0,0.07332473248243332,0,0,0.9059969782829285,proxy_N1_ge2,proxy,1,2,completo,walk_forward
1960,logreg,1,0.30498437154515745,0,0,0.5409811325693924,proxy_N1_ge2,proxy,1,2,completo,walk_forward
1960,rf,1,0.41435279333548863,0,0,0.5115958719124929,proxy_N1_ge2,proxy,1,2,completo,walk_forward
1960,xgb,1,0.23531244695186615,0,0,0.9054585695266724,proxy_N1_ge2,proxy,1,2,completo,walk_forward
1961,logreg,0,0.3549719071201488,0,0,0.5462166864178621,proxy_N1_ge2,proxy,1,2,completo,walk_forward
1961,rf,0,0.3778211021473688,0,0,0.5101289686427669,proxy_N1_ge2,proxy,1,2,completo,walk_forward
1961,xgb,0,0.30059385299682617,0,0,0.9064624309539795,proxy_N1_ge2,proxy,1,2,completo,walk_forward
1962,logreg,0,0.2501309923389177,0,0,0.5213590050499635,proxy_N1_ge2,proxy,1,2,completo,walk_forward
1962,rf,0,0.43752301290504214,0,0,0.508702633336178,proxy_N1_ge2,proxy,1,2,completo,walk_forward
1962,xgb,0,0.11900673806667328,0,0,0.9033814668655396,proxy_N1_ge2,proxy,1,2,completo,walk_forward
1963,logreg,1,0.1547355133147269,0,0,0.5254150869891663,proxy_N1_ge2,proxy,1,2,completo,walk_forward
1963,rf,1,0.3762096346780316,0,0,0.5126012925943546,proxy_N1_ge2,proxy,1,2,completo,walk_forward
1963,xgb,1,0.052324481308460236,0,0,0.9047057628631592,proxy_N1_ge2,proxy,1,2,completo,walk_forward
1964,logreg,0,0.012604980602706895,0,0,0.5230037506809129,proxy_N1_ge2,proxy,1,2,completo,walk_forward
1964,rf,0,0.30554337432350354,0,0,0.5191137417772685,proxy_N1_ge2,proxy,1,2,completo,walk_forward
1964,xgb,0,0.01746387593448162,0,0,0.9099153876304626,proxy_N1_ge2,proxy,1,2,completo,walk_forward
1965,logreg,0,0.3790756114571574,0,0,0.5062699699677161,proxy_N1_ge2,proxy,1,2,completo,walk_forward
1965,rf,0,0.39629648686116503,0,0,0.5068181986089355,proxy_N1_ge2,proxy,1,2,completo,walk_forward
1965,xgb,0,0.04974566027522087,0,0,0.8993636965751648,proxy_N1_ge2,proxy,1,2,completo,walk_forward
1966,logreg,0,0.7285659871939726,1,1,0.509417488412463,proxy_N1_ge2,proxy,1,2,completo,walk_forward
1966,rf,0,0.35812311028526606,0,0,0.5124453036996346,proxy_N1_ge2,proxy,1,2,completo,walk_forward
1966,xgb,0,0.027435407042503357,0,0,0.9064393639564514,proxy_N1_ge2,proxy,1,2,completo,walk_forward
1967,logreg,0,0.26226645755641176,0,0,0.515279146018963,proxy_N1_ge2,proxy,1,2,completo,walk_forward
1967,rf,0,0.261842892303744,0,0,0.5071798107524356,proxy_N1_ge2,proxy,1,2,completo,walk_forward
1967,xgb,0,0.008052044548094273,0,0,0.9077218770980835,proxy_N1_ge2,proxy,1,2,completo,walk_forward
1968,logreg,0,0.2711295405120051,0,0,0.4816313368215039,proxy_N1_ge2,proxy,1,2,completo,walk_forward
1968,rf,0,0.2569013788949701,0,0,0.5074677805267657,proxy_N1_ge2,proxy,1,2,completo,walk_forward
1968,xgb,0,0.021498478949069977,0,0,0.9100672602653503,proxy_N1_ge2,proxy,1,2,completo,walk_forward
1969,logreg,0,0.1903767913339011,0,0,0.487685151185536,proxy_N1_ge2,proxy,1,2,completo,walk_forward
1969,rf,0,0.13876710317873664,0,0,0.5102951407223314,proxy_N1_ge2,proxy,1,2,completo,walk_forward
1969,xgb,0,0.0015419437550008297,0,0,0.9089832901954651,proxy_N1_ge2,proxy,1,2,completo,walk_forward
1970,logreg,0,0.19668190308452188,0,0,0.48772675273353056,proxy_N1_ge2,proxy,1,2,completo,walk_forward
1970,rf,0,0.2823130716845219,0,0,0.5057219253409925,proxy_N1_ge2,proxy,1,2,completo,walk_forward
1970,xgb,0,0.021018799394369125,0,0,0.9092177152633667,proxy_N1_ge2,proxy,1,2,completo,walk_forward
1971,logreg,0,0.9966118340101713,1,1,0.48971860090168334,proxy_N1_ge2,proxy,1,2,completo,walk_forward
1971,rf,0,0.43777846062480497,0,0,0.5275978977202797,proxy_N1_ge2,proxy,1,2,completo,walk_forward
1971,xgb,0,0.25070494413375854,0,0,0.913398027420044,proxy_N1_ge2,proxy,1,2,completo,walk_forward
1972,logreg,0,0.9520458974928792,1,1,0.501093651858292,proxy_N1_ge2,proxy,1,2,completo,walk_forward
1972,rf,0,0.3549095283742186,0,0,0.508948747466645,proxy_N1_ge2,proxy,1,2,completo,walk_forward
1972,xgb,0,0.22605375945568085,0,0,0.912925660610199,proxy_N1_ge2,proxy,1,2,completo,walk_forward
1973,logreg,0,0.5576926758389321,1,0,0.6331348779650653,proxy_N1_ge2,proxy,1,2,completo,walk_forward
1973,rf,0,0.2915410383065602,0,0,0.5090753984636092,proxy_N1_ge2,proxy,1,2,completo,walk_forward
1973,xgb,0,0.07233382016420364,0,0,0.9191074371337891,proxy_N1_ge2,proxy,1,2,completo,walk_forward
1974,logreg,0,0.9629599379189928,1,1,0.6487850605192245,proxy_N1_ge2,proxy,1,2,completo,walk_forward
1974,rf,0,0.38378864856436773,0,0,0.517434019821938,proxy_N1_ge2,proxy,1,2,completo,walk_forward
1974,xgb,0,0.2526690661907196,0,0,0.9153679609298706,proxy_N1_ge2,proxy,1,2,completo,walk_forward
1975,logreg,0,0.07041683756040118,0,0,0.6591046150733586,proxy_N1_ge2,proxy,1,2,completo,walk_forward
1975,rf,0,0.3126428508329434,0,0,0.533863028680996,proxy_N1_ge2,proxy,1,2,completo,walk_forward
1975,xgb,0,0.22955012321472168,0,0,0.9205449819564819,proxy_N1_ge2,proxy,1,2,completo,walk_forward
1976,logreg,0,0.09102982683592177,0,0,0.6511851138885045,proxy_N1_ge2,proxy,1,2,completo,walk_forward
1976,rf,0,0.29001616660495716,0,0,0.5325886413854061,proxy_N1_ge2,proxy,1,2,completo,walk_forward
1976,xgb,0,0.09230475127696991,0,0,0.9195875525474548,proxy_N1_ge2,proxy,1,2,completo,walk_forward
1977,logreg,1,0.01687973816302808,0,0,0.6548803655691956,proxy_N1_ge2,proxy,1,2,completo,walk_forward
1977,rf,1,0.269137773572495,0,0,0.5208837658185816,proxy_N1_ge2,proxy,1,2,completo,walk_forward
1977,xgb,1,0.0315132737159729,0,0,0.9196028709411621,proxy_N1_ge2,proxy,1,2,completo,walk_forward
1978,logreg,0,0.13159925822841448,0,0,0.6593680331221182,proxy_N1_ge2,proxy,1,2,completo,walk_forward
1978,rf,0,0.22523202636975023,0,0,0.5278527845184415,proxy_N1_ge2,proxy,1,2,completo,walk_forward
1978,xgb,0,0.014140291139483452,0,0,0.9217377305030823,proxy_N1_ge2,proxy,1,2,completo,walk_forward
1979,logreg,0,0.700567273009654,1,1,0.5786118758055839,proxy_N1_ge2,proxy,1,2,completo,walk_forward
1979,rf,0,0.3285954058048331,0,0,0.5074269369261096,proxy_N1_ge2,proxy,1,2,completo,walk_forward
1979,xgb,0,0.14071522653102875,0,0,0.9181116223335266,proxy_N1_ge2,proxy,1,2,completo,walk_forward
1980,logreg,0,0.2684816143207342,0,0,0.5807260369667278,proxy_N1_ge2,proxy,1,2,completo,walk_forward
1980,rf,0,0.39665788602754326,0,0,0.5094385024865637,proxy_N1_ge2,proxy,1,2,completo,walk_forward
1980,xgb,0,0.41475626826286316,0,0,0.9196973443031311,proxy_N1_ge2,proxy,1,2,completo,walk_forward
1981,logreg,0,0.21858024427732878,0,0,0.6193003899364501,proxy_N1_ge2,proxy,1,2,completo,walk_forward
1981,rf,0,0.3285229217538296,0,0,0.5209843994585284,proxy_N1_ge2,proxy,1,2,completo,walk_forward
1981,xgb,0,0.11677471548318863,0,0,0.9227020144462585,proxy_N1_ge2,proxy,1,2,completo,walk_forward
1982,logreg,0,0.5269055677587269,1,0,0.6299444684565835,proxy_N1_ge2,proxy,1,2,completo,walk_forward
1982,rf,0,0.2589754329298699,0,0,0.5165366119629996,proxy_N1_ge2,proxy,1,2,completo,walk_forward
1982,xgb,0,0.02875673957169056,0,0,0.9217569828033447,proxy_N1_ge2,proxy,1,2,completo,walk_forward
1983,logreg,0,0.3682095394766531,0,0,0.6331041736768652,proxy_N1_ge2,proxy,1,2,completo,walk_forward
1983,rf,0,0.23857909363009946,0,0,0.5264562914730303,proxy_N1_ge2,proxy,1,2,completo,walk_forward
1983,xgb,0,0.04639696702361107,0,0,0.9197156429290771,proxy_N1_ge2,proxy,1,2,completo,walk_forward
1984,logreg,0,0.33519300811043545,0,0,0.6068043273554968,proxy_N1_ge2,proxy,1,2,completo,walk_forward
1984,rf,0,0.3419214713043843,0,0,0.5261656445449762,proxy_N1_ge2,proxy,1,2,completo,walk_forward
1984,xgb,0,0.07811219990253448,0,0,0.9242841601371765,proxy_N1_ge2,proxy,1,2,completo,walk_forward
1985,logreg,1,0.01740516249096269,0,0,0.6429593019952942,proxy_N1_ge2,proxy,1,2,completo,walk_forward
1985,rf,1,0.4134255907472851,0,0,0.5288879256393518,proxy_N1_ge2,proxy,1,2,completo,walk_forward
1985,xgb,1,0.5408349633216858,1,0,0.9216817617416382,proxy_N1_ge2,proxy,1,2,completo,walk_forward
1986,logreg,0,0.22738435684705405,0,0,0.6384358131185287,proxy_N1_ge2,proxy,1,2,completo,walk_forward
1986,rf,0,0.2527246575975015,0,0,0.5306053802831496,proxy_N1_ge2,proxy,1,2,completo,walk_forward
1986,xgb,0,0.02019168622791767,0,0,0.9274144172668457,proxy_N1_ge2,proxy,1,2,completo,walk_forward
1987,logreg,0,0.2085808912735985,0,0,0.5834210790197168,proxy_N1_ge2,proxy,1,2,completo,walk_forward
1987,rf,0,0.3605203504809176,0,0,0.5208021463321245,proxy_N1_ge2,proxy,1,2,completo,walk_forward
1987,xgb,0,0.20483024418354034,0,0,0.9277960062026978,proxy_N1_ge2,proxy,1,2,completo,walk_forward
1988,logreg,0,0.11617590895427342,0,0,0.583970689433077,proxy_N1_ge2,proxy,1,2,completo,walk_forward
1988,rf,0,0.4924433897032881,0,0,0.5273600677444559,proxy_N1_ge2,proxy,1,2,completo,walk_forward
1988,xgb,0,0.28957703709602356,0,0,0.9315724968910217,proxy_N1_ge2,proxy,1,2,completo,walk_forward
1989,logreg,1,0.07746749806373601,0,0,0.5872754199638385,proxy_N1_ge2,proxy,1,2,completo,walk_forward
1989,rf,1,0.2472307141833642,0,0,0.5191271899637662,proxy_N1_ge2,proxy,1,2,completo,walk_forward
1989,xgb,1,0.03511746600270271,0,0,0.9291248917579651,proxy_N1_ge2,proxy,1,2,completo,walk_forward
1990,logreg,0,0.5827487992833704,1,0,0.5926368019942687,proxy_N1_ge2,proxy,1,2,completo,walk_forward
1990,rf,0,0.3345648752617509,0,0,0.48753960635338073,proxy_N1_ge2,proxy,1,2,completo,walk_forward
1990,xgb,0,0.2312222421169281,0,0,0.9259432554244995,proxy_N1_ge2,proxy,1,2,completo,walk_forward
1991,logreg,0,0.9274161456983375,1,1,0.5937093945522061,proxy_N1_ge2,proxy,1,2,completo,walk_forward
1991,rf,0,0.38855279733123527,0,0,0.5079740197223122,proxy_N1_ge2,proxy,1,2,completo,walk_forward
1991,xgb,0,0.484139621257782,0,0,0.9238744378089905,proxy_N1_ge2,proxy,1,2,completo,walk_forward
1992,logreg,1,0.5459677725540716,1,0,0.5570790769158387,proxy_N1_ge2,proxy,1,2,completo,walk_forward
1992,rf,1,0.36807739765323766,0,0,0.5189052424256926,proxy_N1_ge2,proxy,1,2,completo,walk_forward
1992,xgb,1,0.25283917784690857,0,0,0.925503671169281,proxy_N1_ge2,proxy,1,2,completo,walk_forward
1993,logreg,0,0.15586600981200643,0,0,0.5289572639174025,proxy_N1_ge2,proxy,1,2,completo,walk_forward
1993,rf,0,0.4288329984283655,0,0,0.5238677991945482,proxy_N1_ge2,proxy,1,2,completo,walk_forward
1993,xgb,0,0.4895276129245758,0,0,0.9253445267677307,proxy_N1_ge2,proxy,1,2,completo,walk_forward
1994,logreg,0,0.6307029599817722,1,1,0.479372935677847,proxy_N1_ge2,proxy,1,2,completo,walk_forward
1994,rf,0,0.42450454396821324,0,0,0.524380463346407,proxy_N1_ge2,proxy,1,2,completo,walk_forward
1994,xgb,0,0.4706443250179291,0,0,0.922544002532959,proxy_N1_ge2,proxy,1,2,completo,walk_forward
1995,logreg,0,0.24040932626868908,0,0,0.4759684182393401,proxy_N1_ge2,proxy,1,2,completo,walk_forward
1995,rf,0,0.3551287804175095,0,0,0.5285331774774396,proxy_N1_ge2,proxy,1,2,completo,walk_forward
1995,xgb,0,0.1687401831150055,0,0,0.9249407649040222,proxy_N1_ge2,proxy,1,2,completo,walk_forward
1996,logreg,1,0.37055434444292396,0,0,0.5846778450118714,proxy_N1_ge2,proxy,1,2,completo,walk_forward
1996,rf,1,0.36997928636415967,0,0,0.5327072344508154,proxy_N1_ge2,proxy,1,2,completo,walk_forward
1996,xgb,1,0.24638593196868896,0,0,0.9256600141525269,proxy_N1_ge2,proxy,1,2,completo,walk_forward
1997,logreg,0,0.20686239724535352,0,0,0.49308714152995053,proxy_N1_ge2,proxy,1,2,completo,walk_forward
1997,rf,0,0.23552210535895163,0,0,0.5316020614120747,proxy_N1_ge2,proxy,1,2,completo,walk_forward
1997,xgb,0,0.0323801264166832,0,0,0.9297919273376465,proxy_N1_ge2,proxy,1,2,completo,walk_forward
1998,logreg,0,0.4318528354606211,0,0,0.46022587767543155,proxy_N1_ge2,proxy,1,2,completo,walk_forward
1998,rf,0,0.2761373943025165,0,0,0.5302777089034031,proxy_N1_ge2,proxy,1,2,completo,walk_forward
1998,xgb,0,0.020238108932971954,0,0,0.9279818534851074,proxy_N1_ge2,proxy,1,2,completo,walk_forward
1999,logreg,0,0.29148104508523215,0,0,0.46952683618757646,proxy_N1_ge2,proxy,1,2,completo,walk_forward
1999,rf,0,0.32212087691702734,0,0,0.5269599094750781,proxy_N1_ge2,proxy,1,2,completo,walk_forward
1999,xgb,0,0.12841299176216125,0,0,0.9241286516189575,proxy_N1_ge2,proxy,1,2,completo,walk_forward
2000,logreg,1,0.07830157481154788,0,0,0.4685482025189245,proxy_N1_ge2,proxy,1,2,completo,walk_forward
2000,rf,1,0.2743686930886237,0,0,0.5271785485655107,proxy_N1_ge2,proxy,1,2,completo,walk_forward
2000,xgb,1,0.24009302258491516,0,0,0.9241474866867065,proxy_N1_ge2,proxy,1,2,completo,walk_forward
2001,logreg,0,0.5527004462082676,1,1,0.46905605146602686,proxy_N1_ge2,proxy,1,2,completo,walk_forward
2001,rf,0,0.20963665064029108,0,0,0.5089402749450866,proxy_N1_ge2,proxy,1,2,completo,walk_forward
2001,xgb,0,0.010447092354297638,0,0,0.9219793677330017,proxy_N1_ge2,proxy,1,2,completo,walk_forward
2002,logreg,0,0.6891906905057535,1,1,0.45602991121861924,proxy_N1_ge2,proxy,1,2,completo,walk_forward
2002,rf,0,0.2784260898096633,0,0,0.511312215201809,proxy_N1_ge2,proxy,1,2,completo,walk_forward
2002,xgb,0,0.0380714051425457,0,0,0.9267383217811584,proxy_N1_ge2,proxy,1,2,completo,walk_forward
2003,logreg,0,0.578930229849379,1,1,0.49817808141747055,proxy_N1_ge2,proxy,1,2,completo,walk_forward
2003,rf,0,0.4357728620588474,0,0,0.4807237446044119,proxy_N1_ge2,proxy,1,2,completo,walk_forward
2003,xgb,0,0.26032549142837524,0,0,0.9265664219856262,proxy_N1_ge2,proxy,1,2,completo,walk_forward
2004,logreg,0,0.27108284103966923,0,0,0.5277248805953438,proxy_N1_ge2,proxy,1,2,completo,walk_forward
2004,rf,0,0.23444212406201928,0,0,0.4854944978185974,proxy_N1_ge2,proxy,1,2,completo,walk_forward
2004,xgb,0,0.013644623570144176,0,0,0.9289918541908264,proxy_N1_ge2,proxy,1,2,completo,walk_forward
2005,logreg,0,0.555963271802996,1,1,0.5239804686200711,proxy_N1_ge2,proxy,1,2,completo,walk_forward
2005,rf,0,0.3031249091673492,0,0,0.5338106054465763,proxy_N1_ge2,proxy,1,2,completo,walk_forward
2005,xgb,0,0.007376204710453749,0,0,0.9344325065612793,proxy_N1_ge2,proxy,1,2,completo,walk_forward
1931,prevalencia,0,0.275,0,0,0.5,proxy_N1_ge2,proxy,1,2,completo,walk_forward
1931,persistencia,0,1.0,1,1,0.5,proxy_N1_ge2,proxy,1,2,completo,walk_forward
1931,persistencia_purgada,0,0.0,0,0,0.5,proxy_N1_ge2,proxy,1,2,completo,walk_forward
1932,prevalencia,1,0.2926829268292683,0,0,0.5,proxy_N1_ge2,proxy,1,2,completo,walk_forward
1932,persistencia,1,0.0,0,0,0.5,proxy_N1_ge2,proxy,1,2,completo,walk_forward
1932,persistencia_purgada,1,1.0,1,1,0.5,proxy_N1_ge2,proxy,1,2,completo,walk_forward
1933,prevalencia,1,0.2857142857142857,0,0,0.5,proxy_N1_ge2,proxy,1,2,completo,walk_forward
1933,persistencia,1,1.0,1,1,0.5,proxy_N1_ge2,proxy,1,2,completo,walk_forward
1933,persistencia_purgada,1,0.0,0,0,0.5,proxy_N1_ge2,proxy,1,2,completo,walk_forward
1934,prevalencia,0,0.3023255813953488,0,0,0.5,proxy_N1_ge2,proxy,1,2,completo,walk_forward
1934,persistencia,0,1.0,1,1,0.5,proxy_N1_ge2,proxy,1,2,completo,walk_forward
1934,persistencia_purgada,0,1.0,1,1,0.5,proxy_N1_ge2,proxy,1,2,completo,walk_forward
1935,prevalencia,0,0.3181818181818182,0,0,0.5,proxy_N1_ge2,proxy,1,2,completo,walk_forward
1935,persistencia,0,0.0,0,0,0.5,proxy_N1_ge2,proxy,1,2,completo,walk_forward
1935,persistencia_purgada,0,1.0,1,1,0.5,proxy_N1_ge2,proxy,1,2,completo,walk_forward
1936,prevalencia,1,0.3111111111111111,0,0,0.5,proxy_N1_ge2,proxy,1,2,completo,walk_forward
1936,persistencia,1,0.0,0,0,0.5,proxy_N1_ge2,proxy,1,2,completo,walk_forward
1936,persistencia_purgada,1,0.0,0,0,0.5,proxy_N1_ge2,proxy,1,2,completo,walk_forward
1937,prevalencia,1,0.30434782608695654,0,0,0.5,proxy_N1_ge2,proxy,1,2,completo,walk_forward
1937,persistencia,1,1.0,1,1,0.5,proxy_N1_ge2,proxy,1,2,completo,walk_forward
1937,persistencia_purgada,1,0.0,0,0,0.5,proxy_N1_ge2,proxy,1,2,completo,walk_forward
1938,prevalencia,1,0.3191489361702128,0,0,0.5,proxy_N1_ge2,proxy,1,2,completo,walk_forward
1938,persistencia,1,1.0,1,1,0.5,proxy_N1_ge2,proxy,1,2,completo,walk_forward
1938,persistencia_purgada,1,1.0,1,1,0.5,proxy_N1_ge2,proxy,1,2,completo,walk_forward
1939,prevalencia,1,0.3333333333333333,0,0,0.5,proxy_N1_ge2,proxy,1,2,completo,walk_forward
1939,persistencia,1,1.0,1,1,0.5,proxy_N1_ge2,proxy,1,2,completo,walk_forward
1939,persistencia_purgada,1,1.0,1,1,0.5,proxy_N1_ge2,proxy,1,2,completo,walk_forward
1940,prevalencia,1,0.3469387755102041,0,0,0.5,proxy_N1_ge2,proxy,1,2,completo,walk_forward
1940,persistencia,1,1.0,1,1,0.5,proxy_N1_ge2,proxy,1,2,completo,walk_forward
1940,persistencia_purgada,1,1.0,1,1,0.5,proxy_N1_ge2,proxy,1,2,completo,walk_forward
1941,prevalencia,0,0.36,0,0,0.5,proxy_N1_ge2,proxy,1,2,completo,walk_forward
1941,persistencia,0,1.0,1,1,0.5,proxy_N1_ge2,proxy,1,2,completo,walk_forward
1941,persistencia_purgada,0,1.0,1,1,0.5,proxy_N1_ge2,proxy,1,2,completo,walk_forward
1942,prevalencia,1,0.37254901960784315,0,0,0.5,proxy_N1_ge2,proxy,1,2,completo,walk_forward
1942,persistencia,1,0.0,0,0,0.5,proxy_N1_ge2,proxy,1,2,completo,walk_forward
1942,persistencia_purgada,1,1.0,1,1,0.5,proxy_N1_ge2,proxy,1,2,completo,walk_forward
1943,prevalencia,0,0.36538461538461536,0,0,0.5,proxy_N1_ge2,proxy,1,2,completo,walk_forward
1943,persistencia,0,1.0,1,1,0.5,proxy_N1_ge2,proxy,1,2,completo,walk_forward
1943,persistencia_purgada,0,0.0,0,0,0.5,proxy_N1_ge2,proxy,1,2,completo,walk_forward
1944,prevalencia,0,0.37735849056603776,0,0,0.5,proxy_N1_ge2,proxy,1,2,completo,walk_forward
1944,persistencia,0,0.0,0,0,0.5,proxy_N1_ge2,proxy,1,2,completo,walk_forward
1944,persistencia_purgada,0,1.0,1,1,0.5,proxy_N1_ge2,proxy,1,2,completo,walk_forward
1945,prevalencia,0,0.37037037037037035,0,0,0.5,proxy_N1_ge2,proxy,1,2,completo,walk_forward
1945,persistencia,0,0.0,0,0,0.5,proxy_N1_ge2,proxy,1,2,completo,walk_forward
1945,persistencia_purgada,0,0.0,0,0,0.5,proxy_N1_ge2,proxy,1,2,completo,walk_forward
1946,prevalencia,1,0.36363636363636365,0,0,0.5,proxy_N1_ge2,proxy,1,2,completo,walk_forward
1946,persistencia,1,0.0,0,0,0.5,proxy_N1_ge2,proxy,1,2,completo,walk_forward
1946,persistencia_purgada,1,0.0,0,0,0.5,proxy_N1_ge2,proxy,1,2,completo,walk_forward
1947,prevalencia,0,0.35714285714285715,0,0,0.5,proxy_N1_ge2,proxy,1,2,completo,walk_forward
1947,persistencia,0,1.0,1,1,0.5,proxy_N1_ge2,proxy,1,2,completo,walk_forward
1947,persistencia_purgada,0,0.0,0,0,0.5,proxy_N1_ge2,proxy,1,2,completo,walk_forward
1948,prevalencia,0,0.3684210526315789,0,0,0.5,proxy_N1_ge2,proxy,1,2,completo,walk_forward
1948,persistencia,0,0.0,0,0,0.5,proxy_N1_ge2,proxy,1,2,completo,walk_forward
1948,persistencia_purgada,0,1.0,1,1,0.5,proxy_N1_ge2,proxy,1,2,completo,walk_forward
1949,prevalencia,1,0.3620689655172414,0,0,0.5,proxy_N1_ge2,proxy,1,2,completo,walk_forward
1949,persistencia,1,0.0,0,0,0.5,proxy_N1_ge2,proxy,1,2,completo,walk_forward
1949,persistencia_purgada,1,0.0,0,0,0.5,proxy_N1_ge2,proxy,1,2,completo,walk_forward
1950,prevalencia,0,0.3559322033898305,0,0,0.5,proxy_N1_ge2,proxy,1,2,completo,walk_forward
1950,persistencia,0,1.0,1,1,0.5,proxy_N1_ge2,proxy,1,2,completo,walk_forward
1950,persistencia_purgada,0,0.0,0,0,0.5,proxy_N1_ge2,proxy,1,2,completo,walk_forward
1951,prevalencia,0,0.36666666666666664,0,0,0.5,proxy_N1_ge2,proxy,1,2,completo,walk_forward
1951,persistencia,0,0.0,0,0,0.5,proxy_N1_ge2,proxy,1,2,completo,walk_forward
1951,persistencia_purgada,0,1.0,1,1,0.5,proxy_N1_ge2,proxy,1,2,completo,walk_forward
1952,prevalencia,0,0.36065573770491804,0,0,0.5,proxy_N1_ge2,proxy,1,2,completo,walk_forward
1952,persistencia,0,0.0,0,0,0.5,proxy_N1_ge2,proxy,1,2,completo,walk_forward
1952,persistencia_purgada,0,0.0,0,0,0.5,proxy_N1_ge2,proxy,1,2,completo,walk_forward
1953,prevalencia,0,0.3548387096774194,0,0,0.5,proxy_N1_ge2,proxy,1,2,completo,walk_forward
1953,persistencia,0,0.0,0,0,0.5,proxy_N1_ge2,proxy,1,2,completo,walk_forward
1953,persistencia_purgada,0,0.0,0,0,0.5,proxy_N1_ge2,proxy,1,2,completo,walk_forward
1954,prevalencia,1,0.3492063492063492,0,0,0.5,proxy_N1_ge2,proxy,1,2,completo,walk_forward
1954,persistencia,1,0.0,0,0,0.5,proxy_N1_ge2,proxy,1,2,completo,walk_forward
1954,persistencia_purgada,1,0.0,0,0,0.5,proxy_N1_ge2,proxy,1,2,completo,walk_forward
1955,prevalencia,0,0.34375,0,0,0.5,proxy_N1_ge2,proxy,1,2,completo,walk_forward
1955,persistencia,0,1.0,1,1,0.5,proxy_N1_ge2,proxy,1,2,completo,walk_forward
1955,persistencia_purgada,0,0.0,0,0,0.5,proxy_N1_ge2,proxy,1,2,completo,walk_forward
1956,prevalencia,0,0.35384615384615387,0,0,0.5,proxy_N1_ge2,proxy,1,2,completo,walk_forward
1956,persistencia,0,0.0,0,0,0.5,proxy_N1_ge2,proxy,1,2,completo,walk_forward
1956,persistencia_purgada,0,1.0,1,1,0.5,proxy_N1_ge2,proxy,1,2,completo,walk_forward
1957,prevalencia,0,0.3484848484848485,0,0,0.5,proxy_N1_ge2,proxy,1,2,completo,walk_forward
1957,persistencia,0,0.0,0,0,0.5,proxy_N1_ge2,proxy,1,2,completo,walk_forward
1957,persistencia_purgada,0,0.0,0,0,0.5,proxy_N1_ge2,proxy,1,2,completo,walk_forward
1958,prevalencia,0,0.34328358208955223,0,0,0.5,proxy_N1_ge2,proxy,1,2,completo,walk_forward
1958,persistencia,0,0.0,0,0,0.5,proxy_N1_ge2,proxy,1,2,completo,walk_forward
1958,persistencia_purgada,0,0.0,0,0,0.5,proxy_N1_ge2,proxy,1,2,completo,walk_forward
1959,prevalencia,0,0.3382352941176471,0,0,0.5,proxy_N1_ge2,proxy,1,2,completo,walk_forward
1959,persistencia,0,0.0,0,0,0.5,proxy_N1_ge2,proxy,1,2,completo,walk_forward
1959,persistencia_purgada,0,0.0,0,0,0.5,proxy_N1_ge2,proxy,1,2,completo,walk_forward
1960,prevalencia,1,0.3333333333333333,0,0,0.5,proxy_N1_ge2,proxy,1,2,completo,walk_forward
1960,persistencia,1,0.0,0,0,0.5,proxy_N1_ge2,proxy,1,2,completo,walk_forward
1960,persistencia_purgada,1,0.0,0,0,0.5,proxy_N1_ge2,proxy,1,2,completo,walk_forward
1961,prevalencia,0,0.32857142857142857,0,0,0.5,proxy_N1_ge2,proxy,1,2,completo,walk_forward
1961,persistencia,0,1.0,1,1,0.5,proxy_N1_ge2,proxy,1,2,completo,walk_forward
1961,persistencia_purgada,0,0.0,0,0,0.5,proxy_N1_ge2,proxy,1,2,completo,walk_forward
1962,prevalencia,0,0.3380281690140845,0,0,0.5,proxy_N1_ge2,proxy,1,2,completo,walk_forward
1962,persistencia,0,0.0,0,0,0.5,proxy_N1_ge2,proxy,1,2,completo,walk_forward
1962,persistencia_purgada,0,1.0,1,1,0.5,proxy_N1_ge2,proxy,1,2,completo,walk_forward
1963,prevalencia,1,0.3333333333333333,0,0,0.5,proxy_N1_ge2,proxy,1,2,completo,walk_forward
1963,persistencia,1,0.0,0,0,0.5,proxy_N1_ge2,proxy,1,2,completo,walk_forward
1963,persistencia_purgada,1,0.0,0,0,0.5,proxy_N1_ge2,proxy,1,2,completo,walk_forward
1964,prevalencia,0,0.3287671232876712,0,0,0.5,proxy_N1_ge2,proxy,1,2,completo,walk_forward
1964,persistencia,0,1.0,1,1,0.5,proxy_N1_ge2,proxy,1,2,completo,walk_forward
1964,persistencia_purgada,0,0.0,0,0,0.5,proxy_N1_ge2,proxy,1,2,completo,walk_forward
1965,prevalencia,0,0.33783783783783783,0,0,0.5,proxy_N1_ge2,proxy,1,2,completo,walk_forward
1965,persistencia,0,0.0,0,0,0.5,proxy_N1_ge2,proxy,1,2,completo,walk_forward
1965,persistencia_purgada,0,1.0,1,1,0.5,proxy_N1_ge2,proxy,1,2,completo,walk_forward
1966,prevalencia,0,0.3333333333333333,0,0,0.5,proxy_N1_ge2,proxy,1,2,completo,walk_forward
1966,persistencia,0,0.0,0,0,0.5,proxy_N1_ge2,proxy,1,2,completo,walk_forward
1966,persistencia_purgada,0,0.0,0,0,0.5,proxy_N1_ge2,proxy,1,2,completo,walk_forward
1967,prevalencia,0,0.32894736842105265,0,0,0.5,proxy_N1_ge2,proxy,1,2,completo,walk_forward
1967,persistencia,0,0.0,0,0,0.5,proxy_N1_ge2,proxy,1,2,completo,walk_forward
1967,persistencia_purgada,0,0.0,0,0,0.5,proxy_N1_ge2,proxy,1,2,completo,walk_forward
1968,prevalencia,0,0.3246753246753247,0,0,0.5,proxy_N1_ge2,proxy,1,2,completo,walk_forward
1968,persistencia,0,0.0,0,0,0.5,proxy_N1_ge2,proxy,1,2,completo,walk_forward
1968,persistencia_purgada,0,0.0,0,0,0.5,proxy_N1_ge2,proxy,1,2,completo,walk_forward
1969,prevalencia,0,0.32051282051282054,0,0,0.5,proxy_N1_ge2,proxy,1,2,completo,walk_forward
1969,persistencia,0,0.0,0,0,0.5,proxy_N1_ge2,proxy,1,2,completo,walk_forward
1969,persistencia_purgada,0,0.0,0,0,0.5,proxy_N1_ge2,proxy,1,2,completo,walk_forward
1970,prevalencia,0,0.31645569620253167,0,0,0.5,proxy_N1_ge2,proxy,1,2,completo,walk_forward
1970,persistencia,0,0.0,0,0,0.5,proxy_N1_ge2,proxy,1,2,completo,walk_forward
1970,persistencia_purgada,0,0.0,0,0,0.5,proxy_N1_ge2,proxy,1,2,completo,walk_forward
1971,prevalencia,0,0.3125,0,0,0.5,proxy_N1_ge2,proxy,1,2,completo,walk_forward
1971,persistencia,0,0.0,0,0,0.5,proxy_N1_ge2,proxy,1,2,completo,walk_forward
1971,persistencia_purgada,0,0.0,0,0,0.5,proxy_N1_ge2,proxy,1,2,completo,walk_forward
1972,prevalencia,0,0.30864197530864196,0,0,0.5,proxy_N1_ge2,proxy,1,2,completo,walk_forward
1972,persistencia,0,0.0,0,0,0.5,proxy_N1_ge2,proxy,1,2,completo,walk_forward
1972,persistencia_purgada,0,0.0,0,0,0.5,proxy_N1_ge2,proxy,1,2,completo,walk_forward
1973,prevalencia,0,0.3048780487804878,0,0,0.5,proxy_N1_ge2,proxy,1,2,completo,walk_forward
1973,persistencia,0,0.0,0,0,0.5,proxy_N1_ge2,proxy,1,2,completo,walk_forward
1973,persistencia_purgada,0,0.0,0,0,0.5,proxy_N1_ge2,proxy,1,2,completo,walk_forward
1974,prevalencia,0,0.30120481927710846,0,0,0.5,proxy_N1_ge2,proxy,1,2,completo,walk_forward
1974,persistencia,0,0.0,0,0,0.5,proxy_N1_ge2,proxy,1,2,completo,walk_forward
1974,persistencia_purgada,0,0.0,0,0,0.5,proxy_N1_ge2,proxy,1,2,completo,walk_forward
1975,prevalencia,0,0.2976190476190476,0,0,0.5,proxy_N1_ge2,proxy,1,2,completo,walk_forward
1975,persistencia,0,0.0,0,0,0.5,proxy_N1_ge2,proxy,1,2,completo,walk_forward
1975,persistencia_purgada,0,0.0,0,0,0.5,proxy_N1_ge2,proxy,1,2,completo,walk_forward
1976,prevalencia,0,0.29411764705882354,0,0,0.5,proxy_N1_ge2,proxy,1,2,completo,walk_forward
1976,persistencia,0,0.0,0,0,0.5,proxy_N1_ge2,proxy,1,2,completo,walk_forward
1976,persistencia_purgada,0,0.0,0,0,0.5,proxy_N1_ge2,proxy,1,2,completo,walk_forward
1977,prevalencia,1,0.29069767441860467,0,0,0.5,proxy_N1_ge2,proxy,1,2,completo,walk_forward
1977,persistencia,1,0.0,0,0,0.5,proxy_N1_ge2,proxy,1,2,completo,walk_forward
1977,persistencia_purgada,1,0.0,0,0,0.5,proxy_N1_ge2,proxy,1,2,completo,walk_forward
1978,prevalencia,0,0.28735632183908044,0,0,0.5,proxy_N1_ge2,proxy,1,2,completo,walk_forward
1978,persistencia,0,1.0,1,1,0.5,proxy_N1_ge2,proxy,1,2,completo,walk_forward
1978,persistencia_purgada,0,0.0,0,0,0.5,proxy_N1_ge2,proxy,1,2,completo,walk_forward
1979,prevalencia,0,0.29545454545454547,0,0,0.5,proxy_N1_ge2,proxy,1,2,completo,walk_forward
1979,persistencia,0,0.0,0,0,0.5,proxy_N1_ge2,proxy,1,2,completo,walk_forward
1979,persistencia_purgada,0,1.0,1,1,0.5,proxy_N1_ge2,proxy,1,2,completo,walk_forward
1980,prevalencia,0,0.29213483146067415,0,0,0.5,proxy_N1_ge2,proxy,1,2,completo,walk_forward
1980,persistencia,0,0.0,0,0,0.5,proxy_N1_ge2,proxy,1,2,completo,walk_forward
1980,persistencia_purgada,0,0.0,0,0,0.5,proxy_N1_ge2,proxy,1,2,completo,walk_forward
1981,prevalencia,0,0.28888888888888886,0,0,0.5,proxy_N1_ge2,proxy,1,2,completo,walk_forward
1981,persistencia,0,0.0,0,0,0.5,proxy_N1_ge2,proxy,1,2,completo,walk_forward
1981,persistencia_purgada,0,0.0,0,0,0.5,proxy_N1_ge2,proxy,1,2,completo,walk_forward
1982,prevalencia,0,0.2857142857142857,0,0,0.5,proxy_N1_ge2,proxy,1,2,completo,walk_forward
1982,persistencia,0,0.0,0,0,0.5,proxy_N1_ge2,proxy,1,2,completo,walk_forward
1982,persistencia_purgada,0,0.0,0,0,0.5,proxy_N1_ge2,proxy,1,2,completo,walk_forward
1983,prevalencia,0,0.2826086956521739,0,0,0.5,proxy_N1_ge2,proxy,1,2,completo,walk_forward
1983,persistencia,0,0.0,0,0,0.5,proxy_N1_ge2,proxy,1,2,completo,walk_forward
1983,persistencia_purgada,0,0.0,0,0,0.5,proxy_N1_ge2,proxy,1,2,completo,walk_forward
1984,prevalencia,0,0.27956989247311825,0,0,0.5,proxy_N1_ge2,proxy,1,2,completo,walk_forward
1984,persistencia,0,0.0,0,0,0.5,proxy_N1_ge2,proxy,1,2,completo,walk_forward
1984,persistencia_purgada,0,0.0,0,0,0.5,proxy_N1_ge2,proxy,1,2,completo,walk_forward
1985,prevalencia,1,0.2765957446808511,0,0,0.5,proxy_N1_ge2,proxy,1,2,completo,walk_forward
1985,persistencia,1,0.0,0,0,0.5,proxy_N1_ge2,proxy,1,2,completo,walk_forward
1985,persistencia_purgada,1,0.0,0,0,0.5,proxy_N1_ge2,proxy,1,2,completo,walk_forward
1986,prevalencia,0,0.2736842105263158,0,0,0.5,proxy_N1_ge2,proxy,1,2,completo,walk_forward
1986,persistencia,0,1.0,1,1,0.5,proxy_N1_ge2,proxy,1,2,completo,walk_forward
1986,persistencia_purgada,0,0.0,0,0,0.5,proxy_N1_ge2,proxy,1,2,completo,walk_forward
1987,prevalencia,0,0.28125,0,0,0.5,proxy_N1_ge2,proxy,1,2,completo,walk_forward
1987,persistencia,0,0.0,0,0,0.5,proxy_N1_ge2,proxy,1,2,completo,walk_forward
1987,persistencia_purgada,0,1.0,1,1,0.5,proxy_N1_ge2,proxy,1,2,completo,walk_forward
1988,prevalencia,0,0.27835051546391754,0,0,0.5,proxy_N1_ge2,proxy,1,2,completo,walk_forward
1988,persistencia,0,0.0,0,0,0.5,proxy_N1_ge2,proxy,1,2,completo,walk_forward
1988,persistencia_purgada,0,0.0,0,0,0.5,proxy_N1_ge2,proxy,1,2,completo,walk_forward
1989,prevalencia,1,0.2755102040816326,0,0,0.5,proxy_N1_ge2,proxy,1,2,completo,walk_forward
1989,persistencia,1,0.0,0,0,0.5,proxy_N1_ge2,proxy,1,2,completo,walk_forward
1989,persistencia_purgada,1,0.0,0,0,0.5,proxy_N1_ge2,proxy,1,2,completo,walk_forward
1990,prevalencia,0,0.2727272727272727,0,0,0.5,proxy_N1_ge2,proxy,1,2,completo,walk_forward
1990,persistencia,0,1.0,1,1,0.5,proxy_N1_ge2,proxy,1,2,completo,walk_forward
1990,persistencia_purgada,0,0.0,0,0,0.5,proxy_N1_ge2,proxy,1,2,completo,walk_forward
1991,prevalencia,0,0.28,0,0,0.5,proxy_N1_ge2,proxy,1,2,completo,walk_forward
1991,persistencia,0,0.0,0,0,0.5,proxy_N1_ge2,proxy,1,2,completo,walk_forward
1991,persistencia_purgada,0,1.0,1,1,0.5,proxy_N1_ge2,proxy,1,2,completo,walk_forward
1992,prevalencia,1,0.27722772277227725,0,0,0.5,proxy_N1_ge2,proxy,1,2,completo,walk_forward
1992,persistencia,1,0.0,0,0,0.5,proxy_N1_ge2,proxy,1,2,completo,walk_forward
1992,persistencia_purgada,1,0.0,0,0,0.5,proxy_N1_ge2,proxy,1,2,completo,walk_forward
1993,prevalencia,0,0.27450980392156865,0,0,0.5,proxy_N1_ge2,proxy,1,2,completo,walk_forward
1993,persistencia,0,1.0,1,1,0.5,proxy_N1_ge2,proxy,1,2,completo,walk_forward
1993,persistencia_purgada,0,0.0,0,0,0.5,proxy_N1_ge2,proxy,1,2,completo,walk_forward
1994,prevalencia,0,0.2815533980582524,0,0,0.5,proxy_N1_ge2,proxy,1,2,completo,walk_forward
1994,persistencia,0,0.0,0,0,0.5,proxy_N1_ge2,proxy,1,2,completo,walk_forward
1994,persistencia_purgada,0,1.0,1,1,0.5,proxy_N1_ge2,proxy,1,2,completo,walk_forward
1995,prevalencia,0,0.27884615384615385,0,0,0.5,proxy_N1_ge2,proxy,1,2,completo,walk_forward
1995,persistencia,0,0.0,0,0,0.5,proxy_N1_ge2,proxy,1,2,completo,walk_forward
1995,persistencia_purgada,0,0.0,0,0,0.5,proxy_N1_ge2,proxy,1,2,completo,walk_forward
1996,prevalencia,1,0.2761904761904762,0,0,0.5,proxy_N1_ge2,proxy,1,2,completo,walk_forward
1996,persistencia,1,0.0,0,0,0.5,proxy_N1_ge2,proxy,1,2,completo,walk_forward
1996,persistencia_purgada,1,0.0,0,0,0.5,proxy_N1_ge2,proxy,1,2,completo,walk_forward
1997,prevalencia,0,0.27358490566037735,0,0,0.5,proxy_N1_ge2,proxy,1,2,completo,walk_forward
1997,persistencia,0,1.0,1,1,0.5,proxy_N1_ge2,proxy,1,2,completo,walk_forward
1997,persistencia_purgada,0,0.0,0,0,0.5,proxy_N1_ge2,proxy,1,2,completo,walk_forward
1998,prevalencia,0,0.2803738317757009,0,0,0.5,proxy_N1_ge2,proxy,1,2,completo,walk_forward
1998,persistencia,0,0.0,0,0,0.5,proxy_N1_ge2,proxy,1,2,completo,walk_forward
1998,persistencia_purgada,0,1.0,1,1,0.5,proxy_N1_ge2,proxy,1,2,completo,walk_forward
1999,prevalencia,0,0.2777777777777778,0,0,0.5,proxy_N1_ge2,proxy,1,2,completo,walk_forward
1999,persistencia,0,0.0,0,0,0.5,proxy_N1_ge2,proxy,1,2,completo,walk_forward
1999,persistencia_purgada,0,0.0,0,0,0.5,proxy_N1_ge2,proxy,1,2,completo,walk_forward
2000,prevalencia,1,0.27522935779816515,0,0,0.5,proxy_N1_ge2,proxy,1,2,completo,walk_forward
2000,persistencia,1,0.0,0,0,0.5,proxy_N1_ge2,proxy,1,2,completo,walk_forward
2000,persistencia_purgada,1,0.0,0,0,0.5,proxy_N1_ge2,proxy,1,2,completo,walk_forward
2001,prevalencia,0,0.2727272727272727,0,0,0.5,proxy_N1_ge2,proxy,1,2,completo,walk_forward
2001,persistencia,0,1.0,1,1,0.5,proxy_N1_ge2,proxy,1,2,completo,walk_forward
2001,persistencia_purgada,0,0.0,0,0,0.5,proxy_N1_ge2,proxy,1,2,completo,walk_forward
2002,prevalencia,0,0.27927927927927926,0,0,0.5,proxy_N1_ge2,proxy,1,2,completo,walk_forward
2002,persistencia,0,0.0,0,0,0.5,proxy_N1_ge2,proxy,1,2,completo,walk_forward
2002,persistencia_purgada,0,1.0,1,1,0.5,proxy_N1_ge2,proxy,1,2,completo,walk_forward
2003,prevalencia,0,0.2767857142857143,0,0,0.5,proxy_N1_ge2,proxy,1,2,completo,walk_forward
2003,persistencia,0,0.0,0,0,0.5,proxy_N1_ge2,proxy,1,2,completo,walk_forward
2003,persistencia_purgada,0,0.0,0,0,0.5,proxy_N1_ge2,proxy,1,2,completo,walk_forward
2004,prevalencia,0,0.2743362831858407,0,0,0.5,proxy_N1_ge2,proxy,1,2,completo,walk_forward
2004,persistencia,0,0.0,0,0,0.5,proxy_N1_ge2,proxy,1,2,completo,walk_forward
2004,persistencia_purgada,0,0.0,0,0,0.5,proxy_N1_ge2,proxy,1,2,completo,walk_forward
2005,prevalencia,0,0.2719298245614035,0,0,0.5,proxy_N1_ge2,proxy,1,2,completo,walk_forward
2005,persistencia,0,0.0,0,0,0.5,proxy_N1_ge2,proxy,1,2,completo,walk_forward
2005,persistencia_purgada,0,0.0,0,0,0.5,proxy_N1_ge2,proxy,1,2,completo,walk_forward
1946,logreg,1,7.9167849623788e-05,0,0,0.5593966824947775,proxy_N1_ge2,proxy,1,2,completo,era_split
1947,logreg,0,0.013749596185243958,0,0,0.5593966824947775,proxy_N1_ge2,proxy,1,2,completo,era_split
1948,logreg,0,0.005820483542132501,0,0,0.5593966824947775,proxy_N1_ge2,proxy,1,2,completo,era_split
1949,logreg,1,0.7882867393692706,1,1,0.5593966824947775,proxy_N1_ge2,proxy,1,2,completo,era_split
1950,logreg,0,0.01954443899815788,0,0,0.5593966824947775,proxy_N1_ge2,proxy,1,2,completo,era_split
1951,logreg,0,0.06441966892638407,0,0,0.5593966824947775,proxy_N1_ge2,proxy,1,2,completo,era_split
1952,logreg,0,0.04776830103423665,0,0,0.5593966824947775,proxy_N1_ge2,proxy,1,2,completo,era_split
1953,logreg,0,0.08558614389857315,0,0,0.5593966824947775,proxy_N1_ge2,proxy,1,2,completo,era_split
1954,logreg,1,0.04708624252471997,0,0,0.5593966824947775,proxy_N1_ge2,proxy,1,2,completo,era_split
1955,logreg,0,0.025567059618237464,0,0,0.5593966824947775,proxy_N1_ge2,proxy,1,2,completo,era_split
1956,logreg,0,0.37966432102201014,0,0,0.5593966824947775,proxy_N1_ge2,proxy,1,2,completo,era_split
1957,logreg,0,0.2665045591345866,0,0,0.5593966824947775,proxy_N1_ge2,proxy,1,2,completo,era_split
1958,logreg,0,0.6561120100755917,1,1,0.5593966824947775,proxy_N1_ge2,proxy,1,2,completo,era_split
1959,logreg,0,0.11950782877097874,0,0,0.5593966824947775,proxy_N1_ge2,proxy,1,2,completo,era_split
1960,logreg,1,0.019896230226090002,0,0,0.5593966824947775,proxy_N1_ge2,proxy,1,2,completo,era_split
1961,logreg,0,0.35942450034960616,0,0,0.5593966824947775,proxy_N1_ge2,proxy,1,2,completo,era_split
1962,logreg,0,0.1983249777334268,0,0,0.5593966824947775,proxy_N1_ge2,proxy,1,2,completo,era_split
1963,logreg,1,0.3559140421257503,0,0,0.5593966824947775,proxy_N1_ge2,proxy,1,2,completo,era_split
1964,logreg,0,0.02993194149430124,0,0,0.5593966824947775,proxy_N1_ge2,proxy,1,2,completo,era_split
1965,logreg,0,0.08687889651737594,0,0,0.5593966824947775,proxy_N1_ge2,proxy,1,2,completo,era_split
1966,logreg,0,0.6683918477390786,1,1,0.5593966824947775,proxy_N1_ge2,proxy,1,2,completo,era_split
1967,logreg,0,0.33618182113182676,0,0,0.5593966824947775,proxy_N1_ge2,proxy,1,2,completo,era_split
1968,logreg,0,0.4504371649387813,0,0,0.5593966824947775,proxy_N1_ge2,proxy,1,2,completo,era_split
1969,logreg,0,0.33896401552881494,0,0,0.5593966824947775,proxy_N1_ge2,proxy,1,2,completo,era_split
1970,logreg,0,0.02715937142007637,0,0,0.5593966824947775,proxy_N1_ge2,proxy,1,2,completo,era_split
1971,logreg,0,0.9751227033106206,1,1,0.5593966824947775,proxy_N1_ge2,proxy,1,2,completo,era_split
1972,logreg,0,0.760200592929995,1,1,0.5593966824947775,proxy_N1_ge2,proxy,1,2,completo,era_split
1973,logreg,0,0.45236189496693596,0,0,0.5593966824947775,proxy_N1_ge2,proxy,1,2,completo,era_split
1974,logreg,0,0.858330481826594,1,1,0.5593966824947775,proxy_N1_ge2,proxy,1,2,completo,era_split
1975,logreg,0,0.30328245500073325,0,0,0.5593966824947775,proxy_N1_ge2,proxy,1,2,completo,era_split
1976,logreg,0,0.7816116157085077,1,1,0.5593966824947775,proxy_N1_ge2,proxy,1,2,completo,era_split
1977,logreg,1,0.4492041602587605,0,0,0.5593966824947775,proxy_N1_ge2,proxy,1,2,completo,era_split
1978,logreg,0,0.9185095827302684,1,1,0.5593966824947775,proxy_N1_ge2,proxy,1,2,completo,era_split
1979,logreg,0,0.9466212355205539,1,1,0.5593966824947775,proxy_N1_ge2,proxy,1,2,completo,era_split
1980,logreg,0,0.15259273244310306,0,0,0.5593966824947775,proxy_N1_ge2,proxy,1,2,completo,era_split
1981,logreg,0,0.5225683176329087,1,0,0.5593966824947775,proxy_N1_ge2,proxy,1,2,completo,era_split
1982,logreg,0,0.5435994703711822,1,0,0.5593966824947775,proxy_N1_ge2,proxy,1,2,completo,era_split
1983,logreg,0,0.9541112448927929,1,1,0.5593966824947775,proxy_N1_ge2,proxy,1,2,completo,era_split
1984,logreg,0,0.845679942896291,1,1,0.5593966824947775,proxy_N1_ge2,proxy,1,2,completo,era_split
1985,logreg,1,0.6218270243188105,1,1,0.5593966824947775,proxy_N1_ge2,proxy,1,2,completo,era_split
1986,logreg,0,0.8157597121377694,1,1,0.5593966824947775,proxy_N1_ge2,proxy,1,2,completo,era_split
1987,logreg,0,0.68042129047534,1,1,0.5593966824947775,proxy_N1_ge2,proxy,1,2,completo,era_split
1988,logreg,0,0.3728113985059943,0,0,0.5593966824947775,proxy_N1_ge2,proxy,1,2,completo,era_split
1989,logreg,1,0.2691386589836677,0,0,0.5593966824947775,proxy_N1_ge2,proxy,1,2,completo,era_split
1990,logreg,0,0.9899211037170157,1,1,0.5593966824947775,proxy_N1_ge2,proxy,1,2,completo,era_split
1991,logreg,0,0.9896117258921421,1,1,0.5593966824947775,proxy_N1_ge2,proxy,1,2,completo,era_split
1992,logreg,1,0.9699654369736374,1,1,0.5593966824947775,proxy_N1_ge2,proxy,1,2,completo,era_split
1993,logreg,0,0.8100545485936924,1,1,0.5593966824947775,proxy_N1_ge2,proxy,1,2,completo,era_split
1994,logreg,0,0.9286082996564592,1,1,0.5593966824947775,proxy_N1_ge2,proxy,1,2,completo,era_split
1995,logreg,0,0.28084910090590626,0,0,0.5593966824947775,proxy_N1_ge2,proxy,1,2,completo,era_split
1996,logreg,1,0.5878200282163231,1,1,0.5593966824947775,proxy_N1_ge2,proxy,1,2,completo,era_split
1997,logreg,0,0.5614961566220178,1,1,0.5593966824947775,proxy_N1_ge2,proxy,1,2,completo,era_split
1998,logreg,0,0.8591393198908206,1,1,0.5593966824947775,proxy_N1_ge2,proxy,1,2,completo,era_split
1999,logreg,0,0.22148585122219927,0,0,0.5593966824947775,proxy_N1_ge2,proxy,1,2,completo,era_split
2000,logreg,1,0.0944678759249371,0,0,0.5593966824947775,proxy_N1_ge2,proxy,1,2,completo,era_split
2001,logreg,0,0.9002932221810352,1,1,0.5593966824947775,proxy_N1_ge2,proxy,1,2,completo,era_split
2002,logreg,0,0.9951625957411843,1,1,0.5593966824947775,proxy_N1_ge2,proxy,1,2,completo,era_split
2003,logreg,0,0.8604159046596248,1,1,0.5593966824947775,proxy_N1_ge2,proxy,1,2,completo,era_split
2004,logreg,0,0.5986933470530074,1,1,0.5593966824947775,proxy_N1_ge2,proxy,1,2,completo,era_split
2005,logreg,0,0.11981082530987941,0,0,0.5593966824947775,proxy_N1_ge2,proxy,1,2,completo,era_split
1946,rf,1,0.2930900869135215,0,0,0.5041791005623439,proxy_N1_ge2,proxy,1,2,completo,era_split
1947,rf,0,0.3189509642324166,0,0,0.5041791005623439,proxy_N1_ge2,proxy,1,2,completo,era_split
1948,rf,0,0.3937646200506949,0,0,0.5041791005623439,proxy_N1_ge2,proxy,1,2,completo,era_split
1949,rf,1,0.45301405334494227,0,0,0.5041791005623439,proxy_N1_ge2,proxy,1,2,completo,era_split
1950,rf,0,0.4523557772757794,0,0,0.5041791005623439,proxy_N1_ge2,proxy,1,2,completo,era_split
1951,rf,0,0.3980130356005883,0,0,0.5041791005623439,proxy_N1_ge2,proxy,1,2,completo,era_split
1952,rf,0,0.35428724904990266,0,0,0.5041791005623439,proxy_N1_ge2,proxy,1,2,completo,era_split
1953,rf,0,0.38995965909922997,0,0,0.5041791005623439,proxy_N1_ge2,proxy,1,2,completo,era_split
1954,rf,1,0.33742003132453846,0,0,0.5041791005623439,proxy_N1_ge2,proxy,1,2,completo,era_split
1955,rf,0,0.434621460824675,0,0,0.5041791005623439,proxy_N1_ge2,proxy,1,2,completo,era_split
1956,rf,0,0.4078510447499496,0,0,0.5041791005623439,proxy_N1_ge2,proxy,1,2,completo,era_split
1957,rf,0,0.3982911013926142,0,0,0.5041791005623439,proxy_N1_ge2,proxy,1,2,completo,era_split
1958,rf,0,0.4861255455861425,0,0,0.5041791005623439,proxy_N1_ge2,proxy,1,2,completo,era_split
1959,rf,0,0.36749979806783084,0,0,0.5041791005623439,proxy_N1_ge2,proxy,1,2,completo,era_split
1960,rf,1,0.4077283564186399,0,0,0.5041791005623439,proxy_N1_ge2,proxy,1,2,completo,era_split
1961,rf,0,0.39849828268505494,0,0,0.5041791005623439,proxy_N1_ge2,proxy,1,2,completo,era_split
1962,rf,0,0.3947942280864931,0,0,0.5041791005623439,proxy_N1_ge2,proxy,1,2,completo,era_split
1963,rf,1,0.3989117879379245,0,0,0.5041791005623439,proxy_N1_ge2,proxy,1,2,completo,era_split
1964,rf,0,0.35393073967704647,0,0,0.5041791005623439,proxy_N1_ge2,proxy,1,2,completo,era_split
1965,rf,0,0.35357614702000584,0,0,0.5041791005623439,proxy_N1_ge2,proxy,1,2,completo,era_split
1966,rf,0,0.3830650242750069,0,0,0.5041791005623439,proxy_N1_ge2,proxy,1,2,completo,era_split
1967,rf,0,0.3638203759571341,0,0,0.5041791005623439,proxy_N1_ge2,proxy,1,2,completo,era_split
1968,rf,0,0.3577373619574553,0,0,0.5041791005623439,proxy_N1_ge2,proxy,1,2,completo,era_split
1969,rf,0,0.2870952097318051,0,0,0.5041791005623439,proxy_N1_ge2,proxy,1,2,completo,era_split
1970,rf,0,0.4073790068828798,0,0,0.5041791005623439,proxy_N1_ge2,proxy,1,2,completo,era_split
1971,rf,0,0.4766908760324295,0,0,0.5041791005623439,proxy_N1_ge2,proxy,1,2,completo,era_split
1972,rf,0,0.4565692403057178,0,0,0.5041791005623439,proxy_N1_ge2,proxy,1,2,completo,era_split
1973,rf,0,0.39793073171889104,0,0,0.5041791005623439,proxy_N1_ge2,proxy,1,2,completo,era_split
1974,rf,0,0.4962275349679794,0,0,0.5041791005623439,proxy_N1_ge2,proxy,1,2,completo,era_split
1975,rf,0,0.474342172995869,0,0,0.5041791005623439,proxy_N1_ge2,proxy,1,2,completo,era_split
1976,rf,0,0.4610621007409391,0,0,0.5041791005623439,proxy_N1_ge2,proxy,1,2,completo,era_split
1977,rf,1,0.5290981380142108,1,1,0.5041791005623439,proxy_N1_ge2,proxy,1,2,completo,era_split
1978,rf,0,0.5438255921471806,1,1,0.5041791005623439,proxy_N1_ge2,proxy,1,2,completo,era_split
1979,rf,0,0.50619025170252,1,1,0.5041791005623439,proxy_N1_ge2,proxy,1,2,completo,era_split
1980,rf,0,0.5130966756900438,1,1,0.5041791005623439,proxy_N1_ge2,proxy,1,2,completo,era_split
1981,rf,0,0.44993410154960356,0,0,0.5041791005623439,proxy_N1_ge2,proxy,1,2,completo,era_split
1982,rf,0,0.4356480122460437,0,0,0.5041791005623439,proxy_N1_ge2,proxy,1,2,completo,era_split
1983,rf,0,0.40517890956203545,0,0,0.5041791005623439,proxy_N1_ge2,proxy,1,2,completo,era_split
1984,rf,0,0.5121011749463541,1,1,0.5041791005623439,proxy_N1_ge2,proxy,1,2,completo,era_split
1985,rf,1,0.5833209363772225,1,1,0.5041791005623439,proxy_N1_ge2,proxy,1,2,completo,era_split
1986,rf,0,0.4319775042724493,0,0,0.5041791005623439,proxy_N1_ge2,proxy,1,2,completo,era_split
1987,rf,0,0.4813905933619482,0,0,0.5041791005623439,proxy_N1_ge2,proxy,1,2,completo,era_split
1988,rf,0,0.5613132121641751,1,1,0.5041791005623439,proxy_N1_ge2,proxy,1,2,completo,era_split
1989,rf,1,0.4242704235705939,0,0,0.5041791005623439,proxy_N1_ge2,proxy,1,2,completo,era_split
1990,rf,0,0.5070565508728665,1,1,0.5041791005623439,proxy_N1_ge2,proxy,1,2,completo,era_split
1991,rf,0,0.4991712318961014,0,0,0.5041791005623439,proxy_N1_ge2,proxy,1,2,completo,era_split
1992,rf,1,0.5353731373643567,1,1,0.5041791005623439,proxy_N1_ge2,proxy,1,2,completo,era_split
1993,rf,0,0.618860547573878,1,1,0.5041791005623439,proxy_N1_ge2,proxy,1,2,completo,era_split
1994,rf,0,0.5682427716089977,1,1,0.5041791005623439,proxy_N1_ge2,proxy,1,2,completo,era_split
1995,rf,0,0.5208950109260709,1,1,0.5041791005623439,proxy_N1_ge2,proxy,1,2,completo,era_split
1996,rf,1,0.5065828665583696,1,1,0.5041791005623439,proxy_N1_ge2,proxy,1,2,completo,era_split
1997,rf,0,0.4474149757615097,0,0,0.5041791005623439,proxy_N1_ge2,proxy,1,2,completo,era_split
1998,rf,0,0.48407816492995454,0,0,0.5041791005623439,proxy_N1_ge2,proxy,1,2,completo,era_split
1999,rf,0,0.5115902021777471,1,1,0.5041791005623439,proxy_N1_ge2,proxy,1,2,completo,era_split
2000,rf,1,0.4980435109459038,0,0,0.5041791005623439,proxy_N1_ge2,proxy,1,2,completo,era_split
2001,rf,0,0.4969492305847576,0,0,0.5041791005623439,proxy_N1_ge2,proxy,1,2,completo,era_split
2002,rf,0,0.5158847516599818,1,1,0.5041791005623439,proxy_N1_ge2,proxy,1,2,completo,era_split
2003,rf,0,0.5518659813847334,1,1,0.5041791005623439,proxy_N1_ge2,proxy,1,2,completo,era_split
2004,rf,0,0.5060746332980689,1,1,0.5041791005623439,proxy_N1_ge2,proxy,1,2,completo,era_split
2005,rf,0,0.4676327432789008,0,0,0.5041791005623439,proxy_N1_ge2,proxy,1,2,completo,era_split
1946,xgb,1,0.07087063044309616,0,0,0.890845000743866,proxy_N1_ge2,proxy,1,2,completo,era_split
1947,xgb,0,0.11403176188468933,0,0,0.890845000743866,proxy_N1_ge2,proxy,1,2,completo,era_split
1948,xgb,0,0.33451053500175476,0,0,0.890845000743866,proxy_N1_ge2,proxy,1,2,completo,era_split
1949,xgb,1,0.7114693522453308,1,0,0.890845000743866,proxy_N1_ge2,proxy,1,2,completo,era_split
1950,xgb,0,0.20429618656635284,0,0,0.890845000743866,proxy_N1_ge2,proxy,1,2,completo,era_split
1951,xgb,0,0.1331288367509842,0,0,0.890845000743866,proxy_N1_ge2,proxy,1,2,completo,era_split
1952,xgb,0,0.049139074981212616,0,0,0.890845000743866,proxy_N1_ge2,proxy,1,2,completo,era_split
1953,xgb,0,0.09462866932153702,0,0,0.890845000743866,proxy_N1_ge2,proxy,1,2,completo,era_split
1954,xgb,1,0.014388914220035076,0,0,0.890845000743866,proxy_N1_ge2,proxy,1,2,completo,era_split
1955,xgb,0,0.08535858988761902,0,0,0.890845000743866,proxy_N1_ge2,proxy,1,2,completo,era_split
1956,xgb,0,0.1698029488325119,0,0,0.890845000743866,proxy_N1_ge2,proxy,1,2,completo,era_split
1957,xgb,0,0.07130133360624313,0,0,0.890845000743866,proxy_N1_ge2,proxy,1,2,completo,era_split
1958,xgb,0,0.7199190855026245,1,0,0.890845000743866,proxy_N1_ge2,proxy,1,2,completo,era_split
1959,xgb,0,0.09213294088840485,0,0,0.890845000743866,proxy_N1_ge2,proxy,1,2,completo,era_split
1960,xgb,1,0.519174337387085,1,0,0.890845000743866,proxy_N1_ge2,proxy,1,2,completo,era_split
1961,xgb,0,0.1249794065952301,0,0,0.890845000743866,proxy_N1_ge2,proxy,1,2,completo,era_split
1962,xgb,0,0.020634658634662628,0,0,0.890845000743866,proxy_N1_ge2,proxy,1,2,completo,era_split
1963,xgb,1,0.016707483679056168,0,0,0.890845000743866,proxy_N1_ge2,proxy,1,2,completo,era_split
1964,xgb,0,0.006245049182325602,0,0,0.890845000743866,proxy_N1_ge2,proxy,1,2,completo,era_split
1965,xgb,0,0.03515113890171051,0,0,0.890845000743866,proxy_N1_ge2,proxy,1,2,completo,era_split
1966,xgb,0,0.013270078226923943,0,0,0.890845000743866,proxy_N1_ge2,proxy,1,2,completo,era_split
1967,xgb,0,0.019682038575410843,0,0,0.890845000743866,proxy_N1_ge2,proxy,1,2,completo,era_split
1968,xgb,0,0.010328976437449455,0,0,0.890845000743866,proxy_N1_ge2,proxy,1,2,completo,era_split
1969,xgb,0,0.0037534055300056934,0,0,0.890845000743866,proxy_N1_ge2,proxy,1,2,completo,era_split
1970,xgb,0,0.052214596420526505,0,0,0.890845000743866,proxy_N1_ge2,proxy,1,2,completo,era_split
1971,xgb,0,0.09745632857084274,0,0,0.890845000743866,proxy_N1_ge2,proxy,1,2,completo,era_split
1972,xgb,0,0.11869652569293976,0,0,0.890845000743866,proxy_N1_ge2,proxy,1,2,completo,era_split
1973,xgb,0,0.0479973629117012,0,0,0.890845000743866,proxy_N1_ge2,proxy,1,2,completo,era_split
1974,xgb,0,0.31004515290260315,0,0,0.890845000743866,proxy_N1_ge2,proxy,1,2,completo,era_split
1975,xgb,0,0.38207072019577026,0,0,0.890845000743866,proxy_N1_ge2,proxy,1,2,completo,era_split
1976,xgb,0,0.16213682293891907,0,0,0.890845000743866,proxy_N1_ge2,proxy,1,2,completo,era_split
1977,xgb,1,0.26527106761932373,0,0,0.890845000743866,proxy_N1_ge2,proxy,1,2,completo,era_split
1978,xgb,0,0.23500098288059235,0,0,0.890845000743866,proxy_N1_ge2,proxy,1,2,completo,era_split
1979,xgb,0,0.22166652977466583,0,0,0.890845000743866,proxy_N1_ge2,proxy,1,2,completo,era_split
1980,xgb,0,0.4370895028114319,0,0,0.890845000743866,proxy_N1_ge2,proxy,1,2,completo,era_split
1981,xgb,0,0.09092447906732559,0,0,0.890845000743866,proxy_N1_ge2,proxy,1,2,completo,era_split
1982,xgb,0,0.19000662863254547,0,0,0.890845000743866,proxy_N1_ge2,proxy,1,2,completo,era_split
1983,xgb,0,0.06463196128606796,0,0,0.890845000743866,proxy_N1_ge2,proxy,1,2,completo,era_split
1984,xgb,0,0.25066787004470825,0,0,0.890845000743866,proxy_N1_ge2,proxy,1,2,completo,era_split
1985,xgb,1,0.4946444630622864,0,0,0.890845000743866,proxy_N1_ge2,proxy,1,2,completo,era_split
1986,xgb,0,0.09387817233800888,0,0,0.890845000743866,proxy_N1_ge2,proxy,1,2,completo,era_split
1987,xgb,0,0.37032192945480347,0,0,0.890845000743866,proxy_N1_ge2,proxy,1,2,completo,era_split
1988,xgb,0,0.4435276687145233,0,0,0.890845000743866,proxy_N1_ge2,proxy,1,2,completo,era_split
1989,xgb,1,0.1945735216140747,0,0,0.890845000743866,proxy_N1_ge2,proxy,1,2,completo,era_split
1990,xgb,0,0.6471369862556458,1,0,0.890845000743866,proxy_N1_ge2,proxy,1,2,completo,era_split
1991,xgb,0,0.5064001679420471,1,0,0.890845000743866,proxy_N1_ge2,proxy,1,2,completo,era_split
1992,xgb,1,0.5178853869438171,1,0,0.890845000743866,proxy_N1_ge2,proxy,1,2,completo,era_split
1993,xgb,0,0.7780852317810059,1,0,0.890845000743866,proxy_N1_ge2,proxy,1,2,completo,era_split
1994,xgb,0,0.5370997190475464,1,0,0.890845000743866,proxy_N1_ge2,proxy,1,2,completo,era_split
1995,xgb,0,0.40887755155563354,0,0,0.890845000743866,proxy_N1_ge2,proxy,1,2,completo,era_split
1996,xgb,1,0.37397700548171997,0,0,0.890845000743866,proxy_N1_ge2,proxy,1,2,completo,era_split
1997,xgb,0,0.14697322249412537,0,0,0.890845000743866,proxy_N1_ge2,proxy,1,2,completo,era_split
1998,xgb,0,0.30076536536216736,0,0,0.890845000743866,proxy_N1_ge2,proxy,1,2,completo,era_split
1999,xgb,0,0.3426392078399658,0,0,0.890845000743866,proxy_N1_ge2,proxy,1,2,completo,era_split
2000,xgb,1,0.32523873448371887,0,0,0.890845000743866,proxy_N1_ge2,proxy,1,2,completo,era_split
2001,xgb,0,0.4786381423473358,0,0,0.890845000743866,proxy_N1_ge2,proxy,1,2,completo,era_split
2002,xgb,0,0.48159003257751465,0,0,0.890845000743866,proxy_N1_ge2,proxy,1,2,completo,era_split
2003,xgb,0,0.30648893117904663,0,0,0.890845000743866,proxy_N1_ge2,proxy,1,2,completo,era_split
2004,xgb,0,0.5096961855888367,1,0,0.890845000743866,proxy_N1_ge2,proxy,1,2,completo,era_split
2005,xgb,0,0.2776925563812256,0,0,0.890845000743866,proxy_N1_ge2,proxy,1,2,completo,era_split
1946,prevalencia,1,0.36363636363636365,0,0,0.5,proxy_N1_ge2,proxy,1,2,completo,era_split
1947,prevalencia,0,0.36363636363636365,0,0,0.5,proxy_N1_ge2,proxy,1,2,completo,era_split
1948,prevalencia,0,0.36363636363636365,0,0,0.5,proxy_N1_ge2,proxy,1,2,completo,era_split
1949,prevalencia,1,0.36363636363636365,0,0,0.5,proxy_N1_ge2,proxy,1,2,completo,era_split
1950,prevalencia,0,0.36363636363636365,0,0,0.5,proxy_N1_ge2,proxy,1,2,completo,era_split
1951,prevalencia,0,0.36363636363636365,0,0,0.5,proxy_N1_ge2,proxy,1,2,completo,era_split
1952,prevalencia,0,0.36363636363636365,0,0,0.5,proxy_N1_ge2,proxy,1,2,completo,era_split
1953,prevalencia,0,0.36363636363636365,0,0,0.5,proxy_N1_ge2,proxy,1,2,completo,era_split
1954,prevalencia,1,0.36363636363636365,0,0,0.5,proxy_N1_ge2,proxy,1,2,completo,era_split
1955,prevalencia,0,0.36363636363636365,0,0,0.5,proxy_N1_ge2,proxy,1,2,completo,era_split
1956,prevalencia,0,0.36363636363636365,0,0,0.5,proxy_N1_ge2,proxy,1,2,completo,era_split
1957,prevalencia,0,0.36363636363636365,0,0,0.5,proxy_N1_ge2,proxy,1,2,completo,era_split
1958,prevalencia,0,0.36363636363636365,0,0,0.5,proxy_N1_ge2,proxy,1,2,completo,era_split
1959,prevalencia,0,0.36363636363636365,0,0,0.5,proxy_N1_ge2,proxy,1,2,completo,era_split
1960,prevalencia,1,0.36363636363636365,0,0,0.5,proxy_N1_ge2,proxy,1,2,completo,era_split
1961,prevalencia,0,0.36363636363636365,0,0,0.5,proxy_N1_ge2,proxy,1,2,completo,era_split
1962,prevalencia,0,0.36363636363636365,0,0,0.5,proxy_N1_ge2,proxy,1,2,completo,era_split
1963,prevalencia,1,0.36363636363636365,0,0,0.5,proxy_N1_ge2,proxy,1,2,completo,era_split
1964,prevalencia,0,0.36363636363636365,0,0,0.5,proxy_N1_ge2,proxy,1,2,completo,era_split
1965,prevalencia,0,0.36363636363636365,0,0,0.5,proxy_N1_ge2,proxy,1,2,completo,era_split
1966,prevalencia,0,0.36363636363636365,0,0,0.5,proxy_N1_ge2,proxy,1,2,completo,era_split
1967,prevalencia,0,0.36363636363636365,0,0,0.5,proxy_N1_ge2,proxy,1,2,completo,era_split
1968,prevalencia,0,0.36363636363636365,0,0,0.5,proxy_N1_ge2,proxy,1,2,completo,era_split
1969,prevalencia,0,0.36363636363636365,0,0,0.5,proxy_N1_ge2,proxy,1,2,completo,era_split
1970,prevalencia,0,0.36363636363636365,0,0,0.5,proxy_N1_ge2,proxy,1,2,completo,era_split
1971,prevalencia,0,0.36363636363636365,0,0,0.5,proxy_N1_ge2,proxy,1,2,completo,era_split
1972,prevalencia,0,0.36363636363636365,0,0,0.5,proxy_N1_ge2,proxy,1,2,completo,era_split
1973,prevalencia,0,0.36363636363636365,0,0,0.5,proxy_N1_ge2,proxy,1,2,completo,era_split
1974,prevalencia,0,0.36363636363636365,0,0,0.5,proxy_N1_ge2,proxy,1,2,completo,era_split
1975,prevalencia,0,0.36363636363636365,0,0,0.5,proxy_N1_ge2,proxy,1,2,completo,era_split
1976,prevalencia,0,0.36363636363636365,0,0,0.5,proxy_N1_ge2,proxy,1,2,completo,era_split
1977,prevalencia,1,0.36363636363636365,0,0,0.5,proxy_N1_ge2,proxy,1,2,completo,era_split
1978,prevalencia,0,0.36363636363636365,0,0,0.5,proxy_N1_ge2,proxy,1,2,completo,era_split
1979,prevalencia,0,0.36363636363636365,0,0,0.5,proxy_N1_ge2,proxy,1,2,completo,era_split
1980,prevalencia,0,0.36363636363636365,0,0,0.5,proxy_N1_ge2,proxy,1,2,completo,era_split
1981,prevalencia,0,0.36363636363636365,0,0,0.5,proxy_N1_ge2,proxy,1,2,completo,era_split
1982,prevalencia,0,0.36363636363636365,0,0,0.5,proxy_N1_ge2,proxy,1,2,completo,era_split
1983,prevalencia,0,0.36363636363636365,0,0,0.5,proxy_N1_ge2,proxy,1,2,completo,era_split
1984,prevalencia,0,0.36363636363636365,0,0,0.5,proxy_N1_ge2,proxy,1,2,completo,era_split
1985,prevalencia,1,0.36363636363636365,0,0,0.5,proxy_N1_ge2,proxy,1,2,completo,era_split
1986,prevalencia,0,0.36363636363636365,0,0,0.5,proxy_N1_ge2,proxy,1,2,completo,era_split
1987,prevalencia,0,0.36363636363636365,0,0,0.5,proxy_N1_ge2,proxy,1,2,completo,era_split
1988,prevalencia,0,0.36363636363636365,0,0,0.5,proxy_N1_ge2,proxy,1,2,completo,era_split
1989,prevalencia,1,0.36363636363636365,0,0,0.5,proxy_N1_ge2,proxy,1,2,completo,era_split
1990,prevalencia,0,0.36363636363636365,0,0,0.5,proxy_N1_ge2,proxy,1,2,completo,era_split
1991,prevalencia,0,0.36363636363636365,0,0,0.5,proxy_N1_ge2,proxy,1,2,completo,era_split
1992,prevalencia,1,0.36363636363636365,0,0,0.5,proxy_N1_ge2,proxy,1,2,completo,era_split
1993,prevalencia,0,0.36363636363636365,0,0,0.5,proxy_N1_ge2,proxy,1,2,completo,era_split
1994,prevalencia,0,0.36363636363636365,0,0,0.5,proxy_N1_ge2,proxy,1,2,completo,era_split
1995,prevalencia,0,0.36363636363636365,0,0,0.5,proxy_N1_ge2,proxy,1,2,completo,era_split
1996,prevalencia,1,0.36363636363636365,0,0,0.5,proxy_N1_ge2,proxy,1,2,completo,era_split
1997,prevalencia,0,0.36363636363636365,0,0,0.5,proxy_N1_ge2,proxy,1,2,completo,era_split
1998,prevalencia,0,0.36363636363636365,0,0,0.5,proxy_N1_ge2,proxy,1,2,completo,era_split
1999,prevalencia,0,0.36363636363636365,0,0,0.5,proxy_N1_ge2,proxy,1,2,completo,era_split
2000,prevalencia,1,0.36363636363636365,0,0,0.5,proxy_N1_ge2,proxy,1,2,completo,era_split
2001,prevalencia,0,0.36363636363636365,0,0,0.5,proxy_N1_ge2,proxy,1,2,completo,era_split
2002,prevalencia,0,0.36363636363636365,0,0,0.5,proxy_N1_ge2,proxy,1,2,completo,era_split
2003,prevalencia,0,0.36363636363636365,0,0,0.5,proxy_N1_ge2,proxy,1,2,completo,era_split
2004,prevalencia,0,0.36363636363636365,0,0,0.5,proxy_N1_ge2,proxy,1,2,completo,era_split
2005,prevalencia,0,0.36363636363636365,0,0,0.5,proxy_N1_ge2,proxy,1,2,completo,era_split
1931,logreg,0,0.2650557710168141,0,0,0.6097816870086623,proxy_N1_ge2,proxy,1,2,sem_dipl,walk_forward
1931,rf,0,0.45519681109947396,0,0,0.5348060430660516,proxy_N1_ge2,proxy,1,2,sem_dipl,walk_forward
1931,xgb,0,0.283403217792511,0,0,0.9058775305747986,proxy_N1_ge2,proxy,1,2,sem_dipl,walk_forward
1932,logreg,1,0.6770192928986439,1,1,0.5522301271549749,proxy_N1_ge2,proxy,1,2,sem_dipl,walk_forward
1932,rf,1,0.4590102980875565,0,0,0.5326035258358701,proxy_N1_ge2,proxy,1,2,sem_dipl,walk_forward
1932,xgb,1,0.24985717236995697,0,0,0.9020289182662964,proxy_N1_ge2,proxy,1,2,sem_dipl,walk_forward
1933,logreg,1,0.4260244960693393,0,0,0.5528498927643581,proxy_N1_ge2,proxy,1,2,sem_dipl,walk_forward
1933,rf,1,0.3879604724440482,0,0,0.5336582071273025,proxy_N1_ge2,proxy,1,2,sem_dipl,walk_forward
1933,xgb,1,0.05141529068350792,0,0,0.905786395072937,proxy_N1_ge2,proxy,1,2,sem_dipl,walk_forward
1934,logreg,0,0.534606709007144,1,1,0.5228978318838357,proxy_N1_ge2,proxy,1,2,sem_dipl,walk_forward
1934,rf,0,0.45288863871755797,0,0,0.5265140959401592,proxy_N1_ge2,proxy,1,2,sem_dipl,walk_forward
1934,xgb,0,0.14504322409629822,0,0,0.9005857110023499,proxy_N1_ge2,proxy,1,2,sem_dipl,walk_forward
1935,logreg,0,0.8316967051479333,1,1,0.5707268133128425,proxy_N1_ge2,proxy,1,2,sem_dipl,walk_forward
1935,rf,0,0.47334783046207196,0,0,0.5085037422442219,proxy_N1_ge2,proxy,1,2,sem_dipl,walk_forward
1935,xgb,0,0.10681267827749252,0,0,0.8866810202598572,proxy_N1_ge2,proxy,1,2,sem_dipl,walk_forward
1936,logreg,1,0.15619517094447438,0,0,0.5685560966511118,proxy_N1_ge2,proxy,1,2,sem_dipl,walk_forward
1936,rf,1,0.4954103496883611,0,0,0.5102481178117396,proxy_N1_ge2,proxy,1,2,sem_dipl,walk_forward
1936,xgb,1,0.32751816511154175,0,0,0.8950265049934387,proxy_N1_ge2,proxy,1,2,sem_dipl,walk_forward
1937,logreg,1,0.610300061620242,1,1,0.527599934633417,proxy_N1_ge2,proxy,1,2,sem_dipl,walk_forward
1937,rf,1,0.47620404022129686,0,0,0.5168360118148655,proxy_N1_ge2,proxy,1,2,sem_dipl,walk_forward
1937,xgb,1,0.33106932044029236,0,0,0.8976007699966431,proxy_N1_ge2,proxy,1,2,sem_dipl,walk_forward
1938,logreg,1,0.5308796938705408,1,1,0.5071650322665606,proxy_N1_ge2,proxy,1,2,sem_dipl,walk_forward
1938,rf,1,0.46581455934116345,0,0,0.527572423076635,proxy_N1_ge2,proxy,1,2,sem_dipl,walk_forward
1938,xgb,1,0.10805780440568924,0,0,0.9029665589332581,proxy_N1_ge2,proxy,1,2,sem_dipl,walk_forward
1939,logreg,1,0.9982305237939431,1,1,0.5023242671566441,proxy_N1_ge2,proxy,1,2,sem_dipl,walk_forward
1939,rf,1,0.5081158331102605,1,1,0.5020641234072881,proxy_N1_ge2,proxy,1,2,sem_dipl,walk_forward
1939,xgb,1,0.7262513041496277,1,0,0.8917180895805359,proxy_N1_ge2,proxy,1,2,sem_dipl,walk_forward
1940,logreg,1,0.9488439911745689,1,1,0.4863898326240317,proxy_N1_ge2,proxy,1,2,sem_dipl,walk_forward
1940,rf,1,0.5415032861478964,1,1,0.47927131019824515,proxy_N1_ge2,proxy,1,2,sem_dipl,walk_forward
1940,xgb,1,0.9496776461601257,1,1,0.8877704739570618,proxy_N1_ge2,proxy,1,2,sem_dipl,walk_forward
1941,logreg,0,0.8858436398713666,1,1,0.47337754067886245,proxy_N1_ge2,proxy,1,2,sem_dipl,walk_forward
1941,rf,0,0.4949229846356075,0,0,0.5075931987298359,proxy_N1_ge2,proxy,1,2,sem_dipl,walk_forward
1941,xgb,0,0.69359290599823,1,0,0.8924351930618286,proxy_N1_ge2,proxy,1,2,sem_dipl,walk_forward
1942,logreg,1,0.07631560049270564,0,0,0.5159415745941883,proxy_N1_ge2,proxy,1,2,sem_dipl,walk_forward
1942,rf,1,0.5559937895311398,1,1,0.4991655132710781,proxy_N1_ge2,proxy,1,2,sem_dipl,walk_forward
1942,xgb,1,0.7265206575393677,1,0,0.8873694539070129,proxy_N1_ge2,proxy,1,2,sem_dipl,walk_forward
1943,logreg,0,2.5001123015232237e-06,0,0,0.5725280587805341,proxy_N1_ge2,proxy,1,2,sem_dipl,walk_forward
1943,rf,0,0.3816679680584173,0,0,0.5009542466866728,proxy_N1_ge2,proxy,1,2,sem_dipl,walk_forward
1943,xgb,0,0.0783449113368988,0,0,0.8890542387962341,proxy_N1_ge2,proxy,1,2,sem_dipl,walk_forward
1944,logreg,0,0.007977990022500242,0,0,0.5729001820690166,proxy_N1_ge2,proxy,1,2,sem_dipl,walk_forward
1944,rf,0,0.4370664511035752,0,0,0.5025100039809285,proxy_N1_ge2,proxy,1,2,sem_dipl,walk_forward
1944,xgb,0,0.41745591163635254,0,0,0.8825066685676575,proxy_N1_ge2,proxy,1,2,sem_dipl,walk_forward
1945,logreg,0,0.0008688647603194111,0,0,0.5853860878973433,proxy_N1_ge2,proxy,1,2,sem_dipl,walk_forward
1945,rf,0,0.27038132987239927,0,0,0.5063890794207924,proxy_N1_ge2,proxy,1,2,sem_dipl,walk_forward
1945,xgb,0,0.040276531130075455,0,0,0.8892984390258789,proxy_N1_ge2,proxy,1,2,sem_dipl,walk_forward
1946,logreg,1,0.00023396101025994817,0,0,0.5979781204436262,proxy_N1_ge2,proxy,1,2,sem_dipl,walk_forward
1946,rf,1,0.28427832179753665,0,0,0.5056644702779856,proxy_N1_ge2,proxy,1,2,sem_dipl,walk_forward
1946,xgb,1,0.07407207787036896,0,0,0.8860394954681396,proxy_N1_ge2,proxy,1,2,sem_dipl,walk_forward
1947,logreg,0,0.004100145030216864,0,0,0.6043634764752984,proxy_N1_ge2,proxy,1,2,sem_dipl,walk_forward
1947,rf,0,0.353323345178355,0,0,0.5063994396664661,proxy_N1_ge2,proxy,1,2,sem_dipl,walk_forward
1947,xgb,0,0.10026513785123825,0,0,0.8941475749015808,proxy_N1_ge2,proxy,1,2,sem_dipl,walk_forward
1948,logreg,0,0.31398394322499856,0,0,0.6603243676451335,proxy_N1_ge2,proxy,1,2,sem_dipl,walk_forward
1948,rf,0,0.4392589193510215,0,0,0.4930042649577299,proxy_N1_ge2,proxy,1,2,sem_dipl,walk_forward
1948,xgb,0,0.7438047528266907,1,0,0.8996202349662781,proxy_N1_ge2,proxy,1,2,sem_dipl,walk_forward
1949,logreg,1,0.889868727470428,1,1,0.6605171956181289,proxy_N1_ge2,proxy,1,2,sem_dipl,walk_forward
1949,rf,1,0.5297799431883021,1,1,0.48900656426469896,proxy_N1_ge2,proxy,1,2,sem_dipl,walk_forward
1949,xgb,1,0.7728604078292847,1,0,0.8989253044128418,proxy_N1_ge2,proxy,1,2,sem_dipl,walk_forward
1950,logreg,0,0.7228975674862236,1,1,0.6030737560717963,proxy_N1_ge2,proxy,1,2,sem_dipl,walk_forward
1950,rf,0,0.525084694529714,1,1,0.5131757695431813,proxy_N1_ge2,proxy,1,2,sem_dipl,walk_forward
1950,xgb,0,0.14728623628616333,0,0,0.9052672982215881,proxy_N1_ge2,proxy,1,2,sem_dipl,walk_forward
1951,logreg,0,0.6259342819542799,1,1,0.5926564838419309,proxy_N1_ge2,proxy,1,2,sem_dipl,walk_forward
1951,rf,0,0.5141944379035827,1,1,0.5012227407745456,proxy_N1_ge2,proxy,1,2,sem_dipl,walk_forward
1951,xgb,0,0.20543272793293,0,0,0.9003171920776367,proxy_N1_ge2,proxy,1,2,sem_dipl,walk_forward
1952,logreg,0,0.3528243327936299,0,0,0.5945411054561629,proxy_N1_ge2,proxy,1,2,sem_dipl,walk_forward
1952,rf,0,0.3941264222390627,0,0,0.4995205369038735,proxy_N1_ge2,proxy,1,2,sem_dipl,walk_forward
1952,xgb,0,0.029311103746294975,0,0,0.9039514660835266,proxy_N1_ge2,proxy,1,2,sem_dipl,walk_forward
1953,logreg,0,0.11884477808847216,0,0,0.5759433400868157,proxy_N1_ge2,proxy,1,2,sem_dipl,walk_forward
1953,rf,0,0.37349058595919593,0,0,0.502701367228099,proxy_N1_ge2,proxy,1,2,sem_dipl,walk_forward
1953,xgb,0,0.04522377625107765,0,0,0.9101252555847168,proxy_N1_ge2,proxy,1,2,sem_dipl,walk_forward
1954,logreg,1,0.17385424269375685,0,0,0.5818166609224581,proxy_N1_ge2,proxy,1,2,sem_dipl,walk_forward
1954,rf,1,0.30026854369491385,0,0,0.5006886567148473,proxy_N1_ge2,proxy,1,2,sem_dipl,walk_forward
1954,xgb,1,0.003709657583385706,0,0,0.9081607460975647,proxy_N1_ge2,proxy,1,2,sem_dipl,walk_forward
1955,logreg,0,0.3707249476714537,0,0,0.5873462319475019,proxy_N1_ge2,proxy,1,2,sem_dipl,walk_forward
1955,rf,0,0.3454900116406443,0,0,0.5079532484744455,proxy_N1_ge2,proxy,1,2,sem_dipl,walk_forward
1955,xgb,0,0.005712966434657574,0,0,0.9101759791374207,proxy_N1_ge2,proxy,1,2,sem_dipl,walk_forward
1956,logreg,0,0.4461751837474598,0,0,0.5891006934445681,proxy_N1_ge2,proxy,1,2,sem_dipl,walk_forward
1956,rf,0,0.3648512034126142,0,0,0.4930143644395823,proxy_N1_ge2,proxy,1,2,sem_dipl,walk_forward
1956,xgb,0,0.021816600114107132,0,0,0.8987029790878296,proxy_N1_ge2,proxy,1,2,sem_dipl,walk_forward
1957,logreg,0,0.47470813379814847,0,0,0.5745015443356446,proxy_N1_ge2,proxy,1,2,sem_dipl,walk_forward
1957,rf,0,0.39878941095555326,0,0,0.5044090717480888,proxy_N1_ge2,proxy,1,2,sem_dipl,walk_forward
1957,xgb,0,0.22694365680217743,0,0,0.8962388038635254,proxy_N1_ge2,proxy,1,2,sem_dipl,walk_forward
1958,logreg,0,0.8408057641772184,1,1,0.5751713984245488,proxy_N1_ge2,proxy,1,2,sem_dipl,walk_forward
1958,rf,0,0.4905228331754976,0,1,0.48627663156542195,proxy_N1_ge2,proxy,1,2,sem_dipl,walk_forward
1958,xgb,0,0.8892520666122437,1,0,0.8970517516136169,proxy_N1_ge2,proxy,1,2,sem_dipl,walk_forward
1959,logreg,0,0.1700197969043428,0,0,0.5849394791656675,proxy_N1_ge2,proxy,1,2,sem_dipl,walk_forward
1959,rf,0,0.23946479477925273,0,0,0.49712635397937843,proxy_N1_ge2,proxy,1,2,sem_dipl,walk_forward
1959,xgb,0,0.061295442283153534,0,0,0.8952743411064148,proxy_N1_ge2,proxy,1,2,sem_dipl,walk_forward
1960,logreg,1,0.572710156728812,1,0,0.5951159487668564,proxy_N1_ge2,proxy,1,2,sem_dipl,walk_forward
1960,rf,1,0.4063283599626917,0,0,0.48234657445488005,proxy_N1_ge2,proxy,1,2,sem_dipl,walk_forward
1960,xgb,1,0.19847729802131653,0,0,0.8928288221359253,proxy_N1_ge2,proxy,1,2,sem_dipl,walk_forward
1961,logreg,0,0.13158347465152878,0,0,0.5999458884511328,proxy_N1_ge2,proxy,1,2,sem_dipl,walk_forward
1961,rf,0,0.3700684361332392,0,0,0.4838443180478754,proxy_N1_ge2,proxy,1,2,sem_dipl,walk_forward
1961,xgb,0,0.25488653779029846,0,0,0.9000133872032166,proxy_N1_ge2,proxy,1,2,sem_dipl,walk_forward
1962,logreg,0,0.32158339728448215,0,0,0.560442622578953,proxy_N1_ge2,proxy,1,2,sem_dipl,walk_forward
1962,rf,0,0.4176668703319428,0,0,0.48962087130689974,proxy_N1_ge2,proxy,1,2,sem_dipl,walk_forward
1962,xgb,0,0.12274138629436493,0,0,0.8883225321769714,proxy_N1_ge2,proxy,1,2,sem_dipl,walk_forward
1963,logreg,1,0.4517267640289921,0,0,0.5915278722118957,proxy_N1_ge2,proxy,1,2,sem_dipl,walk_forward
1963,rf,1,0.4114772057193463,0,0,0.4950556149194471,proxy_N1_ge2,proxy,1,2,sem_dipl,walk_forward
1963,xgb,1,0.053968001157045364,0,0,0.8977160453796387,proxy_N1_ge2,proxy,1,2,sem_dipl,walk_forward
1964,logreg,0,0.057656467197770796,0,0,0.6021232895602511,proxy_N1_ge2,proxy,1,2,sem_dipl,walk_forward
1964,rf,0,0.30671905907237806,0,0,0.4988459352934232,proxy_N1_ge2,proxy,1,2,sem_dipl,walk_forward
1964,xgb,0,0.029758889228105545,0,0,0.8934729695320129,proxy_N1_ge2,proxy,1,2,sem_dipl,walk_forward
1965,logreg,0,0.4870167767966248,0,0,0.5728159290535622,proxy_N1_ge2,proxy,1,2,sem_dipl,walk_forward
1965,rf,0,0.3565957141934782,0,0,0.49158134515911694,proxy_N1_ge2,proxy,1,2,sem_dipl,walk_forward
1965,xgb,0,0.07348749786615372,0,0,0.9003886580467224,proxy_N1_ge2,proxy,1,2,sem_dipl,walk_forward
1966,logreg,0,0.47569260534878327,0,0,0.5802618113252211,proxy_N1_ge2,proxy,1,2,sem_dipl,walk_forward
1966,rf,0,0.3056681068102783,0,0,0.4982550852516408,proxy_N1_ge2,proxy,1,2,sem_dipl,walk_forward
1966,xgb,0,0.017056770622730255,0,0,0.9009614586830139,proxy_N1_ge2,proxy,1,2,sem_dipl,walk_forward
1967,logreg,0,0.09460854987302413,0,0,0.586399402117369,proxy_N1_ge2,proxy,1,2,sem_dipl,walk_forward
1967,rf,0,0.20037234795846584,0,0,0.4841755753153404,proxy_N1_ge2,proxy,1,2,sem_dipl,walk_forward
1967,xgb,0,0.0054419818334281445,0,0,0.9067732095718384,proxy_N1_ge2,proxy,1,2,sem_dipl,walk_forward
1968,logreg,0,0.14119158036643215,0,0,0.5824916284672081,proxy_N1_ge2,proxy,1,2,sem_dipl,walk_forward
1968,rf,0,0.2386483944269549,0,0,0.48928116877080197,proxy_N1_ge2,proxy,1,2,sem_dipl,walk_forward
1968,xgb,0,0.01788792572915554,0,0,0.9072009921073914,proxy_N1_ge2,proxy,1,2,sem_dipl,walk_forward
1969,logreg,0,0.10746692379001055,0,0,0.5859410237200916,proxy_N1_ge2,proxy,1,2,sem_dipl,walk_forward
1969,rf,0,0.13582468339902637,0,0,0.4982540312251877,proxy_N1_ge2,proxy,1,2,sem_dipl,walk_forward
1969,xgb,0,0.0018352650804445148,0,0,0.9074889421463013,proxy_N1_ge2,proxy,1,2,sem_dipl,walk_forward
1970,logreg,0,0.3458347945278711,0,0,0.5893261134012088,proxy_N1_ge2,proxy,1,2,sem_dipl,walk_forward
1970,rf,0,0.2599396080784523,0,0,0.49129962076908823,proxy_N1_ge2,proxy,1,2,sem_dipl,walk_forward
1970,xgb,0,0.014842639677226543,0,0,0.9079834222793579,proxy_N1_ge2,proxy,1,2,sem_dipl,walk_forward
1971,logreg,0,0.9860767758619111,1,1,0.5938849715857489,proxy_N1_ge2,proxy,1,2,sem_dipl,walk_forward
1971,rf,0,0.39551444615450565,0,0,0.5029869049530705,proxy_N1_ge2,proxy,1,2,sem_dipl,walk_forward
1971,xgb,0,0.17239758372306824,0,0,0.9107137322425842,proxy_N1_ge2,proxy,1,2,sem_dipl,walk_forward
1972,logreg,0,0.8187869563168764,1,1,0.5972219627922487,proxy_N1_ge2,proxy,1,2,sem_dipl,walk_forward
1972,rf,0,0.3617980670240381,0,0,0.4878062189136067,proxy_N1_ge2,proxy,1,2,sem_dipl,walk_forward
1972,xgb,0,0.24318256974220276,0,0,0.9162015914916992,proxy_N1_ge2,proxy,1,2,sem_dipl,walk_forward
1973,logreg,0,0.4785803154650156,0,0,0.6435762000447759,proxy_N1_ge2,proxy,1,2,sem_dipl,walk_forward
1973,rf,0,0.31780989862852727,0,0,0.4925784694862138,proxy_N1_ge2,proxy,1,2,sem_dipl,walk_forward
1973,xgb,0,0.08984509110450745,0,0,0.92024165391922,proxy_N1_ge2,proxy,1,2,sem_dipl,walk_forward
1974,logreg,0,0.9679040808267427,1,1,0.655130801184793,proxy_N1_ge2,proxy,1,2,sem_dipl,walk_forward
1974,rf,0,0.41736100733806947,0,0,0.49365023157879756,proxy_N1_ge2,proxy,1,2,sem_dipl,walk_forward
1974,xgb,0,0.2825770974159241,0,0,0.9153763651847839,proxy_N1_ge2,proxy,1,2,sem_dipl,walk_forward
1975,logreg,0,0.4848278540780948,0,0,0.6626258600046262,proxy_N1_ge2,proxy,1,2,sem_dipl,walk_forward
1975,rf,0,0.3128227668504464,0,0,0.49422807495676346,proxy_N1_ge2,proxy,1,2,sem_dipl,walk_forward
1975,xgb,0,0.15909279882907867,0,0,0.9164009690284729,proxy_N1_ge2,proxy,1,2,sem_dipl,walk_forward
1976,logreg,0,0.19122185767004315,0,0,0.6550463686935162,proxy_N1_ge2,proxy,1,2,sem_dipl,walk_forward
1976,rf,0,0.28375486176001996,0,0,0.48903454776026883,proxy_N1_ge2,proxy,1,2,sem_dipl,walk_forward
1976,xgb,0,0.052627235651016235,0,0,0.9187555313110352,proxy_N1_ge2,proxy,1,2,sem_dipl,walk_forward
1977,logreg,1,0.026303397221884253,0,0,0.6638876328147184,proxy_N1_ge2,proxy,1,2,sem_dipl,walk_forward
1977,rf,1,0.24549338660781717,0,0,0.4988588664670389,proxy_N1_ge2,proxy,1,2,sem_dipl,walk_forward
1977,xgb,1,0.028187502175569534,0,0,0.9239060878753662,proxy_N1_ge2,proxy,1,2,sem_dipl,walk_forward
1978,logreg,0,0.234809565495577,0,0,0.6698881612587028,proxy_N1_ge2,proxy,1,2,sem_dipl,walk_forward
1978,rf,0,0.25513353682059586,0,0,0.4836029186609703,proxy_N1_ge2,proxy,1,2,sem_dipl,walk_forward
1978,xgb,0,0.022581391036510468,0,0,0.9227879047393799,proxy_N1_ge2,proxy,1,2,sem_dipl,walk_forward
1979,logreg,0,0.7577865702736184,1,1,0.5897416219253712,proxy_N1_ge2,proxy,1,2,sem_dipl,walk_forward
1979,rf,0,0.33728190017869114,0,0,0.4836702335002029,proxy_N1_ge2,proxy,1,2,sem_dipl,walk_forward
1979,xgb,0,0.25859445333480835,0,0,0.9144033193588257,proxy_N1_ge2,proxy,1,2,sem_dipl,walk_forward
1980,logreg,0,0.5499650376017186,1,0,0.5734477667515725,proxy_N1_ge2,proxy,1,2,sem_dipl,walk_forward
1980,rf,0,0.42588141709885674,0,0,0.4827928401668383,proxy_N1_ge2,proxy,1,2,sem_dipl,walk_forward
1980,xgb,0,0.5870727300643921,1,0,0.9191761016845703,proxy_N1_ge2,proxy,1,2,sem_dipl,walk_forward
1981,logreg,0,0.10708238913689047,0,0,0.5327158885426931,proxy_N1_ge2,proxy,1,2,sem_dipl,walk_forward
1981,rf,0,0.2982229665037617,0,0,0.5267210644161823,proxy_N1_ge2,proxy,1,2,sem_dipl,walk_forward
1981,xgb,0,0.08271516114473343,0,0,0.9195846319198608,proxy_N1_ge2,proxy,1,2,sem_dipl,walk_forward
1982,logreg,0,0.32394287161863194,0,0,0.546354090902217,proxy_N1_ge2,proxy,1,2,sem_dipl,walk_forward
1982,rf,0,0.22176345426042715,0,0,0.5317171083435944,proxy_N1_ge2,proxy,1,2,sem_dipl,walk_forward
1982,xgb,0,0.033851511776447296,0,0,0.9188591837882996,proxy_N1_ge2,proxy,1,2,sem_dipl,walk_forward
1983,logreg,0,0.2232977111162541,0,0,0.5485642337730385,proxy_N1_ge2,proxy,1,2,sem_dipl,walk_forward
1983,rf,0,0.21373221114359162,0,0,0.5334847103991507,proxy_N1_ge2,proxy,1,2,sem_dipl,walk_forward
1983,xgb,0,0.02478039637207985,0,0,0.9174597859382629,proxy_N1_ge2,proxy,1,2,sem_dipl,walk_forward
1984,logreg,0,0.19983509084061069,0,0,0.5990978191242774,proxy_N1_ge2,proxy,1,2,sem_dipl,walk_forward
1984,rf,0,0.3527149560913593,0,0,0.5413768478832692,proxy_N1_ge2,proxy,1,2,sem_dipl,walk_forward
1984,xgb,0,0.09598340094089508,0,0,0.9194532632827759,proxy_N1_ge2,proxy,1,2,sem_dipl,walk_forward
1985,logreg,1,0.04207691090844182,0,0,0.5763680703294175,proxy_N1_ge2,proxy,1,2,sem_dipl,walk_forward
1985,rf,1,0.37928580662713335,0,0,0.5386168797457505,proxy_N1_ge2,proxy,1,2,sem_dipl,walk_forward
1985,xgb,1,0.46829846501350403,0,0,0.9223002791404724,proxy_N1_ge2,proxy,1,2,sem_dipl,walk_forward
1986,logreg,0,0.17874835613370682,0,0,0.5791976472258868,proxy_N1_ge2,proxy,1,2,sem_dipl,walk_forward
1986,rf,0,0.21435951342098453,0,0,0.5404868854690466,proxy_N1_ge2,proxy,1,2,sem_dipl,walk_forward
1986,xgb,0,0.011695312336087227,0,0,0.9243631958961487,proxy_N1_ge2,proxy,1,2,sem_dipl,walk_forward
1987,logreg,0,0.11327190532307746,0,0,0.6056924368687631,proxy_N1_ge2,proxy,1,2,sem_dipl,walk_forward
1987,rf,0,0.22008768721636757,0,0,0.5337436139394295,proxy_N1_ge2,proxy,1,2,sem_dipl,walk_forward
1987,xgb,0,0.09197880327701569,0,0,0.920539140701294,proxy_N1_ge2,proxy,1,2,sem_dipl,walk_forward
1988,logreg,0,0.07117078872117012,0,0,0.6104078162332857,proxy_N1_ge2,proxy,1,2,sem_dipl,walk_forward
1988,rf,0,0.44233130105521845,0,0,0.5229210470375177,proxy_N1_ge2,proxy,1,2,sem_dipl,walk_forward
1988,xgb,0,0.13568061590194702,0,0,0.9253361225128174,proxy_N1_ge2,proxy,1,2,sem_dipl,walk_forward
1989,logreg,1,0.08640258691464422,0,0,0.5677957884195092,proxy_N1_ge2,proxy,1,2,sem_dipl,walk_forward
1989,rf,1,0.20258896656269462,0,0,0.5233142939124816,proxy_N1_ge2,proxy,1,2,sem_dipl,walk_forward
1989,xgb,1,0.014746894128620625,0,0,0.92884361743927,proxy_N1_ge2,proxy,1,2,sem_dipl,walk_forward
1990,logreg,0,0.5996486401651459,1,1,0.572971253700096,proxy_N1_ge2,proxy,1,2,sem_dipl,walk_forward
1990,rf,0,0.29630063154760417,0,0,0.5261295546683381,proxy_N1_ge2,proxy,1,2,sem_dipl,walk_forward
1990,xgb,0,0.1889735758304596,0,0,0.9306169152259827,proxy_N1_ge2,proxy,1,2,sem_dipl,walk_forward
1991,logreg,0,0.9404467266751255,1,1,0.6183915975432639,proxy_N1_ge2,proxy,1,2,sem_dipl,walk_forward
1991,rf,0,0.3952142304338168,0,0,0.4921422228679293,proxy_N1_ge2,proxy,1,2,sem_dipl,walk_forward
1991,xgb,0,0.48529407382011414,0,0,0.9268094301223755,proxy_N1_ge2,proxy,1,2,sem_dipl,walk_forward
1992,logreg,1,0.6108316656813153,1,0,0.6174033969468841,proxy_N1_ge2,proxy,1,2,sem_dipl,walk_forward
1992,rf,1,0.36961950004307054,0,0,0.5115103268342375,proxy_N1_ge2,proxy,1,2,sem_dipl,walk_forward
1992,xgb,1,0.3138594329357147,0,0,0.9264702200889587,proxy_N1_ge2,proxy,1,2,sem_dipl,walk_forward
1993,logreg,0,0.24250416448147522,0,0,0.6290119233940319,proxy_N1_ge2,proxy,1,2,sem_dipl,walk_forward
1993,rf,0,0.46573136645267493,0,0,0.487469668718874,proxy_N1_ge2,proxy,1,2,sem_dipl,walk_forward
1993,xgb,0,0.4705352187156677,0,0,0.9279744625091553,proxy_N1_ge2,proxy,1,2,sem_dipl,walk_forward
1994,logreg,0,0.6305822797322904,1,1,0.6273956172535653,proxy_N1_ge2,proxy,1,2,sem_dipl,walk_forward
1994,rf,0,0.4276370128694135,0,0,0.4606953077022115,proxy_N1_ge2,proxy,1,2,sem_dipl,walk_forward
1994,xgb,0,0.6306610703468323,1,0,0.9217191338539124,proxy_N1_ge2,proxy,1,2,sem_dipl,walk_forward
1995,logreg,0,0.4164920823485171,0,0,0.6264230495635966,proxy_N1_ge2,proxy,1,2,sem_dipl,walk_forward
1995,rf,0,0.3903280292564122,0,0,0.46396790972216834,proxy_N1_ge2,proxy,1,2,sem_dipl,walk_forward
1995,xgb,0,0.19720925390720367,0,0,0.9225783348083496,proxy_N1_ge2,proxy,1,2,sem_dipl,walk_forward
1996,logreg,1,0.4556330927914628,0,0,0.6147860204802695,proxy_N1_ge2,proxy,1,2,sem_dipl,walk_forward
1996,rf,1,0.41120814991731214,0,0,0.4897143407658711,proxy_N1_ge2,proxy,1,2,sem_dipl,walk_forward
1996,xgb,1,0.36247196793556213,0,0,0.9268490672111511,proxy_N1_ge2,proxy,1,2,sem_dipl,walk_forward
1997,logreg,0,0.23934114738973933,0,0,0.6111949948573393,proxy_N1_ge2,proxy,1,2,sem_dipl,walk_forward
1997,rf,0,0.24793047095068912,0,0,0.4851419186632584,proxy_N1_ge2,proxy,1,2,sem_dipl,walk_forward
1997,xgb,0,0.06405901163816452,0,0,0.9303085207939148,proxy_N1_ge2,proxy,1,2,sem_dipl,walk_forward
1998,logreg,0,0.39488631641804683,0,0,0.5957866079272982,proxy_N1_ge2,proxy,1,2,sem_dipl,walk_forward
1998,rf,0,0.2514979704562738,0,0,0.47031201114670546,proxy_N1_ge2,proxy,1,2,sem_dipl,walk_forward
1998,xgb,0,0.015594404190778732,0,0,0.9280621409416199,proxy_N1_ge2,proxy,1,2,sem_dipl,walk_forward
1999,logreg,0,0.2716504840720871,0,0,0.4359798114544208,proxy_N1_ge2,proxy,1,2,sem_dipl,walk_forward
1999,rf,0,0.3548912581606896,0,0,0.5030605207293884,proxy_N1_ge2,proxy,1,2,sem_dipl,walk_forward
1999,xgb,0,0.13818156719207764,0,0,0.9249277114868164,proxy_N1_ge2,proxy,1,2,sem_dipl,walk_forward
2000,logreg,1,0.15526054971370484,0,0,0.5408291220522448,proxy_N1_ge2,proxy,1,2,sem_dipl,walk_forward
2000,rf,1,0.3030080248194938,0,0,0.4698942380830365,proxy_N1_ge2,proxy,1,2,sem_dipl,walk_forward
2000,xgb,1,0.2047266811132431,0,0,0.9266902804374695,proxy_N1_ge2,proxy,1,2,sem_dipl,walk_forward
2001,logreg,0,0.6127599869953272,1,1,0.5477147700158806,proxy_N1_ge2,proxy,1,2,sem_dipl,walk_forward
2001,rf,0,0.19666206852883172,0,0,0.47510500189681293,proxy_N1_ge2,proxy,1,2,sem_dipl,walk_forward
2001,xgb,0,0.015625428408384323,0,0,0.9280125498771667,proxy_N1_ge2,proxy,1,2,sem_dipl,walk_forward
2002,logreg,0,0.7796554058451899,1,1,0.5872318105694369,proxy_N1_ge2,proxy,1,2,sem_dipl,walk_forward
2002,rf,0,0.2898085956295983,0,0,0.49712194411537153,proxy_N1_ge2,proxy,1,2,sem_dipl,walk_forward
2002,xgb,0,0.04009047895669937,0,0,0.9224796295166016,proxy_N1_ge2,proxy,1,2,sem_dipl,walk_forward
2003,logreg,0,0.6660668412505533,1,1,0.6083467310047207,proxy_N1_ge2,proxy,1,2,sem_dipl,walk_forward
2003,rf,0,0.4614950466015367,0,0,0.4968098273253281,proxy_N1_ge2,proxy,1,2,sem_dipl,walk_forward
2003,xgb,0,0.2995055019855499,0,0,0.9229539036750793,proxy_N1_ge2,proxy,1,2,sem_dipl,walk_forward
2004,logreg,0,0.32624136347512317,0,0,0.5947140072148913,proxy_N1_ge2,proxy,1,2,sem_dipl,walk_forward
2004,rf,0,0.22483334403607758,0,0,0.480564434407502,proxy_N1_ge2,proxy,1,2,sem_dipl,walk_forward
2004,xgb,0,0.012128747999668121,0,0,0.9236512184143066,proxy_N1_ge2,proxy,1,2,sem_dipl,walk_forward
2005,logreg,0,0.3062151354384229,0,0,0.5868999647573452,proxy_N1_ge2,proxy,1,2,sem_dipl,walk_forward
2005,rf,0,0.2173296223400731,0,0,0.4697736395590633,proxy_N1_ge2,proxy,1,2,sem_dipl,walk_forward
2005,xgb,0,0.005011953413486481,0,0,0.926295816898346,proxy_N1_ge2,proxy,1,2,sem_dipl,walk_forward
2006,logreg,0,0.18486800195998365,0,0,0.5604455016978173,proxy_N1_ge2,proxy,1,2,sem_dipl,walk_forward
2006,rf,0,0.16019092858637182,0,0,0.45695573433179026,proxy_N1_ge2,proxy,1,2,sem_dipl,walk_forward
2006,xgb,0,0.00639988761395216,0,0,0.9235780239105225,proxy_N1_ge2,proxy,1,2,sem_dipl,walk_forward
2007,logreg,0,0.15769656780224275,0,0,0.5533827176863629,proxy_N1_ge2,proxy,1,2,sem_dipl,walk_forward
2007,rf,0,0.1309558541385353,0,0,0.509087178573699,proxy_N1_ge2,proxy,1,2,sem_dipl,walk_forward
2007,xgb,0,0.003306868253275752,0,0,0.9296301603317261,proxy_N1_ge2,proxy,1,2,sem_dipl,walk_forward
2008,logreg,0,0.29142243564841525,0,0,0.5636119569559607,proxy_N1_ge2,proxy,1,2,sem_dipl,walk_forward
2008,rf,0,0.2003368832118905,0,0,0.4503679989216697,proxy_N1_ge2,proxy,1,2,sem_dipl,walk_forward
2008,xgb,0,0.02479778416454792,0,0,0.9319047927856445,proxy_N1_ge2,proxy,1,2,sem_dipl,walk_forward
2009,logreg,0,0.8222889575532756,1,1,0.5680012561289147,proxy_N1_ge2,proxy,1,2,sem_dipl,walk_forward
2009,rf,0,0.3093385850727172,0,0,0.5064550530275777,proxy_N1_ge2,proxy,1,2,sem_dipl,walk_forward
2009,xgb,0,0.15516646206378937,0,0,0.9289466142654419,proxy_N1_ge2,proxy,1,2,sem_dipl,walk_forward
2010,logreg,0,0.40136194046310725,0,0,0.6436526588611973,proxy_N1_ge2,proxy,1,2,sem_dipl,walk_forward
2010,rf,0,0.2989123419117009,0,0,0.5148975432637848,proxy_N1_ge2,proxy,1,2,sem_dipl,walk_forward
2010,xgb,0,0.023238958790898323,0,0,0.9292846322059631,proxy_N1_ge2,proxy,1,2,sem_dipl,walk_forward
2011,logreg,0,0.3236174761034442,0,0,0.6085459087579796,proxy_N1_ge2,proxy,1,2,sem_dipl,walk_forward
2011,rf,0,0.2536684610699897,0,0,0.4584271079642855,proxy_N1_ge2,proxy,1,2,sem_dipl,walk_forward
2011,xgb,0,0.012855279259383678,0,0,0.9345995187759399,proxy_N1_ge2,proxy,1,2,sem_dipl,walk_forward
1931,prevalencia,0,0.275,0,0,0.5,proxy_N1_ge2,proxy,1,2,sem_dipl,walk_forward
1931,persistencia,0,1.0,1,1,0.5,proxy_N1_ge2,proxy,1,2,sem_dipl,walk_forward
1931,persistencia_purgada,0,0.0,0,0,0.5,proxy_N1_ge2,proxy,1,2,sem_dipl,walk_forward
1932,prevalencia,1,0.2926829268292683,0,0,0.5,proxy_N1_ge2,proxy,1,2,sem_dipl,walk_forward
1932,persistencia,1,0.0,0,0,0.5,proxy_N1_ge2,proxy,1,2,sem_dipl,walk_forward
1932,persistencia_purgada,1,1.0,1,1,0.5,proxy_N1_ge2,proxy,1,2,sem_dipl,walk_forward
1933,prevalencia,1,0.2857142857142857,0,0,0.5,proxy_N1_ge2,proxy,1,2,sem_dipl,walk_forward
1933,persistencia,1,1.0,1,1,0.5,proxy_N1_ge2,proxy,1,2,sem_dipl,walk_forward
1933,persistencia_purgada,1,0.0,0,0,0.5,proxy_N1_ge2,proxy,1,2,sem_dipl,walk_forward
1934,prevalencia,0,0.3023255813953488,0,0,0.5,proxy_N1_ge2,proxy,1,2,sem_dipl,walk_forward
1934,persistencia,0,1.0,1,1,0.5,proxy_N1_ge2,proxy,1,2,sem_dipl,walk_forward
1934,persistencia_purgada,0,1.0,1,1,0.5,proxy_N1_ge2,proxy,1,2,sem_dipl,walk_forward
1935,prevalencia,0,0.3181818181818182,0,0,0.5,proxy_N1_ge2,proxy,1,2,sem_dipl,walk_forward
1935,persistencia,0,0.0,0,0,0.5,proxy_N1_ge2,proxy,1,2,sem_dipl,walk_forward
1935,persistencia_purgada,0,1.0,1,1,0.5,proxy_N1_ge2,proxy,1,2,sem_dipl,walk_forward
1936,prevalencia,1,0.3111111111111111,0,0,0.5,proxy_N1_ge2,proxy,1,2,sem_dipl,walk_forward
1936,persistencia,1,0.0,0,0,0.5,proxy_N1_ge2,proxy,1,2,sem_dipl,walk_forward
1936,persistencia_purgada,1,0.0,0,0,0.5,proxy_N1_ge2,proxy,1,2,sem_dipl,walk_forward
1937,prevalencia,1,0.30434782608695654,0,0,0.5,proxy_N1_ge2,proxy,1,2,sem_dipl,walk_forward
1937,persistencia,1,1.0,1,1,0.5,proxy_N1_ge2,proxy,1,2,sem_dipl,walk_forward
1937,persistencia_purgada,1,0.0,0,0,0.5,proxy_N1_ge2,proxy,1,2,sem_dipl,walk_forward
1938,prevalencia,1,0.3191489361702128,0,0,0.5,proxy_N1_ge2,proxy,1,2,sem_dipl,walk_forward
1938,persistencia,1,1.0,1,1,0.5,proxy_N1_ge2,proxy,1,2,sem_dipl,walk_forward
1938,persistencia_purgada,1,1.0,1,1,0.5,proxy_N1_ge2,proxy,1,2,sem_dipl,walk_forward
1939,prevalencia,1,0.3333333333333333,0,0,0.5,proxy_N1_ge2,proxy,1,2,sem_dipl,walk_forward
1939,persistencia,1,1.0,1,1,0.5,proxy_N1_ge2,proxy,1,2,sem_dipl,walk_forward
1939,persistencia_purgada,1,1.0,1,1,0.5,proxy_N1_ge2,proxy,1,2,sem_dipl,walk_forward
1940,prevalencia,1,0.3469387755102041,0,0,0.5,proxy_N1_ge2,proxy,1,2,sem_dipl,walk_forward
1940,persistencia,1,1.0,1,1,0.5,proxy_N1_ge2,proxy,1,2,sem_dipl,walk_forward
1940,persistencia_purgada,1,1.0,1,1,0.5,proxy_N1_ge2,proxy,1,2,sem_dipl,walk_forward
1941,prevalencia,0,0.36,0,0,0.5,proxy_N1_ge2,proxy,1,2,sem_dipl,walk_forward
1941,persistencia,0,1.0,1,1,0.5,proxy_N1_ge2,proxy,1,2,sem_dipl,walk_forward
1941,persistencia_purgada,0,1.0,1,1,0.5,proxy_N1_ge2,proxy,1,2,sem_dipl,walk_forward
1942,prevalencia,1,0.37254901960784315,0,0,0.5,proxy_N1_ge2,proxy,1,2,sem_dipl,walk_forward
1942,persistencia,1,0.0,0,0,0.5,proxy_N1_ge2,proxy,1,2,sem_dipl,walk_forward
1942,persistencia_purgada,1,1.0,1,1,0.5,proxy_N1_ge2,proxy,1,2,sem_dipl,walk_forward
1943,prevalencia,0,0.36538461538461536,0,0,0.5,proxy_N1_ge2,proxy,1,2,sem_dipl,walk_forward
1943,persistencia,0,1.0,1,1,0.5,proxy_N1_ge2,proxy,1,2,sem_dipl,walk_forward
1943,persistencia_purgada,0,0.0,0,0,0.5,proxy_N1_ge2,proxy,1,2,sem_dipl,walk_forward
1944,prevalencia,0,0.37735849056603776,0,0,0.5,proxy_N1_ge2,proxy,1,2,sem_dipl,walk_forward
1944,persistencia,0,0.0,0,0,0.5,proxy_N1_ge2,proxy,1,2,sem_dipl,walk_forward
1944,persistencia_purgada,0,1.0,1,1,0.5,proxy_N1_ge2,proxy,1,2,sem_dipl,walk_forward
1945,prevalencia,0,0.37037037037037035,0,0,0.5,proxy_N1_ge2,proxy,1,2,sem_dipl,walk_forward
1945,persistencia,0,0.0,0,0,0.5,proxy_N1_ge2,proxy,1,2,sem_dipl,walk_forward
1945,persistencia_purgada,0,0.0,0,0,0.5,proxy_N1_ge2,proxy,1,2,sem_dipl,walk_forward
1946,prevalencia,1,0.36363636363636365,0,0,0.5,proxy_N1_ge2,proxy,1,2,sem_dipl,walk_forward
1946,persistencia,1,0.0,0,0,0.5,proxy_N1_ge2,proxy,1,2,sem_dipl,walk_forward
1946,persistencia_purgada,1,0.0,0,0,0.5,proxy_N1_ge2,proxy,1,2,sem_dipl,walk_forward
1947,prevalencia,0,0.35714285714285715,0,0,0.5,proxy_N1_ge2,proxy,1,2,sem_dipl,walk_forward
1947,persistencia,0,1.0,1,1,0.5,proxy_N1_ge2,proxy,1,2,sem_dipl,walk_forward
1947,persistencia_purgada,0,0.0,0,0,0.5,proxy_N1_ge2,proxy,1,2,sem_dipl,walk_forward
1948,prevalencia,0,0.3684210526315789,0,0,0.5,proxy_N1_ge2,proxy,1,2,sem_dipl,walk_forward
1948,persistencia,0,0.0,0,0,0.5,proxy_N1_ge2,proxy,1,2,sem_dipl,walk_forward
1948,persistencia_purgada,0,1.0,1,1,0.5,proxy_N1_ge2,proxy,1,2,sem_dipl,walk_forward
1949,prevalencia,1,0.3620689655172414,0,0,0.5,proxy_N1_ge2,proxy,1,2,sem_dipl,walk_forward
1949,persistencia,1,0.0,0,0,0.5,proxy_N1_ge2,proxy,1,2,sem_dipl,walk_forward
1949,persistencia_purgada,1,0.0,0,0,0.5,proxy_N1_ge2,proxy,1,2,sem_dipl,walk_forward
1950,prevalencia,0,0.3559322033898305,0,0,0.5,proxy_N1_ge2,proxy,1,2,sem_dipl,walk_forward
1950,persistencia,0,1.0,1,1,0.5,proxy_N1_ge2,proxy,1,2,sem_dipl,walk_forward
1950,persistencia_purgada,0,0.0,0,0,0.5,proxy_N1_ge2,proxy,1,2,sem_dipl,walk_forward
1951,prevalencia,0,0.36666666666666664,0,0,0.5,proxy_N1_ge2,proxy,1,2,sem_dipl,walk_forward
1951,persistencia,0,0.0,0,0,0.5,proxy_N1_ge2,proxy,1,2,sem_dipl,walk_forward
1951,persistencia_purgada,0,1.0,1,1,0.5,proxy_N1_ge2,proxy,1,2,sem_dipl,walk_forward
1952,prevalencia,0,0.36065573770491804,0,0,0.5,proxy_N1_ge2,proxy,1,2,sem_dipl,walk_forward
1952,persistencia,0,0.0,0,0,0.5,proxy_N1_ge2,proxy,1,2,sem_dipl,walk_forward
1952,persistencia_purgada,0,0.0,0,0,0.5,proxy_N1_ge2,proxy,1,2,sem_dipl,walk_forward
1953,prevalencia,0,0.3548387096774194,0,0,0.5,proxy_N1_ge2,proxy,1,2,sem_dipl,walk_forward
1953,persistencia,0,0.0,0,0,0.5,proxy_N1_ge2,proxy,1,2,sem_dipl,walk_forward
1953,persistencia_purgada,0,0.0,0,0,0.5,proxy_N1_ge2,proxy,1,2,sem_dipl,walk_forward
1954,prevalencia,1,0.3492063492063492,0,0,0.5,proxy_N1_ge2,proxy,1,2,sem_dipl,walk_forward
1954,persistencia,1,0.0,0,0,0.5,proxy_N1_ge2,proxy,1,2,sem_dipl,walk_forward
1954,persistencia_purgada,1,0.0,0,0,0.5,proxy_N1_ge2,proxy,1,2,sem_dipl,walk_forward
1955,prevalencia,0,0.34375,0,0,0.5,proxy_N1_ge2,proxy,1,2,sem_dipl,walk_forward
1955,persistencia,0,1.0,1,1,0.5,proxy_N1_ge2,proxy,1,2,sem_dipl,walk_forward
1955,persistencia_purgada,0,0.0,0,0,0.5,proxy_N1_ge2,proxy,1,2,sem_dipl,walk_forward
1956,prevalencia,0,0.35384615384615387,0,0,0.5,proxy_N1_ge2,proxy,1,2,sem_dipl,walk_forward
1956,persistencia,0,0.0,0,0,0.5,proxy_N1_ge2,proxy,1,2,sem_dipl,walk_forward
1956,persistencia_purgada,0,1.0,1,1,0.5,proxy_N1_ge2,proxy,1,2,sem_dipl,walk_forward
1957,prevalencia,0,0.3484848484848485,0,0,0.5,proxy_N1_ge2,proxy,1,2,sem_dipl,walk_forward
1957,persistencia,0,0.0,0,0,0.5,proxy_N1_ge2,proxy,1,2,sem_dipl,walk_forward
1957,persistencia_purgada,0,0.0,0,0,0.5,proxy_N1_ge2,proxy,1,2,sem_dipl,walk_forward
1958,prevalencia,0,0.34328358208955223,0,0,0.5,proxy_N1_ge2,proxy,1,2,sem_dipl,walk_forward
1958,persistencia,0,0.0,0,0,0.5,proxy_N1_ge2,proxy,1,2,sem_dipl,walk_forward
1958,persistencia_purgada,0,0.0,0,0,0.5,proxy_N1_ge2,proxy,1,2,sem_dipl,walk_forward
1959,prevalencia,0,0.3382352941176471,0,0,0.5,proxy_N1_ge2,proxy,1,2,sem_dipl,walk_forward
1959,persistencia,0,0.0,0,0,0.5,proxy_N1_ge2,proxy,1,2,sem_dipl,walk_forward
1959,persistencia_purgada,0,0.0,0,0,0.5,proxy_N1_ge2,proxy,1,2,sem_dipl,walk_forward
1960,prevalencia,1,0.3333333333333333,0,0,0.5,proxy_N1_ge2,proxy,1,2,sem_dipl,walk_forward
1960,persistencia,1,0.0,0,0,0.5,proxy_N1_ge2,proxy,1,2,sem_dipl,walk_forward
1960,persistencia_purgada,1,0.0,0,0,0.5,proxy_N1_ge2,proxy,1,2,sem_dipl,walk_forward
1961,prevalencia,0,0.32857142857142857,0,0,0.5,proxy_N1_ge2,proxy,1,2,sem_dipl,walk_forward
1961,persistencia,0,1.0,1,1,0.5,proxy_N1_ge2,proxy,1,2,sem_dipl,walk_forward
1961,persistencia_purgada,0,0.0,0,0,0.5,proxy_N1_ge2,proxy,1,2,sem_dipl,walk_forward
1962,prevalencia,0,0.3380281690140845,0,0,0.5,proxy_N1_ge2,proxy,1,2,sem_dipl,walk_forward
1962,persistencia,0,0.0,0,0,0.5,proxy_N1_ge2,proxy,1,2,sem_dipl,walk_forward
1962,persistencia_purgada,0,1.0,1,1,0.5,proxy_N1_ge2,proxy,1,2,sem_dipl,walk_forward
1963,prevalencia,1,0.3333333333333333,0,0,0.5,proxy_N1_ge2,proxy,1,2,sem_dipl,walk_forward
1963,persistencia,1,0.0,0,0,0.5,proxy_N1_ge2,proxy,1,2,sem_dipl,walk_forward
1963,persistencia_purgada,1,0.0,0,0,0.5,proxy_N1_ge2,proxy,1,2,sem_dipl,walk_forward
1964,prevalencia,0,0.3287671232876712,0,0,0.5,proxy_N1_ge2,proxy,1,2,sem_dipl,walk_forward
1964,persistencia,0,1.0,1,1,0.5,proxy_N1_ge2,proxy,1,2,sem_dipl,walk_forward
1964,persistencia_purgada,0,0.0,0,0,0.5,proxy_N1_ge2,proxy,1,2,sem_dipl,walk_forward
1965,prevalencia,0,0.33783783783783783,0,0,0.5,proxy_N1_ge2,proxy,1,2,sem_dipl,walk_forward
1965,persistencia,0,0.0,0,0,0.5,proxy_N1_ge2,proxy,1,2,sem_dipl,walk_forward
1965,persistencia_purgada,0,1.0,1,1,0.5,proxy_N1_ge2,proxy,1,2,sem_dipl,walk_forward
1966,prevalencia,0,0.3333333333333333,0,0,0.5,proxy_N1_ge2,proxy,1,2,sem_dipl,walk_forward
1966,persistencia,0,0.0,0,0,0.5,proxy_N1_ge2,proxy,1,2,sem_dipl,walk_forward
1966,persistencia_purgada,0,0.0,0,0,0.5,proxy_N1_ge2,proxy,1,2,sem_dipl,walk_forward
1967,prevalencia,0,0.32894736842105265,0,0,0.5,proxy_N1_ge2,proxy,1,2,sem_dipl,walk_forward
1967,persistencia,0,0.0,0,0,0.5,proxy_N1_ge2,proxy,1,2,sem_dipl,walk_forward
1967,persistencia_purgada,0,0.0,0,0,0.5,proxy_N1_ge2,proxy,1,2,sem_dipl,walk_forward
1968,prevalencia,0,0.3246753246753247,0,0,0.5,proxy_N1_ge2,proxy,1,2,sem_dipl,walk_forward
1968,persistencia,0,0.0,0,0,0.5,proxy_N1_ge2,proxy,1,2,sem_dipl,walk_forward
1968,persistencia_purgada,0,0.0,0,0,0.5,proxy_N1_ge2,proxy,1,2,sem_dipl,walk_forward
1969,prevalencia,0,0.32051282051282054,0,0,0.5,proxy_N1_ge2,proxy,1,2,sem_dipl,walk_forward
1969,persistencia,0,0.0,0,0,0.5,proxy_N1_ge2,proxy,1,2,sem_dipl,walk_forward
1969,persistencia_purgada,0,0.0,0,0,0.5,proxy_N1_ge2,proxy,1,2,sem_dipl,walk_forward
1970,prevalencia,0,0.31645569620253167,0,0,0.5,proxy_N1_ge2,proxy,1,2,sem_dipl,walk_forward
1970,persistencia,0,0.0,0,0,0.5,proxy_N1_ge2,proxy,1,2,sem_dipl,walk_forward
1970,persistencia_purgada,0,0.0,0,0,0.5,proxy_N1_ge2,proxy,1,2,sem_dipl,walk_forward
1971,prevalencia,0,0.3125,0,0,0.5,proxy_N1_ge2,proxy,1,2,sem_dipl,walk_forward
1971,persistencia,0,0.0,0,0,0.5,proxy_N1_ge2,proxy,1,2,sem_dipl,walk_forward
1971,persistencia_purgada,0,0.0,0,0,0.5,proxy_N1_ge2,proxy,1,2,sem_dipl,walk_forward
1972,prevalencia,0,0.30864197530864196,0,0,0.5,proxy_N1_ge2,proxy,1,2,sem_dipl,walk_forward
1972,persistencia,0,0.0,0,0,0.5,proxy_N1_ge2,proxy,1,2,sem_dipl,walk_forward
1972,persistencia_purgada,0,0.0,0,0,0.5,proxy_N1_ge2,proxy,1,2,sem_dipl,walk_forward
1973,prevalencia,0,0.3048780487804878,0,0,0.5,proxy_N1_ge2,proxy,1,2,sem_dipl,walk_forward
1973,persistencia,0,0.0,0,0,0.5,proxy_N1_ge2,proxy,1,2,sem_dipl,walk_forward
1973,persistencia_purgada,0,0.0,0,0,0.5,proxy_N1_ge2,proxy,1,2,sem_dipl,walk_forward
1974,prevalencia,0,0.30120481927710846,0,0,0.5,proxy_N1_ge2,proxy,1,2,sem_dipl,walk_forward
1974,persistencia,0,0.0,0,0,0.5,proxy_N1_ge2,proxy,1,2,sem_dipl,walk_forward
1974,persistencia_purgada,0,0.0,0,0,0.5,proxy_N1_ge2,proxy,1,2,sem_dipl,walk_forward
1975,prevalencia,0,0.2976190476190476,0,0,0.5,proxy_N1_ge2,proxy,1,2,sem_dipl,walk_forward
1975,persistencia,0,0.0,0,0,0.5,proxy_N1_ge2,proxy,1,2,sem_dipl,walk_forward
1975,persistencia_purgada,0,0.0,0,0,0.5,proxy_N1_ge2,proxy,1,2,sem_dipl,walk_forward
1976,prevalencia,0,0.29411764705882354,0,0,0.5,proxy_N1_ge2,proxy,1,2,sem_dipl,walk_forward
1976,persistencia,0,0.0,0,0,0.5,proxy_N1_ge2,proxy,1,2,sem_dipl,walk_forward
1976,persistencia_purgada,0,0.0,0,0,0.5,proxy_N1_ge2,proxy,1,2,sem_dipl,walk_forward
1977,prevalencia,1,0.29069767441860467,0,0,0.5,proxy_N1_ge2,proxy,1,2,sem_dipl,walk_forward
1977,persistencia,1,0.0,0,0,0.5,proxy_N1_ge2,proxy,1,2,sem_dipl,walk_forward
1977,persistencia_purgada,1,0.0,0,0,0.5,proxy_N1_ge2,proxy,1,2,sem_dipl,walk_forward
1978,prevalencia,0,0.28735632183908044,0,0,0.5,proxy_N1_ge2,proxy,1,2,sem_dipl,walk_forward
1978,persistencia,0,1.0,1,1,0.5,proxy_N1_ge2,proxy,1,2,sem_dipl,walk_forward
1978,persistencia_purgada,0,0.0,0,0,0.5,proxy_N1_ge2,proxy,1,2,sem_dipl,walk_forward
1979,prevalencia,0,0.29545454545454547,0,0,0.5,proxy_N1_ge2,proxy,1,2,sem_dipl,walk_forward
1979,persistencia,0,0.0,0,0,0.5,proxy_N1_ge2,proxy,1,2,sem_dipl,walk_forward
1979,persistencia_purgada,0,1.0,1,1,0.5,proxy_N1_ge2,proxy,1,2,sem_dipl,walk_forward
1980,prevalencia,0,0.29213483146067415,0,0,0.5,proxy_N1_ge2,proxy,1,2,sem_dipl,walk_forward
1980,persistencia,0,0.0,0,0,0.5,proxy_N1_ge2,proxy,1,2,sem_dipl,walk_forward
1980,persistencia_purgada,0,0.0,0,0,0.5,proxy_N1_ge2,proxy,1,2,sem_dipl,walk_forward
1981,prevalencia,0,0.28888888888888886,0,0,0.5,proxy_N1_ge2,proxy,1,2,sem_dipl,walk_forward
1981,persistencia,0,0.0,0,0,0.5,proxy_N1_ge2,proxy,1,2,sem_dipl,walk_forward
1981,persistencia_purgada,0,0.0,0,0,0.5,proxy_N1_ge2,proxy,1,2,sem_dipl,walk_forward
1982,prevalencia,0,0.2857142857142857,0,0,0.5,proxy_N1_ge2,proxy,1,2,sem_dipl,walk_forward
1982,persistencia,0,0.0,0,0,0.5,proxy_N1_ge2,proxy,1,2,sem_dipl,walk_forward
1982,persistencia_purgada,0,0.0,0,0,0.5,proxy_N1_ge2,proxy,1,2,sem_dipl,walk_forward
1983,prevalencia,0,0.2826086956521739,0,0,0.5,proxy_N1_ge2,proxy,1,2,sem_dipl,walk_forward
1983,persistencia,0,0.0,0,0,0.5,proxy_N1_ge2,proxy,1,2,sem_dipl,walk_forward
1983,persistencia_purgada,0,0.0,0,0,0.5,proxy_N1_ge2,proxy,1,2,sem_dipl,walk_forward
1984,prevalencia,0,0.27956989247311825,0,0,0.5,proxy_N1_ge2,proxy,1,2,sem_dipl,walk_forward
1984,persistencia,0,0.0,0,0,0.5,proxy_N1_ge2,proxy,1,2,sem_dipl,walk_forward
1984,persistencia_purgada,0,0.0,0,0,0.5,proxy_N1_ge2,proxy,1,2,sem_dipl,walk_forward
1985,prevalencia,1,0.2765957446808511,0,0,0.5,proxy_N1_ge2,proxy,1,2,sem_dipl,walk_forward
1985,persistencia,1,0.0,0,0,0.5,proxy_N1_ge2,proxy,1,2,sem_dipl,walk_forward
1985,persistencia_purgada,1,0.0,0,0,0.5,proxy_N1_ge2,proxy,1,2,sem_dipl,walk_forward
1986,prevalencia,0,0.2736842105263158,0,0,0.5,proxy_N1_ge2,proxy,1,2,sem_dipl,walk_forward
1986,persistencia,0,1.0,1,1,0.5,proxy_N1_ge2,proxy,1,2,sem_dipl,walk_forward
1986,persistencia_purgada,0,0.0,0,0,0.5,proxy_N1_ge2,proxy,1,2,sem_dipl,walk_forward
1987,prevalencia,0,0.28125,0,0,0.5,proxy_N1_ge2,proxy,1,2,sem_dipl,walk_forward
1987,persistencia,0,0.0,0,0,0.5,proxy_N1_ge2,proxy,1,2,sem_dipl,walk_forward
1987,persistencia_purgada,0,1.0,1,1,0.5,proxy_N1_ge2,proxy,1,2,sem_dipl,walk_forward
1988,prevalencia,0,0.27835051546391754,0,0,0.5,proxy_N1_ge2,proxy,1,2,sem_dipl,walk_forward
1988,persistencia,0,0.0,0,0,0.5,proxy_N1_ge2,proxy,1,2,sem_dipl,walk_forward
1988,persistencia_purgada,0,0.0,0,0,0.5,proxy_N1_ge2,proxy,1,2,sem_dipl,walk_forward
1989,prevalencia,1,0.2755102040816326,0,0,0.5,proxy_N1_ge2,proxy,1,2,sem_dipl,walk_forward
1989,persistencia,1,0.0,0,0,0.5,proxy_N1_ge2,proxy,1,2,sem_dipl,walk_forward
1989,persistencia_purgada,1,0.0,0,0,0.5,proxy_N1_ge2,proxy,1,2,sem_dipl,walk_forward
1990,prevalencia,0,0.2727272727272727,0,0,0.5,proxy_N1_ge2,proxy,1,2,sem_dipl,walk_forward
1990,persistencia,0,1.0,1,1,0.5,proxy_N1_ge2,proxy,1,2,sem_dipl,walk_forward
1990,persistencia_purgada,0,0.0,0,0,0.5,proxy_N1_ge2,proxy,1,2,sem_dipl,walk_forward
1991,prevalencia,0,0.28,0,0,0.5,proxy_N1_ge2,proxy,1,2,sem_dipl,walk_forward
1991,persistencia,0,0.0,0,0,0.5,proxy_N1_ge2,proxy,1,2,sem_dipl,walk_forward
1991,persistencia_purgada,0,1.0,1,1,0.5,proxy_N1_ge2,proxy,1,2,sem_dipl,walk_forward
1992,prevalencia,1,0.27722772277227725,0,0,0.5,proxy_N1_ge2,proxy,1,2,sem_dipl,walk_forward
1992,persistencia,1,0.0,0,0,0.5,proxy_N1_ge2,proxy,1,2,sem_dipl,walk_forward
1992,persistencia_purgada,1,0.0,0,0,0.5,proxy_N1_ge2,proxy,1,2,sem_dipl,walk_forward
1993,prevalencia,0,0.27450980392156865,0,0,0.5,proxy_N1_ge2,proxy,1,2,sem_dipl,walk_forward
1993,persistencia,0,1.0,1,1,0.5,proxy_N1_ge2,proxy,1,2,sem_dipl,walk_forward
1993,persistencia_purgada,0,0.0,0,0,0.5,proxy_N1_ge2,proxy,1,2,sem_dipl,walk_forward
1994,prevalencia,0,0.2815533980582524,0,0,0.5,proxy_N1_ge2,proxy,1,2,sem_dipl,walk_forward
1994,persistencia,0,0.0,0,0,0.5,proxy_N1_ge2,proxy,1,2,sem_dipl,walk_forward
1994,persistencia_purgada,0,1.0,1,1,0.5,proxy_N1_ge2,proxy,1,2,sem_dipl,walk_forward
1995,prevalencia,0,0.27884615384615385,0,0,0.5,proxy_N1_ge2,proxy,1,2,sem_dipl,walk_forward
1995,persistencia,0,0.0,0,0,0.5,proxy_N1_ge2,proxy,1,2,sem_dipl,walk_forward
1995,persistencia_purgada,0,0.0,0,0,0.5,proxy_N1_ge2,proxy,1,2,sem_dipl,walk_forward
1996,prevalencia,1,0.2761904761904762,0,0,0.5,proxy_N1_ge2,proxy,1,2,sem_dipl,walk_forward
1996,persistencia,1,0.0,0,0,0.5,proxy_N1_ge2,proxy,1,2,sem_dipl,walk_forward
1996,persistencia_purgada,1,0.0,0,0,0.5,proxy_N1_ge2,proxy,1,2,sem_dipl,walk_forward
1997,prevalencia,0,0.27358490566037735,0,0,0.5,proxy_N1_ge2,proxy,1,2,sem_dipl,walk_forward
1997,persistencia,0,1.0,1,1,0.5,proxy_N1_ge2,proxy,1,2,sem_dipl,walk_forward
1997,persistencia_purgada,0,0.0,0,0,0.5,proxy_N1_ge2,proxy,1,2,sem_dipl,walk_forward
1998,prevalencia,0,0.2803738317757009,0,0,0.5,proxy_N1_ge2,proxy,1,2,sem_dipl,walk_forward
1998,persistencia,0,0.0,0,0,0.5,proxy_N1_ge2,proxy,1,2,sem_dipl,walk_forward
1998,persistencia_purgada,0,1.0,1,1,0.5,proxy_N1_ge2,proxy,1,2,sem_dipl,walk_forward
1999,prevalencia,0,0.2777777777777778,0,0,0.5,proxy_N1_ge2,proxy,1,2,sem_dipl,walk_forward
1999,persistencia,0,0.0,0,0,0.5,proxy_N1_ge2,proxy,1,2,sem_dipl,walk_forward
1999,persistencia_purgada,0,0.0,0,0,0.5,proxy_N1_ge2,proxy,1,2,sem_dipl,walk_forward
2000,prevalencia,1,0.27522935779816515,0,0,0.5,proxy_N1_ge2,proxy,1,2,sem_dipl,walk_forward
2000,persistencia,1,0.0,0,0,0.5,proxy_N1_ge2,proxy,1,2,sem_dipl,walk_forward
2000,persistencia_purgada,1,0.0,0,0,0.5,proxy_N1_ge2,proxy,1,2,sem_dipl,walk_forward
2001,prevalencia,0,0.2727272727272727,0,0,0.5,proxy_N1_ge2,proxy,1,2,sem_dipl,walk_forward
2001,persistencia,0,1.0,1,1,0.5,proxy_N1_ge2,proxy,1,2,sem_dipl,walk_forward
2001,persistencia_purgada,0,0.0,0,0,0.5,proxy_N1_ge2,proxy,1,2,sem_dipl,walk_forward
2002,prevalencia,0,0.27927927927927926,0,0,0.5,proxy_N1_ge2,proxy,1,2,sem_dipl,walk_forward
2002,persistencia,0,0.0,0,0,0.5,proxy_N1_ge2,proxy,1,2,sem_dipl,walk_forward
2002,persistencia_purgada,0,1.0,1,1,0.5,proxy_N1_ge2,proxy,1,2,sem_dipl,walk_forward
2003,prevalencia,0,0.2767857142857143,0,0,0.5,proxy_N1_ge2,proxy,1,2,sem_dipl,walk_forward
2003,persistencia,0,0.0,0,0,0.5,proxy_N1_ge2,proxy,1,2,sem_dipl,walk_forward
2003,persistencia_purgada,0,0.0,0,0,0.5,proxy_N1_ge2,proxy,1,2,sem_dipl,walk_forward
2004,prevalencia,0,0.2743362831858407,0,0,0.5,proxy_N1_ge2,proxy,1,2,sem_dipl,walk_forward
2004,persistencia,0,0.0,0,0,0.5,proxy_N1_ge2,proxy,1,2,sem_dipl,walk_forward
2004,persistencia_purgada,0,0.0,0,0,0.5,proxy_N1_ge2,proxy,1,2,sem_dipl,walk_forward
2005,prevalencia,0,0.2719298245614035,0,0,0.5,proxy_N1_ge2,proxy,1,2,sem_dipl,walk_forward
2005,persistencia,0,0.0,0,0,0.5,proxy_N1_ge2,proxy,1,2,sem_dipl,walk_forward
2005,persistencia_purgada,0,0.0,0,0,0.5,proxy_N1_ge2,proxy,1,2,sem_dipl,walk_forward
2006,prevalencia,0,0.26956521739130435,0,0,0.5,proxy_N1_ge2,proxy,1,2,sem_dipl,walk_forward
2006,persistencia,0,0.0,0,0,0.5,proxy_N1_ge2,proxy,1,2,sem_dipl,walk_forward
2006,persistencia_purgada,0,0.0,0,0,0.5,proxy_N1_ge2,proxy,1,2,sem_dipl,walk_forward
2007,prevalencia,0,0.2672413793103448,0,0,0.5,proxy_N1_ge2,proxy,1,2,sem_dipl,walk_forward
2007,persistencia,0,0.0,0,0,0.5,proxy_N1_ge2,proxy,1,2,sem_dipl,walk_forward
2007,persistencia_purgada,0,0.0,0,0,0.5,proxy_N1_ge2,proxy,1,2,sem_dipl,walk_forward
2008,prevalencia,0,0.26495726495726496,0,0,0.5,proxy_N1_ge2,proxy,1,2,sem_dipl,walk_forward
2008,persistencia,0,0.0,0,0,0.5,proxy_N1_ge2,proxy,1,2,sem_dipl,walk_forward
2008,persistencia_purgada,0,0.0,0,0,0.5,proxy_N1_ge2,proxy,1,2,sem_dipl,walk_forward
2009,prevalencia,0,0.2627118644067797,0,0,0.5,proxy_N1_ge2,proxy,1,2,sem_dipl,walk_forward
2009,persistencia,0,0.0,0,0,0.5,proxy_N1_ge2,proxy,1,2,sem_dipl,walk_forward
2009,persistencia_purgada,0,0.0,0,0,0.5,proxy_N1_ge2,proxy,1,2,sem_dipl,walk_forward
2010,prevalencia,0,0.2605042016806723,0,0,0.5,proxy_N1_ge2,proxy,1,2,sem_dipl,walk_forward
2010,persistencia,0,0.0,0,0,0.5,proxy_N1_ge2,proxy,1,2,sem_dipl,walk_forward
2010,persistencia_purgada,0,0.0,0,0,0.5,proxy_N1_ge2,proxy,1,2,sem_dipl,walk_forward
2011,prevalencia,0,0.25833333333333336,0,0,0.5,proxy_N1_ge2,proxy,1,2,sem_dipl,walk_forward
2011,persistencia,0,0.0,0,0,0.5,proxy_N1_ge2,proxy,1,2,sem_dipl,walk_forward
2011,persistencia_purgada,0,0.0,0,0,0.5,proxy_N1_ge2,proxy,1,2,sem_dipl,walk_forward
1946,logreg,1,0.0002339610102599486,0,0,0.5979781204436262,proxy_N1_ge2,proxy,1,2,sem_dipl,era_split
1947,logreg,0,0.0033171813047149137,0,0,0.5979781204436262,proxy_N1_ge2,proxy,1,2,sem_dipl,era_split
1948,logreg,0,0.04182644595127463,0,0,0.5979781204436262,proxy_N1_ge2,proxy,1,2,sem_dipl,era_split
1949,logreg,1,0.831262138001932,1,1,0.5979781204436262,proxy_N1_ge2,proxy,1,2,sem_dipl,era_split
1950,logreg,0,0.5869115028446568,1,0,0.5979781204436262,proxy_N1_ge2,proxy,1,2,sem_dipl,era_split
1951,logreg,0,0.2506905934244655,0,0,0.5979781204436262,proxy_N1_ge2,proxy,1,2,sem_dipl,era_split
1952,logreg,0,0.26264594979837397,0,0,0.5979781204436262,proxy_N1_ge2,proxy,1,2,sem_dipl,era_split
1953,logreg,0,0.295832048185078,0,0,0.5979781204436262,proxy_N1_ge2,proxy,1,2,sem_dipl,era_split
1954,logreg,1,0.26595334030815104,0,0,0.5979781204436262,proxy_N1_ge2,proxy,1,2,sem_dipl,era_split
1955,logreg,0,0.309417862079511,0,0,0.5979781204436262,proxy_N1_ge2,proxy,1,2,sem_dipl,era_split
1956,logreg,0,0.4938528860736313,0,0,0.5979781204436262,proxy_N1_ge2,proxy,1,2,sem_dipl,era_split
1957,logreg,0,0.5432023584622416,1,0,0.5979781204436262,proxy_N1_ge2,proxy,1,2,sem_dipl,era_split
1958,logreg,0,0.8288690584983727,1,1,0.5979781204436262,proxy_N1_ge2,proxy,1,2,sem_dipl,era_split
1959,logreg,0,0.32898019612568,0,0,0.5979781204436262,proxy_N1_ge2,proxy,1,2,sem_dipl,era_split
1960,logreg,1,0.7501140408940257,1,1,0.5979781204436262,proxy_N1_ge2,proxy,1,2,sem_dipl,era_split
1961,logreg,0,0.3287692930967455,0,0,0.5979781204436262,proxy_N1_ge2,proxy,1,2,sem_dipl,era_split
1962,logreg,0,0.3027959103867036,0,0,0.5979781204436262,proxy_N1_ge2,proxy,1,2,sem_dipl,era_split
1963,logreg,1,0.7329378467955437,1,1,0.5979781204436262,proxy_N1_ge2,proxy,1,2,sem_dipl,era_split
1964,logreg,0,0.16921863909031218,0,0,0.5979781204436262,proxy_N1_ge2,proxy,1,2,sem_dipl,era_split
1965,logreg,0,0.5909532689016461,1,0,0.5979781204436262,proxy_N1_ge2,proxy,1,2,sem_dipl,era_split
1966,logreg,0,0.6093432749922773,1,1,0.5979781204436262,proxy_N1_ge2,proxy,1,2,sem_dipl,era_split
1967,logreg,0,0.2235146423422022,0,0,0.5979781204436262,proxy_N1_ge2,proxy,1,2,sem_dipl,era_split
1968,logreg,0,0.3542049564884124,0,0,0.5979781204436262,proxy_N1_ge2,proxy,1,2,sem_dipl,era_split
1969,logreg,0,0.27216201019931896,0,0,0.5979781204436262,proxy_N1_ge2,proxy,1,2,sem_dipl,era_split
1970,logreg,0,0.2079653127422014,0,0,0.5979781204436262,proxy_N1_ge2,proxy,1,2,sem_dipl,era_split
1971,logreg,0,0.9694287649221479,1,1,0.5979781204436262,proxy_N1_ge2,proxy,1,2,sem_dipl,era_split
1972,logreg,0,0.7608215534746627,1,1,0.5979781204436262,proxy_N1_ge2,proxy,1,2,sem_dipl,era_split
1973,logreg,0,0.5301633564669487,1,0,0.5979781204436262,proxy_N1_ge2,proxy,1,2,sem_dipl,era_split
1974,logreg,0,0.9095268320726214,1,1,0.5979781204436262,proxy_N1_ge2,proxy,1,2,sem_dipl,era_split
1975,logreg,0,0.8497692215001945,1,1,0.5979781204436262,proxy_N1_ge2,proxy,1,2,sem_dipl,era_split
1976,logreg,0,0.9250937165726832,1,1,0.5979781204436262,proxy_N1_ge2,proxy,1,2,sem_dipl,era_split
1977,logreg,1,0.6969330193468242,1,1,0.5979781204436262,proxy_N1_ge2,proxy,1,2,sem_dipl,era_split
1978,logreg,0,0.9798113124807619,1,1,0.5979781204436262,proxy_N1_ge2,proxy,1,2,sem_dipl,era_split
1979,logreg,0,0.98182449039258,1,1,0.5979781204436262,proxy_N1_ge2,proxy,1,2,sem_dipl,era_split
1980,logreg,0,0.8812705825205741,1,1,0.5979781204436262,proxy_N1_ge2,proxy,1,2,sem_dipl,era_split
1981,logreg,0,0.6258649635572814,1,1,0.5979781204436262,proxy_N1_ge2,proxy,1,2,sem_dipl,era_split
1982,logreg,0,0.7452910773287946,1,1,0.5979781204436262,proxy_N1_ge2,proxy,1,2,sem_dipl,era_split
1983,logreg,0,0.9499636145525915,1,1,0.5979781204436262,proxy_N1_ge2,proxy,1,2,sem_dipl,era_split
1984,logreg,0,0.9119535441442199,1,1,0.5979781204436262,proxy_N1_ge2,proxy,1,2,sem_dipl,era_split
1985,logreg,1,0.9082861581395503,1,1,0.5979781204436262,proxy_N1_ge2,proxy,1,2,sem_dipl,era_split
1986,logreg,0,0.82313959980975,1,1,0.5979781204436262,proxy_N1_ge2,proxy,1,2,sem_dipl,era_split
1987,logreg,0,0.7148903860366996,1,1,0.5979781204436262,proxy_N1_ge2,proxy,1,2,sem_dipl,era_split
1988,logreg,0,0.5974694295201242,1,0,0.5979781204436262,proxy_N1_ge2,proxy,1,2,sem_dipl,era_split
1989,logreg,1,0.6838233888117929,1,1,0.5979781204436262,proxy_N1_ge2,proxy,1,2,sem_dipl,era_split
1990,logreg,0,0.994420453122038,1,1,0.5979781204436262,proxy_N1_ge2,proxy,1,2,sem_dipl,era_split
1991,logreg,0,0.9963240549926813,1,1,0.5979781204436262,proxy_N1_ge2,proxy,1,2,sem_dipl,era_split
1992,logreg,1,0.984507641915009,1,1,0.5979781204436262,proxy_N1_ge2,proxy,1,2,sem_dipl,era_split
1993,logreg,0,0.9466627313627476,1,1,0.5979781204436262,proxy_N1_ge2,proxy,1,2,sem_dipl,era_split
1994,logreg,0,0.9771641710053532,1,1,0.5979781204436262,proxy_N1_ge2,proxy,1,2,sem_dipl,era_split
1995,logreg,0,0.9493947564848743,1,1,0.5979781204436262,proxy_N1_ge2,proxy,1,2,sem_dipl,era_split
1996,logreg,1,0.9324179328744664,1,1,0.5979781204436262,proxy_N1_ge2,proxy,1,2,sem_dipl,era_split
1997,logreg,0,0.9099542015101457,1,1,0.5979781204436262,proxy_N1_ge2,proxy,1,2,sem_dipl,era_split
1998,logreg,0,0.9634292401024789,1,1,0.5979781204436262,proxy_N1_ge2,proxy,1,2,sem_dipl,era_split
1999,logreg,0,0.7331383542281003,1,1,0.5979781204436262,proxy_N1_ge2,proxy,1,2,sem_dipl,era_split
2000,logreg,1,0.7944146349412311,1,1,0.5979781204436262,proxy_N1_ge2,proxy,1,2,sem_dipl,era_split
2001,logreg,0,0.9875082357082952,1,1,0.5979781204436262,proxy_N1_ge2,proxy,1,2,sem_dipl,era_split
2002,logreg,0,0.9981444197615181,1,1,0.5979781204436262,proxy_N1_ge2,proxy,1,2,sem_dipl,era_split
2003,logreg,0,0.9758392701015131,1,1,0.5979781204436262,proxy_N1_ge2,proxy,1,2,sem_dipl,era_split
2004,logreg,0,0.925237311108884,1,1,0.5979781204436262,proxy_N1_ge2,proxy,1,2,sem_dipl,era_split
2005,logreg,0,0.8768055439092753,1,1,0.5979781204436262,proxy_N1_ge2,proxy,1,2,sem_dipl,era_split
2006,logreg,0,0.8508525271086472,1,1,0.5979781204436262,proxy_N1_ge2,proxy,1,2,sem_dipl,era_split
2007,logreg,0,0.8238031883172476,1,1,0.5979781204436262,proxy_N1_ge2,proxy,1,2,sem_dipl,era_split
2008,logreg,0,0.8768843309634189,1,1,0.5979781204436262,proxy_N1_ge2,proxy,1,2,sem_dipl,era_split
2009,logreg,0,0.9962923567853738,1,1,0.5979781204436262,proxy_N1_ge2,proxy,1,2,sem_dipl,era_split
2010,logreg,0,0.9348267798366418,1,1,0.5979781204436262,proxy_N1_ge2,proxy,1,2,sem_dipl,era_split
2011,logreg,0,0.93677029978493,1,1,0.5979781204436262,proxy_N1_ge2,proxy,1,2,sem_dipl,era_split
1946,rf,1,0.28427832179753665,0,0,0.5056644702779857,proxy_N1_ge2,proxy,1,2,sem_dipl,era_split
1947,rf,0,0.34775460326070273,0,0,0.5056644702779857,proxy_N1_ge2,proxy,1,2,sem_dipl,era_split
1948,rf,0,0.4034664442045642,0,0,0.5056644702779857,proxy_N1_ge2,proxy,1,2,sem_dipl,era_split
1949,rf,1,0.5191244722953349,1,1,0.5056644702779857,proxy_N1_ge2,proxy,1,2,sem_dipl,era_split
1950,rf,0,0.49287391683739895,0,0,0.5056644702779857,proxy_N1_ge2,proxy,1,2,sem_dipl,era_split
1951,rf,0,0.43426698300073946,0,0,0.5056644702779857,proxy_N1_ge2,proxy,1,2,sem_dipl,era_split
1952,rf,0,0.3784740099823015,0,0,0.5056644702779857,proxy_N1_ge2,proxy,1,2,sem_dipl,era_split
1953,rf,0,0.4108250881413595,0,0,0.5056644702779857,proxy_N1_ge2,proxy,1,2,sem_dipl,era_split
1954,rf,1,0.33790207752464463,0,0,0.5056644702779857,proxy_N1_ge2,proxy,1,2,sem_dipl,era_split
1955,rf,0,0.4000446112724285,0,0,0.5056644702779857,proxy_N1_ge2,proxy,1,2,sem_dipl,era_split
1956,rf,0,0.41203794946116146,0,0,0.5056644702779857,proxy_N1_ge2,proxy,1,2,sem_dipl,era_split
1957,rf,0,0.379950276520234,0,0,0.5056644702779857,proxy_N1_ge2,proxy,1,2,sem_dipl,era_split
1958,rf,0,0.49104132081352964,0,0,0.5056644702779857,proxy_N1_ge2,proxy,1,2,sem_dipl,era_split
1959,rf,0,0.35271001562512067,0,0,0.5056644702779857,proxy_N1_ge2,proxy,1,2,sem_dipl,era_split
1960,rf,1,0.4514808310236793,0,0,0.5056644702779857,proxy_N1_ge2,proxy,1,2,sem_dipl,era_split
1961,rf,0,0.395357866392584,0,0,0.5056644702779857,proxy_N1_ge2,proxy,1,2,sem_dipl,era_split
1962,rf,0,0.42434433423865653,0,0,0.5056644702779857,proxy_N1_ge2,proxy,1,2,sem_dipl,era_split
1963,rf,1,0.42679467463125653,0,0,0.5056644702779857,proxy_N1_ge2,proxy,1,2,sem_dipl,era_split
1964,rf,0,0.36585602372214776,0,0,0.5056644702779857,proxy_N1_ge2,proxy,1,2,sem_dipl,era_split
1965,rf,0,0.3812915552396767,0,0,0.5056644702779857,proxy_N1_ge2,proxy,1,2,sem_dipl,era_split
1966,rf,0,0.3702602528396355,0,0,0.5056644702779857,proxy_N1_ge2,proxy,1,2,sem_dipl,era_split
1967,rf,0,0.3453164152850586,0,0,0.5056644702779857,proxy_N1_ge2,proxy,1,2,sem_dipl,era_split
1968,rf,0,0.35620493232107453,0,0,0.5056644702779857,proxy_N1_ge2,proxy,1,2,sem_dipl,era_split
1969,rf,0,0.2595489603946151,0,0,0.5056644702779857,proxy_N1_ge2,proxy,1,2,sem_dipl,era_split
1970,rf,0,0.3901035357617232,0,0,0.5056644702779857,proxy_N1_ge2,proxy,1,2,sem_dipl,era_split
1971,rf,0,0.4893359918679217,0,0,0.5056644702779857,proxy_N1_ge2,proxy,1,2,sem_dipl,era_split
1972,rf,0,0.46843575472915117,0,0,0.5056644702779857,proxy_N1_ge2,proxy,1,2,sem_dipl,era_split
1973,rf,0,0.38804922109388007,0,0,0.5056644702779857,proxy_N1_ge2,proxy,1,2,sem_dipl,era_split
1974,rf,0,0.5389923055096626,1,1,0.5056644702779857,proxy_N1_ge2,proxy,1,2,sem_dipl,era_split
1975,rf,0,0.4725212928453556,0,0,0.5056644702779857,proxy_N1_ge2,proxy,1,2,sem_dipl,era_split
1976,rf,0,0.4902992205466409,0,0,0.5056644702779857,proxy_N1_ge2,proxy,1,2,sem_dipl,era_split
1977,rf,1,0.5157102120552791,1,1,0.5056644702779857,proxy_N1_ge2,proxy,1,2,sem_dipl,era_split
1978,rf,0,0.5688944716010353,1,1,0.5056644702779857,proxy_N1_ge2,proxy,1,2,sem_dipl,era_split
1979,rf,0,0.5340916011508562,1,1,0.5056644702779857,proxy_N1_ge2,proxy,1,2,sem_dipl,era_split
1980,rf,0,0.5619737683238047,1,1,0.5056644702779857,proxy_N1_ge2,proxy,1,2,sem_dipl,era_split
1981,rf,0,0.47147392619802503,0,0,0.5056644702779857,proxy_N1_ge2,proxy,1,2,sem_dipl,era_split
1982,rf,0,0.457320755739019,0,0,0.5056644702779857,proxy_N1_ge2,proxy,1,2,sem_dipl,era_split
1983,rf,0,0.3878245144697151,0,0,0.5056644702779857,proxy_N1_ge2,proxy,1,2,sem_dipl,era_split
1984,rf,0,0.5389942806085387,1,1,0.5056644702779857,proxy_N1_ge2,proxy,1,2,sem_dipl,era_split
1985,rf,1,0.5906518963775649,1,1,0.5056644702779857,proxy_N1_ge2,proxy,1,2,sem_dipl,era_split
1986,rf,0,0.4034555069108271,0,0,0.5056644702779857,proxy_N1_ge2,proxy,1,2,sem_dipl,era_split
1987,rf,0,0.49001592813054445,0,0,0.5056644702779857,proxy_N1_ge2,proxy,1,2,sem_dipl,era_split
1988,rf,0,0.580655307833852,1,1,0.5056644702779857,proxy_N1_ge2,proxy,1,2,sem_dipl,era_split
1989,rf,1,0.44195154448968055,0,0,0.5056644702779857,proxy_N1_ge2,proxy,1,2,sem_dipl,era_split
1990,rf,0,0.4986627991694206,0,0,0.5056644702779857,proxy_N1_ge2,proxy,1,2,sem_dipl,era_split
1991,rf,0,0.5187798878445812,1,1,0.5056644702779857,proxy_N1_ge2,proxy,1,2,sem_dipl,era_split
1992,rf,1,0.5024485113253843,1,0,0.5056644702779857,proxy_N1_ge2,proxy,1,2,sem_dipl,era_split
1993,rf,0,0.6347863122362409,1,1,0.5056644702779857,proxy_N1_ge2,proxy,1,2,sem_dipl,era_split
1994,rf,0,0.5418705190469062,1,1,0.5056644702779857,proxy_N1_ge2,proxy,1,2,sem_dipl,era_split
1995,rf,0,0.5150799191787759,1,1,0.5056644702779857,proxy_N1_ge2,proxy,1,2,sem_dipl,era_split
1996,rf,1,0.49376471249556436,0,0,0.5056644702779857,proxy_N1_ge2,proxy,1,2,sem_dipl,era_split
1997,rf,0,0.45584836306446724,0,0,0.5056644702779857,proxy_N1_ge2,proxy,1,2,sem_dipl,era_split
1998,rf,0,0.4938852162901849,0,0,0.5056644702779857,proxy_N1_ge2,proxy,1,2,sem_dipl,era_split
1999,rf,0,0.5036153322603699,1,0,0.5056644702779857,proxy_N1_ge2,proxy,1,2,sem_dipl,era_split
2000,rf,1,0.5098232560525812,1,1,0.5056644702779857,proxy_N1_ge2,proxy,1,2,sem_dipl,era_split
2001,rf,0,0.5344075349173514,1,1,0.5056644702779857,proxy_N1_ge2,proxy,1,2,sem_dipl,era_split
2002,rf,0,0.5280998108002034,1,1,0.5056644702779857,proxy_N1_ge2,proxy,1,2,sem_dipl,era_split
2003,rf,0,0.5360025750733113,1,1,0.5056644702779857,proxy_N1_ge2,proxy,1,2,sem_dipl,era_split
2004,rf,0,0.5072949580953956,1,1,0.5056644702779857,proxy_N1_ge2,proxy,1,2,sem_dipl,era_split
2005,rf,0,0.44469906657677766,0,0,0.5056644702779857,proxy_N1_ge2,proxy,1,2,sem_dipl,era_split
2006,rf,0,0.4397259631619085,0,0,0.5056644702779857,proxy_N1_ge2,proxy,1,2,sem_dipl,era_split
2007,rf,0,0.4037392391134275,0,0,0.5056644702779857,proxy_N1_ge2,proxy,1,2,sem_dipl,era_split
2008,rf,0,0.43835046853253784,0,0,0.5056644702779857,proxy_N1_ge2,proxy,1,2,sem_dipl,era_split
2009,rf,0,0.5218499326298354,1,1,0.5056644702779857,proxy_N1_ge2,proxy,1,2,sem_dipl,era_split
2010,rf,0,0.48750508991958824,0,0,0.5056644702779857,proxy_N1_ge2,proxy,1,2,sem_dipl,era_split
2011,rf,0,0.46919902333827274,0,0,0.5056644702779857,proxy_N1_ge2,proxy,1,2,sem_dipl,era_split
1946,xgb,1,0.07407207787036896,0,0,0.8860394954681396,proxy_N1_ge2,proxy,1,2,sem_dipl,era_split
1947,xgb,0,0.11127432435750961,0,0,0.8860394954681396,proxy_N1_ge2,proxy,1,2,sem_dipl,era_split
1948,xgb,0,0.42421263456344604,0,0,0.8860394954681396,proxy_N1_ge2,proxy,1,2,sem_dipl,era_split
1949,xgb,1,0.8412895202636719,1,0,0.8860394954681396,proxy_N1_ge2,proxy,1,2,sem_dipl,era_split
1950,xgb,0,0.24457812309265137,0,0,0.8860394954681396,proxy_N1_ge2,proxy,1,2,sem_dipl,era_split
1951,xgb,0,0.11831437051296234,0,0,0.8860394954681396,proxy_N1_ge2,proxy,1,2,sem_dipl,era_split
1952,xgb,0,0.05446803942322731,0,0,0.8860394954681396,proxy_N1_ge2,proxy,1,2,sem_dipl,era_split
1953,xgb,0,0.1702219545841217,0,0,0.8860394954681396,proxy_N1_ge2,proxy,1,2,sem_dipl,era_split
1954,xgb,1,0.012773226015269756,0,0,0.8860394954681396,proxy_N1_ge2,proxy,1,2,sem_dipl,era_split
1955,xgb,0,0.05390723794698715,0,0,0.8860394954681396,proxy_N1_ge2,proxy,1,2,sem_dipl,era_split
1956,xgb,0,0.13671450316905975,0,0,0.8860394954681396,proxy_N1_ge2,proxy,1,2,sem_dipl,era_split
1957,xgb,0,0.04243659973144531,0,0,0.8860394954681396,proxy_N1_ge2,proxy,1,2,sem_dipl,era_split
1958,xgb,0,0.7552109360694885,1,0,0.8860394954681396,proxy_N1_ge2,proxy,1,2,sem_dipl,era_split
1959,xgb,0,0.0885588750243187,0,0,0.8860394954681396,proxy_N1_ge2,proxy,1,2,sem_dipl,era_split
1960,xgb,1,0.6336227655410767,1,0,0.8860394954681396,proxy_N1_ge2,proxy,1,2,sem_dipl,era_split
1961,xgb,0,0.2104564905166626,0,0,0.8860394954681396,proxy_N1_ge2,proxy,1,2,sem_dipl,era_split
1962,xgb,0,0.06236107274889946,0,0,0.8860394954681396,proxy_N1_ge2,proxy,1,2,sem_dipl,era_split
1963,xgb,1,0.05304616689682007,0,0,0.8860394954681396,proxy_N1_ge2,proxy,1,2,sem_dipl,era_split
1964,xgb,0,0.016157329082489014,0,0,0.8860394954681396,proxy_N1_ge2,proxy,1,2,sem_dipl,era_split
1965,xgb,0,0.03664761781692505,0,0,0.8860394954681396,proxy_N1_ge2,proxy,1,2,sem_dipl,era_split
1966,xgb,0,0.018401099368929863,0,0,0.8860394954681396,proxy_N1_ge2,proxy,1,2,sem_dipl,era_split
1967,xgb,0,0.02238166704773903,0,0,0.8860394954681396,proxy_N1_ge2,proxy,1,2,sem_dipl,era_split
1968,xgb,0,0.012659769505262375,0,0,0.8860394954681396,proxy_N1_ge2,proxy,1,2,sem_dipl,era_split
1969,xgb,0,0.007157697342336178,0,0,0.8860394954681396,proxy_N1_ge2,proxy,1,2,sem_dipl,era_split
1970,xgb,0,0.08927742391824722,0,0,0.8860394954681396,proxy_N1_ge2,proxy,1,2,sem_dipl,era_split
1971,xgb,0,0.16786889731884003,0,0,0.8860394954681396,proxy_N1_ge2,proxy,1,2,sem_dipl,era_split
1972,xgb,0,0.2959519624710083,0,0,0.8860394954681396,proxy_N1_ge2,proxy,1,2,sem_dipl,era_split
1973,xgb,0,0.11338842660188675,0,0,0.8860394954681396,proxy_N1_ge2,proxy,1,2,sem_dipl,era_split
1974,xgb,0,0.5088590979576111,1,0,0.8860394954681396,proxy_N1_ge2,proxy,1,2,sem_dipl,era_split
1975,xgb,0,0.5245450735092163,1,0,0.8860394954681396,proxy_N1_ge2,proxy,1,2,sem_dipl,era_split
1976,xgb,0,0.2817085385322571,0,0,0.8860394954681396,proxy_N1_ge2,proxy,1,2,sem_dipl,era_split
1977,xgb,1,0.36471131443977356,0,0,0.8860394954681396,proxy_N1_ge2,proxy,1,2,sem_dipl,era_split
1978,xgb,0,0.4243472218513489,0,0,0.8860394954681396,proxy_N1_ge2,proxy,1,2,sem_dipl,era_split
1979,xgb,0,0.5605999231338501,1,0,0.8860394954681396,proxy_N1_ge2,proxy,1,2,sem_dipl,era_split
1980,xgb,0,0.7296398878097534,1,0,0.8860394954681396,proxy_N1_ge2,proxy,1,2,sem_dipl,era_split
1981,xgb,0,0.1210477203130722,0,0,0.8860394954681396,proxy_N1_ge2,proxy,1,2,sem_dipl,era_split
1982,xgb,0,0.32195422053337097,0,0,0.8860394954681396,proxy_N1_ge2,proxy,1,2,sem_dipl,era_split
1983,xgb,0,0.16688129305839539,0,0,0.8860394954681396,proxy_N1_ge2,proxy,1,2,sem_dipl,era_split
1984,xgb,0,0.22798672318458557,0,0,0.8860394954681396,proxy_N1_ge2,proxy,1,2,sem_dipl,era_split
1985,xgb,1,0.5541409850120544,1,0,0.8860394954681396,proxy_N1_ge2,proxy,1,2,sem_dipl,era_split
1986,xgb,0,0.17187131941318512,0,0,0.8860394954681396,proxy_N1_ge2,proxy,1,2,sem_dipl,era_split
1987,xgb,0,0.6067350506782532,1,0,0.8860394954681396,proxy_N1_ge2,proxy,1,2,sem_dipl,era_split
1988,xgb,0,0.4312281012535095,0,0,0.8860394954681396,proxy_N1_ge2,proxy,1,2,sem_dipl,era_split
1989,xgb,1,0.18383720517158508,0,0,0.8860394954681396,proxy_N1_ge2,proxy,1,2,sem_dipl,era_split
1990,xgb,0,0.6565975546836853,1,0,0.8860394954681396,proxy_N1_ge2,proxy,1,2,sem_dipl,era_split
1991,xgb,0,0.45750707387924194,0,0,0.8860394954681396,proxy_N1_ge2,proxy,1,2,sem_dipl,era_split
1992,xgb,1,0.5312886834144592,1,0,0.8860394954681396,proxy_N1_ge2,proxy,1,2,sem_dipl,era_split
1993,xgb,0,0.7840842008590698,1,0,0.8860394954681396,proxy_N1_ge2,proxy,1,2,sem_dipl,era_split
1994,xgb,0,0.611860990524292,1,0,0.8860394954681396,proxy_N1_ge2,proxy,1,2,sem_dipl,era_split
1995,xgb,0,0.503284215927124,1,0,0.8860394954681396,proxy_N1_ge2,proxy,1,2,sem_dipl,era_split
1996,xgb,1,0.3456457853317261,0,0,0.8860394954681396,proxy_N1_ge2,proxy,1,2,sem_dipl,era_split
1997,xgb,0,0.20784711837768555,0,0,0.8860394954681396,proxy_N1_ge2,proxy,1,2,sem_dipl,era_split
1998,xgb,0,0.36895713210105896,0,0,0.8860394954681396,proxy_N1_ge2,proxy,1,2,sem_dipl,era_split
1999,xgb,0,0.4411325454711914,0,0,0.8860394954681396,proxy_N1_ge2,proxy,1,2,sem_dipl,era_split
2000,xgb,1,0.3720414638519287,0,0,0.8860394954681396,proxy_N1_ge2,proxy,1,2,sem_dipl,era_split
2001,xgb,0,0.47862064838409424,0,0,0.8860394954681396,proxy_N1_ge2,proxy,1,2,sem_dipl,era_split
2002,xgb,0,0.6616834998130798,1,0,0.8860394954681396,proxy_N1_ge2,proxy,1,2,sem_dipl,era_split
2003,xgb,0,0.4257883131504059,0,0,0.8860394954681396,proxy_N1_ge2,proxy,1,2,sem_dipl,era_split
2004,xgb,0,0.44070500135421753,0,0,0.8860394954681396,proxy_N1_ge2,proxy,1,2,sem_dipl,era_split
2005,xgb,0,0.2793863117694855,0,0,0.8860394954681396,proxy_N1_ge2,proxy,1,2,sem_dipl,era_split
2006,xgb,0,0.31766197085380554,0,0,0.8860394954681396,proxy_N1_ge2,proxy,1,2,sem_dipl,era_split
2007,xgb,0,0.13654467463493347,0,0,0.8860394954681396,proxy_N1_ge2,proxy,1,2,sem_dipl,era_split
2008,xgb,0,0.18123972415924072,0,0,0.8860394954681396,proxy_N1_ge2,proxy,1,2,sem_dipl,era_split
2009,xgb,0,0.4693954885005951,0,0,0.8860394954681396,proxy_N1_ge2,proxy,1,2,sem_dipl,era_split
2010,xgb,0,0.28761953115463257,0,0,0.8860394954681396,proxy_N1_ge2,proxy,1,2,sem_dipl,era_split
2011,xgb,0,0.29002824425697327,0,0,0.8860394954681396,proxy_N1_ge2,proxy,1,2,sem_dipl,era_split
1946,prevalencia,1,0.36363636363636365,0,0,0.5,proxy_N1_ge2,proxy,1,2,sem_dipl,era_split
1947,prevalencia,0,0.36363636363636365,0,0,0.5,proxy_N1_ge2,proxy,1,2,sem_dipl,era_split
1948,prevalencia,0,0.36363636363636365,0,0,0.5,proxy_N1_ge2,proxy,1,2,sem_dipl,era_split
1949,prevalencia,1,0.36363636363636365,0,0,0.5,proxy_N1_ge2,proxy,1,2,sem_dipl,era_split
1950,prevalencia,0,0.36363636363636365,0,0,0.5,proxy_N1_ge2,proxy,1,2,sem_dipl,era_split
1951,prevalencia,0,0.36363636363636365,0,0,0.5,proxy_N1_ge2,proxy,1,2,sem_dipl,era_split
1952,prevalencia,0,0.36363636363636365,0,0,0.5,proxy_N1_ge2,proxy,1,2,sem_dipl,era_split
1953,prevalencia,0,0.36363636363636365,0,0,0.5,proxy_N1_ge2,proxy,1,2,sem_dipl,era_split
1954,prevalencia,1,0.36363636363636365,0,0,0.5,proxy_N1_ge2,proxy,1,2,sem_dipl,era_split
1955,prevalencia,0,0.36363636363636365,0,0,0.5,proxy_N1_ge2,proxy,1,2,sem_dipl,era_split
1956,prevalencia,0,0.36363636363636365,0,0,0.5,proxy_N1_ge2,proxy,1,2,sem_dipl,era_split
1957,prevalencia,0,0.36363636363636365,0,0,0.5,proxy_N1_ge2,proxy,1,2,sem_dipl,era_split
1958,prevalencia,0,0.36363636363636365,0,0,0.5,proxy_N1_ge2,proxy,1,2,sem_dipl,era_split
1959,prevalencia,0,0.36363636363636365,0,0,0.5,proxy_N1_ge2,proxy,1,2,sem_dipl,era_split
1960,prevalencia,1,0.36363636363636365,0,0,0.5,proxy_N1_ge2,proxy,1,2,sem_dipl,era_split
1961,prevalencia,0,0.36363636363636365,0,0,0.5,proxy_N1_ge2,proxy,1,2,sem_dipl,era_split
1962,prevalencia,0,0.36363636363636365,0,0,0.5,proxy_N1_ge2,proxy,1,2,sem_dipl,era_split
1963,prevalencia,1,0.36363636363636365,0,0,0.5,proxy_N1_ge2,proxy,1,2,sem_dipl,era_split
1964,prevalencia,0,0.36363636363636365,0,0,0.5,proxy_N1_ge2,proxy,1,2,sem_dipl,era_split
1965,prevalencia,0,0.36363636363636365,0,0,0.5,proxy_N1_ge2,proxy,1,2,sem_dipl,era_split
1966,prevalencia,0,0.36363636363636365,0,0,0.5,proxy_N1_ge2,proxy,1,2,sem_dipl,era_split
1967,prevalencia,0,0.36363636363636365,0,0,0.5,proxy_N1_ge2,proxy,1,2,sem_dipl,era_split
1968,prevalencia,0,0.36363636363636365,0,0,0.5,proxy_N1_ge2,proxy,1,2,sem_dipl,era_split
1969,prevalencia,0,0.36363636363636365,0,0,0.5,proxy_N1_ge2,proxy,1,2,sem_dipl,era_split
1970,prevalencia,0,0.36363636363636365,0,0,0.5,proxy_N1_ge2,proxy,1,2,sem_dipl,era_split
1971,prevalencia,0,0.36363636363636365,0,0,0.5,proxy_N1_ge2,proxy,1,2,sem_dipl,era_split
1972,prevalencia,0,0.36363636363636365,0,0,0.5,proxy_N1_ge2,proxy,1,2,sem_dipl,era_split
1973,prevalencia,0,0.36363636363636365,0,0,0.5,proxy_N1_ge2,proxy,1,2,sem_dipl,era_split
1974,prevalencia,0,0.36363636363636365,0,0,0.5,proxy_N1_ge2,proxy,1,2,sem_dipl,era_split
1975,prevalencia,0,0.36363636363636365,0,0,0.5,proxy_N1_ge2,proxy,1,2,sem_dipl,era_split
1976,prevalencia,0,0.36363636363636365,0,0,0.5,proxy_N1_ge2,proxy,1,2,sem_dipl,era_split
1977,prevalencia,1,0.36363636363636365,0,0,0.5,proxy_N1_ge2,proxy,1,2,sem_dipl,era_split
1978,prevalencia,0,0.36363636363636365,0,0,0.5,proxy_N1_ge2,proxy,1,2,sem_dipl,era_split
1979,prevalencia,0,0.36363636363636365,0,0,0.5,proxy_N1_ge2,proxy,1,2,sem_dipl,era_split
1980,prevalencia,0,0.36363636363636365,0,0,0.5,proxy_N1_ge2,proxy,1,2,sem_dipl,era_split
1981,prevalencia,0,0.36363636363636365,0,0,0.5,proxy_N1_ge2,proxy,1,2,sem_dipl,era_split
1982,prevalencia,0,0.36363636363636365,0,0,0.5,proxy_N1_ge2,proxy,1,2,sem_dipl,era_split
1983,prevalencia,0,0.36363636363636365,0,0,0.5,proxy_N1_ge2,proxy,1,2,sem_dipl,era_split
1984,prevalencia,0,0.36363636363636365,0,0,0.5,proxy_N1_ge2,proxy,1,2,sem_dipl,era_split
1985,prevalencia,1,0.36363636363636365,0,0,0.5,proxy_N1_ge2,proxy,1,2,sem_dipl,era_split
1986,prevalencia,0,0.36363636363636365,0,0,0.5,proxy_N1_ge2,proxy,1,2,sem_dipl,era_split
1987,prevalencia,0,0.36363636363636365,0,0,0.5,proxy_N1_ge2,proxy,1,2,sem_dipl,era_split
1988,prevalencia,0,0.36363636363636365,0,0,0.5,proxy_N1_ge2,proxy,1,2,sem_dipl,era_split
1989,prevalencia,1,0.36363636363636365,0,0,0.5,proxy_N1_ge2,proxy,1,2,sem_dipl,era_split
1990,prevalencia,0,0.36363636363636365,0,0,0.5,proxy_N1_ge2,proxy,1,2,sem_dipl,era_split
1991,prevalencia,0,0.36363636363636365,0,0,0.5,proxy_N1_ge2,proxy,1,2,sem_dipl,era_split
1992,prevalencia,1,0.36363636363636365,0,0,0.5,proxy_N1_ge2,proxy,1,2,sem_dipl,era_split
1993,prevalencia,0,0.36363636363636365,0,0,0.5,proxy_N1_ge2,proxy,1,2,sem_dipl,era_split
1994,prevalencia,0,0.36363636363636365,0,0,0.5,proxy_N1_ge2,proxy,1,2,sem_dipl,era_split
1995,prevalencia,0,0.36363636363636365,0,0,0.5,proxy_N1_ge2,proxy,1,2,sem_dipl,era_split
1996,prevalencia,1,0.36363636363636365,0,0,0.5,proxy_N1_ge2,proxy,1,2,sem_dipl,era_split
1997,prevalencia,0,0.36363636363636365,0,0,0.5,proxy_N1_ge2,proxy,1,2,sem_dipl,era_split
1998,prevalencia,0,0.36363636363636365,0,0,0.5,proxy_N1_ge2,proxy,1,2,sem_dipl,era_split
1999,prevalencia,0,0.36363636363636365,0,0,0.5,proxy_N1_ge2,proxy,1,2,sem_dipl,era_split
2000,prevalencia,1,0.36363636363636365,0,0,0.5,proxy_N1_ge2,proxy,1,2,sem_dipl,era_split
2001,prevalencia,0,0.36363636363636365,0,0,0.5,proxy_N1_ge2,proxy,1,2,sem_dipl,era_split
2002,prevalencia,0,0.36363636363636365,0,0,0.5,proxy_N1_ge2,proxy,1,2,sem_dipl,era_split
2003,prevalencia,0,0.36363636363636365,0,0,0.5,proxy_N1_ge2,proxy,1,2,sem_dipl,era_split
2004,prevalencia,0,0.36363636363636365,0,0,0.5,proxy_N1_ge2,proxy,1,2,sem_dipl,era_split
2005,prevalencia,0,0.36363636363636365,0,0,0.5,proxy_N1_ge2,proxy,1,2,sem_dipl,era_split
2006,prevalencia,0,0.36363636363636365,0,0,0.5,proxy_N1_ge2,proxy,1,2,sem_dipl,era_split
2007,prevalencia,0,0.36363636363636365,0,0,0.5,proxy_N1_ge2,proxy,1,2,sem_dipl,era_split
2008,prevalencia,0,0.36363636363636365,0,0,0.5,proxy_N1_ge2,proxy,1,2,sem_dipl,era_split
2009,prevalencia,0,0.36363636363636365,0,0,0.5,proxy_N1_ge2,proxy,1,2,sem_dipl,era_split
2010,prevalencia,0,0.36363636363636365,0,0,0.5,proxy_N1_ge2,proxy,1,2,sem_dipl,era_split
2011,prevalencia,0,0.36363636363636365,0,0,0.5,proxy_N1_ge2,proxy,1,2,sem_dipl,era_split
1933,logreg,1,0.9819852448211747,1,1,0.7767448349166564,proxy_N3_ge2,proxy,3,2,completo,walk_forward
1933,rf,1,0.587186329947814,1,0,0.6115210653672527,proxy_N3_ge2,proxy,3,2,completo,walk_forward
1933,xgb,1,0.4237419664859772,0,0,0.5205442309379578,proxy_N3_ge2,proxy,3,2,completo,walk_forward
1934,logreg,1,0.8709203967303621,1,1,0.7708753472612971,proxy_N3_ge2,proxy,3,2,completo,walk_forward
1934,rf,1,0.6487282589471802,1,1,0.6068349663524844,proxy_N3_ge2,proxy,3,2,completo,walk_forward
1934,xgb,1,0.7898780107498169,1,1,0.5377495288848877,proxy_N3_ge2,proxy,3,2,completo,walk_forward
1935,logreg,1,0.8282853575813928,1,1,0.7657160944025535,proxy_N3_ge2,proxy,3,2,completo,walk_forward
1935,rf,1,0.7177531909837735,1,1,0.5072187696580667,proxy_N3_ge2,proxy,3,2,completo,walk_forward
1935,xgb,1,0.9327449202537537,1,1,0.513050377368927,proxy_N3_ge2,proxy,3,2,completo,walk_forward
1936,logreg,1,0.9634780675120047,1,1,0.7631785256313817,proxy_N3_ge2,proxy,3,2,completo,walk_forward
1936,rf,1,0.7402756306958767,1,1,0.5843352915489314,proxy_N3_ge2,proxy,3,2,completo,walk_forward
1936,xgb,1,0.844134509563446,1,1,0.4762229323387146,proxy_N3_ge2,proxy,3,2,completo,walk_forward
1937,logreg,1,0.8974674233851649,1,1,0.7605557991689751,proxy_N3_ge2,proxy,3,2,completo,walk_forward
1937,rf,1,0.801396162468011,1,1,0.5021749633035124,proxy_N3_ge2,proxy,3,2,completo,walk_forward
1937,xgb,1,0.9357993006706238,1,1,0.46840599179267883,proxy_N3_ge2,proxy,3,2,completo,walk_forward
1938,logreg,1,0.9948511400646953,1,1,0.7624613133088545,proxy_N3_ge2,proxy,3,2,completo,walk_forward
1938,rf,1,0.8119529726832907,1,1,0.5770099911144981,proxy_N3_ge2,proxy,3,2,completo,walk_forward
1938,xgb,1,0.9507923722267151,1,1,0.48658376932144165,proxy_N3_ge2,proxy,3,2,completo,walk_forward
1939,logreg,1,0.999991975801972,1,1,0.7531408559849292,proxy_N3_ge2,proxy,3,2,completo,walk_forward
1939,rf,1,0.7835345736625697,1,1,0.5700696895884184,proxy_N3_ge2,proxy,3,2,completo,walk_forward
1939,xgb,1,0.9771843552589417,1,1,0.4573695659637451,proxy_N3_ge2,proxy,3,2,completo,walk_forward
1940,logreg,1,0.991095887591814,1,1,0.7511787275524039,proxy_N3_ge2,proxy,3,2,completo,walk_forward
1940,rf,1,0.6429046640305435,1,1,0.5908641903756268,proxy_N3_ge2,proxy,3,2,completo,walk_forward
1940,xgb,1,0.8624603152275085,1,1,0.45501795411109924,proxy_N3_ge2,proxy,3,2,completo,walk_forward
1941,logreg,1,0.37558672682756106,0,0,0.7409527891643,proxy_N3_ge2,proxy,3,2,completo,walk_forward
1941,rf,1,0.5475789750835096,1,0,0.5755385400804708,proxy_N3_ge2,proxy,3,2,completo,walk_forward
1941,xgb,1,0.836293637752533,1,1,0.4149751365184784,proxy_N3_ge2,proxy,3,2,completo,walk_forward
1942,logreg,1,0.7490710992102173,1,1,0.7394135262724105,proxy_N3_ge2,proxy,3,2,completo,walk_forward
1942,rf,1,0.4804566407281587,0,0,0.5675025815431645,proxy_N3_ge2,proxy,3,2,completo,walk_forward
1942,xgb,1,0.6515673398971558,1,1,0.38699373602867126,proxy_N3_ge2,proxy,3,2,completo,walk_forward
1943,logreg,0,0.0022429382781481606,0,0,0.7199229449246816,proxy_N3_ge2,proxy,3,2,completo,walk_forward
1943,rf,0,0.3959253172754311,0,0,0.5845102800097064,proxy_N3_ge2,proxy,3,2,completo,walk_forward
1943,xgb,0,0.3491833209991455,0,0,0.4073857069015503,proxy_N3_ge2,proxy,3,2,completo,walk_forward
1944,logreg,1,0.046280343870845043,0,0,0.709400615742044,proxy_N3_ge2,proxy,3,2,completo,walk_forward
1944,rf,1,0.4286874330468953,0,0,0.5907852335718333,proxy_N3_ge2,proxy,3,2,completo,walk_forward
1944,xgb,1,0.23264318704605103,0,0,0.4412098824977875,proxy_N3_ge2,proxy,3,2,completo,walk_forward
1945,logreg,1,0.6543819681786224,1,0,0.7085512996198291,proxy_N3_ge2,proxy,3,2,completo,walk_forward
1945,rf,1,0.46195495514357837,0,0,0.5759634101427804,proxy_N3_ge2,proxy,3,2,completo,walk_forward
1945,xgb,1,0.6069005727767944,1,1,0.42801159620285034,proxy_N3_ge2,proxy,3,2,completo,walk_forward
1946,logreg,1,1.7668472845843979e-06,0,0,0.7013441940184355,proxy_N3_ge2,proxy,3,2,completo,walk_forward
1946,rf,1,0.3818187286605657,0,0,0.5883662455723516,proxy_N3_ge2,proxy,3,2,completo,walk_forward
1946,xgb,1,0.10722348839044571,0,0,0.41214630007743835,proxy_N3_ge2,proxy,3,2,completo,walk_forward
1947,logreg,1,0.0003171616335238133,0,0,0.6973341107100897,proxy_N3_ge2,proxy,3,2,completo,walk_forward
1947,rf,1,0.4063942410160671,0,0,0.5087688767787724,proxy_N3_ge2,proxy,3,2,completo,walk_forward
1947,xgb,1,0.4374566376209259,0,0,0.46054449677467346,proxy_N3_ge2,proxy,3,2,completo,walk_forward
1948,logreg,1,0.6527865847614596,1,0,0.7074061388089059,proxy_N3_ge2,proxy,3,2,completo,walk_forward
1948,rf,1,0.5673491168769851,1,1,0.5206920308242847,proxy_N3_ge2,proxy,3,2,completo,walk_forward
1948,xgb,1,0.75447016954422,1,1,0.4579365849494934,proxy_N3_ge2,proxy,3,2,completo,walk_forward
1949,logreg,1,0.08970744913105713,0,0,0.6921743876065245,proxy_N3_ge2,proxy,3,2,completo,walk_forward
1949,rf,1,0.5894885747862004,1,1,0.5443592138850119,proxy_N3_ge2,proxy,3,2,completo,walk_forward
1949,xgb,1,0.5203391313552856,1,1,0.46076729893684387,proxy_N3_ge2,proxy,3,2,completo,walk_forward
1950,logreg,0,0.8767657258647527,1,1,0.5785361176986952,proxy_N3_ge2,proxy,3,2,completo,walk_forward
1950,rf,0,0.7068893631869557,1,1,0.44519695126568426,proxy_N3_ge2,proxy,3,2,completo,walk_forward
1950,xgb,0,0.811387300491333,1,1,0.4069782495498657,proxy_N3_ge2,proxy,3,2,completo,walk_forward
1951,logreg,0,0.652987568123597,1,1,0.5598621401441952,proxy_N3_ge2,proxy,3,2,completo,walk_forward
1951,rf,0,0.6973323134351328,1,1,0.4702385563468619,proxy_N3_ge2,proxy,3,2,completo,walk_forward
1951,xgb,0,0.7541753053665161,1,1,0.3974485993385315,proxy_N3_ge2,proxy,3,2,completo,walk_forward
1952,logreg,1,0.8220108484997427,1,1,0.5540346987519272,proxy_N3_ge2,proxy,3,2,completo,walk_forward
1952,rf,1,0.7542091968292582,1,1,0.49600205014760823,proxy_N3_ge2,proxy,3,2,completo,walk_forward
1952,xgb,1,0.8443613052368164,1,1,0.3694329857826233,proxy_N3_ge2,proxy,3,2,completo,walk_forward
1953,logreg,1,0.9432066059772409,1,1,0.5549818634266174,proxy_N3_ge2,proxy,3,2,completo,walk_forward
1953,rf,1,0.8204288579501005,1,1,0.5090852856629973,proxy_N3_ge2,proxy,3,2,completo,walk_forward
1953,xgb,1,0.9786478281021118,1,1,0.3774518072605133,proxy_N3_ge2,proxy,3,2,completo,walk_forward
1954,logreg,1,0.7862473365337337,1,1,0.5456154164471331,proxy_N3_ge2,proxy,3,2,completo,walk_forward
1954,rf,1,0.6131442932447887,1,1,0.5214145961079154,proxy_N3_ge2,proxy,3,2,completo,walk_forward
1954,xgb,1,0.7715966105461121,1,1,0.5025261640548706,proxy_N3_ge2,proxy,3,2,completo,walk_forward
1955,logreg,0,0.5231455151251746,1,0,0.5744494006758512,proxy_N3_ge2,proxy,3,2,completo,walk_forward
1955,rf,0,0.6096097732221305,1,1,0.5544430287944009,proxy_N3_ge2,proxy,3,2,completo,walk_forward
1955,xgb,0,0.7862814664840698,1,1,0.5925918221473694,proxy_N3_ge2,proxy,3,2,completo,walk_forward
1956,logreg,0,0.9212016506361486,1,1,0.5512374405537547,proxy_N3_ge2,proxy,3,2,completo,walk_forward
1956,rf,0,0.6484740646982258,1,1,0.5523872725992606,proxy_N3_ge2,proxy,3,2,completo,walk_forward
1956,xgb,0,0.8632150292396545,1,1,0.5884311199188232,proxy_N3_ge2,proxy,3,2,completo,walk_forward
1957,logreg,0,0.6616842662294514,1,1,0.5493517092322926,proxy_N3_ge2,proxy,3,2,completo,walk_forward
1957,rf,0,0.6046184486658868,1,1,0.5457180739563633,proxy_N3_ge2,proxy,3,2,completo,walk_forward
1957,xgb,0,0.7108504176139832,1,1,0.5746231079101562,proxy_N3_ge2,proxy,3,2,completo,walk_forward
1958,logreg,1,0.9724757578612103,1,1,0.5444514226307317,proxy_N3_ge2,proxy,3,2,completo,walk_forward
1958,rf,1,0.7697315894180072,1,1,0.5260553221854835,proxy_N3_ge2,proxy,3,2,completo,walk_forward
1958,xgb,1,0.9588894844055176,1,1,0.5571282505989075,proxy_N3_ge2,proxy,3,2,completo,walk_forward
1959,logreg,1,0.882221482477732,1,1,0.5420002910801196,proxy_N3_ge2,proxy,3,2,completo,walk_forward
1959,rf,1,0.6043279228693423,1,1,0.5218496125472516,proxy_N3_ge2,proxy,3,2,completo,walk_forward
1959,xgb,1,0.8495667576789856,1,1,0.5824719071388245,proxy_N3_ge2,proxy,3,2,completo,walk_forward
1960,logreg,1,0.4691456473733191,0,0,0.567097636634253,proxy_N3_ge2,proxy,3,2,completo,walk_forward
1960,rf,1,0.6388059624187207,1,1,0.5613868028932374,proxy_N3_ge2,proxy,3,2,completo,walk_forward
1960,xgb,1,0.7680550217628479,1,1,0.6926859021186829,proxy_N3_ge2,proxy,3,2,completo,walk_forward
1961,logreg,1,0.9738051577842606,1,1,0.5847306044126088,proxy_N3_ge2,proxy,3,2,completo,walk_forward
1961,rf,1,0.6439516191297711,1,1,0.5161839153153481,proxy_N3_ge2,proxy,3,2,completo,walk_forward
1961,xgb,1,0.8689937591552734,1,1,0.6914530396461487,proxy_N3_ge2,proxy,3,2,completo,walk_forward
1962,logreg,1,0.9906812111816273,1,1,0.5848872032438923,proxy_N3_ge2,proxy,3,2,completo,walk_forward
1962,rf,1,0.6386983660220366,1,1,0.5559170048665917,proxy_N3_ge2,proxy,3,2,completo,walk_forward
1962,xgb,1,0.763602614402771,1,1,0.6753254532814026,proxy_N3_ge2,proxy,3,2,completo,walk_forward
1963,logreg,1,0.9901462044027737,1,1,0.5812296354962773,proxy_N3_ge2,proxy,3,2,completo,walk_forward
1963,rf,1,0.723292769711548,1,1,0.5292642588242169,proxy_N3_ge2,proxy,3,2,completo,walk_forward
1963,xgb,1,0.9269132018089294,1,1,0.6408400535583496,proxy_N3_ge2,proxy,3,2,completo,walk_forward
1964,logreg,0,0.9966939489505138,1,1,0.5916992260372476,proxy_N3_ge2,proxy,3,2,completo,walk_forward
1964,rf,0,0.7252841502213874,1,1,0.513897334348162,proxy_N3_ge2,proxy,3,2,completo,walk_forward
1964,xgb,0,0.8920928835868835,1,1,0.6308659315109253,proxy_N3_ge2,proxy,3,2,completo,walk_forward
1965,logreg,0,0.9678800343177143,1,1,0.5892882566991994,proxy_N3_ge2,proxy,3,2,completo,walk_forward
1965,rf,0,0.7146650052262977,1,1,0.5251658905340311,proxy_N3_ge2,proxy,3,2,completo,walk_forward
1965,xgb,0,0.9003822207450867,1,1,0.6477757692337036,proxy_N3_ge2,proxy,3,2,completo,walk_forward
1966,logreg,0,0.948070250262296,1,1,0.5830773886354657,proxy_N3_ge2,proxy,3,2,completo,walk_forward
1966,rf,0,0.7094561099809924,1,1,0.5420680932681232,proxy_N3_ge2,proxy,3,2,completo,walk_forward
1966,xgb,0,0.8896465301513672,1,1,0.6253523826599121,proxy_N3_ge2,proxy,3,2,completo,walk_forward
1967,logreg,0,0.9908649799487235,1,1,0.5778560653142659,proxy_N3_ge2,proxy,3,2,completo,walk_forward
1967,rf,0,0.8263566850554315,1,1,0.523007954560772,proxy_N3_ge2,proxy,3,2,completo,walk_forward
1967,xgb,0,0.9833546280860901,1,1,0.616346538066864,proxy_N3_ge2,proxy,3,2,completo,walk_forward
1968,logreg,0,0.9840864377853116,1,1,0.5853607146073949,proxy_N3_ge2,proxy,3,2,completo,walk_forward
1968,rf,0,0.8111151269896286,1,1,0.5499666729308039,proxy_N3_ge2,proxy,3,2,completo,walk_forward
1968,xgb,0,0.9764931201934814,1,1,0.6189689040184021,proxy_N3_ge2,proxy,3,2,completo,walk_forward
1969,logreg,0,0.9364532428634814,1,1,0.5628790487912277,proxy_N3_ge2,proxy,3,2,completo,walk_forward
1969,rf,0,0.6345336826725467,1,1,0.5305408856028004,proxy_N3_ge2,proxy,3,2,completo,walk_forward
1969,xgb,0,0.8481367230415344,1,1,0.6465680599212646,proxy_N3_ge2,proxy,3,2,completo,walk_forward
1970,logreg,0,0.9554932357452198,1,1,0.54907261467082,proxy_N3_ge2,proxy,3,2,completo,walk_forward
1970,rf,0,0.5939217565705263,1,1,0.4840116601602899,proxy_N3_ge2,proxy,3,2,completo,walk_forward
1970,xgb,0,0.4975764751434326,0,0,0.6567720770835876,proxy_N3_ge2,proxy,3,2,completo,walk_forward
1971,logreg,0,0.8671324119099044,1,1,0.5055892086934074,proxy_N3_ge2,proxy,3,2,completo,walk_forward
1971,rf,0,0.6830896166341248,1,1,0.4858614617169939,proxy_N3_ge2,proxy,3,2,completo,walk_forward
1971,xgb,0,0.9088022112846375,1,1,0.6942248344421387,proxy_N3_ge2,proxy,3,2,completo,walk_forward
1972,logreg,0,0.9815554341788675,1,1,0.5058120268612991,proxy_N3_ge2,proxy,3,2,completo,walk_forward
1972,rf,0,0.6257200154653139,1,1,0.48786914314913826,proxy_N3_ge2,proxy,3,2,completo,walk_forward
1972,xgb,0,0.708386242389679,1,0,0.7255268692970276,proxy_N3_ge2,proxy,3,2,completo,walk_forward
1973,logreg,0,0.9868687253088552,1,1,0.48422187490967555,proxy_N3_ge2,proxy,3,2,completo,walk_forward
1973,rf,0,0.6371421518493052,1,1,0.5209383082908909,proxy_N3_ge2,proxy,3,2,completo,walk_forward
1973,xgb,0,0.857276976108551,1,1,0.7391989231109619,proxy_N3_ge2,proxy,3,2,completo,walk_forward
1974,logreg,0,0.9758339797632971,1,1,0.460967451345667,proxy_N3_ge2,proxy,3,2,completo,walk_forward
1974,rf,0,0.6307146742755526,1,1,0.5573932396802961,proxy_N3_ge2,proxy,3,2,completo,walk_forward
1974,xgb,0,0.9170106649398804,1,1,0.7281040549278259,proxy_N3_ge2,proxy,3,2,completo,walk_forward
1975,logreg,1,0.16213196615992775,0,0,0.46268616685825237,proxy_N3_ge2,proxy,3,2,completo,walk_forward
1975,rf,1,0.541083888179694,1,1,0.539948560467602,proxy_N3_ge2,proxy,3,2,completo,walk_forward
1975,xgb,1,0.6024580001831055,1,0,0.753679633140564,proxy_N3_ge2,proxy,3,2,completo,walk_forward
1976,logreg,1,0.6032875550737835,1,1,0.42242921753870577,proxy_N3_ge2,proxy,3,2,completo,walk_forward
1976,rf,1,0.6037384535871083,1,1,0.5601781006553088,proxy_N3_ge2,proxy,3,2,completo,walk_forward
1976,xgb,1,0.8717678785324097,1,1,0.7494128942489624,proxy_N3_ge2,proxy,3,2,completo,walk_forward
1977,logreg,1,0.016264928184281165,0,0,0.4242360823294294,proxy_N3_ge2,proxy,3,2,completo,walk_forward
1977,rf,1,0.4378600063953217,0,0,0.5598532247184991,proxy_N3_ge2,proxy,3,2,completo,walk_forward
1977,xgb,1,0.19272971153259277,0,0,0.7770227193832397,proxy_N3_ge2,proxy,3,2,completo,walk_forward
1978,logreg,0,0.08812951710015336,0,0,0.4528517989386364,proxy_N3_ge2,proxy,3,2,completo,walk_forward
1978,rf,0,0.4329955293080254,0,0,0.5726699089803727,proxy_N3_ge2,proxy,3,2,completo,walk_forward
1978,xgb,0,0.289396196603775,0,0,0.7798813581466675,proxy_N3_ge2,proxy,3,2,completo,walk_forward
1979,logreg,0,0.5003734995397037,1,1,0.44403583723428164,proxy_N3_ge2,proxy,3,2,completo,walk_forward
1979,rf,0,0.5254497609081612,1,0,0.5548233084379449,proxy_N3_ge2,proxy,3,2,completo,walk_forward
1979,xgb,0,0.7800682783126831,1,0,0.7938314080238342,proxy_N3_ge2,proxy,3,2,completo,walk_forward
1980,logreg,0,0.46528418098244395,0,1,0.4240911348489424,proxy_N3_ge2,proxy,3,2,completo,walk_forward
1980,rf,0,0.6448837993670196,1,1,0.545158432483847,proxy_N3_ge2,proxy,3,2,completo,walk_forward
1980,xgb,0,0.6598157286643982,1,0,0.7949520945549011,proxy_N3_ge2,proxy,3,2,completo,walk_forward
1981,logreg,0,0.7007884482639711,1,1,0.36637432904045564,proxy_N3_ge2,proxy,3,2,completo,walk_forward
1981,rf,0,0.5318527221951049,1,0,0.5485038605196478,proxy_N3_ge2,proxy,3,2,completo,walk_forward
1981,xgb,0,0.22828221321105957,0,0,0.7893341779708862,proxy_N3_ge2,proxy,3,2,completo,walk_forward
1982,logreg,0,0.1828516232281129,0,0,0.3402119365511168,proxy_N3_ge2,proxy,3,2,completo,walk_forward
1982,rf,0,0.48683013307432776,0,0,0.5222989107889782,proxy_N3_ge2,proxy,3,2,completo,walk_forward
1982,xgb,0,0.4591997563838959,0,0,0.7872365117073059,proxy_N3_ge2,proxy,3,2,completo,walk_forward
1983,logreg,1,0.011197041336554858,0,0,0.3790771213257631,proxy_N3_ge2,proxy,3,2,completo,walk_forward
1983,rf,1,0.4748188131046577,0,0,0.5569338429130788,proxy_N3_ge2,proxy,3,2,completo,walk_forward
1983,xgb,1,0.2095174640417099,0,0,0.7917799949645996,proxy_N3_ge2,proxy,3,2,completo,walk_forward
1984,logreg,1,0.20588294825576614,0,0,0.43694761328537113,proxy_N3_ge2,proxy,3,2,completo,walk_forward
1984,rf,1,0.43851429937010716,0,0,0.5732703957346019,proxy_N3_ge2,proxy,3,2,completo,walk_forward
1984,xgb,1,0.12566682696342468,0,0,0.8163719773292542,proxy_N3_ge2,proxy,3,2,completo,walk_forward
1985,logreg,1,0.004461466787726668,0,0,0.4446097522173965,proxy_N3_ge2,proxy,3,2,completo,walk_forward
1985,rf,1,0.5462307695653177,1,0,0.581151111557654,proxy_N3_ge2,proxy,3,2,completo,walk_forward
1985,xgb,1,0.11716940999031067,0,0,0.804792582988739,proxy_N3_ge2,proxy,3,2,completo,walk_forward
1986,logreg,0,0.0033989392804893805,0,0,0.46042911246926216,proxy_N3_ge2,proxy,3,2,completo,walk_forward
1986,rf,0,0.4213601190838194,0,0,0.4369580124654779,proxy_N3_ge2,proxy,3,2,completo,walk_forward
1986,xgb,0,0.03290032222867012,0,0,0.8036607503890991,proxy_N3_ge2,proxy,3,2,completo,walk_forward
1987,logreg,1,0.19210511190482138,0,0,0.4202542157125392,proxy_N3_ge2,proxy,3,2,completo,walk_forward
1987,rf,1,0.44822140967229707,0,0,0.4625122018753451,proxy_N3_ge2,proxy,3,2,completo,walk_forward
1987,xgb,1,0.12829630076885223,0,0,0.7753872871398926,proxy_N3_ge2,proxy,3,2,completo,walk_forward
1988,logreg,1,0.3064601770525698,0,0,0.4324050784126666,proxy_N3_ge2,proxy,3,2,completo,walk_forward
1988,rf,1,0.6287250985154325,1,1,0.4580739313911176,proxy_N3_ge2,proxy,3,2,completo,walk_forward
1988,xgb,1,0.6851724982261658,1,0,0.7899253964424133,proxy_N3_ge2,proxy,3,2,completo,walk_forward
1989,logreg,1,0.625061770960373,1,1,0.534213068100129,proxy_N3_ge2,proxy,3,2,completo,walk_forward
1989,rf,1,0.5635146054304621,1,1,0.42838329269171804,proxy_N3_ge2,proxy,3,2,completo,walk_forward
1989,xgb,1,0.33443766832351685,0,0,0.8022638559341431,proxy_N3_ge2,proxy,3,2,completo,walk_forward
1990,logreg,1,0.0635090650766282,0,0,0.5395736632346222,proxy_N3_ge2,proxy,3,2,completo,walk_forward
1990,rf,1,0.39602635605838765,0,0,0.43821251994555577,proxy_N3_ge2,proxy,3,2,completo,walk_forward
1990,xgb,1,0.24268952012062073,0,0,0.8106544017791748,proxy_N3_ge2,proxy,3,2,completo,walk_forward
1991,logreg,1,0.019287722518343767,0,0,0.5385491432808761,proxy_N3_ge2,proxy,3,2,completo,walk_forward
1991,rf,1,0.5567328455353301,1,1,0.4442782446473317,proxy_N3_ge2,proxy,3,2,completo,walk_forward
1991,xgb,1,0.8128078579902649,1,1,0.807806670665741,proxy_N3_ge2,proxy,3,2,completo,walk_forward
1992,logreg,1,0.01483468289444577,0,0,0.5240620114161127,proxy_N3_ge2,proxy,3,2,completo,walk_forward
1992,rf,1,0.5787732588517123,1,1,0.45970108331820225,proxy_N3_ge2,proxy,3,2,completo,walk_forward
1992,xgb,1,0.7730417251586914,1,0,0.7925679087638855,proxy_N3_ge2,proxy,3,2,completo,walk_forward
1993,logreg,0,0.24935839176871422,0,0,0.45120782743369764,proxy_N3_ge2,proxy,3,2,completo,walk_forward
1993,rf,0,0.6040435223249125,1,1,0.48418107204403515,proxy_N3_ge2,proxy,3,2,completo,walk_forward
1993,xgb,0,0.6464105248451233,1,0,0.7820711731910706,proxy_N3_ge2,proxy,3,2,completo,walk_forward
1994,logreg,1,0.5861585027960727,1,1,0.4199040310652323,proxy_N3_ge2,proxy,3,2,completo,walk_forward
1994,rf,1,0.6015885327308279,1,1,0.45223135066325687,proxy_N3_ge2,proxy,3,2,completo,walk_forward
1994,xgb,1,0.8658551573753357,1,1,0.7798553705215454,proxy_N3_ge2,proxy,3,2,completo,walk_forward
1995,logreg,1,0.6515580583019667,1,1,0.37259814983672,proxy_N3_ge2,proxy,3,2,completo,walk_forward
1995,rf,1,0.5958565150000644,1,1,0.44987827081332055,proxy_N3_ge2,proxy,3,2,completo,walk_forward
1995,xgb,1,0.7284754514694214,1,0,0.785335898399353,proxy_N3_ge2,proxy,3,2,completo,walk_forward
1996,logreg,1,0.878152229275958,1,1,0.4579031870158106,proxy_N3_ge2,proxy,3,2,completo,walk_forward
1996,rf,1,0.6678487530100038,1,1,0.5083162791628776,proxy_N3_ge2,proxy,3,2,completo,walk_forward
1996,xgb,1,0.8995071649551392,1,1,0.7863062024116516,proxy_N3_ge2,proxy,3,2,completo,walk_forward
1997,logreg,0,0.699625643080394,1,1,0.418265717321874,proxy_N3_ge2,proxy,3,2,completo,walk_forward
1997,rf,0,0.5808326185354731,1,1,0.5199005008968559,proxy_N3_ge2,proxy,3,2,completo,walk_forward
1997,xgb,0,0.5835434198379517,1,0,0.7721680998802185,proxy_N3_ge2,proxy,3,2,completo,walk_forward
1998,logreg,1,0.31728085005915496,0,0,0.4118588120957869,proxy_N3_ge2,proxy,3,2,completo,walk_forward
1998,rf,1,0.5688915460066548,1,1,0.5026947212165843,proxy_N3_ge2,proxy,3,2,completo,walk_forward
1998,xgb,1,0.5856261253356934,1,0,0.7834892868995667,proxy_N3_ge2,proxy,3,2,completo,walk_forward
1999,logreg,1,0.6324776947888889,1,1,0.44977381597131205,proxy_N3_ge2,proxy,3,2,completo,walk_forward
1999,rf,1,0.6855313402350137,1,1,0.4945192332194439,proxy_N3_ge2,proxy,3,2,completo,walk_forward
1999,xgb,1,0.9132040143013,1,1,0.7656512260437012,proxy_N3_ge2,proxy,3,2,completo,walk_forward
2000,logreg,1,0.6063690100280946,1,1,0.4543126526960972,proxy_N3_ge2,proxy,3,2,completo,walk_forward
2000,rf,1,0.6252676155627191,1,1,0.4893551414499862,proxy_N3_ge2,proxy,3,2,completo,walk_forward
2000,xgb,1,0.832866907119751,1,1,0.7705985307693481,proxy_N3_ge2,proxy,3,2,completo,walk_forward
2001,logreg,0,0.8127610821078632,1,1,0.405643873267016,proxy_N3_ge2,proxy,3,2,completo,walk_forward
2001,rf,0,0.48240284808911676,0,0,0.5442323958403011,proxy_N3_ge2,proxy,3,2,completo,walk_forward
2001,xgb,0,0.1622789353132248,0,0,0.7950266599655151,proxy_N3_ge2,proxy,3,2,completo,walk_forward
2002,logreg,0,0.7134244472297159,1,1,0.4160699590376486,proxy_N3_ge2,proxy,3,2,completo,walk_forward
2002,rf,0,0.5472572159684302,1,0,0.556670697458598,proxy_N3_ge2,proxy,3,2,completo,walk_forward
2002,xgb,0,0.8060598373413086,1,1,0.7922907471656799,proxy_N3_ge2,proxy,3,2,completo,walk_forward
2003,logreg,0,0.8029828620375473,1,1,0.4201035654041192,proxy_N3_ge2,proxy,3,2,completo,walk_forward
2003,rf,0,0.6870535858134617,1,1,0.5606592087732192,proxy_N3_ge2,proxy,3,2,completo,walk_forward
2003,xgb,0,0.8658189177513123,1,1,0.8105382919311523,proxy_N3_ge2,proxy,3,2,completo,walk_forward
2004,logreg,0,0.6155727352154323,1,1,0.406315236960646,proxy_N3_ge2,proxy,3,2,completo,walk_forward
2004,rf,0,0.6056953471938813,1,1,0.5612137919911605,proxy_N3_ge2,proxy,3,2,completo,walk_forward
2004,xgb,0,0.5930895805358887,1,0,0.7754644155502319,proxy_N3_ge2,proxy,3,2,completo,walk_forward
2005,logreg,0,0.279030354204046,0,0,0.4703326943498415,proxy_N3_ge2,proxy,3,2,completo,walk_forward
2005,rf,0,0.6138682935411224,1,1,0.5600833347971141,proxy_N3_ge2,proxy,3,2,completo,walk_forward
2005,xgb,0,0.226396843791008,0,0,0.7875230312347412,proxy_N3_ge2,proxy,3,2,completo,walk_forward
1933,prevalencia,1,0.675,1,1,0.5,proxy_N3_ge2,proxy,3,2,completo,walk_forward
1933,persistencia,1,1.0,1,1,0.5,proxy_N3_ge2,proxy,3,2,completo,walk_forward
1933,persistencia_purgada,1,1.0,1,1,0.5,proxy_N3_ge2,proxy,3,2,completo,walk_forward
1934,prevalencia,1,0.6829268292682927,1,1,0.5,proxy_N3_ge2,proxy,3,2,completo,walk_forward
1934,persistencia,1,1.0,1,1,0.5,proxy_N3_ge2,proxy,3,2,completo,walk_forward
1934,persistencia_purgada,1,1.0,1,1,0.5,proxy_N3_ge2,proxy,3,2,completo,walk_forward
1935,prevalencia,1,0.6904761904761905,1,1,0.5,proxy_N3_ge2,proxy,3,2,completo,walk_forward
1935,persistencia,1,1.0,1,1,0.5,proxy_N3_ge2,proxy,3,2,completo,walk_forward
1935,persistencia_purgada,1,1.0,1,1,0.5,proxy_N3_ge2,proxy,3,2,completo,walk_forward
1936,prevalencia,1,0.6976744186046512,1,1,0.5,proxy_N3_ge2,proxy,3,2,completo,walk_forward
1936,persistencia,1,1.0,1,1,0.5,proxy_N3_ge2,proxy,3,2,completo,walk_forward
1936,persistencia_purgada,1,1.0,1,1,0.5,proxy_N3_ge2,proxy,3,2,completo,walk_forward
1937,prevalencia,1,0.7045454545454546,1,1,0.5,proxy_N3_ge2,proxy,3,2,completo,walk_forward
1937,persistencia,1,1.0,1,1,0.5,proxy_N3_ge2,proxy,3,2,completo,walk_forward
1937,persistencia_purgada,1,1.0,1,1,0.5,proxy_N3_ge2,proxy,3,2,completo,walk_forward
1938,prevalencia,1,0.7111111111111111,1,1,0.5,proxy_N3_ge2,proxy,3,2,completo,walk_forward
1938,persistencia,1,1.0,1,1,0.5,proxy_N3_ge2,proxy,3,2,completo,walk_forward
1938,persistencia_purgada,1,1.0,1,1,0.5,proxy_N3_ge2,proxy,3,2,completo,walk_forward
1939,prevalencia,1,0.717391304347826,1,1,0.5,proxy_N3_ge2,proxy,3,2,completo,walk_forward
1939,persistencia,1,1.0,1,1,0.5,proxy_N3_ge2,proxy,3,2,completo,walk_forward
1939,persistencia_purgada,1,1.0,1,1,0.5,proxy_N3_ge2,proxy,3,2,completo,walk_forward
1940,prevalencia,1,0.723404255319149,1,1,0.5,proxy_N3_ge2,proxy,3,2,completo,walk_forward
1940,persistencia,1,1.0,1,1,0.5,proxy_N3_ge2,proxy,3,2,completo,walk_forward
1940,persistencia_purgada,1,1.0,1,1,0.5,proxy_N3_ge2,proxy,3,2,completo,walk_forward
1941,prevalencia,1,0.7291666666666666,1,1,0.5,proxy_N3_ge2,proxy,3,2,completo,walk_forward
1941,persistencia,1,1.0,1,1,0.5,proxy_N3_ge2,proxy,3,2,completo,walk_forward
1941,persistencia_purgada,1,1.0,1,1,0.5,proxy_N3_ge2,proxy,3,2,completo,walk_forward
1942,prevalencia,1,0.7346938775510204,1,1,0.5,proxy_N3_ge2,proxy,3,2,completo,walk_forward
1942,persistencia,1,1.0,1,1,0.5,proxy_N3_ge2,proxy,3,2,completo,walk_forward
1942,persistencia_purgada,1,1.0,1,1,0.5,proxy_N3_ge2,proxy,3,2,completo,walk_forward
1943,prevalencia,0,0.74,1,1,0.5,proxy_N3_ge2,proxy,3,2,completo,walk_forward
1943,persistencia,0,1.0,1,1,0.5,proxy_N3_ge2,proxy,3,2,completo,walk_forward
1943,persistencia_purgada,0,1.0,1,1,0.5,proxy_N3_ge2,proxy,3,2,completo,walk_forward
1944,prevalencia,1,0.7450980392156863,1,1,0.5,proxy_N3_ge2,proxy,3,2,completo,walk_forward
1944,persistencia,1,0.0,0,0,0.5,proxy_N3_ge2,proxy,3,2,completo,walk_forward
1944,persistencia_purgada,1,1.0,1,1,0.5,proxy_N3_ge2,proxy,3,2,completo,walk_forward
1945,prevalencia,1,0.75,1,1,0.5,proxy_N3_ge2,proxy,3,2,completo,walk_forward
1945,persistencia,1,1.0,1,1,0.5,proxy_N3_ge2,proxy,3,2,completo,walk_forward
1945,persistencia_purgada,1,1.0,1,1,0.5,proxy_N3_ge2,proxy,3,2,completo,walk_forward
1946,prevalencia,1,0.7547169811320755,1,1,0.5,proxy_N3_ge2,proxy,3,2,completo,walk_forward
1946,persistencia,1,1.0,1,1,0.5,proxy_N3_ge2,proxy,3,2,completo,walk_forward
1946,persistencia_purgada,1,1.0,1,1,0.5,proxy_N3_ge2,proxy,3,2,completo,walk_forward
1947,prevalencia,1,0.7407407407407407,1,1,0.5,proxy_N3_ge2,proxy,3,2,completo,walk_forward
1947,persistencia,1,1.0,1,1,0.5,proxy_N3_ge2,proxy,3,2,completo,walk_forward
1947,persistencia_purgada,1,0.0,0,0,0.5,proxy_N3_ge2,proxy,3,2,completo,walk_forward
1948,prevalencia,1,0.7454545454545455,1,1,0.5,proxy_N3_ge2,proxy,3,2,completo,walk_forward
1948,persistencia,1,1.0,1,1,0.5,proxy_N3_ge2,proxy,3,2,completo,walk_forward
1948,persistencia_purgada,1,1.0,1,1,0.5,proxy_N3_ge2,proxy,3,2,completo,walk_forward
1949,prevalencia,1,0.75,1,1,0.5,proxy_N3_ge2,proxy,3,2,completo,walk_forward
1949,persistencia,1,1.0,1,1,0.5,proxy_N3_ge2,proxy,3,2,completo,walk_forward
1949,persistencia_purgada,1,1.0,1,1,0.5,proxy_N3_ge2,proxy,3,2,completo,walk_forward
1950,prevalencia,0,0.7543859649122807,1,1,0.5,proxy_N3_ge2,proxy,3,2,completo,walk_forward
1950,persistencia,0,1.0,1,1,0.5,proxy_N3_ge2,proxy,3,2,completo,walk_forward
1950,persistencia_purgada,0,1.0,1,1,0.5,proxy_N3_ge2,proxy,3,2,completo,walk_forward
1951,prevalencia,0,0.7586206896551724,1,1,0.5,proxy_N3_ge2,proxy,3,2,completo,walk_forward
1951,persistencia,0,0.0,0,0,0.5,proxy_N3_ge2,proxy,3,2,completo,walk_forward
1951,persistencia_purgada,0,1.0,1,1,0.5,proxy_N3_ge2,proxy,3,2,completo,walk_forward
1952,prevalencia,1,0.7627118644067796,1,1,0.5,proxy_N3_ge2,proxy,3,2,completo,walk_forward
1952,persistencia,1,0.0,0,0,0.5,proxy_N3_ge2,proxy,3,2,completo,walk_forward
1952,persistencia_purgada,1,1.0,1,1,0.5,proxy_N3_ge2,proxy,3,2,completo,walk_forward
1953,prevalencia,1,0.7666666666666667,1,1,0.5,proxy_N3_ge2,proxy,3,2,completo,walk_forward
1953,persistencia,1,1.0,1,1,0.5,proxy_N3_ge2,proxy,3,2,completo,walk_forward
1953,persistencia_purgada,1,1.0,1,1,0.5,proxy_N3_ge2,proxy,3,2,completo,walk_forward
1954,prevalencia,1,0.7540983606557377,1,1,0.5,proxy_N3_ge2,proxy,3,2,completo,walk_forward
1954,persistencia,1,1.0,1,1,0.5,proxy_N3_ge2,proxy,3,2,completo,walk_forward
1954,persistencia_purgada,1,0.0,0,0,0.5,proxy_N3_ge2,proxy,3,2,completo,walk_forward
1955,prevalencia,0,0.7419354838709677,1,1,0.5,proxy_N3_ge2,proxy,3,2,completo,walk_forward
1955,persistencia,0,1.0,1,1,0.5,proxy_N3_ge2,proxy,3,2,completo,walk_forward
1955,persistencia_purgada,0,0.0,0,0,0.5,proxy_N3_ge2,proxy,3,2,completo,walk_forward
1956,prevalencia,0,0.746031746031746,1,1,0.5,proxy_N3_ge2,proxy,3,2,completo,walk_forward
1956,persistencia,0,0.0,0,0,0.5,proxy_N3_ge2,proxy,3,2,completo,walk_forward
1956,persistencia_purgada,0,1.0,1,1,0.5,proxy_N3_ge2,proxy,3,2,completo,walk_forward
1957,prevalencia,0,0.75,1,1,0.5,proxy_N3_ge2,proxy,3,2,completo,walk_forward
1957,persistencia,0,0.0,0,0,0.5,proxy_N3_ge2,proxy,3,2,completo,walk_forward
1957,persistencia_purgada,0,1.0,1,1,0.5,proxy_N3_ge2,proxy,3,2,completo,walk_forward
1958,prevalencia,1,0.7538461538461538,1,1,0.5,proxy_N3_ge2,proxy,3,2,completo,walk_forward
1958,persistencia,1,0.0,0,0,0.5,proxy_N3_ge2,proxy,3,2,completo,walk_forward
1958,persistencia_purgada,1,1.0,1,1,0.5,proxy_N3_ge2,proxy,3,2,completo,walk_forward
1959,prevalencia,1,0.7424242424242424,1,1,0.5,proxy_N3_ge2,proxy,3,2,completo,walk_forward
1959,persistencia,1,1.0,1,1,0.5,proxy_N3_ge2,proxy,3,2,completo,walk_forward
1959,persistencia_purgada,1,0.0,0,0,0.5,proxy_N3_ge2,proxy,3,2,completo,walk_forward
1960,prevalencia,1,0.7313432835820896,1,1,0.5,proxy_N3_ge2,proxy,3,2,completo,walk_forward
1960,persistencia,1,1.0,1,1,0.5,proxy_N3_ge2,proxy,3,2,completo,walk_forward
1960,persistencia_purgada,1,0.0,0,0,0.5,proxy_N3_ge2,proxy,3,2,completo,walk_forward
1961,prevalencia,1,0.7205882352941176,1,1,0.5,proxy_N3_ge2,proxy,3,2,completo,walk_forward
1961,persistencia,1,1.0,1,1,0.5,proxy_N3_ge2,proxy,3,2,completo,walk_forward
1961,persistencia_purgada,1,0.0,0,0,0.5,proxy_N3_ge2,proxy,3,2,completo,walk_forward
1962,prevalencia,1,0.7246376811594203,1,1,0.5,proxy_N3_ge2,proxy,3,2,completo,walk_forward
1962,persistencia,1,1.0,1,1,0.5,proxy_N3_ge2,proxy,3,2,completo,walk_forward
1962,persistencia_purgada,1,1.0,1,1,0.5,proxy_N3_ge2,proxy,3,2,completo,walk_forward
1963,prevalencia,1,0.7285714285714285,1,1,0.5,proxy_N3_ge2,proxy,3,2,completo,walk_forward
1963,persistencia,1,1.0,1,1,0.5,proxy_N3_ge2,proxy,3,2,completo,walk_forward
1963,persistencia_purgada,1,1.0,1,1,0.5,proxy_N3_ge2,proxy,3,2,completo,walk_forward
1964,prevalencia,0,0.7323943661971831,1,1,0.5,proxy_N3_ge2,proxy,3,2,completo,walk_forward
1964,persistencia,0,1.0,1,1,0.5,proxy_N3_ge2,proxy,3,2,completo,walk_forward
1964,persistencia_purgada,0,1.0,1,1,0.5,proxy_N3_ge2,proxy,3,2,completo,walk_forward
1965,prevalencia,0,0.7361111111111112,1,1,0.5,proxy_N3_ge2,proxy,3,2,completo,walk_forward
1965,persistencia,0,0.0,0,0,0.5,proxy_N3_ge2,proxy,3,2,completo,walk_forward
1965,persistencia_purgada,0,1.0,1,1,0.5,proxy_N3_ge2,proxy,3,2,completo,walk_forward
1966,prevalencia,0,0.7397260273972602,1,1,0.5,proxy_N3_ge2,proxy,3,2,completo,walk_forward
1966,persistencia,0,0.0,0,0,0.5,proxy_N3_ge2,proxy,3,2,completo,walk_forward
1966,persistencia_purgada,0,1.0,1,1,0.5,proxy_N3_ge2,proxy,3,2,completo,walk_forward
1967,prevalencia,0,0.7432432432432432,1,1,0.5,proxy_N3_ge2,proxy,3,2,completo,walk_forward
1967,persistencia,0,0.0,0,0,0.5,proxy_N3_ge2,proxy,3,2,completo,walk_forward
1967,persistencia_purgada,0,1.0,1,1,0.5,proxy_N3_ge2,proxy,3,2,completo,walk_forward
1968,prevalencia,0,0.7333333333333333,1,1,0.5,proxy_N3_ge2,proxy,3,2,completo,walk_forward
1968,persistencia,0,0.0,0,0,0.5,proxy_N3_ge2,proxy,3,2,completo,walk_forward
1968,persistencia_purgada,0,0.0,0,0,0.5,proxy_N3_ge2,proxy,3,2,completo,walk_forward
1969,prevalencia,0,0.7236842105263158,1,1,0.5,proxy_N3_ge2,proxy,3,2,completo,walk_forward
1969,persistencia,0,0.0,0,0,0.5,proxy_N3_ge2,proxy,3,2,completo,walk_forward
1969,persistencia_purgada,0,0.0,0,0,0.5,proxy_N3_ge2,proxy,3,2,completo,walk_forward
1970,prevalencia,0,0.7142857142857143,1,1,0.5,proxy_N3_ge2,proxy,3,2,completo,walk_forward
1970,persistencia,0,0.0,0,0,0.5,proxy_N3_ge2,proxy,3,2,completo,walk_forward
1970,persistencia_purgada,0,0.0,0,0,0.5,proxy_N3_ge2,proxy,3,2,completo,walk_forward
1971,prevalencia,0,0.7051282051282052,1,1,0.5,proxy_N3_ge2,proxy,3,2,completo,walk_forward
1971,persistencia,0,0.0,0,0,0.5,proxy_N3_ge2,proxy,3,2,completo,walk_forward
1971,persistencia_purgada,0,0.0,0,0,0.5,proxy_N3_ge2,proxy,3,2,completo,walk_forward
1972,prevalencia,0,0.6962025316455697,1,1,0.5,proxy_N3_ge2,proxy,3,2,completo,walk_forward
1972,persistencia,0,0.0,0,0,0.5,proxy_N3_ge2,proxy,3,2,completo,walk_forward
1972,persistencia_purgada,0,0.0,0,0,0.5,proxy_N3_ge2,proxy,3,2,completo,walk_forward
1973,prevalencia,0,0.6875,1,1,0.5,proxy_N3_ge2,proxy,3,2,completo,walk_forward
1973,persistencia,0,0.0,0,0,0.5,proxy_N3_ge2,proxy,3,2,completo,walk_forward
1973,persistencia_purgada,0,0.0,0,0,0.5,proxy_N3_ge2,proxy,3,2,completo,walk_forward
1974,prevalencia,0,0.6790123456790124,1,1,0.5,proxy_N3_ge2,proxy,3,2,completo,walk_forward
1974,persistencia,0,0.0,0,0,0.5,proxy_N3_ge2,proxy,3,2,completo,walk_forward
1974,persistencia_purgada,0,0.0,0,0,0.5,proxy_N3_ge2,proxy,3,2,completo,walk_forward
1975,prevalencia,1,0.6707317073170732,1,1,0.5,proxy_N3_ge2,proxy,3,2,completo,walk_forward
1975,persistencia,1,0.0,0,0,0.5,proxy_N3_ge2,proxy,3,2,completo,walk_forward
1975,persistencia_purgada,1,0.0,0,0,0.5,proxy_N3_ge2,proxy,3,2,completo,walk_forward
1976,prevalencia,1,0.6626506024096386,1,1,0.5,proxy_N3_ge2,proxy,3,2,completo,walk_forward
1976,persistencia,1,1.0,1,1,0.5,proxy_N3_ge2,proxy,3,2,completo,walk_forward
1976,persistencia_purgada,1,0.0,0,0,0.5,proxy_N3_ge2,proxy,3,2,completo,walk_forward
1977,prevalencia,1,0.6547619047619048,1,1,0.5,proxy_N3_ge2,proxy,3,2,completo,walk_forward
1977,persistencia,1,1.0,1,1,0.5,proxy_N3_ge2,proxy,3,2,completo,walk_forward
1977,persistencia_purgada,1,0.0,0,0,0.5,proxy_N3_ge2,proxy,3,2,completo,walk_forward
1978,prevalencia,0,0.6470588235294118,1,1,0.5,proxy_N3_ge2,proxy,3,2,completo,walk_forward
1978,persistencia,0,1.0,1,1,0.5,proxy_N3_ge2,proxy,3,2,completo,walk_forward
1978,persistencia_purgada,0,0.0,0,0,0.5,proxy_N3_ge2,proxy,3,2,completo,walk_forward
1979,prevalencia,0,0.6511627906976745,1,1,0.5,proxy_N3_ge2,proxy,3,2,completo,walk_forward
1979,persistencia,0,0.0,0,0,0.5,proxy_N3_ge2,proxy,3,2,completo,walk_forward
1979,persistencia_purgada,0,1.0,1,1,0.5,proxy_N3_ge2,proxy,3,2,completo,walk_forward
1980,prevalencia,0,0.6551724137931034,1,1,0.5,proxy_N3_ge2,proxy,3,2,completo,walk_forward
1980,persistencia,0,0.0,0,0,0.5,proxy_N3_ge2,proxy,3,2,completo,walk_forward
1980,persistencia_purgada,0,1.0,1,1,0.5,proxy_N3_ge2,proxy,3,2,completo,walk_forward
1981,prevalencia,0,0.6590909090909091,1,1,0.5,proxy_N3_ge2,proxy,3,2,completo,walk_forward
1981,persistencia,0,0.0,0,0,0.5,proxy_N3_ge2,proxy,3,2,completo,walk_forward
1981,persistencia_purgada,0,1.0,1,1,0.5,proxy_N3_ge2,proxy,3,2,completo,walk_forward
1982,prevalencia,0,0.651685393258427,1,1,0.5,proxy_N3_ge2,proxy,3,2,completo,walk_forward
1982,persistencia,0,0.0,0,0,0.5,proxy_N3_ge2,proxy,3,2,completo,walk_forward
1982,persistencia_purgada,0,0.0,0,0,0.5,proxy_N3_ge2,proxy,3,2,completo,walk_forward
1983,prevalencia,1,0.6444444444444445,1,1,0.5,proxy_N3_ge2,proxy,3,2,completo,walk_forward
1983,persistencia,1,0.0,0,0,0.5,proxy_N3_ge2,proxy,3,2,completo,walk_forward
1983,persistencia_purgada,1,0.0,0,0,0.5,proxy_N3_ge2,proxy,3,2,completo,walk_forward
1984,prevalencia,1,0.6373626373626373,1,1,0.5,proxy_N3_ge2,proxy,3,2,completo,walk_forward
1984,persistencia,1,1.0,1,1,0.5,proxy_N3_ge2,proxy,3,2,completo,walk_forward
1984,persistencia_purgada,1,0.0,0,0,0.5,proxy_N3_ge2,proxy,3,2,completo,walk_forward
1985,prevalencia,1,0.6304347826086957,1,1,0.5,proxy_N3_ge2,proxy,3,2,completo,walk_forward
1985,persistencia,1,1.0,1,1,0.5,proxy_N3_ge2,proxy,3,2,completo,walk_forward
1985,persistencia_purgada,1,0.0,0,0,0.5,proxy_N3_ge2,proxy,3,2,completo,walk_forward
1986,prevalencia,0,0.6236559139784946,1,1,0.5,proxy_N3_ge2,proxy,3,2,completo,walk_forward
1986,persistencia,0,1.0,1,1,0.5,proxy_N3_ge2,proxy,3,2,completo,walk_forward
1986,persistencia_purgada,0,0.0,0,0,0.5,proxy_N3_ge2,proxy,3,2,completo,walk_forward
1987,prevalencia,1,0.6276595744680851,1,1,0.5,proxy_N3_ge2,proxy,3,2,completo,walk_forward
1987,persistencia,1,0.0,0,0,0.5,proxy_N3_ge2,proxy,3,2,completo,walk_forward
1987,persistencia_purgada,1,1.0,1,1,0.5,proxy_N3_ge2,proxy,3,2,completo,walk_forward
1988,prevalencia,1,0.631578947368421,1,1,0.5,proxy_N3_ge2,proxy,3,2,completo,walk_forward
1988,persistencia,1,1.0,1,1,0.5,proxy_N3_ge2,proxy,3,2,completo,walk_forward
1988,persistencia_purgada,1,1.0,1,1,0.5,proxy_N3_ge2,proxy,3,2,completo,walk_forward
1989,prevalencia,1,0.6354166666666666,1,1,0.5,proxy_N3_ge2,proxy,3,2,completo,walk_forward
1989,persistencia,1,1.0,1,1,0.5,proxy_N3_ge2,proxy,3,2,completo,walk_forward
1989,persistencia_purgada,1,1.0,1,1,0.5,proxy_N3_ge2,proxy,3,2,completo,walk_forward
1990,prevalencia,1,0.6288659793814433,1,1,0.5,proxy_N3_ge2,proxy,3,2,completo,walk_forward
1990,persistencia,1,1.0,1,1,0.5,proxy_N3_ge2,proxy,3,2,completo,walk_forward
1990,persistencia_purgada,1,0.0,0,0,0.5,proxy_N3_ge2,proxy,3,2,completo,walk_forward
1991,prevalencia,1,0.6326530612244898,1,1,0.5,proxy_N3_ge2,proxy,3,2,completo,walk_forward
1991,persistencia,1,1.0,1,1,0.5,proxy_N3_ge2,proxy,3,2,completo,walk_forward
1991,persistencia_purgada,1,1.0,1,1,0.5,proxy_N3_ge2,proxy,3,2,completo,walk_forward
1992,prevalencia,1,0.6363636363636364,1,1,0.5,proxy_N3_ge2,proxy,3,2,completo,walk_forward
1992,persistencia,1,1.0,1,1,0.5,proxy_N3_ge2,proxy,3,2,completo,walk_forward
1992,persistencia_purgada,1,1.0,1,1,0.5,proxy_N3_ge2,proxy,3,2,completo,walk_forward
1993,prevalencia,0,0.64,1,1,0.5,proxy_N3_ge2,proxy,3,2,completo,walk_forward
1993,persistencia,0,1.0,1,1,0.5,proxy_N3_ge2,proxy,3,2,completo,walk_forward
1993,persistencia_purgada,0,1.0,1,1,0.5,proxy_N3_ge2,proxy,3,2,completo,walk_forward
1994,prevalencia,1,0.6435643564356436,1,1,0.5,proxy_N3_ge2,proxy,3,2,completo,walk_forward
1994,persistencia,1,0.0,0,0,0.5,proxy_N3_ge2,proxy,3,2,completo,walk_forward
1994,persistencia_purgada,1,1.0,1,1,0.5,proxy_N3_ge2,proxy,3,2,completo,walk_forward
1995,prevalencia,1,0.6470588235294118,1,1,0.5,proxy_N3_ge2,proxy,3,2,completo,walk_forward
1995,persistencia,1,1.0,1,1,0.5,proxy_N3_ge2,proxy,3,2,completo,walk_forward
1995,persistencia_purgada,1,1.0,1,1,0.5,proxy_N3_ge2,proxy,3,2,completo,walk_forward
1996,prevalencia,1,0.6504854368932039,1,1,0.5,proxy_N3_ge2,proxy,3,2,completo,walk_forward
1996,persistencia,1,1.0,1,1,0.5,proxy_N3_ge2,proxy,3,2,completo,walk_forward
1996,persistencia_purgada,1,1.0,1,1,0.5,proxy_N3_ge2,proxy,3,2,completo,walk_forward
1997,prevalencia,0,0.6442307692307693,1,1,0.5,proxy_N3_ge2,proxy,3,2,completo,walk_forward
1997,persistencia,0,1.0,1,1,0.5,proxy_N3_ge2,proxy,3,2,completo,walk_forward
1997,persistencia_purgada,0,0.0,0,0,0.5,proxy_N3_ge2,proxy,3,2,completo,walk_forward
1998,prevalencia,1,0.6476190476190476,1,1,0.5,proxy_N3_ge2,proxy,3,2,completo,walk_forward
1998,persistencia,1,0.0,0,0,0.5,proxy_N3_ge2,proxy,3,2,completo,walk_forward
1998,persistencia_purgada,1,1.0,1,1,0.5,proxy_N3_ge2,proxy,3,2,completo,walk_forward
1999,prevalencia,1,0.6509433962264151,1,1,0.5,proxy_N3_ge2,proxy,3,2,completo,walk_forward
1999,persistencia,1,1.0,1,1,0.5,proxy_N3_ge2,proxy,3,2,completo,walk_forward
1999,persistencia_purgada,1,1.0,1,1,0.5,proxy_N3_ge2,proxy,3,2,completo,walk_forward
2000,prevalencia,1,0.6542056074766355,1,1,0.5,proxy_N3_ge2,proxy,3,2,completo,walk_forward
2000,persistencia,1,1.0,1,1,0.5,proxy_N3_ge2,proxy,3,2,completo,walk_forward
2000,persistencia_purgada,1,1.0,1,1,0.5,proxy_N3_ge2,proxy,3,2,completo,walk_forward
2001,prevalencia,0,0.6481481481481481,1,1,0.5,proxy_N3_ge2,proxy,3,2,completo,walk_forward
2001,persistencia,0,1.0,1,1,0.5,proxy_N3_ge2,proxy,3,2,completo,walk_forward
2001,persistencia_purgada,0,0.0,0,0,0.5,proxy_N3_ge2,proxy,3,2,completo,walk_forward
2002,prevalencia,0,0.6513761467889908,1,1,0.5,proxy_N3_ge2,proxy,3,2,completo,walk_forward
2002,persistencia,0,0.0,0,0,0.5,proxy_N3_ge2,proxy,3,2,completo,walk_forward
2002,persistencia_purgada,0,1.0,1,1,0.5,proxy_N3_ge2,proxy,3,2,completo,walk_forward
2003,prevalencia,0,0.6545454545454545,1,1,0.5,proxy_N3_ge2,proxy,3,2,completo,walk_forward
2003,persistencia,0,0.0,0,0,0.5,proxy_N3_ge2,proxy,3,2,completo,walk_forward
2003,persistencia_purgada,0,1.0,1,1,0.5,proxy_N3_ge2,proxy,3,2,completo,walk_forward
2004,prevalencia,0,0.6576576576576577,1,1,0.5,proxy_N3_ge2,proxy,3,2,completo,walk_forward
2004,persistencia,0,0.0,0,0,0.5,proxy_N3_ge2,proxy,3,2,completo,walk_forward
2004,persistencia_purgada,0,1.0,1,1,0.5,proxy_N3_ge2,proxy,3,2,completo,walk_forward
2005,prevalencia,0,0.6517857142857143,1,1,0.5,proxy_N3_ge2,proxy,3,2,completo,walk_forward
2005,persistencia,0,0.0,0,0,0.5,proxy_N3_ge2,proxy,3,2,completo,walk_forward
2005,persistencia_purgada,0,0.0,0,0,0.5,proxy_N3_ge2,proxy,3,2,completo,walk_forward
1946,logreg,1,1.7668472845843979e-06,0,0,0.7013441940184355,proxy_N3_ge2,proxy,3,2,completo,era_split
1947,logreg,1,0.0005625832835386938,0,0,0.7013441940184355,proxy_N3_ge2,proxy,3,2,completo,era_split
1948,logreg,1,0.6390592108809039,1,0,0.7013441940184355,proxy_N3_ge2,proxy,3,2,completo,era_split
1949,logreg,1,0.06479875137336162,0,0,0.7013441940184355,proxy_N3_ge2,proxy,3,2,completo,era_split
1950,logreg,0,0.2929041052823988,0,0,0.7013441940184355,proxy_N3_ge2,proxy,3,2,completo,era_split
1951,logreg,0,0.06518688346497083,0,0,0.7013441940184355,proxy_N3_ge2,proxy,3,2,completo,era_split
1952,logreg,1,0.10858421150803456,0,0,0.7013441940184355,proxy_N3_ge2,proxy,3,2,completo,era_split
1953,logreg,1,0.5965924398614822,1,0,0.7013441940184355,proxy_N3_ge2,proxy,3,2,completo,era_split
1954,logreg,1,0.3337973675643094,0,0,0.7013441940184355,proxy_N3_ge2,proxy,3,2,completo,era_split
1955,logreg,0,0.09776105338053188,0,0,0.7013441940184355,proxy_N3_ge2,proxy,3,2,completo,era_split
1956,logreg,0,0.6775902444348509,1,0,0.7013441940184355,proxy_N3_ge2,proxy,3,2,completo,era_split
1957,logreg,0,0.19987305918105633,0,0,0.7013441940184355,proxy_N3_ge2,proxy,3,2,completo,era_split
1958,logreg,1,0.5708466689116076,1,0,0.7013441940184355,proxy_N3_ge2,proxy,3,2,completo,era_split
1959,logreg,1,0.7491286896010403,1,1,0.7013441940184355,proxy_N3_ge2,proxy,3,2,completo,era_split
1960,logreg,1,0.040633830397126716,0,0,0.7013441940184355,proxy_N3_ge2,proxy,3,2,completo,era_split
1961,logreg,1,0.976566996983476,1,1,0.7013441940184355,proxy_N3_ge2,proxy,3,2,completo,era_split
1962,logreg,1,0.9669304699980651,1,1,0.7013441940184355,proxy_N3_ge2,proxy,3,2,completo,era_split
1963,logreg,1,0.9962525081477289,1,1,0.7013441940184355,proxy_N3_ge2,proxy,3,2,completo,era_split
1964,logreg,0,0.9959235307698667,1,1,0.7013441940184355,proxy_N3_ge2,proxy,3,2,completo,era_split
1965,logreg,0,0.9738780832046824,1,1,0.7013441940184355,proxy_N3_ge2,proxy,3,2,completo,era_split
1966,logreg,0,0.6835773969789515,1,0,0.7013441940184355,proxy_N3_ge2,proxy,3,2,completo,era_split
1967,logreg,0,0.8342672766137491,1,1,0.7013441940184355,proxy_N3_ge2,proxy,3,2,completo,era_split
1968,logreg,0,0.9668511347530995,1,1,0.7013441940184355,proxy_N3_ge2,proxy,3,2,completo,era_split
1969,logreg,0,0.9457567975485425,1,1,0.7013441940184355,proxy_N3_ge2,proxy,3,2,completo,era_split
1970,logreg,0,0.6745117430853609,1,0,0.7013441940184355,proxy_N3_ge2,proxy,3,2,completo,era_split
1971,logreg,0,0.8879811563829174,1,1,0.7013441940184355,proxy_N3_ge2,proxy,3,2,completo,era_split
1972,logreg,0,0.9856382413814042,1,1,0.7013441940184355,proxy_N3_ge2,proxy,3,2,completo,era_split
1973,logreg,0,0.9976034399569259,1,1,0.7013441940184355,proxy_N3_ge2,proxy,3,2,completo,era_split
1974,logreg,0,0.9951691317929265,1,1,0.7013441940184355,proxy_N3_ge2,proxy,3,2,completo,era_split
1975,logreg,1,0.9800284342580271,1,1,0.7013441940184355,proxy_N3_ge2,proxy,3,2,completo,era_split
1976,logreg,1,0.9995091647062876,1,1,0.7013441940184355,proxy_N3_ge2,proxy,3,2,completo,era_split
1977,logreg,1,0.9727651375385917,1,1,0.7013441940184355,proxy_N3_ge2,proxy,3,2,completo,era_split
1978,logreg,0,0.9986343981734976,1,1,0.7013441940184355,proxy_N3_ge2,proxy,3,2,completo,era_split
1979,logreg,0,0.9983434577193624,1,1,0.7013441940184355,proxy_N3_ge2,proxy,3,2,completo,era_split
1980,logreg,0,0.984779056517596,1,1,0.7013441940184355,proxy_N3_ge2,proxy,3,2,completo,era_split
1981,logreg,0,0.9965628949131216,1,1,0.7013441940184355,proxy_N3_ge2,proxy,3,2,completo,era_split
1982,logreg,0,0.5838534677410145,1,0,0.7013441940184355,proxy_N3_ge2,proxy,3,2,completo,era_split
1983,logreg,1,0.8503808224136306,1,1,0.7013441940184355,proxy_N3_ge2,proxy,3,2,completo,era_split
1984,logreg,1,0.9755032195417779,1,1,0.7013441940184355,proxy_N3_ge2,proxy,3,2,completo,era_split
1985,logreg,1,0.9571379766107079,1,1,0.7013441940184355,proxy_N3_ge2,proxy,3,2,completo,era_split
1986,logreg,0,0.25868608054083,0,0,0.7013441940184355,proxy_N3_ge2,proxy,3,2,completo,era_split
1987,logreg,1,0.9678360401887244,1,1,0.7013441940184355,proxy_N3_ge2,proxy,3,2,completo,era_split
1988,logreg,1,0.9961074689779624,1,1,0.7013441940184355,proxy_N3_ge2,proxy,3,2,completo,era_split
1989,logreg,1,0.8344651055749566,1,1,0.7013441940184355,proxy_N3_ge2,proxy,3,2,completo,era_split
1990,logreg,1,0.6005411922864816,1,0,0.7013441940184355,proxy_N3_ge2,proxy,3,2,completo,era_split
1991,logreg,1,0.003184040379374403,0,0,0.7013441940184355,proxy_N3_ge2,proxy,3,2,completo,era_split
1992,logreg,1,0.15584963830901122,0,0,0.7013441940184355,proxy_N3_ge2,proxy,3,2,completo,era_split
1993,logreg,0,0.8621547973885344,1,1,0.7013441940184355,proxy_N3_ge2,proxy,3,2,completo,era_split
1994,logreg,1,0.9624072090210151,1,1,0.7013441940184355,proxy_N3_ge2,proxy,3,2,completo,era_split
1995,logreg,1,0.9768270186848736,1,1,0.7013441940184355,proxy_N3_ge2,proxy,3,2,completo,era_split
1996,logreg,1,0.993236410962502,1,1,0.7013441940184355,proxy_N3_ge2,proxy,3,2,completo,era_split
1997,logreg,0,0.986783279523423,1,1,0.7013441940184355,proxy_N3_ge2,proxy,3,2,completo,era_split
1998,logreg,1,0.6349628776452441,1,0,0.7013441940184355,proxy_N3_ge2,proxy,3,2,completo,era_split
1999,logreg,1,0.9754474976855823,1,1,0.7013441940184355,proxy_N3_ge2,proxy,3,2,completo,era_split
2000,logreg,1,0.7581974949577424,1,1,0.7013441940184355,proxy_N3_ge2,proxy,3,2,completo,era_split
2001,logreg,0,0.716530880348123,1,1,0.7013441940184355,proxy_N3_ge2,proxy,3,2,completo,era_split
2002,logreg,0,0.20493455460866558,0,0,0.7013441940184355,proxy_N3_ge2,proxy,3,2,completo,era_split
2003,logreg,0,0.9817687622755914,1,1,0.7013441940184355,proxy_N3_ge2,proxy,3,2,completo,era_split
2004,logreg,0,0.9535001447405038,1,1,0.7013441940184355,proxy_N3_ge2,proxy,3,2,completo,era_split
2005,logreg,0,0.808336922682362,1,1,0.7013441940184355,proxy_N3_ge2,proxy,3,2,completo,era_split
1946,rf,1,0.3818187286605657,0,0,0.5883662455723516,proxy_N3_ge2,proxy,3,2,completo,era_split
1947,rf,1,0.47994433489954824,0,0,0.5883662455723516,proxy_N3_ge2,proxy,3,2,completo,era_split
1948,rf,1,0.6131787506864546,1,1,0.5883662455723516,proxy_N3_ge2,proxy,3,2,completo,era_split
1949,rf,1,0.5791735608335492,1,0,0.5883662455723516,proxy_N3_ge2,proxy,3,2,completo,era_split
1950,rf,0,0.7094740730381585,1,1,0.5883662455723516,proxy_N3_ge2,proxy,3,2,completo,era_split
1951,rf,0,0.6703315300434298,1,1,0.5883662455723516,proxy_N3_ge2,proxy,3,2,completo,era_split
1952,rf,1,0.7053560790586358,1,1,0.5883662455723516,proxy_N3_ge2,proxy,3,2,completo,era_split
1953,rf,1,0.7642716286405721,1,1,0.5883662455723516,proxy_N3_ge2,proxy,3,2,completo,era_split
1954,rf,1,0.7282367057158621,1,1,0.5883662455723516,proxy_N3_ge2,proxy,3,2,completo,era_split
1955,rf,0,0.7500403648800542,1,1,0.5883662455723516,proxy_N3_ge2,proxy,3,2,completo,era_split
1956,rf,0,0.6533360253493911,1,1,0.5883662455723516,proxy_N3_ge2,proxy,3,2,completo,era_split
1957,rf,0,0.6336135513686294,1,1,0.5883662455723516,proxy_N3_ge2,proxy,3,2,completo,era_split
1958,rf,1,0.7323804376774931,1,1,0.5883662455723516,proxy_N3_ge2,proxy,3,2,completo,era_split
1959,rf,1,0.7255088017256826,1,1,0.5883662455723516,proxy_N3_ge2,proxy,3,2,completo,era_split
1960,rf,1,0.7032921949423495,1,1,0.5883662455723516,proxy_N3_ge2,proxy,3,2,completo,era_split
1961,rf,1,0.6928142412908365,1,1,0.5883662455723516,proxy_N3_ge2,proxy,3,2,completo,era_split
1962,rf,1,0.7140216039079584,1,1,0.5883662455723516,proxy_N3_ge2,proxy,3,2,completo,era_split
1963,rf,1,0.7571879367110327,1,1,0.5883662455723516,proxy_N3_ge2,proxy,3,2,completo,era_split
1964,rf,0,0.7503844623246324,1,1,0.5883662455723516,proxy_N3_ge2,proxy,3,2,completo,era_split
1965,rf,0,0.6779272400601448,1,1,0.5883662455723516,proxy_N3_ge2,proxy,3,2,completo,era_split
1966,rf,0,0.6980444065794668,1,1,0.5883662455723516,proxy_N3_ge2,proxy,3,2,completo,era_split
1967,rf,0,0.7760785775119413,1,1,0.5883662455723516,proxy_N3_ge2,proxy,3,2,completo,era_split
1968,rf,0,0.8134012312932133,1,1,0.5883662455723516,proxy_N3_ge2,proxy,3,2,completo,era_split
1969,rf,0,0.766737793367041,1,1,0.5883662455723516,proxy_N3_ge2,proxy,3,2,completo,era_split
1970,rf,0,0.7897981264452131,1,1,0.5883662455723516,proxy_N3_ge2,proxy,3,2,completo,era_split
1971,rf,0,0.8050532769905954,1,1,0.5883662455723516,proxy_N3_ge2,proxy,3,2,completo,era_split
1972,rf,0,0.8046094122167312,1,1,0.5883662455723516,proxy_N3_ge2,proxy,3,2,completo,era_split
1973,rf,0,0.8460129014710468,1,1,0.5883662455723516,proxy_N3_ge2,proxy,3,2,completo,era_split
1974,rf,0,0.8360201393465768,1,1,0.5883662455723516,proxy_N3_ge2,proxy,3,2,completo,era_split
1975,rf,1,0.7852519186992615,1,1,0.5883662455723516,proxy_N3_ge2,proxy,3,2,completo,era_split
1976,rf,1,0.8716503277525953,1,1,0.5883662455723516,proxy_N3_ge2,proxy,3,2,completo,era_split
1977,rf,1,0.7092259783064285,1,1,0.5883662455723516,proxy_N3_ge2,proxy,3,2,completo,era_split
1978,rf,0,0.8751144437812504,1,1,0.5883662455723516,proxy_N3_ge2,proxy,3,2,completo,era_split
1979,rf,0,0.8631502587999695,1,1,0.5883662455723516,proxy_N3_ge2,proxy,3,2,completo,era_split
1980,rf,0,0.8390778570015364,1,1,0.5883662455723516,proxy_N3_ge2,proxy,3,2,completo,era_split
1981,rf,0,0.7149442325920874,1,1,0.5883662455723516,proxy_N3_ge2,proxy,3,2,completo,era_split
1982,rf,0,0.7851343124046312,1,1,0.5883662455723516,proxy_N3_ge2,proxy,3,2,completo,era_split
1983,rf,1,0.7038092457091999,1,1,0.5883662455723516,proxy_N3_ge2,proxy,3,2,completo,era_split
1984,rf,1,0.8432656230961523,1,1,0.5883662455723516,proxy_N3_ge2,proxy,3,2,completo,era_split
1985,rf,1,0.8552656713818985,1,1,0.5883662455723516,proxy_N3_ge2,proxy,3,2,completo,era_split
1986,rf,0,0.6996370816565378,1,1,0.5883662455723516,proxy_N3_ge2,proxy,3,2,completo,era_split
1987,rf,1,0.8026246737324885,1,1,0.5883662455723516,proxy_N3_ge2,proxy,3,2,completo,era_split
1988,rf,1,0.8661476688325327,1,1,0.5883662455723516,proxy_N3_ge2,proxy,3,2,completo,era_split
1989,rf,1,0.8030465890152068,1,1,0.5883662455723516,proxy_N3_ge2,proxy,3,2,completo,era_split
1990,rf,1,0.7054139675589407,1,1,0.5883662455723516,proxy_N3_ge2,proxy,3,2,completo,era_split
1991,rf,1,0.7195247422648333,1,1,0.5883662455723516,proxy_N3_ge2,proxy,3,2,completo,era_split
1992,rf,1,0.7444804953731189,1,1,0.5883662455723516,proxy_N3_ge2,proxy,3,2,completo,era_split
1993,rf,0,0.8620962221717826,1,1,0.5883662455723516,proxy_N3_ge2,proxy,3,2,completo,era_split
1994,rf,1,0.8689306636949699,1,1,0.5883662455723516,proxy_N3_ge2,proxy,3,2,completo,era_split
1995,rf,1,0.8861541545114534,1,1,0.5883662455723516,proxy_N3_ge2,proxy,3,2,completo,era_split
1996,rf,1,0.8895554937642044,1,1,0.5883662455723516,proxy_N3_ge2,proxy,3,2,completo,era_split
1997,rf,0,0.8613298304596012,1,1,0.5883662455723516,proxy_N3_ge2,proxy,3,2,completo,era_split
1998,rf,1,0.7640751532517753,1,1,0.5883662455723516,proxy_N3_ge2,proxy,3,2,completo,era_split
1999,rf,1,0.8640481071591292,1,1,0.5883662455723516,proxy_N3_ge2,proxy,3,2,completo,era_split
2000,rf,1,0.8569426088221391,1,1,0.5883662455723516,proxy_N3_ge2,proxy,3,2,completo,era_split
2001,rf,0,0.8178516789656081,1,1,0.5883662455723516,proxy_N3_ge2,proxy,3,2,completo,era_split
2002,rf,0,0.8339539462518983,1,1,0.5883662455723516,proxy_N3_ge2,proxy,3,2,completo,era_split
2003,rf,0,0.8247675656990056,1,1,0.5883662455723516,proxy_N3_ge2,proxy,3,2,completo,era_split
2004,rf,0,0.834867327162914,1,1,0.5883662455723516,proxy_N3_ge2,proxy,3,2,completo,era_split
2005,rf,0,0.8325576633435373,1,1,0.5883662455723516,proxy_N3_ge2,proxy,3,2,completo,era_split
1946,xgb,1,0.10722348839044571,0,0,0.41214630007743835,proxy_N3_ge2,proxy,3,2,completo,era_split
1947,xgb,1,0.6563014984130859,1,1,0.41214630007743835,proxy_N3_ge2,proxy,3,2,completo,era_split
1948,xgb,1,0.8291029930114746,1,1,0.41214630007743835,proxy_N3_ge2,proxy,3,2,completo,era_split
1949,xgb,1,0.5736520290374756,1,1,0.41214630007743835,proxy_N3_ge2,proxy,3,2,completo,era_split
1950,xgb,0,0.8951199650764465,1,1,0.41214630007743835,proxy_N3_ge2,proxy,3,2,completo,era_split
1951,xgb,0,0.824845016002655,1,1,0.41214630007743835,proxy_N3_ge2,proxy,3,2,completo,era_split
1952,xgb,1,0.8109840154647827,1,1,0.41214630007743835,proxy_N3_ge2,proxy,3,2,completo,era_split
1953,xgb,1,0.9580708742141724,1,1,0.41214630007743835,proxy_N3_ge2,proxy,3,2,completo,era_split
1954,xgb,1,0.9282165765762329,1,1,0.41214630007743835,proxy_N3_ge2,proxy,3,2,completo,era_split
1955,xgb,0,0.9425654411315918,1,1,0.41214630007743835,proxy_N3_ge2,proxy,3,2,completo,era_split
1956,xgb,0,0.8414735794067383,1,1,0.41214630007743835,proxy_N3_ge2,proxy,3,2,completo,era_split
1957,xgb,0,0.3516383767127991,0,0,0.41214630007743835,proxy_N3_ge2,proxy,3,2,completo,era_split
1958,xgb,1,0.9505748152732849,1,1,0.41214630007743835,proxy_N3_ge2,proxy,3,2,completo,era_split
1959,xgb,1,0.8895662426948547,1,1,0.41214630007743835,proxy_N3_ge2,proxy,3,2,completo,era_split
1960,xgb,1,0.9403594136238098,1,1,0.41214630007743835,proxy_N3_ge2,proxy,3,2,completo,era_split
1961,xgb,1,0.8372821807861328,1,1,0.41214630007743835,proxy_N3_ge2,proxy,3,2,completo,era_split
1962,xgb,1,0.6158939599990845,1,1,0.41214630007743835,proxy_N3_ge2,proxy,3,2,completo,era_split
1963,xgb,1,0.8894848227500916,1,1,0.41214630007743835,proxy_N3_ge2,proxy,3,2,completo,era_split
1964,xgb,0,0.8289713263511658,1,1,0.41214630007743835,proxy_N3_ge2,proxy,3,2,completo,era_split
1965,xgb,0,0.7678933143615723,1,1,0.41214630007743835,proxy_N3_ge2,proxy,3,2,completo,era_split
1966,xgb,0,0.4800412058830261,0,1,0.41214630007743835,proxy_N3_ge2,proxy,3,2,completo,era_split
1967,xgb,0,0.9330435991287231,1,1,0.41214630007743835,proxy_N3_ge2,proxy,3,2,completo,era_split
1968,xgb,0,0.9598203301429749,1,1,0.41214630007743835,proxy_N3_ge2,proxy,3,2,completo,era_split
1969,xgb,0,0.9108871221542358,1,1,0.41214630007743835,proxy_N3_ge2,proxy,3,2,completo,era_split
1970,xgb,0,0.9374899864196777,1,1,0.41214630007743835,proxy_N3_ge2,proxy,3,2,completo,era_split
1971,xgb,0,0.8590208888053894,1,1,0.41214630007743835,proxy_N3_ge2,proxy,3,2,completo,era_split
1972,xgb,0,0.9493607878684998,1,1,0.41214630007743835,proxy_N3_ge2,proxy,3,2,completo,era_split
1973,xgb,0,0.9763132929801941,1,1,0.41214630007743835,proxy_N3_ge2,proxy,3,2,completo,era_split
1974,xgb,0,0.9777687788009644,1,1,0.41214630007743835,proxy_N3_ge2,proxy,3,2,completo,era_split
1975,xgb,1,0.9367626309394836,1,1,0.41214630007743835,proxy_N3_ge2,proxy,3,2,completo,era_split
1976,xgb,1,0.9716702699661255,1,1,0.41214630007743835,proxy_N3_ge2,proxy,3,2,completo,era_split
1977,xgb,1,0.47523367404937744,0,1,0.41214630007743835,proxy_N3_ge2,proxy,3,2,completo,era_split
1978,xgb,0,0.9692302346229553,1,1,0.41214630007743835,proxy_N3_ge2,proxy,3,2,completo,era_split
1979,xgb,0,0.9717900156974792,1,1,0.41214630007743835,proxy_N3_ge2,proxy,3,2,completo,era_split
1980,xgb,0,0.9654558300971985,1,1,0.41214630007743835,proxy_N3_ge2,proxy,3,2,completo,era_split
1981,xgb,0,0.6225879192352295,1,1,0.41214630007743835,proxy_N3_ge2,proxy,3,2,completo,era_split
1982,xgb,0,0.9229620099067688,1,1,0.41214630007743835,proxy_N3_ge2,proxy,3,2,completo,era_split
1983,xgb,1,0.7076582312583923,1,1,0.41214630007743835,proxy_N3_ge2,proxy,3,2,completo,era_split
1984,xgb,1,0.9423139691352844,1,1,0.41214630007743835,proxy_N3_ge2,proxy,3,2,completo,era_split
1985,xgb,1,0.9334965348243713,1,1,0.41214630007743835,proxy_N3_ge2,proxy,3,2,completo,era_split
1986,xgb,0,0.8076044321060181,1,1,0.41214630007743835,proxy_N3_ge2,proxy,3,2,completo,era_split
1987,xgb,1,0.9301000833511353,1,1,0.41214630007743835,proxy_N3_ge2,proxy,3,2,completo,era_split
1988,xgb,1,0.9603463411331177,1,1,0.41214630007743835,proxy_N3_ge2,proxy,3,2,completo,era_split
1989,xgb,1,0.9092034101486206,1,1,0.41214630007743835,proxy_N3_ge2,proxy,3,2,completo,era_split
1990,xgb,1,0.6566035747528076,1,1,0.41214630007743835,proxy_N3_ge2,proxy,3,2,completo,era_split
1991,xgb,1,0.8646401166915894,1,1,0.41214630007743835,proxy_N3_ge2,proxy,3,2,completo,era_split
1992,xgb,1,0.6485370993614197,1,1,0.41214630007743835,proxy_N3_ge2,proxy,3,2,completo,era_split
1993,xgb,0,0.9472777843475342,1,1,0.41214630007743835,proxy_N3_ge2,proxy,3,2,completo,era_split
1994,xgb,1,0.9568696022033691,1,1,0.41214630007743835,proxy_N3_ge2,proxy,3,2,completo,era_split
1995,xgb,1,0.9654014706611633,1,1,0.41214630007743835,proxy_N3_ge2,proxy,3,2,completo,era_split
1996,xgb,1,0.9542778134346008,1,1,0.41214630007743835,proxy_N3_ge2,proxy,3,2,completo,era_split
1997,xgb,0,0.9552516341209412,1,1,0.41214630007743835,proxy_N3_ge2,proxy,3,2,completo,era_split
1998,xgb,1,0.6810051202774048,1,1,0.41214630007743835,proxy_N3_ge2,proxy,3,2,completo,era_split
1999,xgb,1,0.9566066265106201,1,1,0.41214630007743835,proxy_N3_ge2,proxy,3,2,completo,era_split
2000,xgb,1,0.963533878326416,1,1,0.41214630007743835,proxy_N3_ge2,proxy,3,2,completo,era_split
2001,xgb,0,0.9470076560974121,1,1,0.41214630007743835,proxy_N3_ge2,proxy,3,2,completo,era_split
2002,xgb,0,0.9656077027320862,1,1,0.41214630007743835,proxy_N3_ge2,proxy,3,2,completo,era_split
2003,xgb,0,0.7384148240089417,1,1,0.41214630007743835,proxy_N3_ge2,proxy,3,2,completo,era_split
2004,xgb,0,0.942474365234375,1,1,0.41214630007743835,proxy_N3_ge2,proxy,3,2,completo,era_split
2005,xgb,0,0.9191756844520569,1,1,0.41214630007743835,proxy_N3_ge2,proxy,3,2,completo,era_split
1946,prevalencia,1,0.7547169811320755,1,1,0.5,proxy_N3_ge2,proxy,3,2,completo,era_split
1947,prevalencia,1,0.7547169811320755,1,1,0.5,proxy_N3_ge2,proxy,3,2,completo,era_split
1948,prevalencia,1,0.7547169811320755,1,1,0.5,proxy_N3_ge2,proxy,3,2,completo,era_split
1949,prevalencia,1,0.7547169811320755,1,1,0.5,proxy_N3_ge2,proxy,3,2,completo,era_split
1950,prevalencia,0,0.7547169811320755,1,1,0.5,proxy_N3_ge2,proxy,3,2,completo,era_split
1951,prevalencia,0,0.7547169811320755,1,1,0.5,proxy_N3_ge2,proxy,3,2,completo,era_split
1952,prevalencia,1,0.7547169811320755,1,1,0.5,proxy_N3_ge2,proxy,3,2,completo,era_split
1953,prevalencia,1,0.7547169811320755,1,1,0.5,proxy_N3_ge2,proxy,3,2,completo,era_split
1954,prevalencia,1,0.7547169811320755,1,1,0.5,proxy_N3_ge2,proxy,3,2,completo,era_split
1955,prevalencia,0,0.7547169811320755,1,1,0.5,proxy_N3_ge2,proxy,3,2,completo,era_split
1956,prevalencia,0,0.7547169811320755,1,1,0.5,proxy_N3_ge2,proxy,3,2,completo,era_split
1957,prevalencia,0,0.7547169811320755,1,1,0.5,proxy_N3_ge2,proxy,3,2,completo,era_split
1958,prevalencia,1,0.7547169811320755,1,1,0.5,proxy_N3_ge2,proxy,3,2,completo,era_split
1959,prevalencia,1,0.7547169811320755,1,1,0.5,proxy_N3_ge2,proxy,3,2,completo,era_split
1960,prevalencia,1,0.7547169811320755,1,1,0.5,proxy_N3_ge2,proxy,3,2,completo,era_split
1961,prevalencia,1,0.7547169811320755,1,1,0.5,proxy_N3_ge2,proxy,3,2,completo,era_split
1962,prevalencia,1,0.7547169811320755,1,1,0.5,proxy_N3_ge2,proxy,3,2,completo,era_split
1963,prevalencia,1,0.7547169811320755,1,1,0.5,proxy_N3_ge2,proxy,3,2,completo,era_split
1964,prevalencia,0,0.7547169811320755,1,1,0.5,proxy_N3_ge2,proxy,3,2,completo,era_split
1965,prevalencia,0,0.7547169811320755,1,1,0.5,proxy_N3_ge2,proxy,3,2,completo,era_split
1966,prevalencia,0,0.7547169811320755,1,1,0.5,proxy_N3_ge2,proxy,3,2,completo,era_split
1967,prevalencia,0,0.7547169811320755,1,1,0.5,proxy_N3_ge2,proxy,3,2,completo,era_split
1968,prevalencia,0,0.7547169811320755,1,1,0.5,proxy_N3_ge2,proxy,3,2,completo,era_split
1969,prevalencia,0,0.7547169811320755,1,1,0.5,proxy_N3_ge2,proxy,3,2,completo,era_split
1970,prevalencia,0,0.7547169811320755,1,1,0.5,proxy_N3_ge2,proxy,3,2,completo,era_split
1971,prevalencia,0,0.7547169811320755,1,1,0.5,proxy_N3_ge2,proxy,3,2,completo,era_split
1972,prevalencia,0,0.7547169811320755,1,1,0.5,proxy_N3_ge2,proxy,3,2,completo,era_split
1973,prevalencia,0,0.7547169811320755,1,1,0.5,proxy_N3_ge2,proxy,3,2,completo,era_split
1974,prevalencia,0,0.7547169811320755,1,1,0.5,proxy_N3_ge2,proxy,3,2,completo,era_split
1975,prevalencia,1,0.7547169811320755,1,1,0.5,proxy_N3_ge2,proxy,3,2,completo,era_split
1976,prevalencia,1,0.7547169811320755,1,1,0.5,proxy_N3_ge2,proxy,3,2,completo,era_split
1977,prevalencia,1,0.7547169811320755,1,1,0.5,proxy_N3_ge2,proxy,3,2,completo,era_split
1978,prevalencia,0,0.7547169811320755,1,1,0.5,proxy_N3_ge2,proxy,3,2,completo,era_split
1979,prevalencia,0,0.7547169811320755,1,1,0.5,proxy_N3_ge2,proxy,3,2,completo,era_split
1980,prevalencia,0,0.7547169811320755,1,1,0.5,proxy_N3_ge2,proxy,3,2,completo,era_split
1981,prevalencia,0,0.7547169811320755,1,1,0.5,proxy_N3_ge2,proxy,3,2,completo,era_split
1982,prevalencia,0,0.7547169811320755,1,1,0.5,proxy_N3_ge2,proxy,3,2,completo,era_split
1983,prevalencia,1,0.7547169811320755,1,1,0.5,proxy_N3_ge2,proxy,3,2,completo,era_split
1984,prevalencia,1,0.7547169811320755,1,1,0.5,proxy_N3_ge2,proxy,3,2,completo,era_split
1985,prevalencia,1,0.7547169811320755,1,1,0.5,proxy_N3_ge2,proxy,3,2,completo,era_split
1986,prevalencia,0,0.7547169811320755,1,1,0.5,proxy_N3_ge2,proxy,3,2,completo,era_split
1987,prevalencia,1,0.7547169811320755,1,1,0.5,proxy_N3_ge2,proxy,3,2,completo,era_split
1988,prevalencia,1,0.7547169811320755,1,1,0.5,proxy_N3_ge2,proxy,3,2,completo,era_split
1989,prevalencia,1,0.7547169811320755,1,1,0.5,proxy_N3_ge2,proxy,3,2,completo,era_split
1990,prevalencia,1,0.7547169811320755,1,1,0.5,proxy_N3_ge2,proxy,3,2,completo,era_split
1991,prevalencia,1,0.7547169811320755,1,1,0.5,proxy_N3_ge2,proxy,3,2,completo,era_split
1992,prevalencia,1,0.7547169811320755,1,1,0.5,proxy_N3_ge2,proxy,3,2,completo,era_split
1993,prevalencia,0,0.7547169811320755,1,1,0.5,proxy_N3_ge2,proxy,3,2,completo,era_split
1994,prevalencia,1,0.7547169811320755,1,1,0.5,proxy_N3_ge2,proxy,3,2,completo,era_split
1995,prevalencia,1,0.7547169811320755,1,1,0.5,proxy_N3_ge2,proxy,3,2,completo,era_split
1996,prevalencia,1,0.7547169811320755,1,1,0.5,proxy_N3_ge2,proxy,3,2,completo,era_split
1997,prevalencia,0,0.7547169811320755,1,1,0.5,proxy_N3_ge2,proxy,3,2,completo,era_split
1998,prevalencia,1,0.7547169811320755,1,1,0.5,proxy_N3_ge2,proxy,3,2,completo,era_split
1999,prevalencia,1,0.7547169811320755,1,1,0.5,proxy_N3_ge2,proxy,3,2,completo,era_split
2000,prevalencia,1,0.7547169811320755,1,1,0.5,proxy_N3_ge2,proxy,3,2,completo,era_split
2001,prevalencia,0,0.7547169811320755,1,1,0.5,proxy_N3_ge2,proxy,3,2,completo,era_split
2002,prevalencia,0,0.7547169811320755,1,1,0.5,proxy_N3_ge2,proxy,3,2,completo,era_split
2003,prevalencia,0,0.7547169811320755,1,1,0.5,proxy_N3_ge2,proxy,3,2,completo,era_split
2004,prevalencia,0,0.7547169811320755,1,1,0.5,proxy_N3_ge2,proxy,3,2,completo,era_split
2005,prevalencia,0,0.7547169811320755,1,1,0.5,proxy_N3_ge2,proxy,3,2,completo,era_split
1933,logreg,1,0.9343314262118568,1,1,0.6067600920721463,proxy_N3_ge2,proxy,3,2,sem_dipl,walk_forward
1933,rf,1,0.6173565833517776,1,1,0.5520065135876705,proxy_N3_ge2,proxy,3,2,sem_dipl,walk_forward
1933,xgb,1,0.638167679309845,1,1,0.6162889003753662,proxy_N3_ge2,proxy,3,2,sem_dipl,walk_forward
1934,logreg,1,0.7390881964654004,1,1,0.6016139841299241,proxy_N3_ge2,proxy,3,2,sem_dipl,walk_forward
1934,rf,1,0.6657630660125192,1,1,0.5671413833540088,proxy_N3_ge2,proxy,3,2,sem_dipl,walk_forward
1934,xgb,1,0.8682287931442261,1,1,0.6038707494735718,proxy_N3_ge2,proxy,3,2,sem_dipl,walk_forward
1935,logreg,1,0.8215324955341391,1,1,0.5961849681158675,proxy_N3_ge2,proxy,3,2,sem_dipl,walk_forward
1935,rf,1,0.658617160131014,1,1,0.5486471652869064,proxy_N3_ge2,proxy,3,2,sem_dipl,walk_forward
1935,xgb,1,0.896778404712677,1,1,0.5928515791893005,proxy_N3_ge2,proxy,3,2,sem_dipl,walk_forward
1936,logreg,1,0.8760940471140692,1,1,0.5935447814781196,proxy_N3_ge2,proxy,3,2,sem_dipl,walk_forward
1936,rf,1,0.6838398865349151,1,1,0.5364067811405955,proxy_N3_ge2,proxy,3,2,sem_dipl,walk_forward
1936,xgb,1,0.7863680720329285,1,1,0.5737689733505249,proxy_N3_ge2,proxy,3,2,sem_dipl,walk_forward
1937,logreg,1,0.7548928972969677,1,1,0.5890915728754299,proxy_N3_ge2,proxy,3,2,sem_dipl,walk_forward
1937,rf,1,0.724846956154974,1,1,0.5158974077223161,proxy_N3_ge2,proxy,3,2,sem_dipl,walk_forward
1937,xgb,1,0.8970407247543335,1,1,0.5577026009559631,proxy_N3_ge2,proxy,3,2,sem_dipl,walk_forward
1938,logreg,1,0.9769662249589847,1,1,0.5858691140301885,proxy_N3_ge2,proxy,3,2,sem_dipl,walk_forward
1938,rf,1,0.7377910485797573,1,1,0.5317965608408416,proxy_N3_ge2,proxy,3,2,sem_dipl,walk_forward
1938,xgb,1,0.9387862682342529,1,1,0.5352203845977783,proxy_N3_ge2,proxy,3,2,sem_dipl,walk_forward
1939,logreg,1,0.9999498557602994,1,1,0.5916698430115627,proxy_N3_ge2,proxy,3,2,sem_dipl,walk_forward
1939,rf,1,0.7372122289030952,1,1,0.5123573838106508,proxy_N3_ge2,proxy,3,2,sem_dipl,walk_forward
1939,xgb,1,0.969376802444458,1,1,0.5504047870635986,proxy_N3_ge2,proxy,3,2,sem_dipl,walk_forward
1940,logreg,1,0.9997004718639217,1,1,0.5768169882011777,proxy_N3_ge2,proxy,3,2,sem_dipl,walk_forward
1940,rf,1,0.7238393994086844,1,1,0.5108880813938216,proxy_N3_ge2,proxy,3,2,sem_dipl,walk_forward
1940,xgb,1,0.895316481590271,1,1,0.511297345161438,proxy_N3_ge2,proxy,3,2,sem_dipl,walk_forward
1941,logreg,1,0.961359032338945,1,1,0.5840347184362779,proxy_N3_ge2,proxy,3,2,sem_dipl,walk_forward
1941,rf,1,0.6657245094419074,1,1,0.5123286853574767,proxy_N3_ge2,proxy,3,2,sem_dipl,walk_forward
1941,xgb,1,0.8620544672012329,1,1,0.49503210186958313,proxy_N3_ge2,proxy,3,2,sem_dipl,walk_forward
1942,logreg,1,0.9966273290545662,1,1,0.5756123833274475,proxy_N3_ge2,proxy,3,2,sem_dipl,walk_forward
1942,rf,1,0.5654901800283151,1,1,0.51018655000278,proxy_N3_ge2,proxy,3,2,sem_dipl,walk_forward
1942,xgb,1,0.729625940322876,1,1,0.4866248667240143,proxy_N3_ge2,proxy,3,2,sem_dipl,walk_forward
1943,logreg,0,0.007457790238054508,0,0,0.5250528261099319,proxy_N3_ge2,proxy,3,2,sem_dipl,walk_forward
1943,rf,0,0.4356315304845072,0,0,0.5227400972799346,proxy_N3_ge2,proxy,3,2,sem_dipl,walk_forward
1943,xgb,0,0.3712690770626068,0,0,0.48736080527305603,proxy_N3_ge2,proxy,3,2,sem_dipl,walk_forward
1944,logreg,1,0.05022420413447285,0,0,0.5143196159271106,proxy_N3_ge2,proxy,3,2,sem_dipl,walk_forward
1944,rf,1,0.4112672690547868,0,0,0.5202400175890899,proxy_N3_ge2,proxy,3,2,sem_dipl,walk_forward
1944,xgb,1,0.2314606010913849,0,0,0.46329647302627563,proxy_N3_ge2,proxy,3,2,sem_dipl,walk_forward
1945,logreg,1,0.252475884297424,0,0,0.5093228094368666,proxy_N3_ge2,proxy,3,2,sem_dipl,walk_forward
1945,rf,1,0.4808561864047252,0,0,0.5276242992309444,proxy_N3_ge2,proxy,3,2,sem_dipl,walk_forward
1945,xgb,1,0.6286821961402893,1,1,0.4238767921924591,proxy_N3_ge2,proxy,3,2,sem_dipl,walk_forward
1946,logreg,1,5.303306937597464e-07,0,0,0.5006288895535924,proxy_N3_ge2,proxy,3,2,sem_dipl,walk_forward
1946,rf,1,0.3504452043754793,0,0,0.530241825896989,proxy_N3_ge2,proxy,3,2,sem_dipl,walk_forward
1946,xgb,1,0.054003480821847916,0,0,0.4943850040435791,proxy_N3_ge2,proxy,3,2,sem_dipl,walk_forward
1947,logreg,1,6.82872191326337e-05,0,0,0.5080042683333252,proxy_N3_ge2,proxy,3,2,sem_dipl,walk_forward
1947,rf,1,0.43280419704073436,0,0,0.5031051522739519,proxy_N3_ge2,proxy,3,2,sem_dipl,walk_forward
1947,xgb,1,0.4888918697834015,0,1,0.46144750714302063,proxy_N3_ge2,proxy,3,2,sem_dipl,walk_forward
1948,logreg,1,0.5360257525295041,1,1,0.4965243069350251,proxy_N3_ge2,proxy,3,2,sem_dipl,walk_forward
1948,rf,1,0.5786327627153857,1,1,0.5276203571366032,proxy_N3_ge2,proxy,3,2,sem_dipl,walk_forward
1948,xgb,1,0.7756273150444031,1,1,0.5059685707092285,proxy_N3_ge2,proxy,3,2,sem_dipl,walk_forward
1949,logreg,1,0.01586173275059249,0,0,0.47449642606766357,proxy_N3_ge2,proxy,3,2,sem_dipl,walk_forward
1949,rf,1,0.5837760415969492,1,1,0.5548276589449745,proxy_N3_ge2,proxy,3,2,sem_dipl,walk_forward
1949,xgb,1,0.5934356451034546,1,1,0.5062399506568909,proxy_N3_ge2,proxy,3,2,sem_dipl,walk_forward
1950,logreg,0,0.9308073273165884,1,1,0.5028128362347501,proxy_N3_ge2,proxy,3,2,sem_dipl,walk_forward
1950,rf,0,0.7473071402120687,1,1,0.5556801649989911,proxy_N3_ge2,proxy,3,2,sem_dipl,walk_forward
1950,xgb,0,0.8497193455696106,1,1,0.4101637601852417,proxy_N3_ge2,proxy,3,2,sem_dipl,walk_forward
1951,logreg,0,0.7108880125076514,1,1,0.5633148453783963,proxy_N3_ge2,proxy,3,2,sem_dipl,walk_forward
1951,rf,0,0.6777085090957017,1,1,0.5520878153820009,proxy_N3_ge2,proxy,3,2,sem_dipl,walk_forward
1951,xgb,0,0.8107207417488098,1,1,0.3923085331916809,proxy_N3_ge2,proxy,3,2,sem_dipl,walk_forward
1952,logreg,1,0.8093930444850913,1,1,0.5533433569914181,proxy_N3_ge2,proxy,3,2,sem_dipl,walk_forward
1952,rf,1,0.7634469173790839,1,1,0.5519403199177914,proxy_N3_ge2,proxy,3,2,sem_dipl,walk_forward
1952,xgb,1,0.9032922983169556,1,1,0.4144814908504486,proxy_N3_ge2,proxy,3,2,sem_dipl,walk_forward
1953,logreg,1,0.9552544028067813,1,1,0.5423304718346661,proxy_N3_ge2,proxy,3,2,sem_dipl,walk_forward
1953,rf,1,0.8662822949703153,1,1,0.564313173189945,proxy_N3_ge2,proxy,3,2,sem_dipl,walk_forward
1953,xgb,1,0.9852834939956665,1,1,0.4040406048297882,proxy_N3_ge2,proxy,3,2,sem_dipl,walk_forward
1954,logreg,1,0.7342617046361457,1,1,0.48900904936538625,proxy_N3_ge2,proxy,3,2,sem_dipl,walk_forward
1954,rf,1,0.727291539103124,1,1,0.5898570787727979,proxy_N3_ge2,proxy,3,2,sem_dipl,walk_forward
1954,xgb,1,0.894129753112793,1,1,0.5004400014877319,proxy_N3_ge2,proxy,3,2,sem_dipl,walk_forward
1955,logreg,0,0.5518491626617152,1,1,0.48533445840004846,proxy_N3_ge2,proxy,3,2,sem_dipl,walk_forward
1955,rf,0,0.6190182805821333,1,1,0.48529949414248635,proxy_N3_ge2,proxy,3,2,sem_dipl,walk_forward
1955,xgb,0,0.6469743251800537,1,1,0.5706540942192078,proxy_N3_ge2,proxy,3,2,sem_dipl,walk_forward
1956,logreg,0,0.9034891477928758,1,1,0.50482367443794,proxy_N3_ge2,proxy,3,2,sem_dipl,walk_forward
1956,rf,0,0.6824676920841226,1,1,0.487940841403366,proxy_N3_ge2,proxy,3,2,sem_dipl,walk_forward
1956,xgb,0,0.7427440285682678,1,1,0.558110237121582,proxy_N3_ge2,proxy,3,2,sem_dipl,walk_forward
1957,logreg,0,0.4875004725562439,0,1,0.4832081009685808,proxy_N3_ge2,proxy,3,2,sem_dipl,walk_forward
1957,rf,0,0.6356192135575337,1,1,0.5818131403931776,proxy_N3_ge2,proxy,3,2,sem_dipl,walk_forward
1957,xgb,0,0.5666645765304565,1,0,0.569120466709137,proxy_N3_ge2,proxy,3,2,sem_dipl,walk_forward
1958,logreg,1,0.9399081710404833,1,1,0.4711856131395121,proxy_N3_ge2,proxy,3,2,sem_dipl,walk_forward
1958,rf,1,0.8040283127060455,1,1,0.4923995324460977,proxy_N3_ge2,proxy,3,2,sem_dipl,walk_forward
1958,xgb,1,0.9428437352180481,1,1,0.5475791692733765,proxy_N3_ge2,proxy,3,2,sem_dipl,walk_forward
1959,logreg,1,0.8263503212858689,1,1,0.46177623392967104,proxy_N3_ge2,proxy,3,2,sem_dipl,walk_forward
1959,rf,1,0.6565911095269995,1,1,0.4866936241977108,proxy_N3_ge2,proxy,3,2,sem_dipl,walk_forward
1959,xgb,1,0.8902449607849121,1,1,0.6132786273956299,proxy_N3_ge2,proxy,3,2,sem_dipl,walk_forward
1960,logreg,1,0.6991715951131506,1,1,0.4811360153665189,proxy_N3_ge2,proxy,3,2,sem_dipl,walk_forward
1960,rf,1,0.6355873707131257,1,1,0.5388999259364433,proxy_N3_ge2,proxy,3,2,sem_dipl,walk_forward
1960,xgb,1,0.7673466801643372,1,1,0.6699020266532898,proxy_N3_ge2,proxy,3,2,sem_dipl,walk_forward
1961,logreg,1,0.8345906148159663,1,1,0.47647981301832704,proxy_N3_ge2,proxy,3,2,sem_dipl,walk_forward
1961,rf,1,0.5868918307515073,1,1,0.5444589062298564,proxy_N3_ge2,proxy,3,2,sem_dipl,walk_forward
1961,xgb,1,0.892710268497467,1,1,0.7012956738471985,proxy_N3_ge2,proxy,3,2,sem_dipl,walk_forward
1962,logreg,1,0.8537487702591918,1,1,0.4967366851059032,proxy_N3_ge2,proxy,3,2,sem_dipl,walk_forward
1962,rf,1,0.6443061972190344,1,1,0.5429800279203691,proxy_N3_ge2,proxy,3,2,sem_dipl,walk_forward
1962,xgb,1,0.651313841342926,1,0,0.6587814688682556,proxy_N3_ge2,proxy,3,2,sem_dipl,walk_forward
1963,logreg,1,0.9923567962966855,1,1,0.5030929507132105,proxy_N3_ge2,proxy,3,2,sem_dipl,walk_forward
1963,rf,1,0.7456605214469673,1,1,0.5424698686137978,proxy_N3_ge2,proxy,3,2,sem_dipl,walk_forward
1963,xgb,1,0.944840133190155,1,1,0.6451312303543091,proxy_N3_ge2,proxy,3,2,sem_dipl,walk_forward
1964,logreg,0,0.9936831089765664,1,1,0.5037863655921762,proxy_N3_ge2,proxy,3,2,sem_dipl,walk_forward
1964,rf,0,0.6979797781283615,1,1,0.5345603598466446,proxy_N3_ge2,proxy,3,2,sem_dipl,walk_forward
1964,xgb,0,0.934860110282898,1,1,0.6142084002494812,proxy_N3_ge2,proxy,3,2,sem_dipl,walk_forward
1965,logreg,0,0.9947188035743251,1,1,0.4949733441762678,proxy_N3_ge2,proxy,3,2,sem_dipl,walk_forward
1965,rf,0,0.6828932544508807,1,1,0.5343274242664849,proxy_N3_ge2,proxy,3,2,sem_dipl,walk_forward
1965,xgb,0,0.9454511404037476,1,1,0.6466873288154602,proxy_N3_ge2,proxy,3,2,sem_dipl,walk_forward
1966,logreg,0,0.4390661344752025,0,0,0.47894433811998205,proxy_N3_ge2,proxy,3,2,sem_dipl,walk_forward
1966,rf,0,0.6683660004317223,1,1,0.5151271498361442,proxy_N3_ge2,proxy,3,2,sem_dipl,walk_forward
1966,xgb,0,0.8690750598907471,1,1,0.6337770819664001,proxy_N3_ge2,proxy,3,2,sem_dipl,walk_forward
1967,logreg,0,0.8673602468310366,1,1,0.4707728683572808,proxy_N3_ge2,proxy,3,2,sem_dipl,walk_forward
1967,rf,0,0.7923276383482096,1,1,0.5269910637148063,proxy_N3_ge2,proxy,3,2,sem_dipl,walk_forward
1967,xgb,0,0.9834498763084412,1,1,0.6384001970291138,proxy_N3_ge2,proxy,3,2,sem_dipl,walk_forward
1968,logreg,0,0.8115241143699209,1,1,0.4974922877697028,proxy_N3_ge2,proxy,3,2,sem_dipl,walk_forward
1968,rf,0,0.7540923647162083,1,1,0.5189941965952312,proxy_N3_ge2,proxy,3,2,sem_dipl,walk_forward
1968,xgb,0,0.981023371219635,1,1,0.6151915192604065,proxy_N3_ge2,proxy,3,2,sem_dipl,walk_forward
1969,logreg,0,0.6411108496649565,1,1,0.4486850880311832,proxy_N3_ge2,proxy,3,2,sem_dipl,walk_forward
1969,rf,0,0.5893465479417864,1,1,0.5045483055124212,proxy_N3_ge2,proxy,3,2,sem_dipl,walk_forward
1969,xgb,0,0.8601152896881104,1,1,0.6188898682594299,proxy_N3_ge2,proxy,3,2,sem_dipl,walk_forward
1970,logreg,0,0.9743733550683387,1,1,0.44279275235928134,proxy_N3_ge2,proxy,3,2,sem_dipl,walk_forward
1970,rf,0,0.48699131727295436,0,0,0.5190891194823809,proxy_N3_ge2,proxy,3,2,sem_dipl,walk_forward
1970,xgb,0,0.5363574028015137,1,0,0.6313148736953735,proxy_N3_ge2,proxy,3,2,sem_dipl,walk_forward
1971,logreg,0,0.750496201862803,1,1,0.4558562296678185,proxy_N3_ge2,proxy,3,2,sem_dipl,walk_forward
1971,rf,0,0.6776913101590826,1,1,0.5267784325287179,proxy_N3_ge2,proxy,3,2,sem_dipl,walk_forward
1971,xgb,0,0.882219672203064,1,1,0.6939622759819031,proxy_N3_ge2,proxy,3,2,sem_dipl,walk_forward
1972,logreg,0,0.9518230470484176,1,1,0.48458693715161577,proxy_N3_ge2,proxy,3,2,sem_dipl,walk_forward
1972,rf,0,0.5961299249897191,1,1,0.5360615413264921,proxy_N3_ge2,proxy,3,2,sem_dipl,walk_forward
1972,xgb,0,0.6511170268058777,1,0,0.6994380354881287,proxy_N3_ge2,proxy,3,2,sem_dipl,walk_forward
1973,logreg,0,0.9798139098718225,1,1,0.49847486601797925,proxy_N3_ge2,proxy,3,2,sem_dipl,walk_forward
1973,rf,0,0.6211404335968516,1,1,0.5531593761485707,proxy_N3_ge2,proxy,3,2,sem_dipl,walk_forward
1973,xgb,0,0.7791820168495178,1,1,0.6755452752113342,proxy_N3_ge2,proxy,3,2,sem_dipl,walk_forward
1974,logreg,0,0.9574272251738652,1,1,0.4290802602411127,proxy_N3_ge2,proxy,3,2,sem_dipl,walk_forward
1974,rf,0,0.6773268118679785,1,1,0.5568359745930922,proxy_N3_ge2,proxy,3,2,sem_dipl,walk_forward
1974,xgb,0,0.8969870209693909,1,1,0.6742850542068481,proxy_N3_ge2,proxy,3,2,sem_dipl,walk_forward
1975,logreg,1,0.6873350306597443,1,1,0.40177934844626506,proxy_N3_ge2,proxy,3,2,sem_dipl,walk_forward
1975,rf,1,0.5581188119318623,1,1,0.5375407949629059,proxy_N3_ge2,proxy,3,2,sem_dipl,walk_forward
1975,xgb,1,0.7183122634887695,1,0,0.7329793572425842,proxy_N3_ge2,proxy,3,2,sem_dipl,walk_forward
1976,logreg,1,0.7419318921786133,1,1,0.5144962606727675,proxy_N3_ge2,proxy,3,2,sem_dipl,walk_forward
1976,rf,1,0.6187814829017229,1,1,0.5477147807398433,proxy_N3_ge2,proxy,3,2,sem_dipl,walk_forward
1976,xgb,1,0.8573222160339355,1,1,0.7443268299102783,proxy_N3_ge2,proxy,3,2,sem_dipl,walk_forward
1977,logreg,1,0.031752803569473353,0,0,0.4035068722659361,proxy_N3_ge2,proxy,3,2,sem_dipl,walk_forward
1977,rf,1,0.35787822263483926,0,0,0.5519281928846166,proxy_N3_ge2,proxy,3,2,sem_dipl,walk_forward
1977,xgb,1,0.19258040189743042,0,0,0.7530057430267334,proxy_N3_ge2,proxy,3,2,sem_dipl,walk_forward
1978,logreg,0,0.10896744949428705,0,0,0.3908980941093488,proxy_N3_ge2,proxy,3,2,sem_dipl,walk_forward
1978,rf,0,0.41831116813460917,0,0,0.5638819217246973,proxy_N3_ge2,proxy,3,2,sem_dipl,walk_forward
1978,xgb,0,0.22837133705615997,0,0,0.7638458609580994,proxy_N3_ge2,proxy,3,2,sem_dipl,walk_forward
1979,logreg,0,0.5079918777999387,1,1,0.40253116431758423,proxy_N3_ge2,proxy,3,2,sem_dipl,walk_forward
1979,rf,0,0.4893249260006863,0,0,0.5596899489804515,proxy_N3_ge2,proxy,3,2,sem_dipl,walk_forward
1979,xgb,0,0.586347222328186,1,0,0.7756103277206421,proxy_N3_ge2,proxy,3,2,sem_dipl,walk_forward
1980,logreg,0,0.6532812959660319,1,1,0.3973573110587714,proxy_N3_ge2,proxy,3,2,sem_dipl,walk_forward
1980,rf,0,0.6654575605115491,1,1,0.5533871913557098,proxy_N3_ge2,proxy,3,2,sem_dipl,walk_forward
1980,xgb,0,0.9083753824234009,1,1,0.7588793635368347,proxy_N3_ge2,proxy,3,2,sem_dipl,walk_forward
1981,logreg,0,0.5903289229080516,1,1,0.3661206983785235,proxy_N3_ge2,proxy,3,2,sem_dipl,walk_forward
1981,rf,0,0.4658154742409601,0,0,0.5426549560580042,proxy_N3_ge2,proxy,3,2,sem_dipl,walk_forward
1981,xgb,0,0.5599087476730347,1,0,0.7709642648696899,proxy_N3_ge2,proxy,3,2,sem_dipl,walk_forward
1982,logreg,0,0.16192671383437027,0,0,0.37852690107010956,proxy_N3_ge2,proxy,3,2,sem_dipl,walk_forward
1982,rf,0,0.43689482226588583,0,0,0.5295413299153947,proxy_N3_ge2,proxy,3,2,sem_dipl,walk_forward
1982,xgb,0,0.5737388134002686,1,0,0.7714312076568604,proxy_N3_ge2,proxy,3,2,sem_dipl,walk_forward
1983,logreg,1,0.009476492977489308,0,0,0.4181243191961363,proxy_N3_ge2,proxy,3,2,sem_dipl,walk_forward
1983,rf,1,0.3688125191791445,0,0,0.5645059721330762,proxy_N3_ge2,proxy,3,2,sem_dipl,walk_forward
1983,xgb,1,0.12431233376264572,0,0,0.7436609268188477,proxy_N3_ge2,proxy,3,2,sem_dipl,walk_forward
1984,logreg,1,0.10580384452595222,0,0,0.4423923600783451,proxy_N3_ge2,proxy,3,2,sem_dipl,walk_forward
1984,rf,1,0.44275866419101306,0,0,0.580512625191323,proxy_N3_ge2,proxy,3,2,sem_dipl,walk_forward
1984,xgb,1,0.14123249053955078,0,0,0.776658833026886,proxy_N3_ge2,proxy,3,2,sem_dipl,walk_forward
1985,logreg,1,0.010107074817852455,0,0,0.440083309138511,proxy_N3_ge2,proxy,3,2,sem_dipl,walk_forward
1985,rf,1,0.4435917719262017,0,0,0.5872726905163845,proxy_N3_ge2,proxy,3,2,sem_dipl,walk_forward
1985,xgb,1,0.20918987691402435,0,0,0.7595637440681458,proxy_N3_ge2,proxy,3,2,sem_dipl,walk_forward
1986,logreg,0,0.002406761525207697,0,0,0.4465327494469119,proxy_N3_ge2,proxy,3,2,sem_dipl,walk_forward
1986,rf,0,0.2831950167659074,0,0,0.6039355317556423,proxy_N3_ge2,proxy,3,2,sem_dipl,walk_forward
1986,xgb,0,0.02572554349899292,0,0,0.768290102481842,proxy_N3_ge2,proxy,3,2,sem_dipl,walk_forward
1987,logreg,1,0.1073969447456826,0,0,0.5119758449589996,proxy_N3_ge2,proxy,3,2,sem_dipl,walk_forward
1987,rf,1,0.3189529750728607,0,0,0.5946329938549219,proxy_N3_ge2,proxy,3,2,sem_dipl,walk_forward
1987,xgb,1,0.22248725593090057,0,0,0.7823424339294434,proxy_N3_ge2,proxy,3,2,sem_dipl,walk_forward
1988,logreg,1,0.1858487131438164,0,0,0.5347915018315084,proxy_N3_ge2,proxy,3,2,sem_dipl,walk_forward
1988,rf,1,0.568766126331193,1,0,0.5712086279501016,proxy_N3_ge2,proxy,3,2,sem_dipl,walk_forward
1988,xgb,1,0.7518890500068665,1,0,0.7865361571311951,proxy_N3_ge2,proxy,3,2,sem_dipl,walk_forward
1989,logreg,1,0.43759239119107923,0,0,0.5584899600781268,proxy_N3_ge2,proxy,3,2,sem_dipl,walk_forward
1989,rf,1,0.34665962393429733,0,0,0.5754669299840186,proxy_N3_ge2,proxy,3,2,sem_dipl,walk_forward
1989,xgb,1,0.09125056117773056,0,0,0.7926630973815918,proxy_N3_ge2,proxy,3,2,sem_dipl,walk_forward
1990,logreg,1,0.3160826889296752,0,0,0.5614446547093527,proxy_N3_ge2,proxy,3,2,sem_dipl,walk_forward
1990,rf,1,0.39131284356029905,0,0,0.5705968197787479,proxy_N3_ge2,proxy,3,2,sem_dipl,walk_forward
1990,xgb,1,0.211838498711586,0,0,0.8069567084312439,proxy_N3_ge2,proxy,3,2,sem_dipl,walk_forward
1991,logreg,1,0.10365124948648637,0,0,0.5691021288545443,proxy_N3_ge2,proxy,3,2,sem_dipl,walk_forward
1991,rf,1,0.564916838777716,1,0,0.5829885795071671,proxy_N3_ge2,proxy,3,2,sem_dipl,walk_forward
1991,xgb,1,0.830447793006897,1,1,0.7968983054161072,proxy_N3_ge2,proxy,3,2,sem_dipl,walk_forward
1992,logreg,1,0.03296598927150978,0,0,0.47370596839116286,proxy_N3_ge2,proxy,3,2,sem_dipl,walk_forward
1992,rf,1,0.5805079003870051,1,0,0.5817268592189557,proxy_N3_ge2,proxy,3,2,sem_dipl,walk_forward
1992,xgb,1,0.7270038723945618,1,0,0.8099371194839478,proxy_N3_ge2,proxy,3,2,sem_dipl,walk_forward
1993,logreg,0,0.5928724386293026,1,1,0.5000044719580803,proxy_N3_ge2,proxy,3,2,sem_dipl,walk_forward
1993,rf,0,0.6501075669177597,1,1,0.4649895737339746,proxy_N3_ge2,proxy,3,2,sem_dipl,walk_forward
1993,xgb,0,0.6379154920578003,1,0,0.8029709458351135,proxy_N3_ge2,proxy,3,2,sem_dipl,walk_forward
1994,logreg,1,0.691934940507389,1,1,0.4830185382956773,proxy_N3_ge2,proxy,3,2,sem_dipl,walk_forward
1994,rf,1,0.5939038472319522,1,1,0.46583355962634027,proxy_N3_ge2,proxy,3,2,sem_dipl,walk_forward
1994,xgb,1,0.7045839428901672,1,0,0.796044111251831,proxy_N3_ge2,proxy,3,2,sem_dipl,walk_forward
1995,logreg,1,0.8696154621598314,1,1,0.4844908589546426,proxy_N3_ge2,proxy,3,2,sem_dipl,walk_forward
1995,rf,1,0.619494241102731,1,1,0.4893398896464502,proxy_N3_ge2,proxy,3,2,sem_dipl,walk_forward
1995,xgb,1,0.7405678629875183,1,0,0.8011968731880188,proxy_N3_ge2,proxy,3,2,sem_dipl,walk_forward
1996,logreg,1,0.8736422803948687,1,1,0.46532462666716434,proxy_N3_ge2,proxy,3,2,sem_dipl,walk_forward
1996,rf,1,0.7009250895386427,1,1,0.5410067992989178,proxy_N3_ge2,proxy,3,2,sem_dipl,walk_forward
1996,xgb,1,0.8052439093589783,1,1,0.7903444766998291,proxy_N3_ge2,proxy,3,2,sem_dipl,walk_forward
1997,logreg,0,0.7139025506659048,1,1,0.4714412432771304,proxy_N3_ge2,proxy,3,2,sem_dipl,walk_forward
1997,rf,0,0.5731535385899713,1,1,0.5262952140591931,proxy_N3_ge2,proxy,3,2,sem_dipl,walk_forward
1997,xgb,0,0.776732861995697,1,0,0.7894794344902039,proxy_N3_ge2,proxy,3,2,sem_dipl,walk_forward
1998,logreg,1,0.32873432781015227,0,0,0.47370180084911406,proxy_N3_ge2,proxy,3,2,sem_dipl,walk_forward
1998,rf,1,0.574341731615619,1,1,0.5538852146971744,proxy_N3_ge2,proxy,3,2,sem_dipl,walk_forward
1998,xgb,1,0.7202674150466919,1,0,0.7987033724784851,proxy_N3_ge2,proxy,3,2,sem_dipl,walk_forward
1999,logreg,1,0.6150704291863273,1,1,0.47258953715073443,proxy_N3_ge2,proxy,3,2,sem_dipl,walk_forward
1999,rf,1,0.6808764748895755,1,1,0.5426031414077528,proxy_N3_ge2,proxy,3,2,sem_dipl,walk_forward
1999,xgb,1,0.8930005431175232,1,1,0.7813155055046082,proxy_N3_ge2,proxy,3,2,sem_dipl,walk_forward
2000,logreg,1,0.8290609051825002,1,1,0.4751820546503986,proxy_N3_ge2,proxy,3,2,sem_dipl,walk_forward
2000,rf,1,0.6438321428787673,1,1,0.5401012142781816,proxy_N3_ge2,proxy,3,2,sem_dipl,walk_forward
2000,xgb,1,0.7854282855987549,1,1,0.7774106860160828,proxy_N3_ge2,proxy,3,2,sem_dipl,walk_forward
2001,logreg,0,0.8404243694994997,1,1,0.45074587280464895,proxy_N3_ge2,proxy,3,2,sem_dipl,walk_forward
2001,rf,0,0.48024783201705107,0,0,0.5460211593926878,proxy_N3_ge2,proxy,3,2,sem_dipl,walk_forward
2001,xgb,0,0.4036453664302826,0,0,0.7973613142967224,proxy_N3_ge2,proxy,3,2,sem_dipl,walk_forward
2002,logreg,0,0.7561436644005601,1,1,0.46070404250769614,proxy_N3_ge2,proxy,3,2,sem_dipl,walk_forward
2002,rf,0,0.5662118265979029,1,1,0.5434628033962892,proxy_N3_ge2,proxy,3,2,sem_dipl,walk_forward
2002,xgb,0,0.7787418961524963,1,0,0.8040340542793274,proxy_N3_ge2,proxy,3,2,sem_dipl,walk_forward
2003,logreg,0,0.8257718736946609,1,1,0.4646954206863338,proxy_N3_ge2,proxy,3,2,sem_dipl,walk_forward
2003,rf,0,0.7067735371709241,1,1,0.5440980558613179,proxy_N3_ge2,proxy,3,2,sem_dipl,walk_forward
2003,xgb,0,0.8162017464637756,1,1,0.7877721190452576,proxy_N3_ge2,proxy,3,2,sem_dipl,walk_forward
2004,logreg,0,0.6696289532296432,1,1,0.4593717093776517,proxy_N3_ge2,proxy,3,2,sem_dipl,walk_forward
2004,rf,0,0.5977641612562725,1,1,0.5461787011876098,proxy_N3_ge2,proxy,3,2,sem_dipl,walk_forward
2004,xgb,0,0.5649587512016296,1,0,0.7897179126739502,proxy_N3_ge2,proxy,3,2,sem_dipl,walk_forward
2005,logreg,0,0.6104983231901738,1,1,0.466792912361132,proxy_N3_ge2,proxy,3,2,sem_dipl,walk_forward
2005,rf,0,0.4574732376406816,0,0,0.5356763951562622,proxy_N3_ge2,proxy,3,2,sem_dipl,walk_forward
2005,xgb,0,0.2649099826812744,0,0,0.7814701199531555,proxy_N3_ge2,proxy,3,2,sem_dipl,walk_forward
2006,logreg,0,0.44373954270591426,0,0,0.4889084252118833,proxy_N3_ge2,proxy,3,2,sem_dipl,walk_forward
2006,rf,0,0.4743899615850947,0,0,0.5507441920454496,proxy_N3_ge2,proxy,3,2,sem_dipl,walk_forward
2006,xgb,0,0.273710161447525,0,0,0.7825849056243896,proxy_N3_ge2,proxy,3,2,sem_dipl,walk_forward
2007,logreg,0,0.3744875161645903,0,0,0.47557469481076514,proxy_N3_ge2,proxy,3,2,sem_dipl,walk_forward
2007,rf,0,0.4463873116981562,0,0,0.48674153515512586,proxy_N3_ge2,proxy,3,2,sem_dipl,walk_forward
2007,xgb,0,0.21847741305828094,0,0,0.775267481803894,proxy_N3_ge2,proxy,3,2,sem_dipl,walk_forward
2008,logreg,0,0.2100705803614661,0,0,0.4656756809236142,proxy_N3_ge2,proxy,3,2,sem_dipl,walk_forward
2008,rf,0,0.4778917550105716,0,0,0.5471218644248322,proxy_N3_ge2,proxy,3,2,sem_dipl,walk_forward
2008,xgb,0,0.3180347681045532,0,0,0.7936704754829407,proxy_N3_ge2,proxy,3,2,sem_dipl,walk_forward
2009,logreg,0,0.22203138949058743,0,0,0.42225321378485436,proxy_N3_ge2,proxy,3,2,sem_dipl,walk_forward
2009,rf,0,0.46849128626217224,0,0,0.5005459598643269,proxy_N3_ge2,proxy,3,2,sem_dipl,walk_forward
2009,xgb,0,0.2211115062236786,0,0,0.8043375611305237,proxy_N3_ge2,proxy,3,2,sem_dipl,walk_forward
1933,prevalencia,1,0.675,1,1,0.5,proxy_N3_ge2,proxy,3,2,sem_dipl,walk_forward
1933,persistencia,1,1.0,1,1,0.5,proxy_N3_ge2,proxy,3,2,sem_dipl,walk_forward
1933,persistencia_purgada,1,1.0,1,1,0.5,proxy_N3_ge2,proxy,3,2,sem_dipl,walk_forward
1934,prevalencia,1,0.6829268292682927,1,1,0.5,proxy_N3_ge2,proxy,3,2,sem_dipl,walk_forward
1934,persistencia,1,1.0,1,1,0.5,proxy_N3_ge2,proxy,3,2,sem_dipl,walk_forward
1934,persistencia_purgada,1,1.0,1,1,0.5,proxy_N3_ge2,proxy,3,2,sem_dipl,walk_forward
1935,prevalencia,1,0.6904761904761905,1,1,0.5,proxy_N3_ge2,proxy,3,2,sem_dipl,walk_forward
1935,persistencia,1,1.0,1,1,0.5,proxy_N3_ge2,proxy,3,2,sem_dipl,walk_forward
1935,persistencia_purgada,1,1.0,1,1,0.5,proxy_N3_ge2,proxy,3,2,sem_dipl,walk_forward
1936,prevalencia,1,0.6976744186046512,1,1,0.5,proxy_N3_ge2,proxy,3,2,sem_dipl,walk_forward
1936,persistencia,1,1.0,1,1,0.5,proxy_N3_ge2,proxy,3,2,sem_dipl,walk_forward
1936,persistencia_purgada,1,1.0,1,1,0.5,proxy_N3_ge2,proxy,3,2,sem_dipl,walk_forward
1937,prevalencia,1,0.7045454545454546,1,1,0.5,proxy_N3_ge2,proxy,3,2,sem_dipl,walk_forward
1937,persistencia,1,1.0,1,1,0.5,proxy_N3_ge2,proxy,3,2,sem_dipl,walk_forward
1937,persistencia_purgada,1,1.0,1,1,0.5,proxy_N3_ge2,proxy,3,2,sem_dipl,walk_forward
1938,prevalencia,1,0.7111111111111111,1,1,0.5,proxy_N3_ge2,proxy,3,2,sem_dipl,walk_forward
1938,persistencia,1,1.0,1,1,0.5,proxy_N3_ge2,proxy,3,2,sem_dipl,walk_forward
1938,persistencia_purgada,1,1.0,1,1,0.5,proxy_N3_ge2,proxy,3,2,sem_dipl,walk_forward
1939,prevalencia,1,0.717391304347826,1,1,0.5,proxy_N3_ge2,proxy,3,2,sem_dipl,walk_forward
1939,persistencia,1,1.0,1,1,0.5,proxy_N3_ge2,proxy,3,2,sem_dipl,walk_forward
1939,persistencia_purgada,1,1.0,1,1,0.5,proxy_N3_ge2,proxy,3,2,sem_dipl,walk_forward
1940,prevalencia,1,0.723404255319149,1,1,0.5,proxy_N3_ge2,proxy,3,2,sem_dipl,walk_forward
1940,persistencia,1,1.0,1,1,0.5,proxy_N3_ge2,proxy,3,2,sem_dipl,walk_forward
1940,persistencia_purgada,1,1.0,1,1,0.5,proxy_N3_ge2,proxy,3,2,sem_dipl,walk_forward
1941,prevalencia,1,0.7291666666666666,1,1,0.5,proxy_N3_ge2,proxy,3,2,sem_dipl,walk_forward
1941,persistencia,1,1.0,1,1,0.5,proxy_N3_ge2,proxy,3,2,sem_dipl,walk_forward
1941,persistencia_purgada,1,1.0,1,1,0.5,proxy_N3_ge2,proxy,3,2,sem_dipl,walk_forward
1942,prevalencia,1,0.7346938775510204,1,1,0.5,proxy_N3_ge2,proxy,3,2,sem_dipl,walk_forward
1942,persistencia,1,1.0,1,1,0.5,proxy_N3_ge2,proxy,3,2,sem_dipl,walk_forward
1942,persistencia_purgada,1,1.0,1,1,0.5,proxy_N3_ge2,proxy,3,2,sem_dipl,walk_forward
1943,prevalencia,0,0.74,1,1,0.5,proxy_N3_ge2,proxy,3,2,sem_dipl,walk_forward
1943,persistencia,0,1.0,1,1,0.5,proxy_N3_ge2,proxy,3,2,sem_dipl,walk_forward
1943,persistencia_purgada,0,1.0,1,1,0.5,proxy_N3_ge2,proxy,3,2,sem_dipl,walk_forward
1944,prevalencia,1,0.7450980392156863,1,1,0.5,proxy_N3_ge2,proxy,3,2,sem_dipl,walk_forward
1944,persistencia,1,0.0,0,0,0.5,proxy_N3_ge2,proxy,3,2,sem_dipl,walk_forward
1944,persistencia_purgada,1,1.0,1,1,0.5,proxy_N3_ge2,proxy,3,2,sem_dipl,walk_forward
1945,prevalencia,1,0.75,1,1,0.5,proxy_N3_ge2,proxy,3,2,sem_dipl,walk_forward
1945,persistencia,1,1.0,1,1,0.5,proxy_N3_ge2,proxy,3,2,sem_dipl,walk_forward
1945,persistencia_purgada,1,1.0,1,1,0.5,proxy_N3_ge2,proxy,3,2,sem_dipl,walk_forward
1946,prevalencia,1,0.7547169811320755,1,1,0.5,proxy_N3_ge2,proxy,3,2,sem_dipl,walk_forward
1946,persistencia,1,1.0,1,1,0.5,proxy_N3_ge2,proxy,3,2,sem_dipl,walk_forward
1946,persistencia_purgada,1,1.0,1,1,0.5,proxy_N3_ge2,proxy,3,2,sem_dipl,walk_forward
1947,prevalencia,1,0.7407407407407407,1,1,0.5,proxy_N3_ge2,proxy,3,2,sem_dipl,walk_forward
1947,persistencia,1,1.0,1,1,0.5,proxy_N3_ge2,proxy,3,2,sem_dipl,walk_forward
1947,persistencia_purgada,1,0.0,0,0,0.5,proxy_N3_ge2,proxy,3,2,sem_dipl,walk_forward
1948,prevalencia,1,0.7454545454545455,1,1,0.5,proxy_N3_ge2,proxy,3,2,sem_dipl,walk_forward
1948,persistencia,1,1.0,1,1,0.5,proxy_N3_ge2,proxy,3,2,sem_dipl,walk_forward
1948,persistencia_purgada,1,1.0,1,1,0.5,proxy_N3_ge2,proxy,3,2,sem_dipl,walk_forward
1949,prevalencia,1,0.75,1,1,0.5,proxy_N3_ge2,proxy,3,2,sem_dipl,walk_forward
1949,persistencia,1,1.0,1,1,0.5,proxy_N3_ge2,proxy,3,2,sem_dipl,walk_forward
1949,persistencia_purgada,1,1.0,1,1,0.5,proxy_N3_ge2,proxy,3,2,sem_dipl,walk_forward
1950,prevalencia,0,0.7543859649122807,1,1,0.5,proxy_N3_ge2,proxy,3,2,sem_dipl,walk_forward
1950,persistencia,0,1.0,1,1,0.5,proxy_N3_ge2,proxy,3,2,sem_dipl,walk_forward
1950,persistencia_purgada,0,1.0,1,1,0.5,proxy_N3_ge2,proxy,3,2,sem_dipl,walk_forward
1951,prevalencia,0,0.7586206896551724,1,1,0.5,proxy_N3_ge2,proxy,3,2,sem_dipl,walk_forward
1951,persistencia,0,0.0,0,0,0.5,proxy_N3_ge2,proxy,3,2,sem_dipl,walk_forward
1951,persistencia_purgada,0,1.0,1,1,0.5,proxy_N3_ge2,proxy,3,2,sem_dipl,walk_forward
1952,prevalencia,1,0.7627118644067796,1,1,0.5,proxy_N3_ge2,proxy,3,2,sem_dipl,walk_forward
1952,persistencia,1,0.0,0,0,0.5,proxy_N3_ge2,proxy,3,2,sem_dipl,walk_forward
1952,persistencia_purgada,1,1.0,1,1,0.5,proxy_N3_ge2,proxy,3,2,sem_dipl,walk_forward
1953,prevalencia,1,0.7666666666666667,1,1,0.5,proxy_N3_ge2,proxy,3,2,sem_dipl,walk_forward
1953,persistencia,1,1.0,1,1,0.5,proxy_N3_ge2,proxy,3,2,sem_dipl,walk_forward
1953,persistencia_purgada,1,1.0,1,1,0.5,proxy_N3_ge2,proxy,3,2,sem_dipl,walk_forward
1954,prevalencia,1,0.7540983606557377,1,1,0.5,proxy_N3_ge2,proxy,3,2,sem_dipl,walk_forward
1954,persistencia,1,1.0,1,1,0.5,proxy_N3_ge2,proxy,3,2,sem_dipl,walk_forward
1954,persistencia_purgada,1,0.0,0,0,0.5,proxy_N3_ge2,proxy,3,2,sem_dipl,walk_forward
1955,prevalencia,0,0.7419354838709677,1,1,0.5,proxy_N3_ge2,proxy,3,2,sem_dipl,walk_forward
1955,persistencia,0,1.0,1,1,0.5,proxy_N3_ge2,proxy,3,2,sem_dipl,walk_forward
1955,persistencia_purgada,0,0.0,0,0,0.5,proxy_N3_ge2,proxy,3,2,sem_dipl,walk_forward
1956,prevalencia,0,0.746031746031746,1,1,0.5,proxy_N3_ge2,proxy,3,2,sem_dipl,walk_forward
1956,persistencia,0,0.0,0,0,0.5,proxy_N3_ge2,proxy,3,2,sem_dipl,walk_forward
1956,persistencia_purgada,0,1.0,1,1,0.5,proxy_N3_ge2,proxy,3,2,sem_dipl,walk_forward
1957,prevalencia,0,0.75,1,1,0.5,proxy_N3_ge2,proxy,3,2,sem_dipl,walk_forward
1957,persistencia,0,0.0,0,0,0.5,proxy_N3_ge2,proxy,3,2,sem_dipl,walk_forward
1957,persistencia_purgada,0,1.0,1,1,0.5,proxy_N3_ge2,proxy,3,2,sem_dipl,walk_forward
1958,prevalencia,1,0.7538461538461538,1,1,0.5,proxy_N3_ge2,proxy,3,2,sem_dipl,walk_forward
1958,persistencia,1,0.0,0,0,0.5,proxy_N3_ge2,proxy,3,2,sem_dipl,walk_forward
1958,persistencia_purgada,1,1.0,1,1,0.5,proxy_N3_ge2,proxy,3,2,sem_dipl,walk_forward
1959,prevalencia,1,0.7424242424242424,1,1,0.5,proxy_N3_ge2,proxy,3,2,sem_dipl,walk_forward
1959,persistencia,1,1.0,1,1,0.5,proxy_N3_ge2,proxy,3,2,sem_dipl,walk_forward
1959,persistencia_purgada,1,0.0,0,0,0.5,proxy_N3_ge2,proxy,3,2,sem_dipl,walk_forward
1960,prevalencia,1,0.7313432835820896,1,1,0.5,proxy_N3_ge2,proxy,3,2,sem_dipl,walk_forward
1960,persistencia,1,1.0,1,1,0.5,proxy_N3_ge2,proxy,3,2,sem_dipl,walk_forward
1960,persistencia_purgada,1,0.0,0,0,0.5,proxy_N3_ge2,proxy,3,2,sem_dipl,walk_forward
1961,prevalencia,1,0.7205882352941176,1,1,0.5,proxy_N3_ge2,proxy,3,2,sem_dipl,walk_forward
1961,persistencia,1,1.0,1,1,0.5,proxy_N3_ge2,proxy,3,2,sem_dipl,walk_forward
1961,persistencia_purgada,1,0.0,0,0,0.5,proxy_N3_ge2,proxy,3,2,sem_dipl,walk_forward
1962,prevalencia,1,0.7246376811594203,1,1,0.5,proxy_N3_ge2,proxy,3,2,sem_dipl,walk_forward
1962,persistencia,1,1.0,1,1,0.5,proxy_N3_ge2,proxy,3,2,sem_dipl,walk_forward
1962,persistencia_purgada,1,1.0,1,1,0.5,proxy_N3_ge2,proxy,3,2,sem_dipl,walk_forward
1963,prevalencia,1,0.7285714285714285,1,1,0.5,proxy_N3_ge2,proxy,3,2,sem_dipl,walk_forward
1963,persistencia,1,1.0,1,1,0.5,proxy_N3_ge2,proxy,3,2,sem_dipl,walk_forward
1963,persistencia_purgada,1,1.0,1,1,0.5,proxy_N3_ge2,proxy,3,2,sem_dipl,walk_forward
1964,prevalencia,0,0.7323943661971831,1,1,0.5,proxy_N3_ge2,proxy,3,2,sem_dipl,walk_forward
1964,persistencia,0,1.0,1,1,0.5,proxy_N3_ge2,proxy,3,2,sem_dipl,walk_forward
1964,persistencia_purgada,0,1.0,1,1,0.5,proxy_N3_ge2,proxy,3,2,sem_dipl,walk_forward
1965,prevalencia,0,0.7361111111111112,1,1,0.5,proxy_N3_ge2,proxy,3,2,sem_dipl,walk_forward
1965,persistencia,0,0.0,0,0,0.5,proxy_N3_ge2,proxy,3,2,sem_dipl,walk_forward
1965,persistencia_purgada,0,1.0,1,1,0.5,proxy_N3_ge2,proxy,3,2,sem_dipl,walk_forward
1966,prevalencia,0,0.7397260273972602,1,1,0.5,proxy_N3_ge2,proxy,3,2,sem_dipl,walk_forward
1966,persistencia,0,0.0,0,0,0.5,proxy_N3_ge2,proxy,3,2,sem_dipl,walk_forward
1966,persistencia_purgada,0,1.0,1,1,0.5,proxy_N3_ge2,proxy,3,2,sem_dipl,walk_forward
1967,prevalencia,0,0.7432432432432432,1,1,0.5,proxy_N3_ge2,proxy,3,2,sem_dipl,walk_forward
1967,persistencia,0,0.0,0,0,0.5,proxy_N3_ge2,proxy,3,2,sem_dipl,walk_forward
1967,persistencia_purgada,0,1.0,1,1,0.5,proxy_N3_ge2,proxy,3,2,sem_dipl,walk_forward
1968,prevalencia,0,0.7333333333333333,1,1,0.5,proxy_N3_ge2,proxy,3,2,sem_dipl,walk_forward
1968,persistencia,0,0.0,0,0,0.5,proxy_N3_ge2,proxy,3,2,sem_dipl,walk_forward
1968,persistencia_purgada,0,0.0,0,0,0.5,proxy_N3_ge2,proxy,3,2,sem_dipl,walk_forward
1969,prevalencia,0,0.7236842105263158,1,1,0.5,proxy_N3_ge2,proxy,3,2,sem_dipl,walk_forward
1969,persistencia,0,0.0,0,0,0.5,proxy_N3_ge2,proxy,3,2,sem_dipl,walk_forward
1969,persistencia_purgada,0,0.0,0,0,0.5,proxy_N3_ge2,proxy,3,2,sem_dipl,walk_forward
1970,prevalencia,0,0.7142857142857143,1,1,0.5,proxy_N3_ge2,proxy,3,2,sem_dipl,walk_forward
1970,persistencia,0,0.0,0,0,0.5,proxy_N3_ge2,proxy,3,2,sem_dipl,walk_forward
1970,persistencia_purgada,0,0.0,0,0,0.5,proxy_N3_ge2,proxy,3,2,sem_dipl,walk_forward
1971,prevalencia,0,0.7051282051282052,1,1,0.5,proxy_N3_ge2,proxy,3,2,sem_dipl,walk_forward
1971,persistencia,0,0.0,0,0,0.5,proxy_N3_ge2,proxy,3,2,sem_dipl,walk_forward
1971,persistencia_purgada,0,0.0,0,0,0.5,proxy_N3_ge2,proxy,3,2,sem_dipl,walk_forward
1972,prevalencia,0,0.6962025316455697,1,1,0.5,proxy_N3_ge2,proxy,3,2,sem_dipl,walk_forward
1972,persistencia,0,0.0,0,0,0.5,proxy_N3_ge2,proxy,3,2,sem_dipl,walk_forward
1972,persistencia_purgada,0,0.0,0,0,0.5,proxy_N3_ge2,proxy,3,2,sem_dipl,walk_forward
1973,prevalencia,0,0.6875,1,1,0.5,proxy_N3_ge2,proxy,3,2,sem_dipl,walk_forward
1973,persistencia,0,0.0,0,0,0.5,proxy_N3_ge2,proxy,3,2,sem_dipl,walk_forward
1973,persistencia_purgada,0,0.0,0,0,0.5,proxy_N3_ge2,proxy,3,2,sem_dipl,walk_forward
1974,prevalencia,0,0.6790123456790124,1,1,0.5,proxy_N3_ge2,proxy,3,2,sem_dipl,walk_forward
1974,persistencia,0,0.0,0,0,0.5,proxy_N3_ge2,proxy,3,2,sem_dipl,walk_forward
1974,persistencia_purgada,0,0.0,0,0,0.5,proxy_N3_ge2,proxy,3,2,sem_dipl,walk_forward
1975,prevalencia,1,0.6707317073170732,1,1,0.5,proxy_N3_ge2,proxy,3,2,sem_dipl,walk_forward
1975,persistencia,1,0.0,0,0,0.5,proxy_N3_ge2,proxy,3,2,sem_dipl,walk_forward
1975,persistencia_purgada,1,0.0,0,0,0.5,proxy_N3_ge2,proxy,3,2,sem_dipl,walk_forward
1976,prevalencia,1,0.6626506024096386,1,1,0.5,proxy_N3_ge2,proxy,3,2,sem_dipl,walk_forward
1976,persistencia,1,1.0,1,1,0.5,proxy_N3_ge2,proxy,3,2,sem_dipl,walk_forward
1976,persistencia_purgada,1,0.0,0,0,0.5,proxy_N3_ge2,proxy,3,2,sem_dipl,walk_forward
1977,prevalencia,1,0.6547619047619048,1,1,0.5,proxy_N3_ge2,proxy,3,2,sem_dipl,walk_forward
1977,persistencia,1,1.0,1,1,0.5,proxy_N3_ge2,proxy,3,2,sem_dipl,walk_forward
1977,persistencia_purgada,1,0.0,0,0,0.5,proxy_N3_ge2,proxy,3,2,sem_dipl,walk_forward
1978,prevalencia,0,0.6470588235294118,1,1,0.5,proxy_N3_ge2,proxy,3,2,sem_dipl,walk_forward
1978,persistencia,0,1.0,1,1,0.5,proxy_N3_ge2,proxy,3,2,sem_dipl,walk_forward
1978,persistencia_purgada,0,0.0,0,0,0.5,proxy_N3_ge2,proxy,3,2,sem_dipl,walk_forward
1979,prevalencia,0,0.6511627906976745,1,1,0.5,proxy_N3_ge2,proxy,3,2,sem_dipl,walk_forward
1979,persistencia,0,0.0,0,0,0.5,proxy_N3_ge2,proxy,3,2,sem_dipl,walk_forward
1979,persistencia_purgada,0,1.0,1,1,0.5,proxy_N3_ge2,proxy,3,2,sem_dipl,walk_forward
1980,prevalencia,0,0.6551724137931034,1,1,0.5,proxy_N3_ge2,proxy,3,2,sem_dipl,walk_forward
1980,persistencia,0,0.0,0,0,0.5,proxy_N3_ge2,proxy,3,2,sem_dipl,walk_forward
1980,persistencia_purgada,0,1.0,1,1,0.5,proxy_N3_ge2,proxy,3,2,sem_dipl,walk_forward
1981,prevalencia,0,0.6590909090909091,1,1,0.5,proxy_N3_ge2,proxy,3,2,sem_dipl,walk_forward
1981,persistencia,0,0.0,0,0,0.5,proxy_N3_ge2,proxy,3,2,sem_dipl,walk_forward
1981,persistencia_purgada,0,1.0,1,1,0.5,proxy_N3_ge2,proxy,3,2,sem_dipl,walk_forward
1982,prevalencia,0,0.651685393258427,1,1,0.5,proxy_N3_ge2,proxy,3,2,sem_dipl,walk_forward
1982,persistencia,0,0.0,0,0,0.5,proxy_N3_ge2,proxy,3,2,sem_dipl,walk_forward
1982,persistencia_purgada,0,0.0,0,0,0.5,proxy_N3_ge2,proxy,3,2,sem_dipl,walk_forward
1983,prevalencia,1,0.6444444444444445,1,1,0.5,proxy_N3_ge2,proxy,3,2,sem_dipl,walk_forward
1983,persistencia,1,0.0,0,0,0.5,proxy_N3_ge2,proxy,3,2,sem_dipl,walk_forward
1983,persistencia_purgada,1,0.0,0,0,0.5,proxy_N3_ge2,proxy,3,2,sem_dipl,walk_forward
1984,prevalencia,1,0.6373626373626373,1,1,0.5,proxy_N3_ge2,proxy,3,2,sem_dipl,walk_forward
1984,persistencia,1,1.0,1,1,0.5,proxy_N3_ge2,proxy,3,2,sem_dipl,walk_forward
1984,persistencia_purgada,1,0.0,0,0,0.5,proxy_N3_ge2,proxy,3,2,sem_dipl,walk_forward
1985,prevalencia,1,0.6304347826086957,1,1,0.5,proxy_N3_ge2,proxy,3,2,sem_dipl,walk_forward
1985,persistencia,1,1.0,1,1,0.5,proxy_N3_ge2,proxy,3,2,sem_dipl,walk_forward
1985,persistencia_purgada,1,0.0,0,0,0.5,proxy_N3_ge2,proxy,3,2,sem_dipl,walk_forward
1986,prevalencia,0,0.6236559139784946,1,1,0.5,proxy_N3_ge2,proxy,3,2,sem_dipl,walk_forward
1986,persistencia,0,1.0,1,1,0.5,proxy_N3_ge2,proxy,3,2,sem_dipl,walk_forward
1986,persistencia_purgada,0,0.0,0,0,0.5,proxy_N3_ge2,proxy,3,2,sem_dipl,walk_forward
1987,prevalencia,1,0.6276595744680851,1,1,0.5,proxy_N3_ge2,proxy,3,2,sem_dipl,walk_forward
1987,persistencia,1,0.0,0,0,0.5,proxy_N3_ge2,proxy,3,2,sem_dipl,walk_forward
1987,persistencia_purgada,1,1.0,1,1,0.5,proxy_N3_ge2,proxy,3,2,sem_dipl,walk_forward
1988,prevalencia,1,0.631578947368421,1,1,0.5,proxy_N3_ge2,proxy,3,2,sem_dipl,walk_forward
1988,persistencia,1,1.0,1,1,0.5,proxy_N3_ge2,proxy,3,2,sem_dipl,walk_forward
1988,persistencia_purgada,1,1.0,1,1,0.5,proxy_N3_ge2,proxy,3,2,sem_dipl,walk_forward
1989,prevalencia,1,0.6354166666666666,1,1,0.5,proxy_N3_ge2,proxy,3,2,sem_dipl,walk_forward
1989,persistencia,1,1.0,1,1,0.5,proxy_N3_ge2,proxy,3,2,sem_dipl,walk_forward
1989,persistencia_purgada,1,1.0,1,1,0.5,proxy_N3_ge2,proxy,3,2,sem_dipl,walk_forward
1990,prevalencia,1,0.6288659793814433,1,1,0.5,proxy_N3_ge2,proxy,3,2,sem_dipl,walk_forward
1990,persistencia,1,1.0,1,1,0.5,proxy_N3_ge2,proxy,3,2,sem_dipl,walk_forward
1990,persistencia_purgada,1,0.0,0,0,0.5,proxy_N3_ge2,proxy,3,2,sem_dipl,walk_forward
1991,prevalencia,1,0.6326530612244898,1,1,0.5,proxy_N3_ge2,proxy,3,2,sem_dipl,walk_forward
1991,persistencia,1,1.0,1,1,0.5,proxy_N3_ge2,proxy,3,2,sem_dipl,walk_forward
1991,persistencia_purgada,1,1.0,1,1,0.5,proxy_N3_ge2,proxy,3,2,sem_dipl,walk_forward
1992,prevalencia,1,0.6363636363636364,1,1,0.5,proxy_N3_ge2,proxy,3,2,sem_dipl,walk_forward
1992,persistencia,1,1.0,1,1,0.5,proxy_N3_ge2,proxy,3,2,sem_dipl,walk_forward
1992,persistencia_purgada,1,1.0,1,1,0.5,proxy_N3_ge2,proxy,3,2,sem_dipl,walk_forward
1993,prevalencia,0,0.64,1,1,0.5,proxy_N3_ge2,proxy,3,2,sem_dipl,walk_forward
1993,persistencia,0,1.0,1,1,0.5,proxy_N3_ge2,proxy,3,2,sem_dipl,walk_forward
1993,persistencia_purgada,0,1.0,1,1,0.5,proxy_N3_ge2,proxy,3,2,sem_dipl,walk_forward
1994,prevalencia,1,0.6435643564356436,1,1,0.5,proxy_N3_ge2,proxy,3,2,sem_dipl,walk_forward
1994,persistencia,1,0.0,0,0,0.5,proxy_N3_ge2,proxy,3,2,sem_dipl,walk_forward
1994,persistencia_purgada,1,1.0,1,1,0.5,proxy_N3_ge2,proxy,3,2,sem_dipl,walk_forward
1995,prevalencia,1,0.6470588235294118,1,1,0.5,proxy_N3_ge2,proxy,3,2,sem_dipl,walk_forward
1995,persistencia,1,1.0,1,1,0.5,proxy_N3_ge2,proxy,3,2,sem_dipl,walk_forward
1995,persistencia_purgada,1,1.0,1,1,0.5,proxy_N3_ge2,proxy,3,2,sem_dipl,walk_forward
1996,prevalencia,1,0.6504854368932039,1,1,0.5,proxy_N3_ge2,proxy,3,2,sem_dipl,walk_forward
1996,persistencia,1,1.0,1,1,0.5,proxy_N3_ge2,proxy,3,2,sem_dipl,walk_forward
1996,persistencia_purgada,1,1.0,1,1,0.5,proxy_N3_ge2,proxy,3,2,sem_dipl,walk_forward
1997,prevalencia,0,0.6442307692307693,1,1,0.5,proxy_N3_ge2,proxy,3,2,sem_dipl,walk_forward
1997,persistencia,0,1.0,1,1,0.5,proxy_N3_ge2,proxy,3,2,sem_dipl,walk_forward
1997,persistencia_purgada,0,0.0,0,0,0.5,proxy_N3_ge2,proxy,3,2,sem_dipl,walk_forward
1998,prevalencia,1,0.6476190476190476,1,1,0.5,proxy_N3_ge2,proxy,3,2,sem_dipl,walk_forward
1998,persistencia,1,0.0,0,0,0.5,proxy_N3_ge2,proxy,3,2,sem_dipl,walk_forward
1998,persistencia_purgada,1,1.0,1,1,0.5,proxy_N3_ge2,proxy,3,2,sem_dipl,walk_forward
1999,prevalencia,1,0.6509433962264151,1,1,0.5,proxy_N3_ge2,proxy,3,2,sem_dipl,walk_forward
1999,persistencia,1,1.0,1,1,0.5,proxy_N3_ge2,proxy,3,2,sem_dipl,walk_forward
1999,persistencia_purgada,1,1.0,1,1,0.5,proxy_N3_ge2,proxy,3,2,sem_dipl,walk_forward
2000,prevalencia,1,0.6542056074766355,1,1,0.5,proxy_N3_ge2,proxy,3,2,sem_dipl,walk_forward
2000,persistencia,1,1.0,1,1,0.5,proxy_N3_ge2,proxy,3,2,sem_dipl,walk_forward
2000,persistencia_purgada,1,1.0,1,1,0.5,proxy_N3_ge2,proxy,3,2,sem_dipl,walk_forward
2001,prevalencia,0,0.6481481481481481,1,1,0.5,proxy_N3_ge2,proxy,3,2,sem_dipl,walk_forward
2001,persistencia,0,1.0,1,1,0.5,proxy_N3_ge2,proxy,3,2,sem_dipl,walk_forward
2001,persistencia_purgada,0,0.0,0,0,0.5,proxy_N3_ge2,proxy,3,2,sem_dipl,walk_forward
2002,prevalencia,0,0.6513761467889908,1,1,0.5,proxy_N3_ge2,proxy,3,2,sem_dipl,walk_forward
2002,persistencia,0,0.0,0,0,0.5,proxy_N3_ge2,proxy,3,2,sem_dipl,walk_forward
2002,persistencia_purgada,0,1.0,1,1,0.5,proxy_N3_ge2,proxy,3,2,sem_dipl,walk_forward
2003,prevalencia,0,0.6545454545454545,1,1,0.5,proxy_N3_ge2,proxy,3,2,sem_dipl,walk_forward
2003,persistencia,0,0.0,0,0,0.5,proxy_N3_ge2,proxy,3,2,sem_dipl,walk_forward
2003,persistencia_purgada,0,1.0,1,1,0.5,proxy_N3_ge2,proxy,3,2,sem_dipl,walk_forward
2004,prevalencia,0,0.6576576576576577,1,1,0.5,proxy_N3_ge2,proxy,3,2,sem_dipl,walk_forward
2004,persistencia,0,0.0,0,0,0.5,proxy_N3_ge2,proxy,3,2,sem_dipl,walk_forward
2004,persistencia_purgada,0,1.0,1,1,0.5,proxy_N3_ge2,proxy,3,2,sem_dipl,walk_forward
2005,prevalencia,0,0.6517857142857143,1,1,0.5,proxy_N3_ge2,proxy,3,2,sem_dipl,walk_forward
2005,persistencia,0,0.0,0,0,0.5,proxy_N3_ge2,proxy,3,2,sem_dipl,walk_forward
2005,persistencia_purgada,0,0.0,0,0,0.5,proxy_N3_ge2,proxy,3,2,sem_dipl,walk_forward
2006,prevalencia,0,0.6460176991150443,1,1,0.5,proxy_N3_ge2,proxy,3,2,sem_dipl,walk_forward
2006,persistencia,0,0.0,0,0,0.5,proxy_N3_ge2,proxy,3,2,sem_dipl,walk_forward
2006,persistencia_purgada,0,0.0,0,0,0.5,proxy_N3_ge2,proxy,3,2,sem_dipl,walk_forward
2007,prevalencia,0,0.6403508771929824,1,1,0.5,proxy_N3_ge2,proxy,3,2,sem_dipl,walk_forward
2007,persistencia,0,0.0,0,0,0.5,proxy_N3_ge2,proxy,3,2,sem_dipl,walk_forward
2007,persistencia_purgada,0,0.0,0,0,0.5,proxy_N3_ge2,proxy,3,2,sem_dipl,walk_forward
2008,prevalencia,0,0.6347826086956522,1,1,0.5,proxy_N3_ge2,proxy,3,2,sem_dipl,walk_forward
2008,persistencia,0,0.0,0,0,0.5,proxy_N3_ge2,proxy,3,2,sem_dipl,walk_forward
2008,persistencia_purgada,0,0.0,0,0,0.5,proxy_N3_ge2,proxy,3,2,sem_dipl,walk_forward
2009,prevalencia,0,0.6293103448275862,1,1,0.5,proxy_N3_ge2,proxy,3,2,sem_dipl,walk_forward
2009,persistencia,0,0.0,0,0,0.5,proxy_N3_ge2,proxy,3,2,sem_dipl,walk_forward
2009,persistencia_purgada,0,0.0,0,0,0.5,proxy_N3_ge2,proxy,3,2,sem_dipl,walk_forward
1946,logreg,1,5.303306937597464e-07,0,0,0.5006288895535924,proxy_N3_ge2,proxy,3,2,sem_dipl,era_split
1947,logreg,1,6.41349780990299e-05,0,0,0.5006288895535924,proxy_N3_ge2,proxy,3,2,sem_dipl,era_split
1948,logreg,1,0.4921855106008424,0,0,0.5006288895535924,proxy_N3_ge2,proxy,3,2,sem_dipl,era_split
1949,logreg,1,0.015210820737848206,0,0,0.5006288895535924,proxy_N3_ge2,proxy,3,2,sem_dipl,era_split
1950,logreg,0,0.6205110060223487,1,1,0.5006288895535924,proxy_N3_ge2,proxy,3,2,sem_dipl,era_split
1951,logreg,0,0.08877818550604766,0,0,0.5006288895535924,proxy_N3_ge2,proxy,3,2,sem_dipl,era_split
1952,logreg,1,0.10906174395867178,0,0,0.5006288895535924,proxy_N3_ge2,proxy,3,2,sem_dipl,era_split
1953,logreg,1,0.5341849893818693,1,1,0.5006288895535924,proxy_N3_ge2,proxy,3,2,sem_dipl,era_split
1954,logreg,1,0.3546933611799866,0,0,0.5006288895535924,proxy_N3_ge2,proxy,3,2,sem_dipl,era_split
1955,logreg,0,0.10309570365809105,0,0,0.5006288895535924,proxy_N3_ge2,proxy,3,2,sem_dipl,era_split
1956,logreg,0,0.604267911179307,1,1,0.5006288895535924,proxy_N3_ge2,proxy,3,2,sem_dipl,era_split
1957,logreg,0,0.18339556301716856,0,0,0.5006288895535924,proxy_N3_ge2,proxy,3,2,sem_dipl,era_split
1958,logreg,1,0.41426890471753147,0,0,0.5006288895535924,proxy_N3_ge2,proxy,3,2,sem_dipl,era_split
1959,logreg,1,0.7247131118751741,1,1,0.5006288895535924,proxy_N3_ge2,proxy,3,2,sem_dipl,era_split
1960,logreg,1,0.6945541222594269,1,1,0.5006288895535924,proxy_N3_ge2,proxy,3,2,sem_dipl,era_split
1961,logreg,1,0.9246311250656054,1,1,0.5006288895535924,proxy_N3_ge2,proxy,3,2,sem_dipl,era_split
1962,logreg,1,0.7577810543421816,1,1,0.5006288895535924,proxy_N3_ge2,proxy,3,2,sem_dipl,era_split
1963,logreg,1,0.9948816439937471,1,1,0.5006288895535924,proxy_N3_ge2,proxy,3,2,sem_dipl,era_split
1964,logreg,0,0.9939969176894489,1,1,0.5006288895535924,proxy_N3_ge2,proxy,3,2,sem_dipl,era_split
1965,logreg,0,0.997471104341458,1,1,0.5006288895535924,proxy_N3_ge2,proxy,3,2,sem_dipl,era_split
1966,logreg,0,0.301863036008832,0,0,0.5006288895535924,proxy_N3_ge2,proxy,3,2,sem_dipl,era_split
1967,logreg,0,0.45056950781148825,0,0,0.5006288895535924,proxy_N3_ge2,proxy,3,2,sem_dipl,era_split
1968,logreg,0,0.8267437551305832,1,1,0.5006288895535924,proxy_N3_ge2,proxy,3,2,sem_dipl,era_split
1969,logreg,0,0.7853743043554012,1,1,0.5006288895535924,proxy_N3_ge2,proxy,3,2,sem_dipl,era_split
1970,logreg,0,0.7914379120228583,1,1,0.5006288895535924,proxy_N3_ge2,proxy,3,2,sem_dipl,era_split
1971,logreg,0,0.8356194197581397,1,1,0.5006288895535924,proxy_N3_ge2,proxy,3,2,sem_dipl,era_split
1972,logreg,0,0.9709328640815601,1,1,0.5006288895535924,proxy_N3_ge2,proxy,3,2,sem_dipl,era_split
1973,logreg,0,0.9957944428889483,1,1,0.5006288895535924,proxy_N3_ge2,proxy,3,2,sem_dipl,era_split
1974,logreg,0,0.9875098810728313,1,1,0.5006288895535924,proxy_N3_ge2,proxy,3,2,sem_dipl,era_split
1975,logreg,1,0.9878636405982358,1,1,0.5006288895535924,proxy_N3_ge2,proxy,3,2,sem_dipl,era_split
1976,logreg,1,0.9990003780090431,1,1,0.5006288895535924,proxy_N3_ge2,proxy,3,2,sem_dipl,era_split
1977,logreg,1,0.9472512870748501,1,1,0.5006288895535924,proxy_N3_ge2,proxy,3,2,sem_dipl,era_split
1978,logreg,0,0.9978610136073401,1,1,0.5006288895535924,proxy_N3_ge2,proxy,3,2,sem_dipl,era_split
1979,logreg,0,0.9980393787664994,1,1,0.5006288895535924,proxy_N3_ge2,proxy,3,2,sem_dipl,era_split
1980,logreg,0,0.9979889191974767,1,1,0.5006288895535924,proxy_N3_ge2,proxy,3,2,sem_dipl,era_split
1981,logreg,0,0.9911423200190874,1,1,0.5006288895535924,proxy_N3_ge2,proxy,3,2,sem_dipl,era_split
1982,logreg,0,0.3462873722765347,0,0,0.5006288895535924,proxy_N3_ge2,proxy,3,2,sem_dipl,era_split
1983,logreg,1,0.6175529220622112,1,1,0.5006288895535924,proxy_N3_ge2,proxy,3,2,sem_dipl,era_split
1984,logreg,1,0.933172147636444,1,1,0.5006288895535924,proxy_N3_ge2,proxy,3,2,sem_dipl,era_split
1985,logreg,1,0.9584573262951113,1,1,0.5006288895535924,proxy_N3_ge2,proxy,3,2,sem_dipl,era_split
1986,logreg,0,0.12479930603529936,0,0,0.5006288895535924,proxy_N3_ge2,proxy,3,2,sem_dipl,era_split
1987,logreg,1,0.8803155467703977,1,1,0.5006288895535924,proxy_N3_ge2,proxy,3,2,sem_dipl,era_split
1988,logreg,1,0.9856992613204002,1,1,0.5006288895535924,proxy_N3_ge2,proxy,3,2,sem_dipl,era_split
1989,logreg,1,0.7812314496889732,1,1,0.5006288895535924,proxy_N3_ge2,proxy,3,2,sem_dipl,era_split
1990,logreg,1,0.5711204736622686,1,1,0.5006288895535924,proxy_N3_ge2,proxy,3,2,sem_dipl,era_split
1991,logreg,1,0.005997093017528818,0,0,0.5006288895535924,proxy_N3_ge2,proxy,3,2,sem_dipl,era_split
1992,logreg,1,0.08362528444889115,0,0,0.5006288895535924,proxy_N3_ge2,proxy,3,2,sem_dipl,era_split
1993,logreg,0,0.7433457788538533,1,1,0.5006288895535924,proxy_N3_ge2,proxy,3,2,sem_dipl,era_split
1994,logreg,1,0.9258136829639284,1,1,0.5006288895535924,proxy_N3_ge2,proxy,3,2,sem_dipl,era_split
1995,logreg,1,0.9934645377574082,1,1,0.5006288895535924,proxy_N3_ge2,proxy,3,2,sem_dipl,era_split
1996,logreg,1,0.993151454966986,1,1,0.5006288895535924,proxy_N3_ge2,proxy,3,2,sem_dipl,era_split
1997,logreg,0,0.9855267497757727,1,1,0.5006288895535924,proxy_N3_ge2,proxy,3,2,sem_dipl,era_split
1998,logreg,1,0.5397217790668829,1,1,0.5006288895535924,proxy_N3_ge2,proxy,3,2,sem_dipl,era_split
1999,logreg,1,0.9656508609721387,1,1,0.5006288895535924,proxy_N3_ge2,proxy,3,2,sem_dipl,era_split
2000,logreg,1,0.906966743393079,1,1,0.5006288895535924,proxy_N3_ge2,proxy,3,2,sem_dipl,era_split
2001,logreg,0,0.7444487372612884,1,1,0.5006288895535924,proxy_N3_ge2,proxy,3,2,sem_dipl,era_split
2002,logreg,0,0.11296526978272411,0,0,0.5006288895535924,proxy_N3_ge2,proxy,3,2,sem_dipl,era_split
2003,logreg,0,0.9746973818996226,1,1,0.5006288895535924,proxy_N3_ge2,proxy,3,2,sem_dipl,era_split
2004,logreg,0,0.9479634933644674,1,1,0.5006288895535924,proxy_N3_ge2,proxy,3,2,sem_dipl,era_split
2005,logreg,0,0.9507399858437918,1,1,0.5006288895535924,proxy_N3_ge2,proxy,3,2,sem_dipl,era_split
2006,logreg,0,0.8785227813495534,1,1,0.5006288895535924,proxy_N3_ge2,proxy,3,2,sem_dipl,era_split
2007,logreg,0,0.8678793971541832,1,1,0.5006288895535924,proxy_N3_ge2,proxy,3,2,sem_dipl,era_split
2008,logreg,0,0.5102095632107785,1,1,0.5006288895535924,proxy_N3_ge2,proxy,3,2,sem_dipl,era_split
2009,logreg,0,0.8485645069539055,1,1,0.5006288895535924,proxy_N3_ge2,proxy,3,2,sem_dipl,era_split
1946,rf,1,0.3504452043754793,0,0,0.530241825896989,proxy_N3_ge2,proxy,3,2,sem_dipl,era_split
1947,rf,1,0.47427079318063986,0,0,0.530241825896989,proxy_N3_ge2,proxy,3,2,sem_dipl,era_split
1948,rf,1,0.6187099381483552,1,1,0.530241825896989,proxy_N3_ge2,proxy,3,2,sem_dipl,era_split
1949,rf,1,0.6005120166934967,1,1,0.530241825896989,proxy_N3_ge2,proxy,3,2,sem_dipl,era_split
1950,rf,0,0.7136302610585963,1,1,0.530241825896989,proxy_N3_ge2,proxy,3,2,sem_dipl,era_split
1951,rf,0,0.6697587501879165,1,1,0.530241825896989,proxy_N3_ge2,proxy,3,2,sem_dipl,era_split
1952,rf,1,0.7118401546797313,1,1,0.530241825896989,proxy_N3_ge2,proxy,3,2,sem_dipl,era_split
1953,rf,1,0.7970034382282991,1,1,0.530241825896989,proxy_N3_ge2,proxy,3,2,sem_dipl,era_split
1954,rf,1,0.7640110423443042,1,1,0.530241825896989,proxy_N3_ge2,proxy,3,2,sem_dipl,era_split
1955,rf,0,0.7382415740267101,1,1,0.530241825896989,proxy_N3_ge2,proxy,3,2,sem_dipl,era_split
1956,rf,0,0.6649527824590853,1,1,0.530241825896989,proxy_N3_ge2,proxy,3,2,sem_dipl,era_split
1957,rf,0,0.5921037110713344,1,1,0.530241825896989,proxy_N3_ge2,proxy,3,2,sem_dipl,era_split
1958,rf,1,0.7445606113857555,1,1,0.530241825896989,proxy_N3_ge2,proxy,3,2,sem_dipl,era_split
1959,rf,1,0.6983946804945711,1,1,0.530241825896989,proxy_N3_ge2,proxy,3,2,sem_dipl,era_split
1960,rf,1,0.7073922820266104,1,1,0.530241825896989,proxy_N3_ge2,proxy,3,2,sem_dipl,era_split
1961,rf,1,0.6881401440360418,1,1,0.530241825896989,proxy_N3_ge2,proxy,3,2,sem_dipl,era_split
1962,rf,1,0.7101194521610377,1,1,0.530241825896989,proxy_N3_ge2,proxy,3,2,sem_dipl,era_split
1963,rf,1,0.8131158539605092,1,1,0.530241825896989,proxy_N3_ge2,proxy,3,2,sem_dipl,era_split
1964,rf,0,0.754275871252525,1,1,0.530241825896989,proxy_N3_ge2,proxy,3,2,sem_dipl,era_split
1965,rf,0,0.6798490849984067,1,1,0.530241825896989,proxy_N3_ge2,proxy,3,2,sem_dipl,era_split
1966,rf,0,0.655852779883004,1,1,0.530241825896989,proxy_N3_ge2,proxy,3,2,sem_dipl,era_split
1967,rf,0,0.7624185379245597,1,1,0.530241825896989,proxy_N3_ge2,proxy,3,2,sem_dipl,era_split
1968,rf,0,0.8262279303876112,1,1,0.530241825896989,proxy_N3_ge2,proxy,3,2,sem_dipl,era_split
1969,rf,0,0.7442337434751123,1,1,0.530241825896989,proxy_N3_ge2,proxy,3,2,sem_dipl,era_split
1970,rf,0,0.7641867005446024,1,1,0.530241825896989,proxy_N3_ge2,proxy,3,2,sem_dipl,era_split
1971,rf,0,0.8191670628178553,1,1,0.530241825896989,proxy_N3_ge2,proxy,3,2,sem_dipl,era_split
1972,rf,0,0.8090731916978403,1,1,0.530241825896989,proxy_N3_ge2,proxy,3,2,sem_dipl,era_split
1973,rf,0,0.8690067412203029,1,1,0.530241825896989,proxy_N3_ge2,proxy,3,2,sem_dipl,era_split
1974,rf,0,0.8649718077516739,1,1,0.530241825896989,proxy_N3_ge2,proxy,3,2,sem_dipl,era_split
1975,rf,1,0.8125872913946115,1,1,0.530241825896989,proxy_N3_ge2,proxy,3,2,sem_dipl,era_split
1976,rf,1,0.9010546428283032,1,1,0.530241825896989,proxy_N3_ge2,proxy,3,2,sem_dipl,era_split
1977,rf,1,0.7009210131125865,1,1,0.530241825896989,proxy_N3_ge2,proxy,3,2,sem_dipl,era_split
1978,rf,0,0.9025046628354064,1,1,0.530241825896989,proxy_N3_ge2,proxy,3,2,sem_dipl,era_split
1979,rf,0,0.884228320600273,1,1,0.530241825896989,proxy_N3_ge2,proxy,3,2,sem_dipl,era_split
1980,rf,0,0.8767120517406912,1,1,0.530241825896989,proxy_N3_ge2,proxy,3,2,sem_dipl,era_split
1981,rf,0,0.6989898219312695,1,1,0.530241825896989,proxy_N3_ge2,proxy,3,2,sem_dipl,era_split
1982,rf,0,0.7943330760074578,1,1,0.530241825896989,proxy_N3_ge2,proxy,3,2,sem_dipl,era_split
1983,rf,1,0.6858010931823071,1,1,0.530241825896989,proxy_N3_ge2,proxy,3,2,sem_dipl,era_split
1984,rf,1,0.8379208859805993,1,1,0.530241825896989,proxy_N3_ge2,proxy,3,2,sem_dipl,era_split
1985,rf,1,0.8280297390583493,1,1,0.530241825896989,proxy_N3_ge2,proxy,3,2,sem_dipl,era_split
1986,rf,0,0.6657149615758693,1,1,0.530241825896989,proxy_N3_ge2,proxy,3,2,sem_dipl,era_split
1987,rf,1,0.8029361438563235,1,1,0.530241825896989,proxy_N3_ge2,proxy,3,2,sem_dipl,era_split
1988,rf,1,0.8765852696862223,1,1,0.530241825896989,proxy_N3_ge2,proxy,3,2,sem_dipl,era_split
1989,rf,1,0.7678582008694492,1,1,0.530241825896989,proxy_N3_ge2,proxy,3,2,sem_dipl,era_split
1990,rf,1,0.6791579612356018,1,1,0.530241825896989,proxy_N3_ge2,proxy,3,2,sem_dipl,era_split
1991,rf,1,0.7147215297104657,1,1,0.530241825896989,proxy_N3_ge2,proxy,3,2,sem_dipl,era_split
1992,rf,1,0.7087312954637937,1,1,0.530241825896989,proxy_N3_ge2,proxy,3,2,sem_dipl,era_split
1993,rf,0,0.8806138257250374,1,1,0.530241825896989,proxy_N3_ge2,proxy,3,2,sem_dipl,era_split
1994,rf,1,0.847707039095112,1,1,0.530241825896989,proxy_N3_ge2,proxy,3,2,sem_dipl,era_split
1995,rf,1,0.8996447685353505,1,1,0.530241825896989,proxy_N3_ge2,proxy,3,2,sem_dipl,era_split
1996,rf,1,0.8964039147939673,1,1,0.530241825896989,proxy_N3_ge2,proxy,3,2,sem_dipl,era_split
1997,rf,0,0.8833114531026541,1,1,0.530241825896989,proxy_N3_ge2,proxy,3,2,sem_dipl,era_split
1998,rf,1,0.7801705233575668,1,1,0.530241825896989,proxy_N3_ge2,proxy,3,2,sem_dipl,era_split
1999,rf,1,0.8901914214769796,1,1,0.530241825896989,proxy_N3_ge2,proxy,3,2,sem_dipl,era_split
2000,rf,1,0.8781739023066696,1,1,0.530241825896989,proxy_N3_ge2,proxy,3,2,sem_dipl,era_split
2001,rf,0,0.843129383525637,1,1,0.530241825896989,proxy_N3_ge2,proxy,3,2,sem_dipl,era_split
2002,rf,0,0.823072369028556,1,1,0.530241825896989,proxy_N3_ge2,proxy,3,2,sem_dipl,era_split
2003,rf,0,0.8120247331969479,1,1,0.530241825896989,proxy_N3_ge2,proxy,3,2,sem_dipl,era_split
2004,rf,0,0.8536098734486308,1,1,0.530241825896989,proxy_N3_ge2,proxy,3,2,sem_dipl,era_split
2005,rf,0,0.8345687581052651,1,1,0.530241825896989,proxy_N3_ge2,proxy,3,2,sem_dipl,era_split
2006,rf,0,0.8460910252904091,1,1,0.530241825896989,proxy_N3_ge2,proxy,3,2,sem_dipl,era_split
2007,rf,0,0.8679634962383679,1,1,0.530241825896989,proxy_N3_ge2,proxy,3,2,sem_dipl,era_split
2008,rf,0,0.7431928059732877,1,1,0.530241825896989,proxy_N3_ge2,proxy,3,2,sem_dipl,era_split
2009,rf,0,0.8156354846804329,1,1,0.530241825896989,proxy_N3_ge2,proxy,3,2,sem_dipl,era_split
1946,xgb,1,0.054003480821847916,0,0,0.4943850040435791,proxy_N3_ge2,proxy,3,2,sem_dipl,era_split
1947,xgb,1,0.6787691116333008,1,1,0.4943850040435791,proxy_N3_ge2,proxy,3,2,sem_dipl,era_split
1948,xgb,1,0.8419852256774902,1,1,0.4943850040435791,proxy_N3_ge2,proxy,3,2,sem_dipl,era_split
1949,xgb,1,0.5347537398338318,1,1,0.4943850040435791,proxy_N3_ge2,proxy,3,2,sem_dipl,era_split
1950,xgb,0,0.9288548827171326,1,1,0.4943850040435791,proxy_N3_ge2,proxy,3,2,sem_dipl,era_split
1951,xgb,0,0.8849424719810486,1,1,0.4943850040435791,proxy_N3_ge2,proxy,3,2,sem_dipl,era_split
1952,xgb,1,0.8264138698577881,1,1,0.4943850040435791,proxy_N3_ge2,proxy,3,2,sem_dipl,era_split
1953,xgb,1,0.9729687571525574,1,1,0.4943850040435791,proxy_N3_ge2,proxy,3,2,sem_dipl,era_split
1954,xgb,1,0.949995756149292,1,1,0.4943850040435791,proxy_N3_ge2,proxy,3,2,sem_dipl,era_split
1955,xgb,0,0.9454033374786377,1,1,0.4943850040435791,proxy_N3_ge2,proxy,3,2,sem_dipl,era_split
1956,xgb,0,0.889087975025177,1,1,0.4943850040435791,proxy_N3_ge2,proxy,3,2,sem_dipl,era_split
1957,xgb,0,0.3399466574192047,0,0,0.4943850040435791,proxy_N3_ge2,proxy,3,2,sem_dipl,era_split
1958,xgb,1,0.9447627663612366,1,1,0.4943850040435791,proxy_N3_ge2,proxy,3,2,sem_dipl,era_split
1959,xgb,1,0.9121857285499573,1,1,0.4943850040435791,proxy_N3_ge2,proxy,3,2,sem_dipl,era_split
1960,xgb,1,0.9388741850852966,1,1,0.4943850040435791,proxy_N3_ge2,proxy,3,2,sem_dipl,era_split
1961,xgb,1,0.8918619155883789,1,1,0.4943850040435791,proxy_N3_ge2,proxy,3,2,sem_dipl,era_split
1962,xgb,1,0.7191573977470398,1,1,0.4943850040435791,proxy_N3_ge2,proxy,3,2,sem_dipl,era_split
1963,xgb,1,0.928194522857666,1,1,0.4943850040435791,proxy_N3_ge2,proxy,3,2,sem_dipl,era_split
1964,xgb,0,0.8707130551338196,1,1,0.4943850040435791,proxy_N3_ge2,proxy,3,2,sem_dipl,era_split
1965,xgb,0,0.8573228120803833,1,1,0.4943850040435791,proxy_N3_ge2,proxy,3,2,sem_dipl,era_split
1966,xgb,0,0.5381799936294556,1,1,0.4943850040435791,proxy_N3_ge2,proxy,3,2,sem_dipl,era_split
1967,xgb,0,0.9653053879737854,1,1,0.4943850040435791,proxy_N3_ge2,proxy,3,2,sem_dipl,era_split
1968,xgb,0,0.9742810130119324,1,1,0.4943850040435791,proxy_N3_ge2,proxy,3,2,sem_dipl,era_split
1969,xgb,0,0.9516680240631104,1,1,0.4943850040435791,proxy_N3_ge2,proxy,3,2,sem_dipl,era_split
1970,xgb,0,0.9409708976745605,1,1,0.4943850040435791,proxy_N3_ge2,proxy,3,2,sem_dipl,era_split
1971,xgb,0,0.847054123878479,1,1,0.4943850040435791,proxy_N3_ge2,proxy,3,2,sem_dipl,era_split
1972,xgb,0,0.9439897537231445,1,1,0.4943850040435791,proxy_N3_ge2,proxy,3,2,sem_dipl,era_split
1973,xgb,0,0.9800968766212463,1,1,0.4943850040435791,proxy_N3_ge2,proxy,3,2,sem_dipl,era_split
1974,xgb,0,0.9789240956306458,1,1,0.4943850040435791,proxy_N3_ge2,proxy,3,2,sem_dipl,era_split
1975,xgb,1,0.9577827453613281,1,1,0.4943850040435791,proxy_N3_ge2,proxy,3,2,sem_dipl,era_split
1976,xgb,1,0.9793175458908081,1,1,0.4943850040435791,proxy_N3_ge2,proxy,3,2,sem_dipl,era_split
1977,xgb,1,0.5587025284767151,1,1,0.4943850040435791,proxy_N3_ge2,proxy,3,2,sem_dipl,era_split
1978,xgb,0,0.9760738611221313,1,1,0.4943850040435791,proxy_N3_ge2,proxy,3,2,sem_dipl,era_split
1979,xgb,0,0.9797003865242004,1,1,0.4943850040435791,proxy_N3_ge2,proxy,3,2,sem_dipl,era_split
1980,xgb,0,0.9666311740875244,1,1,0.4943850040435791,proxy_N3_ge2,proxy,3,2,sem_dipl,era_split
1981,xgb,0,0.6438699960708618,1,1,0.4943850040435791,proxy_N3_ge2,proxy,3,2,sem_dipl,era_split
1982,xgb,0,0.9280441999435425,1,1,0.4943850040435791,proxy_N3_ge2,proxy,3,2,sem_dipl,era_split
1983,xgb,1,0.6807096004486084,1,1,0.4943850040435791,proxy_N3_ge2,proxy,3,2,sem_dipl,era_split
1984,xgb,1,0.9471703767776489,1,1,0.4943850040435791,proxy_N3_ge2,proxy,3,2,sem_dipl,era_split
1985,xgb,1,0.9272189140319824,1,1,0.4943850040435791,proxy_N3_ge2,proxy,3,2,sem_dipl,era_split
1986,xgb,0,0.7183919548988342,1,1,0.4943850040435791,proxy_N3_ge2,proxy,3,2,sem_dipl,era_split
1987,xgb,1,0.9377747774124146,1,1,0.4943850040435791,proxy_N3_ge2,proxy,3,2,sem_dipl,era_split
1988,xgb,1,0.9596186280250549,1,1,0.4943850040435791,proxy_N3_ge2,proxy,3,2,sem_dipl,era_split
1989,xgb,1,0.8673404455184937,1,1,0.4943850040435791,proxy_N3_ge2,proxy,3,2,sem_dipl,era_split
1990,xgb,1,0.6432439088821411,1,1,0.4943850040435791,proxy_N3_ge2,proxy,3,2,sem_dipl,era_split
1991,xgb,1,0.860461950302124,1,1,0.4943850040435791,proxy_N3_ge2,proxy,3,2,sem_dipl,era_split
1992,xgb,1,0.6342044472694397,1,1,0.4943850040435791,proxy_N3_ge2,proxy,3,2,sem_dipl,era_split
1993,xgb,0,0.9491340517997742,1,1,0.4943850040435791,proxy_N3_ge2,proxy,3,2,sem_dipl,era_split
1994,xgb,1,0.9493995904922485,1,1,0.4943850040435791,proxy_N3_ge2,proxy,3,2,sem_dipl,era_split
1995,xgb,1,0.9679571390151978,1,1,0.4943850040435791,proxy_N3_ge2,proxy,3,2,sem_dipl,era_split
1996,xgb,1,0.9587768316268921,1,1,0.4943850040435791,proxy_N3_ge2,proxy,3,2,sem_dipl,era_split
1997,xgb,0,0.9566808342933655,1,1,0.4943850040435791,proxy_N3_ge2,proxy,3,2,sem_dipl,era_split
1998,xgb,1,0.6932131052017212,1,1,0.4943850040435791,proxy_N3_ge2,proxy,3,2,sem_dipl,era_split
1999,xgb,1,0.9585117101669312,1,1,0.4943850040435791,proxy_N3_ge2,proxy,3,2,sem_dipl,era_split
2000,xgb,1,0.9645521640777588,1,1,0.4943850040435791,proxy_N3_ge2,proxy,3,2,sem_dipl,era_split
2001,xgb,0,0.9552135467529297,1,1,0.4943850040435791,proxy_N3_ge2,proxy,3,2,sem_dipl,era_split
2002,xgb,0,0.9705992937088013,1,1,0.4943850040435791,proxy_N3_ge2,proxy,3,2,sem_dipl,era_split
2003,xgb,0,0.7254303097724915,1,1,0.4943850040435791,proxy_N3_ge2,proxy,3,2,sem_dipl,era_split
2004,xgb,0,0.9542928338050842,1,1,0.4943850040435791,proxy_N3_ge2,proxy,3,2,sem_dipl,era_split
2005,xgb,0,0.9312244653701782,1,1,0.4943850040435791,proxy_N3_ge2,proxy,3,2,sem_dipl,era_split
2006,xgb,0,0.9501886963844299,1,1,0.4943850040435791,proxy_N3_ge2,proxy,3,2,sem_dipl,era_split
2007,xgb,0,0.9554840326309204,1,1,0.4943850040435791,proxy_N3_ge2,proxy,3,2,sem_dipl,era_split
2008,xgb,0,0.5724056363105774,1,1,0.4943850040435791,proxy_N3_ge2,proxy,3,2,sem_dipl,era_split
2009,xgb,0,0.9169418811798096,1,1,0.4943850040435791,proxy_N3_ge2,proxy,3,2,sem_dipl,era_split
1946,prevalencia,1,0.7547169811320755,1,1,0.5,proxy_N3_ge2,proxy,3,2,sem_dipl,era_split
1947,prevalencia,1,0.7547169811320755,1,1,0.5,proxy_N3_ge2,proxy,3,2,sem_dipl,era_split
1948,prevalencia,1,0.7547169811320755,1,1,0.5,proxy_N3_ge2,proxy,3,2,sem_dipl,era_split
1949,prevalencia,1,0.7547169811320755,1,1,0.5,proxy_N3_ge2,proxy,3,2,sem_dipl,era_split
1950,prevalencia,0,0.7547169811320755,1,1,0.5,proxy_N3_ge2,proxy,3,2,sem_dipl,era_split
1951,prevalencia,0,0.7547169811320755,1,1,0.5,proxy_N3_ge2,proxy,3,2,sem_dipl,era_split
1952,prevalencia,1,0.7547169811320755,1,1,0.5,proxy_N3_ge2,proxy,3,2,sem_dipl,era_split
1953,prevalencia,1,0.7547169811320755,1,1,0.5,proxy_N3_ge2,proxy,3,2,sem_dipl,era_split
1954,prevalencia,1,0.7547169811320755,1,1,0.5,proxy_N3_ge2,proxy,3,2,sem_dipl,era_split
1955,prevalencia,0,0.7547169811320755,1,1,0.5,proxy_N3_ge2,proxy,3,2,sem_dipl,era_split
1956,prevalencia,0,0.7547169811320755,1,1,0.5,proxy_N3_ge2,proxy,3,2,sem_dipl,era_split
1957,prevalencia,0,0.7547169811320755,1,1,0.5,proxy_N3_ge2,proxy,3,2,sem_dipl,era_split
1958,prevalencia,1,0.7547169811320755,1,1,0.5,proxy_N3_ge2,proxy,3,2,sem_dipl,era_split
1959,prevalencia,1,0.7547169811320755,1,1,0.5,proxy_N3_ge2,proxy,3,2,sem_dipl,era_split
1960,prevalencia,1,0.7547169811320755,1,1,0.5,proxy_N3_ge2,proxy,3,2,sem_dipl,era_split
1961,prevalencia,1,0.7547169811320755,1,1,0.5,proxy_N3_ge2,proxy,3,2,sem_dipl,era_split
1962,prevalencia,1,0.7547169811320755,1,1,0.5,proxy_N3_ge2,proxy,3,2,sem_dipl,era_split
1963,prevalencia,1,0.7547169811320755,1,1,0.5,proxy_N3_ge2,proxy,3,2,sem_dipl,era_split
1964,prevalencia,0,0.7547169811320755,1,1,0.5,proxy_N3_ge2,proxy,3,2,sem_dipl,era_split
1965,prevalencia,0,0.7547169811320755,1,1,0.5,proxy_N3_ge2,proxy,3,2,sem_dipl,era_split
1966,prevalencia,0,0.7547169811320755,1,1,0.5,proxy_N3_ge2,proxy,3,2,sem_dipl,era_split
1967,prevalencia,0,0.7547169811320755,1,1,0.5,proxy_N3_ge2,proxy,3,2,sem_dipl,era_split
1968,prevalencia,0,0.7547169811320755,1,1,0.5,proxy_N3_ge2,proxy,3,2,sem_dipl,era_split
1969,prevalencia,0,0.7547169811320755,1,1,0.5,proxy_N3_ge2,proxy,3,2,sem_dipl,era_split
1970,prevalencia,0,0.7547169811320755,1,1,0.5,proxy_N3_ge2,proxy,3,2,sem_dipl,era_split
1971,prevalencia,0,0.7547169811320755,1,1,0.5,proxy_N3_ge2,proxy,3,2,sem_dipl,era_split
1972,prevalencia,0,0.7547169811320755,1,1,0.5,proxy_N3_ge2,proxy,3,2,sem_dipl,era_split
1973,prevalencia,0,0.7547169811320755,1,1,0.5,proxy_N3_ge2,proxy,3,2,sem_dipl,era_split
1974,prevalencia,0,0.7547169811320755,1,1,0.5,proxy_N3_ge2,proxy,3,2,sem_dipl,era_split
1975,prevalencia,1,0.7547169811320755,1,1,0.5,proxy_N3_ge2,proxy,3,2,sem_dipl,era_split
1976,prevalencia,1,0.7547169811320755,1,1,0.5,proxy_N3_ge2,proxy,3,2,sem_dipl,era_split
1977,prevalencia,1,0.7547169811320755,1,1,0.5,proxy_N3_ge2,proxy,3,2,sem_dipl,era_split
1978,prevalencia,0,0.7547169811320755,1,1,0.5,proxy_N3_ge2,proxy,3,2,sem_dipl,era_split
1979,prevalencia,0,0.7547169811320755,1,1,0.5,proxy_N3_ge2,proxy,3,2,sem_dipl,era_split
1980,prevalencia,0,0.7547169811320755,1,1,0.5,proxy_N3_ge2,proxy,3,2,sem_dipl,era_split
1981,prevalencia,0,0.7547169811320755,1,1,0.5,proxy_N3_ge2,proxy,3,2,sem_dipl,era_split
1982,prevalencia,0,0.7547169811320755,1,1,0.5,proxy_N3_ge2,proxy,3,2,sem_dipl,era_split
1983,prevalencia,1,0.7547169811320755,1,1,0.5,proxy_N3_ge2,proxy,3,2,sem_dipl,era_split
1984,prevalencia,1,0.7547169811320755,1,1,0.5,proxy_N3_ge2,proxy,3,2,sem_dipl,era_split
1985,prevalencia,1,0.7547169811320755,1,1,0.5,proxy_N3_ge2,proxy,3,2,sem_dipl,era_split
1986,prevalencia,0,0.7547169811320755,1,1,0.5,proxy_N3_ge2,proxy,3,2,sem_dipl,era_split
1987,prevalencia,1,0.7547169811320755,1,1,0.5,proxy_N3_ge2,proxy,3,2,sem_dipl,era_split
1988,prevalencia,1,0.7547169811320755,1,1,0.5,proxy_N3_ge2,proxy,3,2,sem_dipl,era_split
1989,prevalencia,1,0.7547169811320755,1,1,0.5,proxy_N3_ge2,proxy,3,2,sem_dipl,era_split
1990,prevalencia,1,0.7547169811320755,1,1,0.5,proxy_N3_ge2,proxy,3,2,sem_dipl,era_split
1991,prevalencia,1,0.7547169811320755,1,1,0.5,proxy_N3_ge2,proxy,3,2,sem_dipl,era_split
1992,prevalencia,1,0.7547169811320755,1,1,0.5,proxy_N3_ge2,proxy,3,2,sem_dipl,era_split
1993,prevalencia,0,0.7547169811320755,1,1,0.5,proxy_N3_ge2,proxy,3,2,sem_dipl,era_split
1994,prevalencia,1,0.7547169811320755,1,1,0.5,proxy_N3_ge2,proxy,3,2,sem_dipl,era_split
1995,prevalencia,1,0.7547169811320755,1,1,0.5,proxy_N3_ge2,proxy,3,2,sem_dipl,era_split
1996,prevalencia,1,0.7547169811320755,1,1,0.5,proxy_N3_ge2,proxy,3,2,sem_dipl,era_split
1997,prevalencia,0,0.7547169811320755,1,1,0.5,proxy_N3_ge2,proxy,3,2,sem_dipl,era_split
1998,prevalencia,1,0.7547169811320755,1,1,0.5,proxy_N3_ge2,proxy,3,2,sem_dipl,era_split
1999,prevalencia,1,0.7547169811320755,1,1,0.5,proxy_N3_ge2,proxy,3,2,sem_dipl,era_split
2000,prevalencia,1,0.7547169811320755,1,1,0.5,proxy_N3_ge2,proxy,3,2,sem_dipl,era_split
2001,prevalencia,0,0.7547169811320755,1,1,0.5,proxy_N3_ge2,proxy,3,2,sem_dipl,era_split
2002,prevalencia,0,0.7547169811320755,1,1,0.5,proxy_N3_ge2,proxy,3,2,sem_dipl,era_split
2003,prevalencia,0,0.7547169811320755,1,1,0.5,proxy_N3_ge2,proxy,3,2,sem_dipl,era_split
2004,prevalencia,0,0.7547169811320755,1,1,0.5,proxy_N3_ge2,proxy,3,2,sem_dipl,era_split
2005,prevalencia,0,0.7547169811320755,1,1,0.5,proxy_N3_ge2,proxy,3,2,sem_dipl,era_split
2006,prevalencia,0,0.7547169811320755,1,1,0.5,proxy_N3_ge2,proxy,3,2,sem_dipl,era_split
2007,prevalencia,0,0.7547169811320755,1,1,0.5,proxy_N3_ge2,proxy,3,2,sem_dipl,era_split
2008,prevalencia,0,0.7547169811320755,1,1,0.5,proxy_N3_ge2,proxy,3,2,sem_dipl,era_split
2009,prevalencia,0,0.7547169811320755,1,1,0.5,proxy_N3_ge2,proxy,3,2,sem_dipl,era_split
1931,logreg,0,0.09531975146463387,0,0,0.6379122602343175,war_N1_ge1_sens,war,1,1,completo,walk_forward
1931,rf,0,0.4517366462198159,0,0,0.4868957132758791,war_N1_ge1_sens,war,1,1,completo,walk_forward
1931,xgb,0,0.3186591863632202,0,0,0.8664267063140869,war_N1_ge1_sens,war,1,1,completo,walk_forward
1932,logreg,0,0.11188825990408921,0,0,0.5891135448024507,war_N1_ge1_sens,war,1,1,completo,walk_forward
1932,rf,0,0.5445841770429528,1,1,0.5263118561233507,war_N1_ge1_sens,war,1,1,completo,walk_forward
1932,xgb,0,0.819233775138855,1,0,0.8659460544586182,war_N1_ge1_sens,war,1,1,completo,walk_forward
1933,logreg,0,0.082699380491445,0,0,0.5937612976388118,war_N1_ge1_sens,war,1,1,completo,walk_forward
1933,rf,0,0.4069660427893157,0,0,0.514527569167956,war_N1_ge1_sens,war,1,1,completo,walk_forward
1933,xgb,0,0.1484719216823578,0,0,0.8627686500549316,war_N1_ge1_sens,war,1,1,completo,walk_forward
1934,logreg,1,0.20255097201013536,0,0,0.6050244561587813,war_N1_ge1_sens,war,1,1,completo,walk_forward
1934,rf,1,0.38786381897526007,0,0,0.5013058977852676,war_N1_ge1_sens,war,1,1,completo,walk_forward
1934,xgb,1,0.08209852874279022,0,0,0.8833715915679932,war_N1_ge1_sens,war,1,1,completo,walk_forward
1935,logreg,0,0.3079766084539036,0,0,0.6118491841753531,war_N1_ge1_sens,war,1,1,completo,walk_forward
1935,rf,0,0.3355921223590079,0,0,0.5067404290372024,war_N1_ge1_sens,war,1,1,completo,walk_forward
1935,xgb,0,0.03412487357854843,0,0,0.8851380944252014,war_N1_ge1_sens,war,1,1,completo,walk_forward
1936,logreg,1,0.5831151062210216,1,0,0.7047019114042176,war_N1_ge1_sens,war,1,1,completo,walk_forward
1936,rf,1,0.5077842783505455,1,0,0.511116590873692,war_N1_ge1_sens,war,1,1,completo,walk_forward
1936,xgb,1,0.7324278950691223,1,0,0.8888065814971924,war_N1_ge1_sens,war,1,1,completo,walk_forward
1937,logreg,1,0.8994946247439901,1,1,0.6172506576819654,war_N1_ge1_sens,war,1,1,completo,walk_forward
1937,rf,1,0.45299293829592185,0,0,0.5090370912067265,war_N1_ge1_sens,war,1,1,completo,walk_forward
1937,xgb,1,0.33633413910865784,0,0,0.8946553468704224,war_N1_ge1_sens,war,1,1,completo,walk_forward
1938,logreg,1,0.8861436064561404,1,1,0.641449903027342,war_N1_ge1_sens,war,1,1,completo,walk_forward
1938,rf,1,0.4269154651788522,0,0,0.518582914641766,war_N1_ge1_sens,war,1,1,completo,walk_forward
1938,xgb,1,0.06708335131406784,0,0,0.9046659469604492,war_N1_ge1_sens,war,1,1,completo,walk_forward
1939,logreg,1,0.9997608138556277,1,1,0.6399284640173079,war_N1_ge1_sens,war,1,1,completo,walk_forward
1939,rf,1,0.4576166847298972,0,0,0.501994292401236,war_N1_ge1_sens,war,1,1,completo,walk_forward
1939,xgb,1,0.3285774290561676,0,0,0.8959275484085083,war_N1_ge1_sens,war,1,1,completo,walk_forward
1940,logreg,0,0.9999993890530543,1,1,0.6408216757716463,war_N1_ge1_sens,war,1,1,completo,walk_forward
1940,rf,0,0.5081383741977907,1,1,0.5043607204407334,war_N1_ge1_sens,war,1,1,completo,walk_forward
1940,xgb,0,0.9465314745903015,1,1,0.9011603593826294,war_N1_ge1_sens,war,1,1,completo,walk_forward
1941,logreg,0,0.9920149912019725,1,1,0.6136395956745403,war_N1_ge1_sens,war,1,1,completo,walk_forward
1941,rf,0,0.4996116838200796,0,1,0.4963449758513379,war_N1_ge1_sens,war,1,1,completo,walk_forward
1941,xgb,0,0.8425098657608032,1,0,0.8858733773231506,war_N1_ge1_sens,war,1,1,completo,walk_forward
1942,logreg,0,0.10951185740458953,0,0,0.6782213933180371,war_N1_ge1_sens,war,1,1,completo,walk_forward
1942,rf,0,0.4823600545549178,0,0,0.49868472445321826,war_N1_ge1_sens,war,1,1,completo,walk_forward
1942,xgb,0,0.9349668025970459,1,1,0.8922582864761353,war_N1_ge1_sens,war,1,1,completo,walk_forward
1943,logreg,0,3.344346326669852e-05,0,0,0.693439171649388,war_N1_ge1_sens,war,1,1,completo,walk_forward
1943,rf,0,0.33496128118663065,0,0,0.4964137759009591,war_N1_ge1_sens,war,1,1,completo,walk_forward
1943,xgb,0,0.2772595286369324,0,0,0.8955102562904358,war_N1_ge1_sens,war,1,1,completo,walk_forward
1944,logreg,0,0.174405227154664,0,0,0.6965794688015494,war_N1_ge1_sens,war,1,1,completo,walk_forward
1944,rf,0,0.22981251084981805,0,0,0.5297270249321402,war_N1_ge1_sens,war,1,1,completo,walk_forward
1944,xgb,0,0.1880253702402115,0,0,0.8939778208732605,war_N1_ge1_sens,war,1,1,completo,walk_forward
1945,logreg,0,0.005300279238061404,0,0,0.7021581019284884,war_N1_ge1_sens,war,1,1,completo,walk_forward
1945,rf,0,0.1878121859624823,0,0,0.5345098791495476,war_N1_ge1_sens,war,1,1,completo,walk_forward
1945,xgb,0,0.0831286683678627,0,0,0.8950584530830383,war_N1_ge1_sens,war,1,1,completo,walk_forward
1946,logreg,1,5.854882842068197e-07,0,0,0.7066217291524938,war_N1_ge1_sens,war,1,1,completo,walk_forward
1946,rf,1,0.13685100474808323,0,0,0.53471605726368,war_N1_ge1_sens,war,1,1,completo,walk_forward
1946,xgb,1,0.011223305016756058,0,0,0.8849185109138489,war_N1_ge1_sens,war,1,1,completo,walk_forward
1947,logreg,0,0.00281171410386146,0,0,0.7271273212026251,war_N1_ge1_sens,war,1,1,completo,walk_forward
1947,rf,0,0.22085749587426268,0,0,0.5390025170157667,war_N1_ge1_sens,war,1,1,completo,walk_forward
1947,xgb,0,0.18601958453655243,0,0,0.892755925655365,war_N1_ge1_sens,war,1,1,completo,walk_forward
1948,logreg,0,0.501559388053093,1,0,0.7250845600904815,war_N1_ge1_sens,war,1,1,completo,walk_forward
1948,rf,0,0.33196734399136624,0,0,0.49899247646472716,war_N1_ge1_sens,war,1,1,completo,walk_forward
1948,xgb,0,0.24119137227535248,0,0,0.8966816067695618,war_N1_ge1_sens,war,1,1,completo,walk_forward
1949,logreg,1,0.5075554950766513,1,0,0.7210301307654736,war_N1_ge1_sens,war,1,1,completo,walk_forward
1949,rf,1,0.3098182122428914,0,0,0.4900776187257421,war_N1_ge1_sens,war,1,1,completo,walk_forward
1949,xgb,1,0.16049745678901672,0,0,0.8920585513114929,war_N1_ge1_sens,war,1,1,completo,walk_forward
1950,logreg,0,0.0259519198024377,0,0,0.7427615490980172,war_N1_ge1_sens,war,1,1,completo,walk_forward
1950,rf,0,0.3941037333131422,0,0,0.5002506393731354,war_N1_ge1_sens,war,1,1,completo,walk_forward
1950,xgb,0,0.16274653375148773,0,0,0.8978033661842346,war_N1_ge1_sens,war,1,1,completo,walk_forward
1951,logreg,0,0.45289764612929917,0,0,0.6839512347106805,war_N1_ge1_sens,war,1,1,completo,walk_forward
1951,rf,0,0.4187348536914699,0,0,0.5381537287081077,war_N1_ge1_sens,war,1,1,completo,walk_forward
1951,xgb,0,0.2241595983505249,0,0,0.8981109857559204,war_N1_ge1_sens,war,1,1,completo,walk_forward
1952,logreg,0,0.6652520891093311,1,0,0.6879766674715148,war_N1_ge1_sens,war,1,1,completo,walk_forward
1952,rf,0,0.387349504276248,0,0,0.4967588310664438,war_N1_ge1_sens,war,1,1,completo,walk_forward
1952,xgb,0,0.38762176036834717,0,0,0.8925260901451111,war_N1_ge1_sens,war,1,1,completo,walk_forward
1953,logreg,1,0.1325200324288374,0,0,0.6808308818633813,war_N1_ge1_sens,war,1,1,completo,walk_forward
1953,rf,1,0.38726521741766,0,0,0.5085977386362526,war_N1_ge1_sens,war,1,1,completo,walk_forward
1953,xgb,1,0.5121041536331177,1,0,0.8967000246047974,war_N1_ge1_sens,war,1,1,completo,walk_forward
1954,logreg,0,0.05442747999351031,0,0,0.6771393966758587,war_N1_ge1_sens,war,1,1,completo,walk_forward
1954,rf,0,0.2618384327891163,0,0,0.5180343646256483,war_N1_ge1_sens,war,1,1,completo,walk_forward
1954,xgb,0,0.021022979170084,0,0,0.8968330025672913,war_N1_ge1_sens,war,1,1,completo,walk_forward
1955,logreg,1,0.005014910077050247,0,0,0.678480073613738,war_N1_ge1_sens,war,1,1,completo,walk_forward
1955,rf,1,0.2371524577188307,0,0,0.551701593571789,war_N1_ge1_sens,war,1,1,completo,walk_forward
1955,xgb,1,0.027443958446383476,0,0,0.8846416473388672,war_N1_ge1_sens,war,1,1,completo,walk_forward
1956,logreg,1,0.695902200435847,1,1,0.685632599311846,war_N1_ge1_sens,war,1,1,completo,walk_forward
1956,rf,1,0.2968716527511853,0,0,0.5539080139395178,war_N1_ge1_sens,war,1,1,completo,walk_forward
1956,xgb,1,0.16707253456115723,0,0,0.8917768001556396,war_N1_ge1_sens,war,1,1,completo,walk_forward
1957,logreg,1,0.7954509291562137,1,1,0.6581257852742676,war_N1_ge1_sens,war,1,1,completo,walk_forward
1957,rf,1,0.35538709077828273,0,0,0.48330150877211114,war_N1_ge1_sens,war,1,1,completo,walk_forward
1957,xgb,1,0.18997439742088318,0,0,0.892689049243927,war_N1_ge1_sens,war,1,1,completo,walk_forward
1958,logreg,0,0.9112650621983825,1,1,0.6527300331062384,war_N1_ge1_sens,war,1,1,completo,walk_forward
1958,rf,0,0.5664131821231868,1,1,0.5406481176316189,war_N1_ge1_sens,war,1,1,completo,walk_forward
1958,xgb,0,0.9509985446929932,1,1,0.8823451399803162,war_N1_ge1_sens,war,1,1,completo,walk_forward
1959,logreg,0,0.8150202231578008,1,1,0.6579376599195585,war_N1_ge1_sens,war,1,1,completo,walk_forward
1959,rf,0,0.6000569563490565,1,1,0.4707357199562242,war_N1_ge1_sens,war,1,1,completo,walk_forward
1959,xgb,0,0.9130865931510925,1,1,0.8870841264724731,war_N1_ge1_sens,war,1,1,completo,walk_forward
1960,logreg,0,0.024605291090287723,0,0,0.6879217627712928,war_N1_ge1_sens,war,1,1,completo,walk_forward
1960,rf,0,0.44923149759100983,0,0,0.5469872599561334,war_N1_ge1_sens,war,1,1,completo,walk_forward
1960,xgb,0,0.2870591878890991,0,0,0.8846930265426636,war_N1_ge1_sens,war,1,1,completo,walk_forward
1961,logreg,1,0.7945148870330027,1,1,0.6819588956456337,war_N1_ge1_sens,war,1,1,completo,walk_forward
1961,rf,1,0.4540779725572075,0,0,0.4812357415986201,war_N1_ge1_sens,war,1,1,completo,walk_forward
1961,xgb,1,0.42509469389915466,0,0,0.8885278105735779,war_N1_ge1_sens,war,1,1,completo,walk_forward
1962,logreg,0,0.5522213571941222,1,0,0.6568220040936601,war_N1_ge1_sens,war,1,1,completo,walk_forward
1962,rf,0,0.323182421767106,0,0,0.4943347536147639,war_N1_ge1_sens,war,1,1,completo,walk_forward
1962,xgb,0,0.01627231575548649,0,0,0.8913252949714661,war_N1_ge1_sens,war,1,1,completo,walk_forward
1963,logreg,0,0.8759939955739348,1,1,0.6547288302604357,war_N1_ge1_sens,war,1,1,completo,walk_forward
1963,rf,0,0.49737086856983376,0,1,0.46953609463194945,war_N1_ge1_sens,war,1,1,completo,walk_forward
1963,xgb,0,0.2421696037054062,0,0,0.8955314755439758,war_N1_ge1_sens,war,1,1,completo,walk_forward
1964,logreg,1,0.3556129669401092,0,0,0.6389625721552133,war_N1_ge1_sens,war,1,1,completo,walk_forward
1964,rf,1,0.40536564263480984,0,0,0.4850080401027187,war_N1_ge1_sens,war,1,1,completo,walk_forward
1964,xgb,1,0.07009567320346832,0,0,0.8935827612876892,war_N1_ge1_sens,war,1,1,completo,walk_forward
1965,logreg,0,0.920200454888677,1,1,0.6060409625667914,war_N1_ge1_sens,war,1,1,completo,walk_forward
1965,rf,0,0.4889325125114973,0,1,0.4797460824923138,war_N1_ge1_sens,war,1,1,completo,walk_forward
1965,xgb,0,0.632317841053009,1,0,0.8930917382240295,war_N1_ge1_sens,war,1,1,completo,walk_forward
1966,logreg,0,0.9296812108999793,1,1,0.5850694483321415,war_N1_ge1_sens,war,1,1,completo,walk_forward
1966,rf,0,0.4353657646985709,0,0,0.5444787925164586,war_N1_ge1_sens,war,1,1,completo,walk_forward
1966,xgb,0,0.3103906214237213,0,0,0.8972991108894348,war_N1_ge1_sens,war,1,1,completo,walk_forward
1967,logreg,1,0.8586876752516103,1,1,0.5773895983081624,war_N1_ge1_sens,war,1,1,completo,walk_forward
1967,rf,1,0.458288390786845,0,0,0.5420583488834251,war_N1_ge1_sens,war,1,1,completo,walk_forward
1967,xgb,1,0.39566105604171753,0,0,0.9033385515213013,war_N1_ge1_sens,war,1,1,completo,walk_forward
1968,logreg,0,0.38007506893389725,0,0,0.6511959512447091,war_N1_ge1_sens,war,1,1,completo,walk_forward
1968,rf,0,0.38375238981391335,0,0,0.5315405092060254,war_N1_ge1_sens,war,1,1,completo,walk_forward
1968,xgb,0,0.02864847518503666,0,0,0.9002954363822937,war_N1_ge1_sens,war,1,1,completo,walk_forward
1969,logreg,1,0.6499927926057022,1,1,0.550158505842252,war_N1_ge1_sens,war,1,1,completo,walk_forward
1969,rf,1,0.49470403466357354,0,0,0.5433350440792736,war_N1_ge1_sens,war,1,1,completo,walk_forward
1969,xgb,1,0.5224719643592834,1,0,0.8889244198799133,war_N1_ge1_sens,war,1,1,completo,walk_forward
1970,logreg,1,0.7292026071471209,1,1,0.6402483365644367,war_N1_ge1_sens,war,1,1,completo,walk_forward
1970,rf,1,0.49709441483844535,0,1,0.48561471463174277,war_N1_ge1_sens,war,1,1,completo,walk_forward
1970,xgb,1,0.9006252288818359,1,1,0.8925750851631165,war_N1_ge1_sens,war,1,1,completo,walk_forward
1971,logreg,0,0.8111052924391273,1,1,0.5439672890899092,war_N1_ge1_sens,war,1,1,completo,walk_forward
1971,rf,0,0.5559667456895918,1,1,0.5379615372042869,war_N1_ge1_sens,war,1,1,completo,walk_forward
1971,xgb,0,0.8304200172424316,1,0,0.8897444009780884,war_N1_ge1_sens,war,1,1,completo,walk_forward
1972,logreg,0,0.6647169899899117,1,1,0.5740860939867748,war_N1_ge1_sens,war,1,1,completo,walk_forward
1972,rf,0,0.49527892767769366,0,1,0.4770462673165003,war_N1_ge1_sens,war,1,1,completo,walk_forward
1972,xgb,0,0.4562123417854309,0,0,0.8840482234954834,war_N1_ge1_sens,war,1,1,completo,walk_forward
1973,logreg,0,0.7334532744137969,1,1,0.6020960534287236,war_N1_ge1_sens,war,1,1,completo,walk_forward
1973,rf,0,0.5189578749936471,1,1,0.49157952668160737,war_N1_ge1_sens,war,1,1,completo,walk_forward
1973,xgb,0,0.26297035813331604,0,0,0.8904306292533875,war_N1_ge1_sens,war,1,1,completo,walk_forward
1974,logreg,0,0.9923038507893651,1,1,0.612651227729642,war_N1_ge1_sens,war,1,1,completo,walk_forward
1974,rf,0,0.4698806299633965,0,0,0.48905499122393975,war_N1_ge1_sens,war,1,1,completo,walk_forward
1974,xgb,0,0.09812793135643005,0,0,0.8857770562171936,war_N1_ge1_sens,war,1,1,completo,walk_forward
1975,logreg,0,0.8028447411900393,1,1,0.6441865786256019,war_N1_ge1_sens,war,1,1,completo,walk_forward
1975,rf,0,0.455286996957194,0,0,0.5346058999263167,war_N1_ge1_sens,war,1,1,completo,walk_forward
1975,xgb,0,0.11489478498697281,0,0,0.8918344378471375,war_N1_ge1_sens,war,1,1,completo,walk_forward
1976,logreg,0,0.1395619619970391,0,0,0.6462199347330433,war_N1_ge1_sens,war,1,1,completo,walk_forward
1976,rf,0,0.3811252867456712,0,0,0.5162829847847523,war_N1_ge1_sens,war,1,1,completo,walk_forward
1976,xgb,0,0.04756005480885506,0,0,0.8993791341781616,war_N1_ge1_sens,war,1,1,completo,walk_forward
1977,logreg,0,0.4959896088284162,0,0,0.6384185948232765,war_N1_ge1_sens,war,1,1,completo,walk_forward
1977,rf,0,0.39461100786219927,0,0,0.5040426808935234,war_N1_ge1_sens,war,1,1,completo,walk_forward
1977,xgb,0,0.5764707922935486,1,0,0.9017556309700012,war_N1_ge1_sens,war,1,1,completo,walk_forward
1978,logreg,1,0.0841287542682324,0,0,0.6437689312248468,war_N1_ge1_sens,war,1,1,completo,walk_forward
1978,rf,1,0.2975686645379855,0,0,0.5007067275072327,war_N1_ge1_sens,war,1,1,completo,walk_forward
1978,xgb,1,0.1093505322933197,0,0,0.9066511988639832,war_N1_ge1_sens,war,1,1,completo,walk_forward
1979,logreg,0,0.09336926158367788,0,0,0.5526157327951923,war_N1_ge1_sens,war,1,1,completo,walk_forward
1979,rf,0,0.3266214350486343,0,0,0.49971684335253236,war_N1_ge1_sens,war,1,1,completo,walk_forward
1979,xgb,0,0.029062096029520035,0,0,0.9034324884414673,war_N1_ge1_sens,war,1,1,completo,walk_forward
1980,logreg,0,0.14805148438082347,0,0,0.5912707187394729,war_N1_ge1_sens,war,1,1,completo,walk_forward
1980,rf,0,0.5512483410621666,1,1,0.47082102249097557,war_N1_ge1_sens,war,1,1,completo,walk_forward
1980,xgb,0,0.48806366324424744,0,0,0.9047431349754333,war_N1_ge1_sens,war,1,1,completo,walk_forward
1981,logreg,1,0.116225631953517,0,0,0.5904386305916398,war_N1_ge1_sens,war,1,1,completo,walk_forward
1981,rf,1,0.3735387144918081,0,0,0.46895401053028507,war_N1_ge1_sens,war,1,1,completo,walk_forward
1981,xgb,1,0.047063589096069336,0,0,0.9096286296844482,war_N1_ge1_sens,war,1,1,completo,walk_forward
1982,logreg,0,0.7166614741497019,1,1,0.6034368488602629,war_N1_ge1_sens,war,1,1,completo,walk_forward
1982,rf,0,0.4310525756605926,0,0,0.5089338128582149,war_N1_ge1_sens,war,1,1,completo,walk_forward
1982,xgb,0,0.5307134985923767,1,0,0.9101759195327759,war_N1_ge1_sens,war,1,1,completo,walk_forward
1983,logreg,0,0.8372361981832626,1,1,0.5837289520097891,war_N1_ge1_sens,war,1,1,completo,walk_forward
1983,rf,0,0.4277289694766144,0,0,0.5366920757004021,war_N1_ge1_sens,war,1,1,completo,walk_forward
1983,xgb,0,0.16420228779315948,0,0,0.9089018702507019,war_N1_ge1_sens,war,1,1,completo,walk_forward
1984,logreg,0,0.43822171190970477,0,0,0.6251389811855523,war_N1_ge1_sens,war,1,1,completo,walk_forward
1984,rf,0,0.5354652223507216,1,0,0.5442579504114934,war_N1_ge1_sens,war,1,1,completo,walk_forward
1984,xgb,0,0.2182326465845108,0,0,0.907687783241272,war_N1_ge1_sens,war,1,1,completo,walk_forward
1985,logreg,0,0.10510356620892694,0,0,0.562125904668791,war_N1_ge1_sens,war,1,1,completo,walk_forward
1985,rf,0,0.48773349101998037,0,0,0.5196069110327952,war_N1_ge1_sens,war,1,1,completo,walk_forward
1985,xgb,0,0.2521958649158478,0,0,0.9042317867279053,war_N1_ge1_sens,war,1,1,completo,walk_forward
1986,logreg,1,0.5425725950280476,1,0,0.6612691364447755,war_N1_ge1_sens,war,1,1,completo,walk_forward
1986,rf,1,0.3563418347501312,0,0,0.4751900791747784,war_N1_ge1_sens,war,1,1,completo,walk_forward
1986,xgb,1,0.03960642218589783,0,0,0.9054957628250122,war_N1_ge1_sens,war,1,1,completo,walk_forward
1987,logreg,0,0.7996763507820418,1,1,0.6514382422281313,war_N1_ge1_sens,war,1,1,completo,walk_forward
1987,rf,0,0.4909783729894472,0,1,0.4682502169029668,war_N1_ge1_sens,war,1,1,completo,walk_forward
1987,xgb,0,0.8563171625137329,1,0,0.9050461649894714,war_N1_ge1_sens,war,1,1,completo,walk_forward
1988,logreg,0,0.34212366336971056,0,0,0.6298163421500871,war_N1_ge1_sens,war,1,1,completo,walk_forward
1988,rf,0,0.4962450176603313,0,1,0.47304379729897567,war_N1_ge1_sens,war,1,1,completo,walk_forward
1988,xgb,0,0.19737596809864044,0,0,0.9133195281028748,war_N1_ge1_sens,war,1,1,completo,walk_forward
1989,logreg,1,0.367962340309099,0,0,0.6375343044270931,war_N1_ge1_sens,war,1,1,completo,walk_forward
1989,rf,1,0.5203457110139511,1,1,0.4686951799832782,war_N1_ge1_sens,war,1,1,completo,walk_forward
1989,xgb,1,0.4621054232120514,0,0,0.8993260860443115,war_N1_ge1_sens,war,1,1,completo,walk_forward
1990,logreg,0,0.03330743973929947,0,0,0.5012092780077617,war_N1_ge1_sens,war,1,1,completo,walk_forward
1990,rf,0,0.43635066847218257,0,0,0.4745831497603592,war_N1_ge1_sens,war,1,1,completo,walk_forward
1990,xgb,0,0.20910799503326416,0,0,0.9133633971214294,war_N1_ge1_sens,war,1,1,completo,walk_forward
1991,logreg,0,0.38375792759880567,0,0,0.6425654462155921,war_N1_ge1_sens,war,1,1,completo,walk_forward
1991,rf,0,0.4344253946750176,0,0,0.48261053660877135,war_N1_ge1_sens,war,1,1,completo,walk_forward
1991,xgb,0,0.17727378010749817,0,0,0.9104616641998291,war_N1_ge1_sens,war,1,1,completo,walk_forward
1992,logreg,0,0.7028826991527627,1,1,0.6466819263205577,war_N1_ge1_sens,war,1,1,completo,walk_forward
1992,rf,0,0.37078463191639327,0,0,0.47193691331037046,war_N1_ge1_sens,war,1,1,completo,walk_forward
1992,xgb,0,0.307862788438797,0,0,0.9154644012451172,war_N1_ge1_sens,war,1,1,completo,walk_forward
1993,logreg,0,0.0838526605571353,0,0,0.5090579848089936,war_N1_ge1_sens,war,1,1,completo,walk_forward
1993,rf,0,0.35931574779273073,0,0,0.484779377980854,war_N1_ge1_sens,war,1,1,completo,walk_forward
1993,xgb,0,0.1296698898077011,0,0,0.915176272392273,war_N1_ge1_sens,war,1,1,completo,walk_forward
1994,logreg,0,0.08879603526012647,0,0,0.5031365107503666,war_N1_ge1_sens,war,1,1,completo,walk_forward
1994,rf,0,0.36675578096470995,0,0,0.4878876046479008,war_N1_ge1_sens,war,1,1,completo,walk_forward
1994,xgb,0,0.21077518165111542,0,0,0.9173842072486877,war_N1_ge1_sens,war,1,1,completo,walk_forward
1995,logreg,0,0.04602007873598326,0,0,0.5084417593803097,war_N1_ge1_sens,war,1,1,completo,walk_forward
1995,rf,0,0.3759588548251343,0,0,0.5364609188840865,war_N1_ge1_sens,war,1,1,completo,walk_forward
1995,xgb,0,0.13497452437877655,0,0,0.9166585206985474,war_N1_ge1_sens,war,1,1,completo,walk_forward
1996,logreg,0,0.1073491541418459,0,0,0.46220115262787875,war_N1_ge1_sens,war,1,1,completo,walk_forward
1996,rf,0,0.36953387639171337,0,0,0.5331017234803184,war_N1_ge1_sens,war,1,1,completo,walk_forward
1996,xgb,0,0.19041866064071655,0,0,0.91872239112854,war_N1_ge1_sens,war,1,1,completo,walk_forward
1997,logreg,0,0.1530637853264662,0,0,0.46628325077445004,war_N1_ge1_sens,war,1,1,completo,walk_forward
1997,rf,0,0.28896531582333373,0,0,0.525137905199676,war_N1_ge1_sens,war,1,1,completo,walk_forward
1997,xgb,0,0.09664741158485413,0,0,0.9192346334457397,war_N1_ge1_sens,war,1,1,completo,walk_forward
1998,logreg,1,0.06200087115177863,0,0,0.4686168895733251,war_N1_ge1_sens,war,1,1,completo,walk_forward
1998,rf,1,0.20860790549275643,0,0,0.5259803540067032,war_N1_ge1_sens,war,1,1,completo,walk_forward
1998,xgb,1,0.015821220353245735,0,0,0.9186913371086121,war_N1_ge1_sens,war,1,1,completo,walk_forward
1999,logreg,0,0.1417960886234248,0,0,0.4703530112413241,war_N1_ge1_sens,war,1,1,completo,walk_forward
1999,rf,0,0.23221556833287055,0,0,0.5170860087675897,war_N1_ge1_sens,war,1,1,completo,walk_forward
1999,xgb,0,0.047225698828697205,0,0,0.9203507900238037,war_N1_ge1_sens,war,1,1,completo,walk_forward
2000,logreg,1,0.26602109766129606,0,0,0.5184077815348157,war_N1_ge1_sens,war,1,1,completo,walk_forward
2000,rf,1,0.32192899027553207,0,0,0.49475255827389847,war_N1_ge1_sens,war,1,1,completo,walk_forward
2000,xgb,1,0.1350294053554535,0,0,0.9073870182037354,war_N1_ge1_sens,war,1,1,completo,walk_forward
2001,logreg,0,0.5246177535642434,1,1,0.4691392306663182,war_N1_ge1_sens,war,1,1,completo,walk_forward
2001,rf,0,0.37388604849269214,0,0,0.5321629892708908,war_N1_ge1_sens,war,1,1,completo,walk_forward
2001,xgb,0,0.24298745393753052,0,0,0.9060584306716919,war_N1_ge1_sens,war,1,1,completo,walk_forward
2002,logreg,1,0.35801631334593953,0,0,0.48179710900667827,war_N1_ge1_sens,war,1,1,completo,walk_forward
2002,rf,1,0.4149558291368769,0,0,0.5213190650652065,war_N1_ge1_sens,war,1,1,completo,walk_forward
2002,xgb,1,0.5690533518791199,1,0,0.909492015838623,war_N1_ge1_sens,war,1,1,completo,walk_forward
2003,logreg,0,0.13040158457006917,0,0,0.47308110523401686,war_N1_ge1_sens,war,1,1,completo,walk_forward
2003,rf,0,0.33593100448001006,0,0,0.48996026648492486,war_N1_ge1_sens,war,1,1,completo,walk_forward
2003,xgb,0,0.057062212377786636,0,0,0.9065958261489868,war_N1_ge1_sens,war,1,1,completo,walk_forward
2004,logreg,0,0.38914347155628837,0,0,0.5083475571856221,war_N1_ge1_sens,war,1,1,completo,walk_forward
2004,rf,0,0.4948218946394589,0,1,0.489950895299685,war_N1_ge1_sens,war,1,1,completo,walk_forward
2004,xgb,0,0.7888033986091614,1,0,0.9084519147872925,war_N1_ge1_sens,war,1,1,completo,walk_forward
2005,logreg,0,0.3170836992177625,0,0,0.5076150952384058,war_N1_ge1_sens,war,1,1,completo,walk_forward
2005,rf,0,0.4084165532392763,0,0,0.4882003868641207,war_N1_ge1_sens,war,1,1,completo,walk_forward
2005,xgb,0,0.1352843940258026,0,0,0.9117993712425232,war_N1_ge1_sens,war,1,1,completo,walk_forward
1931,prevalencia,0,0.35,0,0,0.5,war_N1_ge1_sens,war,1,1,completo,walk_forward
1931,persistencia,0,1.0,1,1,0.5,war_N1_ge1_sens,war,1,1,completo,walk_forward
1931,persistencia_purgada,0,0.0,0,0,0.5,war_N1_ge1_sens,war,1,1,completo,walk_forward
1932,prevalencia,0,0.36585365853658536,0,0,0.5,war_N1_ge1_sens,war,1,1,completo,walk_forward
1932,persistencia,0,0.0,0,0,0.5,war_N1_ge1_sens,war,1,1,completo,walk_forward
1932,persistencia_purgada,0,1.0,1,1,0.5,war_N1_ge1_sens,war,1,1,completo,walk_forward
1933,prevalencia,0,0.35714285714285715,0,0,0.5,war_N1_ge1_sens,war,1,1,completo,walk_forward
1933,persistencia,0,0.0,0,0,0.5,war_N1_ge1_sens,war,1,1,completo,walk_forward
1933,persistencia_purgada,0,0.0,0,0,0.5,war_N1_ge1_sens,war,1,1,completo,walk_forward
1934,prevalencia,1,0.3488372093023256,0,0,0.5,war_N1_ge1_sens,war,1,1,completo,walk_forward
1934,persistencia,1,0.0,0,0,0.5,war_N1_ge1_sens,war,1,1,completo,walk_forward
1934,persistencia_purgada,1,0.0,0,0,0.5,war_N1_ge1_sens,war,1,1,completo,walk_forward
1935,prevalencia,0,0.3409090909090909,0,0,0.5,war_N1_ge1_sens,war,1,1,completo,walk_forward
1935,persistencia,0,1.0,1,1,0.5,war_N1_ge1_sens,war,1,1,completo,walk_forward
1935,persistencia_purgada,0,0.0,0,0,0.5,war_N1_ge1_sens,war,1,1,completo,walk_forward
1936,prevalencia,1,0.35555555555555557,0,0,0.5,war_N1_ge1_sens,war,1,1,completo,walk_forward
1936,persistencia,1,0.0,0,0,0.5,war_N1_ge1_sens,war,1,1,completo,walk_forward
1936,persistencia_purgada,1,1.0,1,1,0.5,war_N1_ge1_sens,war,1,1,completo,walk_forward
1937,prevalencia,1,0.34782608695652173,0,0,0.5,war_N1_ge1_sens,war,1,1,completo,walk_forward
1937,persistencia,1,1.0,1,1,0.5,war_N1_ge1_sens,war,1,1,completo,walk_forward
1937,persistencia_purgada,1,0.0,0,0,0.5,war_N1_ge1_sens,war,1,1,completo,walk_forward
1938,prevalencia,1,0.3617021276595745,0,0,0.5,war_N1_ge1_sens,war,1,1,completo,walk_forward
1938,persistencia,1,1.0,1,1,0.5,war_N1_ge1_sens,war,1,1,completo,walk_forward
1938,persistencia_purgada,1,1.0,1,1,0.5,war_N1_ge1_sens,war,1,1,completo,walk_forward
1939,prevalencia,1,0.375,0,0,0.5,war_N1_ge1_sens,war,1,1,completo,walk_forward
1939,persistencia,1,1.0,1,1,0.5,war_N1_ge1_sens,war,1,1,completo,walk_forward
1939,persistencia_purgada,1,1.0,1,1,0.5,war_N1_ge1_sens,war,1,1,completo,walk_forward
1940,prevalencia,0,0.3877551020408163,0,0,0.5,war_N1_ge1_sens,war,1,1,completo,walk_forward
1940,persistencia,0,1.0,1,1,0.5,war_N1_ge1_sens,war,1,1,completo,walk_forward
1940,persistencia_purgada,0,1.0,1,1,0.5,war_N1_ge1_sens,war,1,1,completo,walk_forward
1941,prevalencia,0,0.4,0,0,0.5,war_N1_ge1_sens,war,1,1,completo,walk_forward
1941,persistencia,0,0.0,0,0,0.5,war_N1_ge1_sens,war,1,1,completo,walk_forward
1941,persistencia_purgada,0,1.0,1,1,0.5,war_N1_ge1_sens,war,1,1,completo,walk_forward
1942,prevalencia,0,0.39215686274509803,0,0,0.5,war_N1_ge1_sens,war,1,1,completo,walk_forward
1942,persistencia,0,0.0,0,0,0.5,war_N1_ge1_sens,war,1,1,completo,walk_forward
1942,persistencia_purgada,0,0.0,0,0,0.5,war_N1_ge1_sens,war,1,1,completo,walk_forward
1943,prevalencia,0,0.38461538461538464,0,0,0.5,war_N1_ge1_sens,war,1,1,completo,walk_forward
1943,persistencia,0,0.0,0,0,0.5,war_N1_ge1_sens,war,1,1,completo,walk_forward
1943,persistencia_purgada,0,0.0,0,0,0.5,war_N1_ge1_sens,war,1,1,completo,walk_forward
1944,prevalencia,0,0.37735849056603776,0,0,0.5,war_N1_ge1_sens,war,1,1,completo,walk_forward
1944,persistencia,0,0.0,0,0,0.5,war_N1_ge1_sens,war,1,1,completo,walk_forward
1944,persistencia_purgada,0,0.0,0,0,0.5,war_N1_ge1_sens,war,1,1,completo,walk_forward
1945,prevalencia,0,0.37037037037037035,0,0,0.5,war_N1_ge1_sens,war,1,1,completo,walk_forward
1945,persistencia,0,0.0,0,0,0.5,war_N1_ge1_sens,war,1,1,completo,walk_forward
1945,persistencia_purgada,0,0.0,0,0,0.5,war_N1_ge1_sens,war,1,1,completo,walk_forward
1946,prevalencia,1,0.36363636363636365,0,0,0.5,war_N1_ge1_sens,war,1,1,completo,walk_forward
1946,persistencia,1,0.0,0,0,0.5,war_N1_ge1_sens,war,1,1,completo,walk_forward
1946,persistencia_purgada,1,0.0,0,0,0.5,war_N1_ge1_sens,war,1,1,completo,walk_forward
1947,prevalencia,0,0.35714285714285715,0,0,0.5,war_N1_ge1_sens,war,1,1,completo,walk_forward
1947,persistencia,0,1.0,1,1,0.5,war_N1_ge1_sens,war,1,1,completo,walk_forward
1947,persistencia_purgada,0,0.0,0,0,0.5,war_N1_ge1_sens,war,1,1,completo,walk_forward
1948,prevalencia,0,0.3684210526315789,0,0,0.5,war_N1_ge1_sens,war,1,1,completo,walk_forward
1948,persistencia,0,0.0,0,0,0.5,war_N1_ge1_sens,war,1,1,completo,walk_forward
1948,persistencia_purgada,0,1.0,1,1,0.5,war_N1_ge1_sens,war,1,1,completo,walk_forward
1949,prevalencia,1,0.3620689655172414,0,0,0.5,war_N1_ge1_sens,war,1,1,completo,walk_forward
1949,persistencia,1,0.0,0,0,0.5,war_N1_ge1_sens,war,1,1,completo,walk_forward
1949,persistencia_purgada,1,0.0,0,0,0.5,war_N1_ge1_sens,war,1,1,completo,walk_forward
1950,prevalencia,0,0.3559322033898305,0,0,0.5,war_N1_ge1_sens,war,1,1,completo,walk_forward
1950,persistencia,0,1.0,1,1,0.5,war_N1_ge1_sens,war,1,1,completo,walk_forward
1950,persistencia_purgada,0,0.0,0,0,0.5,war_N1_ge1_sens,war,1,1,completo,walk_forward
1951,prevalencia,0,0.36666666666666664,0,0,0.5,war_N1_ge1_sens,war,1,1,completo,walk_forward
1951,persistencia,0,0.0,0,0,0.5,war_N1_ge1_sens,war,1,1,completo,walk_forward
1951,persistencia_purgada,0,1.0,1,1,0.5,war_N1_ge1_sens,war,1,1,completo,walk_forward
1952,prevalencia,0,0.36065573770491804,0,0,0.5,war_N1_ge1_sens,war,1,1,completo,walk_forward
1952,persistencia,0,0.0,0,0,0.5,war_N1_ge1_sens,war,1,1,completo,walk_forward
1952,persistencia_purgada,0,0.0,0,0,0.5,war_N1_ge1_sens,war,1,1,completo,walk_forward
1953,prevalencia,1,0.3548387096774194,0,0,0.5,war_N1_ge1_sens,war,1,1,completo,walk_forward
1953,persistencia,1,0.0,0,0,0.5,war_N1_ge1_sens,war,1,1,completo,walk_forward
1953,persistencia_purgada,1,0.0,0,0,0.5,war_N1_ge1_sens,war,1,1,completo,walk_forward
1954,prevalencia,0,0.3492063492063492,0,0,0.5,war_N1_ge1_sens,war,1,1,completo,walk_forward
1954,persistencia,0,1.0,1,1,0.5,war_N1_ge1_sens,war,1,1,completo,walk_forward
1954,persistencia_purgada,0,0.0,0,0,0.5,war_N1_ge1_sens,war,1,1,completo,walk_forward
1955,prevalencia,1,0.359375,0,0,0.5,war_N1_ge1_sens,war,1,1,completo,walk_forward
1955,persistencia,1,0.0,0,0,0.5,war_N1_ge1_sens,war,1,1,completo,walk_forward
1955,persistencia_purgada,1,1.0,1,1,0.5,war_N1_ge1_sens,war,1,1,completo,walk_forward
1956,prevalencia,1,0.35384615384615387,0,0,0.5,war_N1_ge1_sens,war,1,1,completo,walk_forward
1956,persistencia,1,1.0,1,1,0.5,war_N1_ge1_sens,war,1,1,completo,walk_forward
1956,persistencia_purgada,1,0.0,0,0,0.5,war_N1_ge1_sens,war,1,1,completo,walk_forward
1957,prevalencia,1,0.36363636363636365,0,0,0.5,war_N1_ge1_sens,war,1,1,completo,walk_forward
1957,persistencia,1,1.0,1,1,0.5,war_N1_ge1_sens,war,1,1,completo,walk_forward
1957,persistencia_purgada,1,1.0,1,1,0.5,war_N1_ge1_sens,war,1,1,completo,walk_forward
1958,prevalencia,0,0.373134328358209,0,0,0.5,war_N1_ge1_sens,war,1,1,completo,walk_forward
1958,persistencia,0,1.0,1,1,0.5,war_N1_ge1_sens,war,1,1,completo,walk_forward
1958,persistencia_purgada,0,1.0,1,1,0.5,war_N1_ge1_sens,war,1,1,completo,walk_forward
1959,prevalencia,0,0.38235294117647056,0,0,0.5,war_N1_ge1_sens,war,1,1,completo,walk_forward
1959,persistencia,0,0.0,0,0,0.5,war_N1_ge1_sens,war,1,1,completo,walk_forward
1959,persistencia_purgada,0,1.0,1,1,0.5,war_N1_ge1_sens,war,1,1,completo,walk_forward
1960,prevalencia,0,0.37681159420289856,0,0,0.5,war_N1_ge1_sens,war,1,1,completo,walk_forward
1960,persistencia,0,0.0,0,0,0.5,war_N1_ge1_sens,war,1,1,completo,walk_forward
1960,persistencia_purgada,0,0.0,0,0,0.5,war_N1_ge1_sens,war,1,1,completo,walk_forward
1961,prevalencia,1,0.37142857142857144,0,0,0.5,war_N1_ge1_sens,war,1,1,completo,walk_forward
1961,persistencia,1,0.0,0,0,0.5,war_N1_ge1_sens,war,1,1,completo,walk_forward
1961,persistencia_purgada,1,0.0,0,0,0.5,war_N1_ge1_sens,war,1,1,completo,walk_forward
1962,prevalencia,0,0.36619718309859156,0,0,0.5,war_N1_ge1_sens,war,1,1,completo,walk_forward
1962,persistencia,0,1.0,1,1,0.5,war_N1_ge1_sens,war,1,1,completo,walk_forward
1962,persistencia_purgada,0,0.0,0,0,0.5,war_N1_ge1_sens,war,1,1,completo,walk_forward
1963,prevalencia,0,0.375,0,0,0.5,war_N1_ge1_sens,war,1,1,completo,walk_forward
1963,persistencia,0,0.0,0,0,0.5,war_N1_ge1_sens,war,1,1,completo,walk_forward
1963,persistencia_purgada,0,1.0,1,1,0.5,war_N1_ge1_sens,war,1,1,completo,walk_forward
1964,prevalencia,1,0.3698630136986301,0,0,0.5,war_N1_ge1_sens,war,1,1,completo,walk_forward
1964,persistencia,1,0.0,0,0,0.5,war_N1_ge1_sens,war,1,1,completo,walk_forward
1964,persistencia_purgada,1,0.0,0,0,0.5,war_N1_ge1_sens,war,1,1,completo,walk_forward
1965,prevalencia,0,0.36486486486486486,0,0,0.5,war_N1_ge1_sens,war,1,1,completo,walk_forward
1965,persistencia,0,1.0,1,1,0.5,war_N1_ge1_sens,war,1,1,completo,walk_forward
1965,persistencia_purgada,0,0.0,0,0,0.5,war_N1_ge1_sens,war,1,1,completo,walk_forward
1966,prevalencia,0,0.37333333333333335,0,0,0.5,war_N1_ge1_sens,war,1,1,completo,walk_forward
1966,persistencia,0,0.0,0,0,0.5,war_N1_ge1_sens,war,1,1,completo,walk_forward
1966,persistencia_purgada,0,1.0,1,1,0.5,war_N1_ge1_sens,war,1,1,completo,walk_forward
1967,prevalencia,1,0.3684210526315789,0,0,0.5,war_N1_ge1_sens,war,1,1,completo,walk_forward
1967,persistencia,1,0.0,0,0,0.5,war_N1_ge1_sens,war,1,1,completo,walk_forward
1967,persistencia_purgada,1,0.0,0,0,0.5,war_N1_ge1_sens,war,1,1,completo,walk_forward
1968,prevalencia,0,0.36363636363636365,0,0,0.5,war_N1_ge1_sens,war,1,1,completo,walk_forward
1968,persistencia,0,1.0,1,1,0.5,war_N1_ge1_sens,war,1,1,completo,walk_forward
1968,persistencia_purgada,0,0.0,0,0,0.5,war_N1_ge1_sens,war,1,1,completo,walk_forward
1969,prevalencia,1,0.3717948717948718,0,0,0.5,war_N1_ge1_sens,war,1,1,completo,walk_forward
1969,persistencia,1,0.0,0,0,0.5,war_N1_ge1_sens,war,1,1,completo,walk_forward
1969,persistencia_purgada,1,1.0,1,1,0.5,war_N1_ge1_sens,war,1,1,completo,walk_forward
1970,prevalencia,1,0.3670886075949367,0,0,0.5,war_N1_ge1_sens,war,1,1,completo,walk_forward
1970,persistencia,1,1.0,1,1,0.5,war_N1_ge1_sens,war,1,1,completo,walk_forward
1970,persistencia_purgada,1,0.0,0,0,0.5,war_N1_ge1_sens,war,1,1,completo,walk_forward
1971,prevalencia,0,0.375,0,0,0.5,war_N1_ge1_sens,war,1,1,completo,walk_forward
1971,persistencia,0,1.0,1,1,0.5,war_N1_ge1_sens,war,1,1,completo,walk_forward
1971,persistencia_purgada,0,1.0,1,1,0.5,war_N1_ge1_sens,war,1,1,completo,walk_forward
1972,prevalencia,0,0.38271604938271603,0,0,0.5,war_N1_ge1_sens,war,1,1,completo,walk_forward
1972,persistencia,0,0.0,0,0,0.5,war_N1_ge1_sens,war,1,1,completo,walk_forward
1972,persistencia_purgada,0,1.0,1,1,0.5,war_N1_ge1_sens,war,1,1,completo,walk_forward
1973,prevalencia,0,0.3780487804878049,0,0,0.5,war_N1_ge1_sens,war,1,1,completo,walk_forward
1973,persistencia,0,0.0,0,0,0.5,war_N1_ge1_sens,war,1,1,completo,walk_forward
1973,persistencia_purgada,0,0.0,0,0,0.5,war_N1_ge1_sens,war,1,1,completo,walk_forward
1974,prevalencia,0,0.37349397590361444,0,0,0.5,war_N1_ge1_sens,war,1,1,completo,walk_forward
1974,persistencia,0,0.0,0,0,0.5,war_N1_ge1_sens,war,1,1,completo,walk_forward
1974,persistencia_purgada,0,0.0,0,0,0.5,war_N1_ge1_sens,war,1,1,completo,walk_forward
1975,prevalencia,0,0.36904761904761907,0,0,0.5,war_N1_ge1_sens,war,1,1,completo,walk_forward
1975,persistencia,0,0.0,0,0,0.5,war_N1_ge1_sens,war,1,1,completo,walk_forward
1975,persistencia_purgada,0,0.0,0,0,0.5,war_N1_ge1_sens,war,1,1,completo,walk_forward
1976,prevalencia,0,0.36470588235294116,0,0,0.5,war_N1_ge1_sens,war,1,1,completo,walk_forward
1976,persistencia,0,0.0,0,0,0.5,war_N1_ge1_sens,war,1,1,completo,walk_forward
1976,persistencia_purgada,0,0.0,0,0,0.5,war_N1_ge1_sens,war,1,1,completo,walk_forward
1977,prevalencia,0,0.36046511627906974,0,0,0.5,war_N1_ge1_sens,war,1,1,completo,walk_forward
1977,persistencia,0,0.0,0,0,0.5,war_N1_ge1_sens,war,1,1,completo,walk_forward
1977,persistencia_purgada,0,0.0,0,0,0.5,war_N1_ge1_sens,war,1,1,completo,walk_forward
1978,prevalencia,1,0.3563218390804598,0,0,0.5,war_N1_ge1_sens,war,1,1,completo,walk_forward
1978,persistencia,1,0.0,0,0,0.5,war_N1_ge1_sens,war,1,1,completo,walk_forward
1978,persistencia_purgada,1,0.0,0,0,0.5,war_N1_ge1_sens,war,1,1,completo,walk_forward
1979,prevalencia,0,0.3522727272727273,0,0,0.5,war_N1_ge1_sens,war,1,1,completo,walk_forward
1979,persistencia,0,1.0,1,1,0.5,war_N1_ge1_sens,war,1,1,completo,walk_forward
1979,persistencia_purgada,0,0.0,0,0,0.5,war_N1_ge1_sens,war,1,1,completo,walk_forward
1980,prevalencia,0,0.3595505617977528,0,0,0.5,war_N1_ge1_sens,war,1,1,completo,walk_forward
1980,persistencia,0,0.0,0,0,0.5,war_N1_ge1_sens,war,1,1,completo,walk_forward
1980,persistencia_purgada,0,1.0,1,1,0.5,war_N1_ge1_sens,war,1,1,completo,walk_forward
1981,prevalencia,1,0.35555555555555557,0,0,0.5,war_N1_ge1_sens,war,1,1,completo,walk_forward
1981,persistencia,1,0.0,0,0,0.5,war_N1_ge1_sens,war,1,1,completo,walk_forward
1981,persistencia_purgada,1,0.0,0,0,0.5,war_N1_ge1_sens,war,1,1,completo,walk_forward
1982,prevalencia,0,0.3516483516483517,0,0,0.5,war_N1_ge1_sens,war,1,1,completo,walk_forward
1982,persistencia,0,1.0,1,1,0.5,war_N1_ge1_sens,war,1,1,completo,walk_forward
1982,persistencia_purgada,0,0.0,0,0,0.5,war_N1_ge1_sens,war,1,1,completo,walk_forward
1983,prevalencia,0,0.358695652173913,0,0,0.5,war_N1_ge1_sens,war,1,1,completo,walk_forward
1983,persistencia,0,0.0,0,0,0.5,war_N1_ge1_sens,war,1,1,completo,walk_forward
1983,persistencia_purgada,0,1.0,1,1,0.5,war_N1_ge1_sens,war,1,1,completo,walk_forward
1984,prevalencia,0,0.3548387096774194,0,0,0.5,war_N1_ge1_sens,war,1,1,completo,walk_forward
1984,persistencia,0,0.0,0,0,0.5,war_N1_ge1_sens,war,1,1,completo,walk_forward
1984,persistencia_purgada,0,0.0,0,0,0.5,war_N1_ge1_sens,war,1,1,completo,walk_forward
1985,prevalencia,0,0.35106382978723405,0,0,0.5,war_N1_ge1_sens,war,1,1,completo,walk_forward
1985,persistencia,0,0.0,0,0,0.5,war_N1_ge1_sens,war,1,1,completo,walk_forward
1985,persistencia_purgada,0,0.0,0,0,0.5,war_N1_ge1_sens,war,1,1,completo,walk_forward
1986,prevalencia,1,0.3473684210526316,0,0,0.5,war_N1_ge1_sens,war,1,1,completo,walk_forward
1986,persistencia,1,0.0,0,0,0.5,war_N1_ge1_sens,war,1,1,completo,walk_forward
1986,persistencia_purgada,1,0.0,0,0,0.5,war_N1_ge1_sens,war,1,1,completo,walk_forward
1987,prevalencia,0,0.34375,0,0,0.5,war_N1_ge1_sens,war,1,1,completo,walk_forward
1987,persistencia,0,1.0,1,1,0.5,war_N1_ge1_sens,war,1,1,completo,walk_forward
1987,persistencia_purgada,0,0.0,0,0,0.5,war_N1_ge1_sens,war,1,1,completo,walk_forward
1988,prevalencia,0,0.35051546391752575,0,0,0.5,war_N1_ge1_sens,war,1,1,completo,walk_forward
1988,persistencia,0,0.0,0,0,0.5,war_N1_ge1_sens,war,1,1,completo,walk_forward
1988,persistencia_purgada,0,1.0,1,1,0.5,war_N1_ge1_sens,war,1,1,completo,walk_forward
1989,prevalencia,1,0.3469387755102041,0,0,0.5,war_N1_ge1_sens,war,1,1,completo,walk_forward
1989,persistencia,1,0.0,0,0,0.5,war_N1_ge1_sens,war,1,1,completo,walk_forward
1989,persistencia_purgada,1,0.0,0,0,0.5,war_N1_ge1_sens,war,1,1,completo,walk_forward
1990,prevalencia,0,0.3434343434343434,0,0,0.5,war_N1_ge1_sens,war,1,1,completo,walk_forward
1990,persistencia,0,1.0,1,1,0.5,war_N1_ge1_sens,war,1,1,completo,walk_forward
1990,persistencia_purgada,0,0.0,0,0,0.5,war_N1_ge1_sens,war,1,1,completo,walk_forward
1991,prevalencia,0,0.35,0,0,0.5,war_N1_ge1_sens,war,1,1,completo,walk_forward
1991,persistencia,0,0.0,0,0,0.5,war_N1_ge1_sens,war,1,1,completo,walk_forward
1991,persistencia_purgada,0,1.0,1,1,0.5,war_N1_ge1_sens,war,1,1,completo,walk_forward
1992,prevalencia,0,0.3465346534653465,0,0,0.5,war_N1_ge1_sens,war,1,1,completo,walk_forward
1992,persistencia,0,0.0,0,0,0.5,war_N1_ge1_sens,war,1,1,completo,walk_forward
1992,persistencia_purgada,0,0.0,0,0,0.5,war_N1_ge1_sens,war,1,1,completo,walk_forward
1993,prevalencia,0,0.3431372549019608,0,0,0.5,war_N1_ge1_sens,war,1,1,completo,walk_forward
1993,persistencia,0,0.0,0,0,0.5,war_N1_ge1_sens,war,1,1,completo,walk_forward
1993,persistencia_purgada,0,0.0,0,0,0.5,war_N1_ge1_sens,war,1,1,completo,walk_forward
1994,prevalencia,0,0.33980582524271846,0,0,0.5,war_N1_ge1_sens,war,1,1,completo,walk_forward
1994,persistencia,0,0.0,0,0,0.5,war_N1_ge1_sens,war,1,1,completo,walk_forward
1994,persistencia_purgada,0,0.0,0,0,0.5,war_N1_ge1_sens,war,1,1,completo,walk_forward
1995,prevalencia,0,0.33653846153846156,0,0,0.5,war_N1_ge1_sens,war,1,1,completo,walk_forward
1995,persistencia,0,0.0,0,0,0.5,war_N1_ge1_sens,war,1,1,completo,walk_forward
1995,persistencia_purgada,0,0.0,0,0,0.5,war_N1_ge1_sens,war,1,1,completo,walk_forward
1996,prevalencia,0,0.3333333333333333,0,0,0.5,war_N1_ge1_sens,war,1,1,completo,walk_forward
1996,persistencia,0,0.0,0,0,0.5,war_N1_ge1_sens,war,1,1,completo,walk_forward
1996,persistencia_purgada,0,0.0,0,0,0.5,war_N1_ge1_sens,war,1,1,completo,walk_forward
1997,prevalencia,0,0.330188679245283,0,0,0.5,war_N1_ge1_sens,war,1,1,completo,walk_forward
1997,persistencia,0,0.0,0,0,0.5,war_N1_ge1_sens,war,1,1,completo,walk_forward
1997,persistencia_purgada,0,0.0,0,0,0.5,war_N1_ge1_sens,war,1,1,completo,walk_forward
1998,prevalencia,1,0.32710280373831774,0,0,0.5,war_N1_ge1_sens,war,1,1,completo,walk_forward
1998,persistencia,1,0.0,0,0,0.5,war_N1_ge1_sens,war,1,1,completo,walk_forward
1998,persistencia_purgada,1,0.0,0,0,0.5,war_N1_ge1_sens,war,1,1,completo,walk_forward
1999,prevalencia,0,0.32407407407407407,0,0,0.5,war_N1_ge1_sens,war,1,1,completo,walk_forward
1999,persistencia,0,1.0,1,1,0.5,war_N1_ge1_sens,war,1,1,completo,walk_forward
1999,persistencia_purgada,0,0.0,0,0,0.5,war_N1_ge1_sens,war,1,1,completo,walk_forward
2000,prevalencia,1,0.3302752293577982,0,0,0.5,war_N1_ge1_sens,war,1,1,completo,walk_forward
2000,persistencia,1,0.0,0,0,0.5,war_N1_ge1_sens,war,1,1,completo,walk_forward
2000,persistencia_purgada,1,1.0,1,1,0.5,war_N1_ge1_sens,war,1,1,completo,walk_forward
2001,prevalencia,0,0.32727272727272727,0,0,0.5,war_N1_ge1_sens,war,1,1,completo,walk_forward
2001,persistencia,0,1.0,1,1,0.5,war_N1_ge1_sens,war,1,1,completo,walk_forward
2001,persistencia_purgada,0,0.0,0,0,0.5,war_N1_ge1_sens,war,1,1,completo,walk_forward
2002,prevalencia,1,0.3333333333333333,0,0,0.5,war_N1_ge1_sens,war,1,1,completo,walk_forward
2002,persistencia,1,0.0,0,0,0.5,war_N1_ge1_sens,war,1,1,completo,walk_forward
2002,persistencia_purgada,1,1.0,1,1,0.5,war_N1_ge1_sens,war,1,1,completo,walk_forward
2003,prevalencia,0,0.33035714285714285,0,0,0.5,war_N1_ge1_sens,war,1,1,completo,walk_forward
2003,persistencia,0,1.0,1,1,0.5,war_N1_ge1_sens,war,1,1,completo,walk_forward
2003,persistencia_purgada,0,0.0,0,0,0.5,war_N1_ge1_sens,war,1,1,completo,walk_forward
2004,prevalencia,0,0.336283185840708,0,0,0.5,war_N1_ge1_sens,war,1,1,completo,walk_forward
2004,persistencia,0,0.0,0,0,0.5,war_N1_ge1_sens,war,1,1,completo,walk_forward
2004,persistencia_purgada,0,1.0,1,1,0.5,war_N1_ge1_sens,war,1,1,completo,walk_forward
2005,prevalencia,0,0.3333333333333333,0,0,0.5,war_N1_ge1_sens,war,1,1,completo,walk_forward
2005,persistencia,0,0.0,0,0,0.5,war_N1_ge1_sens,war,1,1,completo,walk_forward
2005,persistencia_purgada,0,0.0,0,0,0.5,war_N1_ge1_sens,war,1,1,completo,walk_forward
1946,logreg,1,5.854882842068197e-07,0,0,0.7066217291524938,war_N1_ge1_sens,war,1,1,completo,era_split
1947,logreg,0,0.0029747838897241498,0,0,0.7066217291524938,war_N1_ge1_sens,war,1,1,completo,era_split
1948,logreg,0,0.006791228039002736,0,0,0.7066217291524938,war_N1_ge1_sens,war,1,1,completo,era_split
1949,logreg,1,0.19202273184765808,0,0,0.7066217291524938,war_N1_ge1_sens,war,1,1,completo,era_split
1950,logreg,0,0.003105206297698505,0,0,0.7066217291524938,war_N1_ge1_sens,war,1,1,completo,era_split
1951,logreg,0,0.05947047519685876,0,0,0.7066217291524938,war_N1_ge1_sens,war,1,1,completo,era_split
1952,logreg,0,0.15418340517925685,0,0,0.7066217291524938,war_N1_ge1_sens,war,1,1,completo,era_split
1953,logreg,1,0.18284753185930105,0,0,0.7066217291524938,war_N1_ge1_sens,war,1,1,completo,era_split
1954,logreg,0,0.03996106455679443,0,0,0.7066217291524938,war_N1_ge1_sens,war,1,1,completo,era_split
1955,logreg,1,4.6417827719788414e-05,0,0,0.7066217291524938,war_N1_ge1_sens,war,1,1,completo,era_split
1956,logreg,1,0.21741254463550258,0,0,0.7066217291524938,war_N1_ge1_sens,war,1,1,completo,era_split
1957,logreg,1,0.011864037597732979,0,0,0.7066217291524938,war_N1_ge1_sens,war,1,1,completo,era_split
1958,logreg,0,0.07041345753953557,0,0,0.7066217291524938,war_N1_ge1_sens,war,1,1,completo,era_split
1959,logreg,0,0.015368386926805512,0,0,0.7066217291524938,war_N1_ge1_sens,war,1,1,completo,era_split
1960,logreg,0,0.1437445393821362,0,0,0.7066217291524938,war_N1_ge1_sens,war,1,1,completo,era_split
1961,logreg,1,0.7372774537811495,1,1,0.7066217291524938,war_N1_ge1_sens,war,1,1,completo,era_split
1962,logreg,0,0.37793930783456964,0,0,0.7066217291524938,war_N1_ge1_sens,war,1,1,completo,era_split
1963,logreg,0,0.9093098023800746,1,1,0.7066217291524938,war_N1_ge1_sens,war,1,1,completo,era_split
1964,logreg,1,0.38169819244826253,0,0,0.7066217291524938,war_N1_ge1_sens,war,1,1,completo,era_split
1965,logreg,0,0.9637668591460142,1,1,0.7066217291524938,war_N1_ge1_sens,war,1,1,completo,era_split
1966,logreg,0,0.5971337272763552,1,0,0.7066217291524938,war_N1_ge1_sens,war,1,1,completo,era_split
1967,logreg,1,0.8354161658791971,1,1,0.7066217291524938,war_N1_ge1_sens,war,1,1,completo,era_split
1968,logreg,0,0.4805779504249931,0,0,0.7066217291524938,war_N1_ge1_sens,war,1,1,completo,era_split
1969,logreg,1,0.6419713435312228,1,0,0.7066217291524938,war_N1_ge1_sens,war,1,1,completo,era_split
1970,logreg,1,0.795548525148098,1,1,0.7066217291524938,war_N1_ge1_sens,war,1,1,completo,era_split
1971,logreg,0,0.2834010720945219,0,0,0.7066217291524938,war_N1_ge1_sens,war,1,1,completo,era_split
1972,logreg,0,0.22045544107815354,0,0,0.7066217291524938,war_N1_ge1_sens,war,1,1,completo,era_split
1973,logreg,0,0.5305220828235051,1,0,0.7066217291524938,war_N1_ge1_sens,war,1,1,completo,era_split
1974,logreg,0,0.9334639257141588,1,1,0.7066217291524938,war_N1_ge1_sens,war,1,1,completo,era_split
1975,logreg,0,0.6445398183663777,1,0,0.7066217291524938,war_N1_ge1_sens,war,1,1,completo,era_split
1976,logreg,0,0.6523228184503084,1,0,0.7066217291524938,war_N1_ge1_sens,war,1,1,completo,era_split
1977,logreg,0,0.9233178002690781,1,1,0.7066217291524938,war_N1_ge1_sens,war,1,1,completo,era_split
1978,logreg,1,0.497576423355134,0,0,0.7066217291524938,war_N1_ge1_sens,war,1,1,completo,era_split
1979,logreg,0,0.61570876264114,1,0,0.7066217291524938,war_N1_ge1_sens,war,1,1,completo,era_split
1980,logreg,0,0.6596042502991692,1,0,0.7066217291524938,war_N1_ge1_sens,war,1,1,completo,era_split
1981,logreg,1,0.5708190641361537,1,0,0.7066217291524938,war_N1_ge1_sens,war,1,1,completo,era_split
1982,logreg,0,0.9762333567649136,1,1,0.7066217291524938,war_N1_ge1_sens,war,1,1,completo,era_split
1983,logreg,0,0.5411375779385381,1,0,0.7066217291524938,war_N1_ge1_sens,war,1,1,completo,era_split
1984,logreg,0,0.9716262238450601,1,1,0.7066217291524938,war_N1_ge1_sens,war,1,1,completo,era_split
1985,logreg,0,0.22949958495619394,0,0,0.7066217291524938,war_N1_ge1_sens,war,1,1,completo,era_split
1986,logreg,1,0.634093421407394,1,0,0.7066217291524938,war_N1_ge1_sens,war,1,1,completo,era_split
1987,logreg,0,0.9943526648109575,1,1,0.7066217291524938,war_N1_ge1_sens,war,1,1,completo,era_split
1988,logreg,0,0.43145998886723536,0,0,0.7066217291524938,war_N1_ge1_sens,war,1,1,completo,era_split
1989,logreg,1,0.913347871374715,1,1,0.7066217291524938,war_N1_ge1_sens,war,1,1,completo,era_split
1990,logreg,0,0.15696928211362382,0,0,0.7066217291524938,war_N1_ge1_sens,war,1,1,completo,era_split
1991,logreg,0,0.9909101098358948,1,1,0.7066217291524938,war_N1_ge1_sens,war,1,1,completo,era_split
1992,logreg,0,0.4777675431079572,0,0,0.7066217291524938,war_N1_ge1_sens,war,1,1,completo,era_split
1993,logreg,0,0.8878860120930999,1,1,0.7066217291524938,war_N1_ge1_sens,war,1,1,completo,era_split
1994,logreg,0,0.5319150698967905,1,0,0.7066217291524938,war_N1_ge1_sens,war,1,1,completo,era_split
1995,logreg,0,0.5259039614128265,1,0,0.7066217291524938,war_N1_ge1_sens,war,1,1,completo,era_split
1996,logreg,0,0.8134156918173644,1,1,0.7066217291524938,war_N1_ge1_sens,war,1,1,completo,era_split
1997,logreg,0,0.8575640782473485,1,1,0.7066217291524938,war_N1_ge1_sens,war,1,1,completo,era_split
1998,logreg,1,0.7594408777455992,1,1,0.7066217291524938,war_N1_ge1_sens,war,1,1,completo,era_split
1999,logreg,0,0.6150544059135956,1,0,0.7066217291524938,war_N1_ge1_sens,war,1,1,completo,era_split
2000,logreg,1,0.48964206026886276,0,0,0.7066217291524938,war_N1_ge1_sens,war,1,1,completo,era_split
2001,logreg,0,0.8956706240535074,1,1,0.7066217291524938,war_N1_ge1_sens,war,1,1,completo,era_split
2002,logreg,1,0.7294879729750193,1,1,0.7066217291524938,war_N1_ge1_sens,war,1,1,completo,era_split
2003,logreg,0,0.5035809674679994,1,0,0.7066217291524938,war_N1_ge1_sens,war,1,1,completo,era_split
2004,logreg,0,0.9352068400906411,1,1,0.7066217291524938,war_N1_ge1_sens,war,1,1,completo,era_split
2005,logreg,0,0.8641590201050039,1,1,0.7066217291524938,war_N1_ge1_sens,war,1,1,completo,era_split
1946,rf,1,0.13685100474808323,0,0,0.5347160572636799,war_N1_ge1_sens,war,1,1,completo,era_split
1947,rf,0,0.23671786322178234,0,0,0.5347160572636799,war_N1_ge1_sens,war,1,1,completo,era_split
1948,rf,0,0.23982091985819273,0,0,0.5347160572636799,war_N1_ge1_sens,war,1,1,completo,era_split
1949,rf,1,0.2618543472378849,0,0,0.5347160572636799,war_N1_ge1_sens,war,1,1,completo,era_split
1950,rf,0,0.33492271247153693,0,0,0.5347160572636799,war_N1_ge1_sens,war,1,1,completo,era_split
1951,rf,0,0.3106966973273177,0,0,0.5347160572636799,war_N1_ge1_sens,war,1,1,completo,era_split
1952,rf,0,0.358363549251777,0,0,0.5347160572636799,war_N1_ge1_sens,war,1,1,completo,era_split
1953,rf,1,0.39545338040906425,0,0,0.5347160572636799,war_N1_ge1_sens,war,1,1,completo,era_split
1954,rf,0,0.3281124852793279,0,0,0.5347160572636799,war_N1_ge1_sens,war,1,1,completo,era_split
1955,rf,1,0.23973999932317827,0,0,0.5347160572636799,war_N1_ge1_sens,war,1,1,completo,era_split
1956,rf,1,0.3134508956145592,0,0,0.5347160572636799,war_N1_ge1_sens,war,1,1,completo,era_split
1957,rf,1,0.299372643135336,0,0,0.5347160572636799,war_N1_ge1_sens,war,1,1,completo,era_split
1958,rf,0,0.4056029832311252,0,0,0.5347160572636799,war_N1_ge1_sens,war,1,1,completo,era_split
1959,rf,0,0.3532006453275872,0,0,0.5347160572636799,war_N1_ge1_sens,war,1,1,completo,era_split
1960,rf,0,0.38712097924211036,0,0,0.5347160572636799,war_N1_ge1_sens,war,1,1,completo,era_split
1961,rf,1,0.3597223710595201,0,0,0.5347160572636799,war_N1_ge1_sens,war,1,1,completo,era_split
1962,rf,0,0.28010035581359766,0,0,0.5347160572636799,war_N1_ge1_sens,war,1,1,completo,era_split
1963,rf,0,0.36321312235108927,0,0,0.5347160572636799,war_N1_ge1_sens,war,1,1,completo,era_split
1964,rf,1,0.3457991033375224,0,0,0.5347160572636799,war_N1_ge1_sens,war,1,1,completo,era_split
1965,rf,0,0.4155560634765561,0,0,0.5347160572636799,war_N1_ge1_sens,war,1,1,completo,era_split
1966,rf,0,0.3454991330602368,0,0,0.5347160572636799,war_N1_ge1_sens,war,1,1,completo,era_split
1967,rf,1,0.44078596744413523,0,0,0.5347160572636799,war_N1_ge1_sens,war,1,1,completo,era_split
1968,rf,0,0.3922519355670719,0,0,0.5347160572636799,war_N1_ge1_sens,war,1,1,completo,era_split
1969,rf,1,0.37000824743551325,0,0,0.5347160572636799,war_N1_ge1_sens,war,1,1,completo,era_split
1970,rf,1,0.4324922218147657,0,0,0.5347160572636799,war_N1_ge1_sens,war,1,1,completo,era_split
1971,rf,0,0.4259872357101174,0,0,0.5347160572636799,war_N1_ge1_sens,war,1,1,completo,era_split
1972,rf,0,0.3483214196612609,0,0,0.5347160572636799,war_N1_ge1_sens,war,1,1,completo,era_split
1973,rf,0,0.3907510848046445,0,0,0.5347160572636799,war_N1_ge1_sens,war,1,1,completo,era_split
1974,rf,0,0.47663685868340344,0,0,0.5347160572636799,war_N1_ge1_sens,war,1,1,completo,era_split
1975,rf,0,0.4723650190730608,0,0,0.5347160572636799,war_N1_ge1_sens,war,1,1,completo,era_split
1976,rf,0,0.5406464934599801,1,1,0.5347160572636799,war_N1_ge1_sens,war,1,1,completo,era_split
1977,rf,0,0.45703577158271064,0,0,0.5347160572636799,war_N1_ge1_sens,war,1,1,completo,era_split
1978,rf,1,0.5805759019757926,1,1,0.5347160572636799,war_N1_ge1_sens,war,1,1,completo,era_split
1979,rf,0,0.5425215522059449,1,1,0.5347160572636799,war_N1_ge1_sens,war,1,1,completo,era_split
1980,rf,0,0.5490190003292204,1,1,0.5347160572636799,war_N1_ge1_sens,war,1,1,completo,era_split
1981,rf,1,0.35839012341072213,0,0,0.5347160572636799,war_N1_ge1_sens,war,1,1,completo,era_split
1982,rf,0,0.48167814246696217,0,0,0.5347160572636799,war_N1_ge1_sens,war,1,1,completo,era_split
1983,rf,0,0.40788167347191184,0,0,0.5347160572636799,war_N1_ge1_sens,war,1,1,completo,era_split
1984,rf,0,0.5424526589838177,1,1,0.5347160572636799,war_N1_ge1_sens,war,1,1,completo,era_split
1985,rf,0,0.5176005581087791,1,0,0.5347160572636799,war_N1_ge1_sens,war,1,1,completo,era_split
1986,rf,1,0.47861000990983543,0,0,0.5347160572636799,war_N1_ge1_sens,war,1,1,completo,era_split
1987,rf,0,0.5617163850435587,1,1,0.5347160572636799,war_N1_ge1_sens,war,1,1,completo,era_split
1988,rf,0,0.589503166918432,1,1,0.5347160572636799,war_N1_ge1_sens,war,1,1,completo,era_split
1989,rf,1,0.5101694628085373,1,0,0.5347160572636799,war_N1_ge1_sens,war,1,1,completo,era_split
1990,rf,0,0.41232332440368985,0,0,0.5347160572636799,war_N1_ge1_sens,war,1,1,completo,era_split
1991,rf,0,0.48233595083084696,0,0,0.5347160572636799,war_N1_ge1_sens,war,1,1,completo,era_split
1992,rf,0,0.384574919336368,0,0,0.5347160572636799,war_N1_ge1_sens,war,1,1,completo,era_split
1993,rf,0,0.5378698641358217,1,1,0.5347160572636799,war_N1_ge1_sens,war,1,1,completo,era_split
1994,rf,0,0.5235180781971434,1,0,0.5347160572636799,war_N1_ge1_sens,war,1,1,completo,era_split
1995,rf,0,0.5576083480302322,1,1,0.5347160572636799,war_N1_ge1_sens,war,1,1,completo,era_split
1996,rf,0,0.5184610363959902,1,0,0.5347160572636799,war_N1_ge1_sens,war,1,1,completo,era_split
1997,rf,0,0.5134600513357407,1,0,0.5347160572636799,war_N1_ge1_sens,war,1,1,completo,era_split
1998,rf,1,0.43343304763057927,0,0,0.5347160572636799,war_N1_ge1_sens,war,1,1,completo,era_split
1999,rf,0,0.529166038528445,1,0,0.5347160572636799,war_N1_ge1_sens,war,1,1,completo,era_split
2000,rf,1,0.4880590668481442,0,0,0.5347160572636799,war_N1_ge1_sens,war,1,1,completo,era_split
2001,rf,0,0.504065754056073,1,0,0.5347160572636799,war_N1_ge1_sens,war,1,1,completo,era_split
2002,rf,1,0.48018145968154385,0,0,0.5347160572636799,war_N1_ge1_sens,war,1,1,completo,era_split
2003,rf,0,0.4740528668175216,0,0,0.5347160572636799,war_N1_ge1_sens,war,1,1,completo,era_split
2004,rf,0,0.5022203912579228,1,0,0.5347160572636799,war_N1_ge1_sens,war,1,1,completo,era_split
2005,rf,0,0.5444428868576152,1,1,0.5347160572636799,war_N1_ge1_sens,war,1,1,completo,era_split
1946,xgb,1,0.011223305016756058,0,0,0.8849185109138489,war_N1_ge1_sens,war,1,1,completo,era_split
1947,xgb,0,0.31189826130867004,0,0,0.8849185109138489,war_N1_ge1_sens,war,1,1,completo,era_split
1948,xgb,0,0.0978686586022377,0,0,0.8849185109138489,war_N1_ge1_sens,war,1,1,completo,era_split
1949,xgb,1,0.22587156295776367,0,0,0.8849185109138489,war_N1_ge1_sens,war,1,1,completo,era_split
1950,xgb,0,0.20243006944656372,0,0,0.8849185109138489,war_N1_ge1_sens,war,1,1,completo,era_split
1951,xgb,0,0.271117627620697,0,0,0.8849185109138489,war_N1_ge1_sens,war,1,1,completo,era_split
1952,xgb,0,0.3481338918209076,0,0,0.8849185109138489,war_N1_ge1_sens,war,1,1,completo,era_split
1953,xgb,1,0.6998600363731384,1,0,0.8849185109138489,war_N1_ge1_sens,war,1,1,completo,era_split
1954,xgb,0,0.09761355817317963,0,0,0.8849185109138489,war_N1_ge1_sens,war,1,1,completo,era_split
1955,xgb,1,0.09153157472610474,0,0,0.8849185109138489,war_N1_ge1_sens,war,1,1,completo,era_split
1956,xgb,1,0.6300390958786011,1,0,0.8849185109138489,war_N1_ge1_sens,war,1,1,completo,era_split
1957,xgb,1,0.2977967858314514,0,0,0.8849185109138489,war_N1_ge1_sens,war,1,1,completo,era_split
1958,xgb,0,0.7465476393699646,1,0,0.8849185109138489,war_N1_ge1_sens,war,1,1,completo,era_split
1959,xgb,0,0.6850982904434204,1,0,0.8849185109138489,war_N1_ge1_sens,war,1,1,completo,era_split
1960,xgb,0,0.21434837579727173,0,0,0.8849185109138489,war_N1_ge1_sens,war,1,1,completo,era_split
1961,xgb,1,0.43616917729377747,0,0,0.8849185109138489,war_N1_ge1_sens,war,1,1,completo,era_split
1962,xgb,0,0.008455639705061913,0,0,0.8849185109138489,war_N1_ge1_sens,war,1,1,completo,era_split
1963,xgb,0,0.09053172916173935,0,0,0.8849185109138489,war_N1_ge1_sens,war,1,1,completo,era_split
1964,xgb,1,0.026711514219641685,0,0,0.8849185109138489,war_N1_ge1_sens,war,1,1,completo,era_split
1965,xgb,0,0.3105628788471222,0,0,0.8849185109138489,war_N1_ge1_sens,war,1,1,completo,era_split
1966,xgb,0,0.029447268694639206,0,0,0.8849185109138489,war_N1_ge1_sens,war,1,1,completo,era_split
1967,xgb,1,0.13108283281326294,0,0,0.8849185109138489,war_N1_ge1_sens,war,1,1,completo,era_split
1968,xgb,0,0.024310383945703506,0,0,0.8849185109138489,war_N1_ge1_sens,war,1,1,completo,era_split
1969,xgb,1,0.07663033902645111,0,0,0.8849185109138489,war_N1_ge1_sens,war,1,1,completo,era_split
1970,xgb,1,0.4363260865211487,0,0,0.8849185109138489,war_N1_ge1_sens,war,1,1,completo,era_split
1971,xgb,0,0.09705278277397156,0,0,0.8849185109138489,war_N1_ge1_sens,war,1,1,completo,era_split
1972,xgb,0,0.033970799297094345,0,0,0.8849185109138489,war_N1_ge1_sens,war,1,1,completo,era_split
1973,xgb,0,0.09201616793870926,0,0,0.8849185109138489,war_N1_ge1_sens,war,1,1,completo,era_split
1974,xgb,0,0.3525543510913849,0,0,0.8849185109138489,war_N1_ge1_sens,war,1,1,completo,era_split
1975,xgb,0,0.4617416262626648,0,0,0.8849185109138489,war_N1_ge1_sens,war,1,1,completo,era_split
1976,xgb,0,0.4491341710090637,0,0,0.8849185109138489,war_N1_ge1_sens,war,1,1,completo,era_split
1977,xgb,0,0.1448485255241394,0,0,0.8849185109138489,war_N1_ge1_sens,war,1,1,completo,era_split
1978,xgb,1,0.5873159170150757,1,0,0.8849185109138489,war_N1_ge1_sens,war,1,1,completo,era_split
1979,xgb,0,0.4899247884750366,0,0,0.8849185109138489,war_N1_ge1_sens,war,1,1,completo,era_split
1980,xgb,0,0.4790893793106079,0,0,0.8849185109138489,war_N1_ge1_sens,war,1,1,completo,era_split
1981,xgb,1,0.019516007974743843,0,0,0.8849185109138489,war_N1_ge1_sens,war,1,1,completo,era_split
1982,xgb,0,0.41284647583961487,0,0,0.8849185109138489,war_N1_ge1_sens,war,1,1,completo,era_split
1983,xgb,0,0.046022165566682816,0,0,0.8849185109138489,war_N1_ge1_sens,war,1,1,completo,era_split
1984,xgb,0,0.5402456521987915,1,0,0.8849185109138489,war_N1_ge1_sens,war,1,1,completo,era_split
1985,xgb,0,0.16464896500110626,0,0,0.8849185109138489,war_N1_ge1_sens,war,1,1,completo,era_split
1986,xgb,1,0.1333826333284378,0,0,0.8849185109138489,war_N1_ge1_sens,war,1,1,completo,era_split
1987,xgb,0,0.782770574092865,1,0,0.8849185109138489,war_N1_ge1_sens,war,1,1,completo,era_split
1988,xgb,0,0.3958963453769684,0,0,0.8849185109138489,war_N1_ge1_sens,war,1,1,completo,era_split
1989,xgb,1,0.3139418661594391,0,0,0.8849185109138489,war_N1_ge1_sens,war,1,1,completo,era_split
1990,xgb,0,0.08631909638643265,0,0,0.8849185109138489,war_N1_ge1_sens,war,1,1,completo,era_split
1991,xgb,0,0.6546429395675659,1,0,0.8849185109138489,war_N1_ge1_sens,war,1,1,completo,era_split
1992,xgb,0,0.1435474455356598,0,0,0.8849185109138489,war_N1_ge1_sens,war,1,1,completo,era_split
1993,xgb,0,0.4918465316295624,0,0,0.8849185109138489,war_N1_ge1_sens,war,1,1,completo,era_split
1994,xgb,0,0.4646347165107727,0,0,0.8849185109138489,war_N1_ge1_sens,war,1,1,completo,era_split
1995,xgb,0,0.6558849811553955,1,0,0.8849185109138489,war_N1_ge1_sens,war,1,1,completo,era_split
1996,xgb,0,0.4352673888206482,0,0,0.8849185109138489,war_N1_ge1_sens,war,1,1,completo,era_split
1997,xgb,0,0.44521215558052063,0,0,0.8849185109138489,war_N1_ge1_sens,war,1,1,completo,era_split
1998,xgb,1,0.16481395065784454,0,0,0.8849185109138489,war_N1_ge1_sens,war,1,1,completo,era_split
1999,xgb,0,0.5733724236488342,1,0,0.8849185109138489,war_N1_ge1_sens,war,1,1,completo,era_split
2000,xgb,1,0.37110477685928345,0,0,0.8849185109138489,war_N1_ge1_sens,war,1,1,completo,era_split
2001,xgb,0,0.2541269361972809,0,0,0.8849185109138489,war_N1_ge1_sens,war,1,1,completo,era_split
2002,xgb,1,0.27206578850746155,0,0,0.8849185109138489,war_N1_ge1_sens,war,1,1,completo,era_split
2003,xgb,0,0.18304038047790527,0,0,0.8849185109138489,war_N1_ge1_sens,war,1,1,completo,era_split
2004,xgb,0,0.5206384658813477,1,0,0.8849185109138489,war_N1_ge1_sens,war,1,1,completo,era_split
2005,xgb,0,0.5416850447654724,1,0,0.8849185109138489,war_N1_ge1_sens,war,1,1,completo,era_split
1946,prevalencia,1,0.36363636363636365,0,0,0.5,war_N1_ge1_sens,war,1,1,completo,era_split
1947,prevalencia,0,0.36363636363636365,0,0,0.5,war_N1_ge1_sens,war,1,1,completo,era_split
1948,prevalencia,0,0.36363636363636365,0,0,0.5,war_N1_ge1_sens,war,1,1,completo,era_split
1949,prevalencia,1,0.36363636363636365,0,0,0.5,war_N1_ge1_sens,war,1,1,completo,era_split
1950,prevalencia,0,0.36363636363636365,0,0,0.5,war_N1_ge1_sens,war,1,1,completo,era_split
1951,prevalencia,0,0.36363636363636365,0,0,0.5,war_N1_ge1_sens,war,1,1,completo,era_split
1952,prevalencia,0,0.36363636363636365,0,0,0.5,war_N1_ge1_sens,war,1,1,completo,era_split
1953,prevalencia,1,0.36363636363636365,0,0,0.5,war_N1_ge1_sens,war,1,1,completo,era_split
1954,prevalencia,0,0.36363636363636365,0,0,0.5,war_N1_ge1_sens,war,1,1,completo,era_split
1955,prevalencia,1,0.36363636363636365,0,0,0.5,war_N1_ge1_sens,war,1,1,completo,era_split
1956,prevalencia,1,0.36363636363636365,0,0,0.5,war_N1_ge1_sens,war,1,1,completo,era_split
1957,prevalencia,1,0.36363636363636365,0,0,0.5,war_N1_ge1_sens,war,1,1,completo,era_split
1958,prevalencia,0,0.36363636363636365,0,0,0.5,war_N1_ge1_sens,war,1,1,completo,era_split
1959,prevalencia,0,0.36363636363636365,0,0,0.5,war_N1_ge1_sens,war,1,1,completo,era_split
1960,prevalencia,0,0.36363636363636365,0,0,0.5,war_N1_ge1_sens,war,1,1,completo,era_split
1961,prevalencia,1,0.36363636363636365,0,0,0.5,war_N1_ge1_sens,war,1,1,completo,era_split
1962,prevalencia,0,0.36363636363636365,0,0,0.5,war_N1_ge1_sens,war,1,1,completo,era_split
1963,prevalencia,0,0.36363636363636365,0,0,0.5,war_N1_ge1_sens,war,1,1,completo,era_split
1964,prevalencia,1,0.36363636363636365,0,0,0.5,war_N1_ge1_sens,war,1,1,completo,era_split
1965,prevalencia,0,0.36363636363636365,0,0,0.5,war_N1_ge1_sens,war,1,1,completo,era_split
1966,prevalencia,0,0.36363636363636365,0,0,0.5,war_N1_ge1_sens,war,1,1,completo,era_split
1967,prevalencia,1,0.36363636363636365,0,0,0.5,war_N1_ge1_sens,war,1,1,completo,era_split
1968,prevalencia,0,0.36363636363636365,0,0,0.5,war_N1_ge1_sens,war,1,1,completo,era_split
1969,prevalencia,1,0.36363636363636365,0,0,0.5,war_N1_ge1_sens,war,1,1,completo,era_split
1970,prevalencia,1,0.36363636363636365,0,0,0.5,war_N1_ge1_sens,war,1,1,completo,era_split
1971,prevalencia,0,0.36363636363636365,0,0,0.5,war_N1_ge1_sens,war,1,1,completo,era_split
1972,prevalencia,0,0.36363636363636365,0,0,0.5,war_N1_ge1_sens,war,1,1,completo,era_split
1973,prevalencia,0,0.36363636363636365,0,0,0.5,war_N1_ge1_sens,war,1,1,completo,era_split
1974,prevalencia,0,0.36363636363636365,0,0,0.5,war_N1_ge1_sens,war,1,1,completo,era_split
1975,prevalencia,0,0.36363636363636365,0,0,0.5,war_N1_ge1_sens,war,1,1,completo,era_split
1976,prevalencia,0,0.36363636363636365,0,0,0.5,war_N1_ge1_sens,war,1,1,completo,era_split
1977,prevalencia,0,0.36363636363636365,0,0,0.5,war_N1_ge1_sens,war,1,1,completo,era_split
1978,prevalencia,1,0.36363636363636365,0,0,0.5,war_N1_ge1_sens,war,1,1,completo,era_split
1979,prevalencia,0,0.36363636363636365,0,0,0.5,war_N1_ge1_sens,war,1,1,completo,era_split
1980,prevalencia,0,0.36363636363636365,0,0,0.5,war_N1_ge1_sens,war,1,1,completo,era_split
1981,prevalencia,1,0.36363636363636365,0,0,0.5,war_N1_ge1_sens,war,1,1,completo,era_split
1982,prevalencia,0,0.36363636363636365,0,0,0.5,war_N1_ge1_sens,war,1,1,completo,era_split
1983,prevalencia,0,0.36363636363636365,0,0,0.5,war_N1_ge1_sens,war,1,1,completo,era_split
1984,prevalencia,0,0.36363636363636365,0,0,0.5,war_N1_ge1_sens,war,1,1,completo,era_split
1985,prevalencia,0,0.36363636363636365,0,0,0.5,war_N1_ge1_sens,war,1,1,completo,era_split
1986,prevalencia,1,0.36363636363636365,0,0,0.5,war_N1_ge1_sens,war,1,1,completo,era_split
1987,prevalencia,0,0.36363636363636365,0,0,0.5,war_N1_ge1_sens,war,1,1,completo,era_split
1988,prevalencia,0,0.36363636363636365,0,0,0.5,war_N1_ge1_sens,war,1,1,completo,era_split
1989,prevalencia,1,0.36363636363636365,0,0,0.5,war_N1_ge1_sens,war,1,1,completo,era_split
1990,prevalencia,0,0.36363636363636365,0,0,0.5,war_N1_ge1_sens,war,1,1,completo,era_split
1991,prevalencia,0,0.36363636363636365,0,0,0.5,war_N1_ge1_sens,war,1,1,completo,era_split
1992,prevalencia,0,0.36363636363636365,0,0,0.5,war_N1_ge1_sens,war,1,1,completo,era_split
1993,prevalencia,0,0.36363636363636365,0,0,0.5,war_N1_ge1_sens,war,1,1,completo,era_split
1994,prevalencia,0,0.36363636363636365,0,0,0.5,war_N1_ge1_sens,war,1,1,completo,era_split
1995,prevalencia,0,0.36363636363636365,0,0,0.5,war_N1_ge1_sens,war,1,1,completo,era_split
1996,prevalencia,0,0.36363636363636365,0,0,0.5,war_N1_ge1_sens,war,1,1,completo,era_split
1997,prevalencia,0,0.36363636363636365,0,0,0.5,war_N1_ge1_sens,war,1,1,completo,era_split
1998,prevalencia,1,0.36363636363636365,0,0,0.5,war_N1_ge1_sens,war,1,1,completo,era_split
1999,prevalencia,0,0.36363636363636365,0,0,0.5,war_N1_ge1_sens,war,1,1,completo,era_split
2000,prevalencia,1,0.36363636363636365,0,0,0.5,war_N1_ge1_sens,war,1,1,completo,era_split
2001,prevalencia,0,0.36363636363636365,0,0,0.5,war_N1_ge1_sens,war,1,1,completo,era_split
2002,prevalencia,1,0.36363636363636365,0,0,0.5,war_N1_ge1_sens,war,1,1,completo,era_split
2003,prevalencia,0,0.36363636363636365,0,0,0.5,war_N1_ge1_sens,war,1,1,completo,era_split
2004,prevalencia,0,0.36363636363636365,0,0,0.5,war_N1_ge1_sens,war,1,1,completo,era_split
2005,prevalencia,0,0.36363636363636365,0,0,0.5,war_N1_ge1_sens,war,1,1,completo,era_split
1931,logreg,0,0.07235506575697623,0,0,0.5871752449142453,war_N1_ge1_sens,war,1,1,sem_dipl,walk_forward
1931,rf,0,0.44797275577638945,0,0,0.5058000954428342,war_N1_ge1_sens,war,1,1,sem_dipl,walk_forward
1931,xgb,0,0.21215996146202087,0,0,0.8584194779396057,war_N1_ge1_sens,war,1,1,sem_dipl,walk_forward
1932,logreg,0,0.11838145286222172,0,0,0.7469603996647677,war_N1_ge1_sens,war,1,1,sem_dipl,walk_forward
1932,rf,0,0.5243831200938092,1,1,0.5039438243580413,war_N1_ge1_sens,war,1,1,sem_dipl,walk_forward
1932,xgb,0,0.8621820211410522,1,0,0.8625392317771912,war_N1_ge1_sens,war,1,1,sem_dipl,walk_forward
1933,logreg,0,0.050712323918966164,0,0,0.6425769811514397,war_N1_ge1_sens,war,1,1,sem_dipl,walk_forward
1933,rf,0,0.3585734876496723,0,0,0.5034787522608566,war_N1_ge1_sens,war,1,1,sem_dipl,walk_forward
1933,xgb,0,0.12032314389944077,0,0,0.8736401796340942,war_N1_ge1_sens,war,1,1,sem_dipl,walk_forward
1934,logreg,1,0.1940512479206788,0,0,0.7392189590407806,war_N1_ge1_sens,war,1,1,sem_dipl,walk_forward
1934,rf,1,0.3921076160274107,0,0,0.5573556220196507,war_N1_ge1_sens,war,1,1,sem_dipl,walk_forward
1934,xgb,1,0.05624164640903473,0,0,0.882717490196228,war_N1_ge1_sens,war,1,1,sem_dipl,walk_forward
1935,logreg,0,0.5779056180507706,1,0,0.7405105054691137,war_N1_ge1_sens,war,1,1,sem_dipl,walk_forward
1935,rf,0,0.32463290134454875,0,0,0.56246297200318,war_N1_ge1_sens,war,1,1,sem_dipl,walk_forward
1935,xgb,0,0.032208312302827835,0,0,0.884696364402771,war_N1_ge1_sens,war,1,1,sem_dipl,walk_forward
1936,logreg,1,0.6099723696265562,1,0,0.6877227618023898,war_N1_ge1_sens,war,1,1,sem_dipl,walk_forward
1936,rf,1,0.5195823903283422,1,0,0.5352000157724749,war_N1_ge1_sens,war,1,1,sem_dipl,walk_forward
1936,xgb,1,0.7026084661483765,1,0,0.8845411539077759,war_N1_ge1_sens,war,1,1,sem_dipl,walk_forward
1937,logreg,1,0.8429006411032681,1,1,0.6299203739623839,war_N1_ge1_sens,war,1,1,sem_dipl,walk_forward
1937,rf,1,0.4351929420771824,0,0,0.5050011312708763,war_N1_ge1_sens,war,1,1,sem_dipl,walk_forward
1937,xgb,1,0.46450284123420715,0,0,0.8886932730674744,war_N1_ge1_sens,war,1,1,sem_dipl,walk_forward
1938,logreg,1,0.7484711584454348,1,1,0.6708620130613167,war_N1_ge1_sens,war,1,1,sem_dipl,walk_forward
1938,rf,1,0.39771837791044806,0,0,0.5110463720110633,war_N1_ge1_sens,war,1,1,sem_dipl,walk_forward
1938,xgb,1,0.06059727072715759,0,0,0.8999007344245911,war_N1_ge1_sens,war,1,1,sem_dipl,walk_forward
1939,logreg,1,0.9984192489895668,1,1,0.6561500067799573,war_N1_ge1_sens,war,1,1,sem_dipl,walk_forward
1939,rf,1,0.3912221754341495,0,0,0.5488513777451584,war_N1_ge1_sens,war,1,1,sem_dipl,walk_forward
1939,xgb,1,0.21441912651062012,0,0,0.8907541036605835,war_N1_ge1_sens,war,1,1,sem_dipl,walk_forward
1940,logreg,0,0.9999864462175612,1,1,0.6587419620399432,war_N1_ge1_sens,war,1,1,sem_dipl,walk_forward
1940,rf,0,0.5657493095682762,1,1,0.48541045942684163,war_N1_ge1_sens,war,1,1,sem_dipl,walk_forward
1940,xgb,0,0.9388123750686646,1,1,0.8983674049377441,war_N1_ge1_sens,war,1,1,sem_dipl,walk_forward
1941,logreg,0,0.9990203868511898,1,1,0.6341585599939411,war_N1_ge1_sens,war,1,1,sem_dipl,walk_forward
1941,rf,0,0.5498458495483528,1,1,0.5051309437301432,war_N1_ge1_sens,war,1,1,sem_dipl,walk_forward
1941,xgb,0,0.8111000657081604,1,0,0.8759583234786987,war_N1_ge1_sens,war,1,1,sem_dipl,walk_forward
1942,logreg,0,0.2638441165685211,0,0,0.6287523368904983,war_N1_ge1_sens,war,1,1,sem_dipl,walk_forward
1942,rf,0,0.5698043314159797,1,1,0.5059547021176262,war_N1_ge1_sens,war,1,1,sem_dipl,walk_forward
1942,xgb,0,0.9235603213310242,1,1,0.8764230608940125,war_N1_ge1_sens,war,1,1,sem_dipl,walk_forward
1943,logreg,0,7.788725648703451e-06,0,0,0.647958870056938,war_N1_ge1_sens,war,1,1,sem_dipl,walk_forward
1943,rf,0,0.40080518171828333,0,0,0.510119131073842,war_N1_ge1_sens,war,1,1,sem_dipl,walk_forward
1943,xgb,0,0.3501417636871338,0,0,0.8808180093765259,war_N1_ge1_sens,war,1,1,sem_dipl,walk_forward
1944,logreg,0,0.3552231057012645,0,0,0.6513577475961692,war_N1_ge1_sens,war,1,1,sem_dipl,walk_forward
1944,rf,0,0.31098449256724015,0,0,0.49596981951190905,war_N1_ge1_sens,war,1,1,sem_dipl,walk_forward
1944,xgb,0,0.20318400859832764,0,0,0.8763234615325928,war_N1_ge1_sens,war,1,1,sem_dipl,walk_forward
1945,logreg,0,0.0013405330656885274,0,0,0.6601052700908969,war_N1_ge1_sens,war,1,1,sem_dipl,walk_forward
1945,rf,0,0.30405192482789556,0,0,0.510363195687516,war_N1_ge1_sens,war,1,1,sem_dipl,walk_forward
1945,xgb,0,0.09906648844480515,0,0,0.8780144453048706,war_N1_ge1_sens,war,1,1,sem_dipl,walk_forward
1946,logreg,1,1.060332781983984e-06,0,0,0.670270923324514,war_N1_ge1_sens,war,1,1,sem_dipl,walk_forward
1946,rf,1,0.19645894386206336,0,0,0.5103151293666456,war_N1_ge1_sens,war,1,1,sem_dipl,walk_forward
1946,xgb,1,0.02244940772652626,0,0,0.8785924911499023,war_N1_ge1_sens,war,1,1,sem_dipl,walk_forward
1947,logreg,0,0.006515329196703993,0,0,0.6765422020558177,war_N1_ge1_sens,war,1,1,sem_dipl,walk_forward
1947,rf,0,0.34888676021102755,0,0,0.5107258434037323,war_N1_ge1_sens,war,1,1,sem_dipl,walk_forward
1947,xgb,0,0.34200531244277954,0,0,0.8815501928329468,war_N1_ge1_sens,war,1,1,sem_dipl,walk_forward
1948,logreg,0,0.8133163803148529,1,1,0.6145396392837604,war_N1_ge1_sens,war,1,1,sem_dipl,walk_forward
1948,rf,0,0.4280533558004019,0,0,0.4844765404942106,war_N1_ge1_sens,war,1,1,sem_dipl,walk_forward
1948,xgb,0,0.19396300613880157,0,0,0.8978217244148254,war_N1_ge1_sens,war,1,1,sem_dipl,walk_forward
1949,logreg,1,0.9193358345698533,1,1,0.5784790628608223,war_N1_ge1_sens,war,1,1,sem_dipl,walk_forward
1949,rf,1,0.4476728834532483,0,0,0.4616560933314537,war_N1_ge1_sens,war,1,1,sem_dipl,walk_forward
1949,xgb,1,0.1766396015882492,0,0,0.897366464138031,war_N1_ge1_sens,war,1,1,sem_dipl,walk_forward
1950,logreg,0,0.5155283911512635,1,0,0.5912176904183373,war_N1_ge1_sens,war,1,1,sem_dipl,walk_forward
1950,rf,0,0.4757025516625814,0,1,0.4722800511213065,war_N1_ge1_sens,war,1,1,sem_dipl,walk_forward
1950,xgb,0,0.11815600842237473,0,0,0.9028974175453186,war_N1_ge1_sens,war,1,1,sem_dipl,walk_forward
1951,logreg,0,0.8452411782527252,1,1,0.589778697802783,war_N1_ge1_sens,war,1,1,sem_dipl,walk_forward
1951,rf,0,0.5039867497652165,1,0,0.5226054347159033,war_N1_ge1_sens,war,1,1,sem_dipl,walk_forward
1951,xgb,0,0.31347304582595825,0,0,0.8988901972770691,war_N1_ge1_sens,war,1,1,sem_dipl,walk_forward
1952,logreg,0,0.9056071526765869,1,1,0.5324855560324884,war_N1_ge1_sens,war,1,1,sem_dipl,walk_forward
1952,rf,0,0.5053221859347359,1,0,0.545316027445463,war_N1_ge1_sens,war,1,1,sem_dipl,walk_forward
1952,xgb,0,0.5283485651016235,1,0,0.9054033160209656,war_N1_ge1_sens,war,1,1,sem_dipl,walk_forward
1953,logreg,1,0.4684498648010075,0,0,0.5596321740639885,war_N1_ge1_sens,war,1,1,sem_dipl,walk_forward
1953,rf,1,0.5015698762599381,1,0,0.5457419286181837,war_N1_ge1_sens,war,1,1,sem_dipl,walk_forward
1953,xgb,1,0.5740371942520142,1,0,0.9059373736381531,war_N1_ge1_sens,war,1,1,sem_dipl,walk_forward
1954,logreg,0,0.3458632496417293,0,0,0.5854322364791297,war_N1_ge1_sens,war,1,1,sem_dipl,walk_forward
1954,rf,0,0.3725135482307583,0,0,0.461660927325922,war_N1_ge1_sens,war,1,1,sem_dipl,walk_forward
1954,xgb,0,0.021817771717905998,0,0,0.9002581238746643,war_N1_ge1_sens,war,1,1,sem_dipl,walk_forward
1955,logreg,1,0.2635629695099845,0,0,0.5663577561308489,war_N1_ge1_sens,war,1,1,sem_dipl,walk_forward
1955,rf,1,0.25979289207428796,0,0,0.5300487098540699,war_N1_ge1_sens,war,1,1,sem_dipl,walk_forward
1955,xgb,1,0.025271551683545113,0,0,0.9010214805603027,war_N1_ge1_sens,war,1,1,sem_dipl,walk_forward
1956,logreg,1,0.9208113362032716,1,1,0.6339518954985485,war_N1_ge1_sens,war,1,1,sem_dipl,walk_forward
1956,rf,1,0.36316743228244647,0,0,0.5619949220731308,war_N1_ge1_sens,war,1,1,sem_dipl,walk_forward
1956,xgb,1,0.2463972419500351,0,0,0.9002807140350342,war_N1_ge1_sens,war,1,1,sem_dipl,walk_forward
1957,logreg,1,0.8862366706310659,1,1,0.5942244951900244,war_N1_ge1_sens,war,1,1,sem_dipl,walk_forward
1957,rf,1,0.35888557684314076,0,0,0.5039653128372451,war_N1_ge1_sens,war,1,1,sem_dipl,walk_forward
1957,xgb,1,0.15021125972270966,0,0,0.8998171091079712,war_N1_ge1_sens,war,1,1,sem_dipl,walk_forward
1958,logreg,0,0.9180672825160882,1,1,0.5879335972920811,war_N1_ge1_sens,war,1,1,sem_dipl,walk_forward
1958,rf,0,0.5578805881190445,1,1,0.5344598920450965,war_N1_ge1_sens,war,1,1,sem_dipl,walk_forward
1958,xgb,0,0.9502981901168823,1,1,0.8958567380905151,war_N1_ge1_sens,war,1,1,sem_dipl,walk_forward
1959,logreg,0,0.7934197362259793,1,1,0.5614517204727465,war_N1_ge1_sens,war,1,1,sem_dipl,walk_forward
1959,rf,0,0.5781908940345254,1,1,0.5380920249992787,war_N1_ge1_sens,war,1,1,sem_dipl,walk_forward
1959,xgb,0,0.9087814688682556,1,1,0.8924576044082642,war_N1_ge1_sens,war,1,1,sem_dipl,walk_forward
1960,logreg,0,0.5276409398336546,1,0,0.5838775864276701,war_N1_ge1_sens,war,1,1,sem_dipl,walk_forward
1960,rf,0,0.4694539479637943,0,0,0.542091630940799,war_N1_ge1_sens,war,1,1,sem_dipl,walk_forward
1960,xgb,0,0.40376994013786316,0,0,0.8979564905166626,war_N1_ge1_sens,war,1,1,sem_dipl,walk_forward
1961,logreg,1,0.40579363684526637,0,0,0.5809729425899026,war_N1_ge1_sens,war,1,1,sem_dipl,walk_forward
1961,rf,1,0.46683140258686817,0,1,0.44572849497173395,war_N1_ge1_sens,war,1,1,sem_dipl,walk_forward
1961,xgb,1,0.6020666360855103,1,0,0.8920614719390869,war_N1_ge1_sens,war,1,1,sem_dipl,walk_forward
1962,logreg,0,0.3780871410035521,0,0,0.5760078657917901,war_N1_ge1_sens,war,1,1,sem_dipl,walk_forward
1962,rf,0,0.40239850335596816,0,0,0.4567215419879655,war_N1_ge1_sens,war,1,1,sem_dipl,walk_forward
1962,xgb,0,0.018028581514954567,0,0,0.8960198760032654,war_N1_ge1_sens,war,1,1,sem_dipl,walk_forward
1963,logreg,0,0.9448437251516304,1,1,0.6127565963649318,war_N1_ge1_sens,war,1,1,sem_dipl,walk_forward
1963,rf,0,0.5107872314881662,1,1,0.45455974391067916,war_N1_ge1_sens,war,1,1,sem_dipl,walk_forward
1963,xgb,0,0.21160779893398285,0,0,0.8913282155990601,war_N1_ge1_sens,war,1,1,sem_dipl,walk_forward
1964,logreg,1,0.6059435250022254,1,1,0.5818970034517397,war_N1_ge1_sens,war,1,1,sem_dipl,walk_forward
1964,rf,1,0.4064872280739879,0,0,0.45267074522599227,war_N1_ge1_sens,war,1,1,sem_dipl,walk_forward
1964,xgb,1,0.09634830802679062,0,0,0.8973044157028198,war_N1_ge1_sens,war,1,1,sem_dipl,walk_forward
1965,logreg,0,0.9677997849737001,1,1,0.6200571445538786,war_N1_ge1_sens,war,1,1,sem_dipl,walk_forward
1965,rf,0,0.5196625563230839,1,1,0.46761093156634265,war_N1_ge1_sens,war,1,1,sem_dipl,walk_forward
1965,xgb,0,0.6716955304145813,1,0,0.9052174091339111,war_N1_ge1_sens,war,1,1,sem_dipl,walk_forward
1966,logreg,0,0.6012505408262606,1,1,0.4982322291867379,war_N1_ge1_sens,war,1,1,sem_dipl,walk_forward
1966,rf,0,0.4460542667932942,0,0,0.521911237481795,war_N1_ge1_sens,war,1,1,sem_dipl,walk_forward
1966,xgb,0,0.4008640944957733,0,0,0.8968450427055359,war_N1_ge1_sens,war,1,1,sem_dipl,walk_forward
1967,logreg,1,0.4583575978995617,0,0,0.5467062029107608,war_N1_ge1_sens,war,1,1,sem_dipl,walk_forward
1967,rf,1,0.4921389626805943,0,1,0.46065280908620165,war_N1_ge1_sens,war,1,1,sem_dipl,walk_forward
1967,xgb,1,0.4264698326587677,0,0,0.896138072013855,war_N1_ge1_sens,war,1,1,sem_dipl,walk_forward
1968,logreg,0,0.14972995104146034,0,0,0.5587654907098485,war_N1_ge1_sens,war,1,1,sem_dipl,walk_forward
1968,rf,0,0.39906292889505507,0,0,0.48193147913210566,war_N1_ge1_sens,war,1,1,sem_dipl,walk_forward
1968,xgb,0,0.03257171809673309,0,0,0.8969237208366394,war_N1_ge1_sens,war,1,1,sem_dipl,walk_forward
1969,logreg,1,0.3550434032872817,0,0,0.5538534682804049,war_N1_ge1_sens,war,1,1,sem_dipl,walk_forward
1969,rf,1,0.5093359141034132,1,0,0.5209727947593583,war_N1_ge1_sens,war,1,1,sem_dipl,walk_forward
1969,xgb,1,0.5032585859298706,1,0,0.8953160047531128,war_N1_ge1_sens,war,1,1,sem_dipl,walk_forward
1970,logreg,1,0.8858707583039397,1,1,0.5540009706898753,war_N1_ge1_sens,war,1,1,sem_dipl,walk_forward
1970,rf,1,0.5067767758677366,1,1,0.46053921507031725,war_N1_ge1_sens,war,1,1,sem_dipl,walk_forward
1970,xgb,1,0.8979870676994324,1,1,0.8961487412452698,war_N1_ge1_sens,war,1,1,sem_dipl,walk_forward
1971,logreg,0,0.8221678701954034,1,1,0.5510382934656508,war_N1_ge1_sens,war,1,1,sem_dipl,walk_forward
1971,rf,0,0.5530473792598668,1,1,0.5191065708984911,war_N1_ge1_sens,war,1,1,sem_dipl,walk_forward
1971,xgb,0,0.8584697246551514,1,0,0.8988973498344421,war_N1_ge1_sens,war,1,1,sem_dipl,walk_forward
1972,logreg,0,0.6718140832283183,1,1,0.5459653071122123,war_N1_ge1_sens,war,1,1,sem_dipl,walk_forward
1972,rf,0,0.4696234550474364,0,0,0.5284492633297834,war_N1_ge1_sens,war,1,1,sem_dipl,walk_forward
1972,xgb,0,0.5578569173812866,1,0,0.897894561290741,war_N1_ge1_sens,war,1,1,sem_dipl,walk_forward
1973,logreg,0,0.779963298674914,1,1,0.4861168890466269,war_N1_ge1_sens,war,1,1,sem_dipl,walk_forward
1973,rf,0,0.5219653009481859,1,0,0.5396242676034775,war_N1_ge1_sens,war,1,1,sem_dipl,walk_forward
1973,xgb,0,0.3536621034145355,0,0,0.8964740633964539,war_N1_ge1_sens,war,1,1,sem_dipl,walk_forward
1974,logreg,0,0.9907634175163222,1,1,0.506222250402415,war_N1_ge1_sens,war,1,1,sem_dipl,walk_forward
1974,rf,0,0.508152600354443,1,0,0.5311028450112799,war_N1_ge1_sens,war,1,1,sem_dipl,walk_forward
1974,xgb,0,0.1630459576845169,0,0,0.8976068496704102,war_N1_ge1_sens,war,1,1,sem_dipl,walk_forward
1975,logreg,0,0.7991738923331556,1,1,0.5233576871927239,war_N1_ge1_sens,war,1,1,sem_dipl,walk_forward
1975,rf,0,0.4522204874690251,0,0,0.4747188090779644,war_N1_ge1_sens,war,1,1,sem_dipl,walk_forward
1975,xgb,0,0.17819416522979736,0,0,0.8975770473480225,war_N1_ge1_sens,war,1,1,sem_dipl,walk_forward
1976,logreg,0,0.16092587403627537,0,0,0.517299199513971,war_N1_ge1_sens,war,1,1,sem_dipl,walk_forward
1976,rf,0,0.3767443690406581,0,0,0.4712001677933402,war_N1_ge1_sens,war,1,1,sem_dipl,walk_forward
1976,xgb,0,0.022917184978723526,0,0,0.9017590284347534,war_N1_ge1_sens,war,1,1,sem_dipl,walk_forward
1977,logreg,0,0.3863995759436422,0,0,0.50057359736046,war_N1_ge1_sens,war,1,1,sem_dipl,walk_forward
1977,rf,0,0.41575387036847716,0,0,0.4624397961818151,war_N1_ge1_sens,war,1,1,sem_dipl,walk_forward
1977,xgb,0,0.4658460021018982,0,0,0.9051648378372192,war_N1_ge1_sens,war,1,1,sem_dipl,walk_forward
1978,logreg,1,0.13129906225929747,0,0,0.5362651754123073,war_N1_ge1_sens,war,1,1,sem_dipl,walk_forward
1978,rf,1,0.3324920123147266,0,0,0.47371401825425474,war_N1_ge1_sens,war,1,1,sem_dipl,walk_forward
1978,xgb,1,0.09960798174142838,0,0,0.9050097465515137,war_N1_ge1_sens,war,1,1,sem_dipl,walk_forward
1979,logreg,0,0.17195544799015217,0,0,0.55517857680068,war_N1_ge1_sens,war,1,1,sem_dipl,walk_forward
1979,rf,0,0.3089739906042016,0,0,0.4698665112076658,war_N1_ge1_sens,war,1,1,sem_dipl,walk_forward
1979,xgb,0,0.05176008120179176,0,0,0.9130719304084778,war_N1_ge1_sens,war,1,1,sem_dipl,walk_forward
1980,logreg,0,0.5123285040792878,1,1,0.44377167958768216,war_N1_ge1_sens,war,1,1,sem_dipl,walk_forward
1980,rf,0,0.5533675669948291,1,1,0.5358083516167623,war_N1_ge1_sens,war,1,1,sem_dipl,walk_forward
1980,xgb,0,0.5755797028541565,1,0,0.9076076149940491,war_N1_ge1_sens,war,1,1,sem_dipl,walk_forward
1981,logreg,1,0.08399463720354108,0,0,0.46701787047752386,war_N1_ge1_sens,war,1,1,sem_dipl,walk_forward
1981,rf,1,0.3618582571041749,0,0,0.4748823610319335,war_N1_ge1_sens,war,1,1,sem_dipl,walk_forward
1981,xgb,1,0.07808923721313477,0,0,0.9086751341819763,war_N1_ge1_sens,war,1,1,sem_dipl,walk_forward
1982,logreg,0,0.5790459606873287,1,1,0.45159189126253646,war_N1_ge1_sens,war,1,1,sem_dipl,walk_forward
1982,rf,0,0.4497391502713997,0,0,0.4895595435075089,war_N1_ge1_sens,war,1,1,sem_dipl,walk_forward
1982,xgb,0,0.46118462085723877,0,0,0.9102978110313416,war_N1_ge1_sens,war,1,1,sem_dipl,walk_forward
1983,logreg,0,0.6482657133028451,1,1,0.42721731428830323,war_N1_ge1_sens,war,1,1,sem_dipl,walk_forward
1983,rf,0,0.3591582382685727,0,0,0.4618186899235959,war_N1_ge1_sens,war,1,1,sem_dipl,walk_forward
1983,xgb,0,0.20092074573040009,0,0,0.9021626710891724,war_N1_ge1_sens,war,1,1,sem_dipl,walk_forward
1984,logreg,0,0.3439424100527468,0,0,0.5455127823642765,war_N1_ge1_sens,war,1,1,sem_dipl,walk_forward
1984,rf,0,0.5256874216669114,1,1,0.4710212351036032,war_N1_ge1_sens,war,1,1,sem_dipl,walk_forward
1984,xgb,0,0.28941038250923157,0,0,0.9094991683959961,war_N1_ge1_sens,war,1,1,sem_dipl,walk_forward
1985,logreg,0,0.13966557587672745,0,0,0.5171637708794753,war_N1_ge1_sens,war,1,1,sem_dipl,walk_forward
1985,rf,0,0.45192258099642457,0,0,0.475956675093713,war_N1_ge1_sens,war,1,1,sem_dipl,walk_forward
1985,xgb,0,0.43464264273643494,0,0,0.905935525894165,war_N1_ge1_sens,war,1,1,sem_dipl,walk_forward
1986,logreg,1,0.4022514760172501,0,0,0.5098415630324731,war_N1_ge1_sens,war,1,1,sem_dipl,walk_forward
1986,rf,1,0.3461211438354036,0,0,0.48048037509362995,war_N1_ge1_sens,war,1,1,sem_dipl,walk_forward
1986,xgb,1,0.02822798304259777,0,0,0.9118512272834778,war_N1_ge1_sens,war,1,1,sem_dipl,walk_forward
1987,logreg,0,0.5948615756506161,1,1,0.5168372636269744,war_N1_ge1_sens,war,1,1,sem_dipl,walk_forward
1987,rf,0,0.4805592882886241,0,0,0.49108742515404097,war_N1_ge1_sens,war,1,1,sem_dipl,walk_forward
1987,xgb,0,0.714843213558197,1,0,0.9161864519119263,war_N1_ge1_sens,war,1,1,sem_dipl,walk_forward
1988,logreg,0,0.20137658978373607,0,0,0.466186833848104,war_N1_ge1_sens,war,1,1,sem_dipl,walk_forward
1988,rf,0,0.4987967201737122,0,1,0.4799033851828322,war_N1_ge1_sens,war,1,1,sem_dipl,walk_forward
1988,xgb,0,0.2732163071632385,0,0,0.9056463241577148,war_N1_ge1_sens,war,1,1,sem_dipl,walk_forward
1989,logreg,1,0.3338696720729828,0,0,0.4787106397419771,war_N1_ge1_sens,war,1,1,sem_dipl,walk_forward
1989,rf,1,0.4503033509842623,0,0,0.4827333836919413,war_N1_ge1_sens,war,1,1,sem_dipl,walk_forward
1989,xgb,1,0.467589408159256,0,0,0.9138318300247192,war_N1_ge1_sens,war,1,1,sem_dipl,walk_forward
1990,logreg,0,0.0884739886836521,0,0,0.49582995493673016,war_N1_ge1_sens,war,1,1,sem_dipl,walk_forward
1990,rf,0,0.42694928770879575,0,0,0.48161038292792124,war_N1_ge1_sens,war,1,1,sem_dipl,walk_forward
1990,xgb,0,0.10557181388139725,0,0,0.9080455303192139,war_N1_ge1_sens,war,1,1,sem_dipl,walk_forward
1991,logreg,0,0.7732725896191056,1,1,0.49405666832797485,war_N1_ge1_sens,war,1,1,sem_dipl,walk_forward
1991,rf,0,0.396400088514949,0,0,0.478500581894821,war_N1_ge1_sens,war,1,1,sem_dipl,walk_forward
1991,xgb,0,0.21447110176086426,0,0,0.9111822247505188,war_N1_ge1_sens,war,1,1,sem_dipl,walk_forward
1992,logreg,0,0.7999205059130129,1,1,0.49346845572313375,war_N1_ge1_sens,war,1,1,sem_dipl,walk_forward
1992,rf,0,0.36034419367207726,0,0,0.49069097127412664,war_N1_ge1_sens,war,1,1,sem_dipl,walk_forward
1992,xgb,0,0.19534753262996674,0,0,0.9142227172851562,war_N1_ge1_sens,war,1,1,sem_dipl,walk_forward
1993,logreg,0,0.1944736932774711,0,0,0.5097246353554368,war_N1_ge1_sens,war,1,1,sem_dipl,walk_forward
1993,rf,0,0.38424051260296,0,0,0.4894154854751422,war_N1_ge1_sens,war,1,1,sem_dipl,walk_forward
1993,xgb,0,0.16423571109771729,0,0,0.9129405617713928,war_N1_ge1_sens,war,1,1,sem_dipl,walk_forward
1994,logreg,0,0.14273788763789386,0,0,0.5067532903781337,war_N1_ge1_sens,war,1,1,sem_dipl,walk_forward
1994,rf,0,0.4004050651201606,0,0,0.4978438726952182,war_N1_ge1_sens,war,1,1,sem_dipl,walk_forward
1994,xgb,0,0.34234124422073364,0,0,0.916850209236145,war_N1_ge1_sens,war,1,1,sem_dipl,walk_forward
1995,logreg,0,0.1986386499006598,0,0,0.49817614169145813,war_N1_ge1_sens,war,1,1,sem_dipl,walk_forward
1995,rf,0,0.43051842531387374,0,0,0.4940303095692509,war_N1_ge1_sens,war,1,1,sem_dipl,walk_forward
1995,xgb,0,0.2215147614479065,0,0,0.9177960157394409,war_N1_ge1_sens,war,1,1,sem_dipl,walk_forward
1996,logreg,0,0.1936433269515554,0,0,0.5025218929675392,war_N1_ge1_sens,war,1,1,sem_dipl,walk_forward
1996,rf,0,0.40051975140201307,0,0,0.47786945894163996,war_N1_ge1_sens,war,1,1,sem_dipl,walk_forward
1996,xgb,0,0.35025444626808167,0,0,0.9156449437141418,war_N1_ge1_sens,war,1,1,sem_dipl,walk_forward
1997,logreg,0,0.1738284054758423,0,0,0.5327220586861923,war_N1_ge1_sens,war,1,1,sem_dipl,walk_forward
1997,rf,0,0.34999317006262304,0,0,0.4657311830656377,war_N1_ge1_sens,war,1,1,sem_dipl,walk_forward
1997,xgb,0,0.16134977340698242,0,0,0.9167606234550476,war_N1_ge1_sens,war,1,1,sem_dipl,walk_forward
1998,logreg,1,0.09300398007037049,0,0,0.5154871268848237,war_N1_ge1_sens,war,1,1,sem_dipl,walk_forward
1998,rf,1,0.22025802690449497,0,0,0.4857462879170795,war_N1_ge1_sens,war,1,1,sem_dipl,walk_forward
1998,xgb,1,0.020887937396764755,0,0,0.9183905720710754,war_N1_ge1_sens,war,1,1,sem_dipl,walk_forward
1999,logreg,0,0.19428410040237087,0,0,0.520139279176965,war_N1_ge1_sens,war,1,1,sem_dipl,walk_forward
1999,rf,0,0.26673577724919695,0,0,0.5232361228916345,war_N1_ge1_sens,war,1,1,sem_dipl,walk_forward
1999,xgb,0,0.06961385160684586,0,0,0.9200425148010254,war_N1_ge1_sens,war,1,1,sem_dipl,walk_forward
2000,logreg,1,0.45434810110898616,0,0,0.5191629269685146,war_N1_ge1_sens,war,1,1,sem_dipl,walk_forward
2000,rf,1,0.3776541335530563,0,0,0.4826400515573231,war_N1_ge1_sens,war,1,1,sem_dipl,walk_forward
2000,xgb,1,0.17339740693569183,0,0,0.894081711769104,war_N1_ge1_sens,war,1,1,sem_dipl,walk_forward
2001,logreg,0,0.514004497080923,1,0,0.5427534426349311,war_N1_ge1_sens,war,1,1,sem_dipl,walk_forward
2001,rf,0,0.40676756609611875,0,0,0.48398729616119307,war_N1_ge1_sens,war,1,1,sem_dipl,walk_forward
2001,xgb,0,0.4090251624584198,0,0,0.8881523609161377,war_N1_ge1_sens,war,1,1,sem_dipl,walk_forward
2002,logreg,1,0.47681083178782857,0,0,0.5639270271964031,war_N1_ge1_sens,war,1,1,sem_dipl,walk_forward
2002,rf,1,0.43252263937935476,0,0,0.4864360176801457,war_N1_ge1_sens,war,1,1,sem_dipl,walk_forward
2002,xgb,1,0.44669923186302185,0,0,0.906654417514801,war_N1_ge1_sens,war,1,1,sem_dipl,walk_forward
2003,logreg,0,0.17203427494753787,0,0,0.5063441626952886,war_N1_ge1_sens,war,1,1,sem_dipl,walk_forward
2003,rf,0,0.3336725439148975,0,0,0.48264503884559967,war_N1_ge1_sens,war,1,1,sem_dipl,walk_forward
2003,xgb,0,0.032983262091875076,0,0,0.8953218460083008,war_N1_ge1_sens,war,1,1,sem_dipl,walk_forward
2004,logreg,0,0.3575130921038091,0,0,0.5344338447542529,war_N1_ge1_sens,war,1,1,sem_dipl,walk_forward
2004,rf,0,0.4687618104285483,0,0,0.48522236822778664,war_N1_ge1_sens,war,1,1,sem_dipl,walk_forward
2004,xgb,0,0.6747150421142578,1,0,0.8980748057365417,war_N1_ge1_sens,war,1,1,sem_dipl,walk_forward
2005,logreg,0,0.3830954760471905,0,0,0.5324625283078113,war_N1_ge1_sens,war,1,1,sem_dipl,walk_forward
2005,rf,0,0.38941516304936113,0,0,0.4902878808895723,war_N1_ge1_sens,war,1,1,sem_dipl,walk_forward
2005,xgb,0,0.11889781802892685,0,0,0.8991447687149048,war_N1_ge1_sens,war,1,1,sem_dipl,walk_forward
2006,logreg,0,0.44460273966962743,0,0,0.5386447175910991,war_N1_ge1_sens,war,1,1,sem_dipl,walk_forward
2006,rf,0,0.34852693882872215,0,0,0.5093434361929069,war_N1_ge1_sens,war,1,1,sem_dipl,walk_forward
2006,xgb,0,0.03356413170695305,0,0,0.8888026475906372,war_N1_ge1_sens,war,1,1,sem_dipl,walk_forward
1931,prevalencia,0,0.35,0,0,0.5,war_N1_ge1_sens,war,1,1,sem_dipl,walk_forward
1931,persistencia,0,1.0,1,1,0.5,war_N1_ge1_sens,war,1,1,sem_dipl,walk_forward
1931,persistencia_purgada,0,0.0,0,0,0.5,war_N1_ge1_sens,war,1,1,sem_dipl,walk_forward
1932,prevalencia,0,0.36585365853658536,0,0,0.5,war_N1_ge1_sens,war,1,1,sem_dipl,walk_forward
1932,persistencia,0,0.0,0,0,0.5,war_N1_ge1_sens,war,1,1,sem_dipl,walk_forward
1932,persistencia_purgada,0,1.0,1,1,0.5,war_N1_ge1_sens,war,1,1,sem_dipl,walk_forward
1933,prevalencia,0,0.35714285714285715,0,0,0.5,war_N1_ge1_sens,war,1,1,sem_dipl,walk_forward
1933,persistencia,0,0.0,0,0,0.5,war_N1_ge1_sens,war,1,1,sem_dipl,walk_forward
1933,persistencia_purgada,0,0.0,0,0,0.5,war_N1_ge1_sens,war,1,1,sem_dipl,walk_forward
1934,prevalencia,1,0.3488372093023256,0,0,0.5,war_N1_ge1_sens,war,1,1,sem_dipl,walk_forward
1934,persistencia,1,0.0,0,0,0.5,war_N1_ge1_sens,war,1,1,sem_dipl,walk_forward
1934,persistencia_purgada,1,0.0,0,0,0.5,war_N1_ge1_sens,war,1,1,sem_dipl,walk_forward
1935,prevalencia,0,0.3409090909090909,0,0,0.5,war_N1_ge1_sens,war,1,1,sem_dipl,walk_forward
1935,persistencia,0,1.0,1,1,0.5,war_N1_ge1_sens,war,1,1,sem_dipl,walk_forward
1935,persistencia_purgada,0,0.0,0,0,0.5,war_N1_ge1_sens,war,1,1,sem_dipl,walk_forward
1936,prevalencia,1,0.35555555555555557,0,0,0.5,war_N1_ge1_sens,war,1,1,sem_dipl,walk_forward
1936,persistencia,1,0.0,0,0,0.5,war_N1_ge1_sens,war,1,1,sem_dipl,walk_forward
1936,persistencia_purgada,1,1.0,1,1,0.5,war_N1_ge1_sens,war,1,1,sem_dipl,walk_forward
1937,prevalencia,1,0.34782608695652173,0,0,0.5,war_N1_ge1_sens,war,1,1,sem_dipl,walk_forward
1937,persistencia,1,1.0,1,1,0.5,war_N1_ge1_sens,war,1,1,sem_dipl,walk_forward
1937,persistencia_purgada,1,0.0,0,0,0.5,war_N1_ge1_sens,war,1,1,sem_dipl,walk_forward
1938,prevalencia,1,0.3617021276595745,0,0,0.5,war_N1_ge1_sens,war,1,1,sem_dipl,walk_forward
1938,persistencia,1,1.0,1,1,0.5,war_N1_ge1_sens,war,1,1,sem_dipl,walk_forward
1938,persistencia_purgada,1,1.0,1,1,0.5,war_N1_ge1_sens,war,1,1,sem_dipl,walk_forward
1939,prevalencia,1,0.375,0,0,0.5,war_N1_ge1_sens,war,1,1,sem_dipl,walk_forward
1939,persistencia,1,1.0,1,1,0.5,war_N1_ge1_sens,war,1,1,sem_dipl,walk_forward
1939,persistencia_purgada,1,1.0,1,1,0.5,war_N1_ge1_sens,war,1,1,sem_dipl,walk_forward
1940,prevalencia,0,0.3877551020408163,0,0,0.5,war_N1_ge1_sens,war,1,1,sem_dipl,walk_forward
1940,persistencia,0,1.0,1,1,0.5,war_N1_ge1_sens,war,1,1,sem_dipl,walk_forward
1940,persistencia_purgada,0,1.0,1,1,0.5,war_N1_ge1_sens,war,1,1,sem_dipl,walk_forward
1941,prevalencia,0,0.4,0,0,0.5,war_N1_ge1_sens,war,1,1,sem_dipl,walk_forward
1941,persistencia,0,0.0,0,0,0.5,war_N1_ge1_sens,war,1,1,sem_dipl,walk_forward
1941,persistencia_purgada,0,1.0,1,1,0.5,war_N1_ge1_sens,war,1,1,sem_dipl,walk_forward
1942,prevalencia,0,0.39215686274509803,0,0,0.5,war_N1_ge1_sens,war,1,1,sem_dipl,walk_forward
1942,persistencia,0,0.0,0,0,0.5,war_N1_ge1_sens,war,1,1,sem_dipl,walk_forward
1942,persistencia_purgada,0,0.0,0,0,0.5,war_N1_ge1_sens,war,1,1,sem_dipl,walk_forward
1943,prevalencia,0,0.38461538461538464,0,0,0.5,war_N1_ge1_sens,war,1,1,sem_dipl,walk_forward
1943,persistencia,0,0.0,0,0,0.5,war_N1_ge1_sens,war,1,1,sem_dipl,walk_forward
1943,persistencia_purgada,0,0.0,0,0,0.5,war_N1_ge1_sens,war,1,1,sem_dipl,walk_forward
1944,prevalencia,0,0.37735849056603776,0,0,0.5,war_N1_ge1_sens,war,1,1,sem_dipl,walk_forward
1944,persistencia,0,0.0,0,0,0.5,war_N1_ge1_sens,war,1,1,sem_dipl,walk_forward
1944,persistencia_purgada,0,0.0,0,0,0.5,war_N1_ge1_sens,war,1,1,sem_dipl,walk_forward
1945,prevalencia,0,0.37037037037037035,0,0,0.5,war_N1_ge1_sens,war,1,1,sem_dipl,walk_forward
1945,persistencia,0,0.0,0,0,0.5,war_N1_ge1_sens,war,1,1,sem_dipl,walk_forward
1945,persistencia_purgada,0,0.0,0,0,0.5,war_N1_ge1_sens,war,1,1,sem_dipl,walk_forward
1946,prevalencia,1,0.36363636363636365,0,0,0.5,war_N1_ge1_sens,war,1,1,sem_dipl,walk_forward
1946,persistencia,1,0.0,0,0,0.5,war_N1_ge1_sens,war,1,1,sem_dipl,walk_forward
1946,persistencia_purgada,1,0.0,0,0,0.5,war_N1_ge1_sens,war,1,1,sem_dipl,walk_forward
1947,prevalencia,0,0.35714285714285715,0,0,0.5,war_N1_ge1_sens,war,1,1,sem_dipl,walk_forward
1947,persistencia,0,1.0,1,1,0.5,war_N1_ge1_sens,war,1,1,sem_dipl,walk_forward
1947,persistencia_purgada,0,0.0,0,0,0.5,war_N1_ge1_sens,war,1,1,sem_dipl,walk_forward
1948,prevalencia,0,0.3684210526315789,0,0,0.5,war_N1_ge1_sens,war,1,1,sem_dipl,walk_forward
1948,persistencia,0,0.0,0,0,0.5,war_N1_ge1_sens,war,1,1,sem_dipl,walk_forward
1948,persistencia_purgada,0,1.0,1,1,0.5,war_N1_ge1_sens,war,1,1,sem_dipl,walk_forward
1949,prevalencia,1,0.3620689655172414,0,0,0.5,war_N1_ge1_sens,war,1,1,sem_dipl,walk_forward
1949,persistencia,1,0.0,0,0,0.5,war_N1_ge1_sens,war,1,1,sem_dipl,walk_forward
1949,persistencia_purgada,1,0.0,0,0,0.5,war_N1_ge1_sens,war,1,1,sem_dipl,walk_forward
1950,prevalencia,0,0.3559322033898305,0,0,0.5,war_N1_ge1_sens,war,1,1,sem_dipl,walk_forward
1950,persistencia,0,1.0,1,1,0.5,war_N1_ge1_sens,war,1,1,sem_dipl,walk_forward
1950,persistencia_purgada,0,0.0,0,0,0.5,war_N1_ge1_sens,war,1,1,sem_dipl,walk_forward
1951,prevalencia,0,0.36666666666666664,0,0,0.5,war_N1_ge1_sens,war,1,1,sem_dipl,walk_forward
1951,persistencia,0,0.0,0,0,0.5,war_N1_ge1_sens,war,1,1,sem_dipl,walk_forward
1951,persistencia_purgada,0,1.0,1,1,0.5,war_N1_ge1_sens,war,1,1,sem_dipl,walk_forward
1952,prevalencia,0,0.36065573770491804,0,0,0.5,war_N1_ge1_sens,war,1,1,sem_dipl,walk_forward
1952,persistencia,0,0.0,0,0,0.5,war_N1_ge1_sens,war,1,1,sem_dipl,walk_forward
1952,persistencia_purgada,0,0.0,0,0,0.5,war_N1_ge1_sens,war,1,1,sem_dipl,walk_forward
1953,prevalencia,1,0.3548387096774194,0,0,0.5,war_N1_ge1_sens,war,1,1,sem_dipl,walk_forward
1953,persistencia,1,0.0,0,0,0.5,war_N1_ge1_sens,war,1,1,sem_dipl,walk_forward
1953,persistencia_purgada,1,0.0,0,0,0.5,war_N1_ge1_sens,war,1,1,sem_dipl,walk_forward
1954,prevalencia,0,0.3492063492063492,0,0,0.5,war_N1_ge1_sens,war,1,1,sem_dipl,walk_forward
1954,persistencia,0,1.0,1,1,0.5,war_N1_ge1_sens,war,1,1,sem_dipl,walk_forward
1954,persistencia_purgada,0,0.0,0,0,0.5,war_N1_ge1_sens,war,1,1,sem_dipl,walk_forward
1955,prevalencia,1,0.359375,0,0,0.5,war_N1_ge1_sens,war,1,1,sem_dipl,walk_forward
1955,persistencia,1,0.0,0,0,0.5,war_N1_ge1_sens,war,1,1,sem_dipl,walk_forward
1955,persistencia_purgada,1,1.0,1,1,0.5,war_N1_ge1_sens,war,1,1,sem_dipl,walk_forward
1956,prevalencia,1,0.35384615384615387,0,0,0.5,war_N1_ge1_sens,war,1,1,sem_dipl,walk_forward
1956,persistencia,1,1.0,1,1,0.5,war_N1_ge1_sens,war,1,1,sem_dipl,walk_forward
1956,persistencia_purgada,1,0.0,0,0,0.5,war_N1_ge1_sens,war,1,1,sem_dipl,walk_forward
1957,prevalencia,1,0.36363636363636365,0,0,0.5,war_N1_ge1_sens,war,1,1,sem_dipl,walk_forward
1957,persistencia,1,1.0,1,1,0.5,war_N1_ge1_sens,war,1,1,sem_dipl,walk_forward
1957,persistencia_purgada,1,1.0,1,1,0.5,war_N1_ge1_sens,war,1,1,sem_dipl,walk_forward
1958,prevalencia,0,0.373134328358209,0,0,0.5,war_N1_ge1_sens,war,1,1,sem_dipl,walk_forward
1958,persistencia,0,1.0,1,1,0.5,war_N1_ge1_sens,war,1,1,sem_dipl,walk_forward
1958,persistencia_purgada,0,1.0,1,1,0.5,war_N1_ge1_sens,war,1,1,sem_dipl,walk_forward
1959,prevalencia,0,0.38235294117647056,0,0,0.5,war_N1_ge1_sens,war,1,1,sem_dipl,walk_forward
1959,persistencia,0,0.0,0,0,0.5,war_N1_ge1_sens,war,1,1,sem_dipl,walk_forward
1959,persistencia_purgada,0,1.0,1,1,0.5,war_N1_ge1_sens,war,1,1,sem_dipl,walk_forward
1960,prevalencia,0,0.37681159420289856,0,0,0.5,war_N1_ge1_sens,war,1,1,sem_dipl,walk_forward
1960,persistencia,0,0.0,0,0,0.5,war_N1_ge1_sens,war,1,1,sem_dipl,walk_forward
1960,persistencia_purgada,0,0.0,0,0,0.5,war_N1_ge1_sens,war,1,1,sem_dipl,walk_forward
1961,prevalencia,1,0.37142857142857144,0,0,0.5,war_N1_ge1_sens,war,1,1,sem_dipl,walk_forward
1961,persistencia,1,0.0,0,0,0.5,war_N1_ge1_sens,war,1,1,sem_dipl,walk_forward
1961,persistencia_purgada,1,0.0,0,0,0.5,war_N1_ge1_sens,war,1,1,sem_dipl,walk_forward
1962,prevalencia,0,0.36619718309859156,0,0,0.5,war_N1_ge1_sens,war,1,1,sem_dipl,walk_forward
1962,persistencia,0,1.0,1,1,0.5,war_N1_ge1_sens,war,1,1,sem_dipl,walk_forward
1962,persistencia_purgada,0,0.0,0,0,0.5,war_N1_ge1_sens,war,1,1,sem_dipl,walk_forward
1963,prevalencia,0,0.375,0,0,0.5,war_N1_ge1_sens,war,1,1,sem_dipl,walk_forward
1963,persistencia,0,0.0,0,0,0.5,war_N1_ge1_sens,war,1,1,sem_dipl,walk_forward
1963,persistencia_purgada,0,1.0,1,1,0.5,war_N1_ge1_sens,war,1,1,sem_dipl,walk_forward
1964,prevalencia,1,0.3698630136986301,0,0,0.5,war_N1_ge1_sens,war,1,1,sem_dipl,walk_forward
1964,persistencia,1,0.0,0,0,0.5,war_N1_ge1_sens,war,1,1,sem_dipl,walk_forward
1964,persistencia_purgada,1,0.0,0,0,0.5,war_N1_ge1_sens,war,1,1,sem_dipl,walk_forward
1965,prevalencia,0,0.36486486486486486,0,0,0.5,war_N1_ge1_sens,war,1,1,sem_dipl,walk_forward
1965,persistencia,0,1.0,1,1,0.5,war_N1_ge1_sens,war,1,1,sem_dipl,walk_forward
1965,persistencia_purgada,0,0.0,0,0,0.5,war_N1_ge1_sens,war,1,1,sem_dipl,walk_forward
1966,prevalencia,0,0.37333333333333335,0,0,0.5,war_N1_ge1_sens,war,1,1,sem_dipl,walk_forward
1966,persistencia,0,0.0,0,0,0.5,war_N1_ge1_sens,war,1,1,sem_dipl,walk_forward
1966,persistencia_purgada,0,1.0,1,1,0.5,war_N1_ge1_sens,war,1,1,sem_dipl,walk_forward
1967,prevalencia,1,0.3684210526315789,0,0,0.5,war_N1_ge1_sens,war,1,1,sem_dipl,walk_forward
1967,persistencia,1,0.0,0,0,0.5,war_N1_ge1_sens,war,1,1,sem_dipl,walk_forward
1967,persistencia_purgada,1,0.0,0,0,0.5,war_N1_ge1_sens,war,1,1,sem_dipl,walk_forward
1968,prevalencia,0,0.36363636363636365,0,0,0.5,war_N1_ge1_sens,war,1,1,sem_dipl,walk_forward
1968,persistencia,0,1.0,1,1,0.5,war_N1_ge1_sens,war,1,1,sem_dipl,walk_forward
1968,persistencia_purgada,0,0.0,0,0,0.5,war_N1_ge1_sens,war,1,1,sem_dipl,walk_forward
1969,prevalencia,1,0.3717948717948718,0,0,0.5,war_N1_ge1_sens,war,1,1,sem_dipl,walk_forward
1969,persistencia,1,0.0,0,0,0.5,war_N1_ge1_sens,war,1,1,sem_dipl,walk_forward
1969,persistencia_purgada,1,1.0,1,1,0.5,war_N1_ge1_sens,war,1,1,sem_dipl,walk_forward
1970,prevalencia,1,0.3670886075949367,0,0,0.5,war_N1_ge1_sens,war,1,1,sem_dipl,walk_forward
1970,persistencia,1,1.0,1,1,0.5,war_N1_ge1_sens,war,1,1,sem_dipl,walk_forward
1970,persistencia_purgada,1,0.0,0,0,0.5,war_N1_ge1_sens,war,1,1,sem_dipl,walk_forward
1971,prevalencia,0,0.375,0,0,0.5,war_N1_ge1_sens,war,1,1,sem_dipl,walk_forward
1971,persistencia,0,1.0,1,1,0.5,war_N1_ge1_sens,war,1,1,sem_dipl,walk_forward
1971,persistencia_purgada,0,1.0,1,1,0.5,war_N1_ge1_sens,war,1,1,sem_dipl,walk_forward
1972,prevalencia,0,0.38271604938271603,0,0,0.5,war_N1_ge1_sens,war,1,1,sem_dipl,walk_forward
1972,persistencia,0,0.0,0,0,0.5,war_N1_ge1_sens,war,1,1,sem_dipl,walk_forward
1972,persistencia_purgada,0,1.0,1,1,0.5,war_N1_ge1_sens,war,1,1,sem_dipl,walk_forward
1973,prevalencia,0,0.3780487804878049,0,0,0.5,war_N1_ge1_sens,war,1,1,sem_dipl,walk_forward
1973,persistencia,0,0.0,0,0,0.5,war_N1_ge1_sens,war,1,1,sem_dipl,walk_forward
1973,persistencia_purgada,0,0.0,0,0,0.5,war_N1_ge1_sens,war,1,1,sem_dipl,walk_forward
1974,prevalencia,0,0.37349397590361444,0,0,0.5,war_N1_ge1_sens,war,1,1,sem_dipl,walk_forward
1974,persistencia,0,0.0,0,0,0.5,war_N1_ge1_sens,war,1,1,sem_dipl,walk_forward
1974,persistencia_purgada,0,0.0,0,0,0.5,war_N1_ge1_sens,war,1,1,sem_dipl,walk_forward
1975,prevalencia,0,0.36904761904761907,0,0,0.5,war_N1_ge1_sens,war,1,1,sem_dipl,walk_forward
1975,persistencia,0,0.0,0,0,0.5,war_N1_ge1_sens,war,1,1,sem_dipl,walk_forward
1975,persistencia_purgada,0,0.0,0,0,0.5,war_N1_ge1_sens,war,1,1,sem_dipl,walk_forward
1976,prevalencia,0,0.36470588235294116,0,0,0.5,war_N1_ge1_sens,war,1,1,sem_dipl,walk_forward
1976,persistencia,0,0.0,0,0,0.5,war_N1_ge1_sens,war,1,1,sem_dipl,walk_forward
1976,persistencia_purgada,0,0.0,0,0,0.5,war_N1_ge1_sens,war,1,1,sem_dipl,walk_forward
1977,prevalencia,0,0.36046511627906974,0,0,0.5,war_N1_ge1_sens,war,1,1,sem_dipl,walk_forward
1977,persistencia,0,0.0,0,0,0.5,war_N1_ge1_sens,war,1,1,sem_dipl,walk_forward
1977,persistencia_purgada,0,0.0,0,0,0.5,war_N1_ge1_sens,war,1,1,sem_dipl,walk_forward
1978,prevalencia,1,0.3563218390804598,0,0,0.5,war_N1_ge1_sens,war,1,1,sem_dipl,walk_forward
1978,persistencia,1,0.0,0,0,0.5,war_N1_ge1_sens,war,1,1,sem_dipl,walk_forward
1978,persistencia_purgada,1,0.0,0,0,0.5,war_N1_ge1_sens,war,1,1,sem_dipl,walk_forward
1979,prevalencia,0,0.3522727272727273,0,0,0.5,war_N1_ge1_sens,war,1,1,sem_dipl,walk_forward
1979,persistencia,0,1.0,1,1,0.5,war_N1_ge1_sens,war,1,1,sem_dipl,walk_forward
1979,persistencia_purgada,0,0.0,0,0,0.5,war_N1_ge1_sens,war,1,1,sem_dipl,walk_forward
1980,prevalencia,0,0.3595505617977528,0,0,0.5,war_N1_ge1_sens,war,1,1,sem_dipl,walk_forward
1980,persistencia,0,0.0,0,0,0.5,war_N1_ge1_sens,war,1,1,sem_dipl,walk_forward
1980,persistencia_purgada,0,1.0,1,1,0.5,war_N1_ge1_sens,war,1,1,sem_dipl,walk_forward
1981,prevalencia,1,0.35555555555555557,0,0,0.5,war_N1_ge1_sens,war,1,1,sem_dipl,walk_forward
1981,persistencia,1,0.0,0,0,0.5,war_N1_ge1_sens,war,1,1,sem_dipl,walk_forward
1981,persistencia_purgada,1,0.0,0,0,0.5,war_N1_ge1_sens,war,1,1,sem_dipl,walk_forward
1982,prevalencia,0,0.3516483516483517,0,0,0.5,war_N1_ge1_sens,war,1,1,sem_dipl,walk_forward
1982,persistencia,0,1.0,1,1,0.5,war_N1_ge1_sens,war,1,1,sem_dipl,walk_forward
1982,persistencia_purgada,0,0.0,0,0,0.5,war_N1_ge1_sens,war,1,1,sem_dipl,walk_forward
1983,prevalencia,0,0.358695652173913,0,0,0.5,war_N1_ge1_sens,war,1,1,sem_dipl,walk_forward
1983,persistencia,0,0.0,0,0,0.5,war_N1_ge1_sens,war,1,1,sem_dipl,walk_forward
1983,persistencia_purgada,0,1.0,1,1,0.5,war_N1_ge1_sens,war,1,1,sem_dipl,walk_forward
1984,prevalencia,0,0.3548387096774194,0,0,0.5,war_N1_ge1_sens,war,1,1,sem_dipl,walk_forward
1984,persistencia,0,0.0,0,0,0.5,war_N1_ge1_sens,war,1,1,sem_dipl,walk_forward
1984,persistencia_purgada,0,0.0,0,0,0.5,war_N1_ge1_sens,war,1,1,sem_dipl,walk_forward
1985,prevalencia,0,0.35106382978723405,0,0,0.5,war_N1_ge1_sens,war,1,1,sem_dipl,walk_forward
1985,persistencia,0,0.0,0,0,0.5,war_N1_ge1_sens,war,1,1,sem_dipl,walk_forward
1985,persistencia_purgada,0,0.0,0,0,0.5,war_N1_ge1_sens,war,1,1,sem_dipl,walk_forward
1986,prevalencia,1,0.3473684210526316,0,0,0.5,war_N1_ge1_sens,war,1,1,sem_dipl,walk_forward
1986,persistencia,1,0.0,0,0,0.5,war_N1_ge1_sens,war,1,1,sem_dipl,walk_forward
1986,persistencia_purgada,1,0.0,0,0,0.5,war_N1_ge1_sens,war,1,1,sem_dipl,walk_forward
1987,prevalencia,0,0.34375,0,0,0.5,war_N1_ge1_sens,war,1,1,sem_dipl,walk_forward
1987,persistencia,0,1.0,1,1,0.5,war_N1_ge1_sens,war,1,1,sem_dipl,walk_forward
1987,persistencia_purgada,0,0.0,0,0,0.5,war_N1_ge1_sens,war,1,1,sem_dipl,walk_forward
1988,prevalencia,0,0.35051546391752575,0,0,0.5,war_N1_ge1_sens,war,1,1,sem_dipl,walk_forward
1988,persistencia,0,0.0,0,0,0.5,war_N1_ge1_sens,war,1,1,sem_dipl,walk_forward
1988,persistencia_purgada,0,1.0,1,1,0.5,war_N1_ge1_sens,war,1,1,sem_dipl,walk_forward
1989,prevalencia,1,0.3469387755102041,0,0,0.5,war_N1_ge1_sens,war,1,1,sem_dipl,walk_forward
1989,persistencia,1,0.0,0,0,0.5,war_N1_ge1_sens,war,1,1,sem_dipl,walk_forward
1989,persistencia_purgada,1,0.0,0,0,0.5,war_N1_ge1_sens,war,1,1,sem_dipl,walk_forward
1990,prevalencia,0,0.3434343434343434,0,0,0.5,war_N1_ge1_sens,war,1,1,sem_dipl,walk_forward
1990,persistencia,0,1.0,1,1,0.5,war_N1_ge1_sens,war,1,1,sem_dipl,walk_forward
1990,persistencia_purgada,0,0.0,0,0,0.5,war_N1_ge1_sens,war,1,1,sem_dipl,walk_forward
1991,prevalencia,0,0.35,0,0,0.5,war_N1_ge1_sens,war,1,1,sem_dipl,walk_forward
1991,persistencia,0,0.0,0,0,0.5,war_N1_ge1_sens,war,1,1,sem_dipl,walk_forward
1991,persistencia_purgada,0,1.0,1,1,0.5,war_N1_ge1_sens,war,1,1,sem_dipl,walk_forward
1992,prevalencia,0,0.3465346534653465,0,0,0.5,war_N1_ge1_sens,war,1,1,sem_dipl,walk_forward
1992,persistencia,0,0.0,0,0,0.5,war_N1_ge1_sens,war,1,1,sem_dipl,walk_forward
1992,persistencia_purgada,0,0.0,0,0,0.5,war_N1_ge1_sens,war,1,1,sem_dipl,walk_forward
1993,prevalencia,0,0.3431372549019608,0,0,0.5,war_N1_ge1_sens,war,1,1,sem_dipl,walk_forward
1993,persistencia,0,0.0,0,0,0.5,war_N1_ge1_sens,war,1,1,sem_dipl,walk_forward
1993,persistencia_purgada,0,0.0,0,0,0.5,war_N1_ge1_sens,war,1,1,sem_dipl,walk_forward
1994,prevalencia,0,0.33980582524271846,0,0,0.5,war_N1_ge1_sens,war,1,1,sem_dipl,walk_forward
1994,persistencia,0,0.0,0,0,0.5,war_N1_ge1_sens,war,1,1,sem_dipl,walk_forward
1994,persistencia_purgada,0,0.0,0,0,0.5,war_N1_ge1_sens,war,1,1,sem_dipl,walk_forward
1995,prevalencia,0,0.33653846153846156,0,0,0.5,war_N1_ge1_sens,war,1,1,sem_dipl,walk_forward
1995,persistencia,0,0.0,0,0,0.5,war_N1_ge1_sens,war,1,1,sem_dipl,walk_forward
1995,persistencia_purgada,0,0.0,0,0,0.5,war_N1_ge1_sens,war,1,1,sem_dipl,walk_forward
1996,prevalencia,0,0.3333333333333333,0,0,0.5,war_N1_ge1_sens,war,1,1,sem_dipl,walk_forward
1996,persistencia,0,0.0,0,0,0.5,war_N1_ge1_sens,war,1,1,sem_dipl,walk_forward
1996,persistencia_purgada,0,0.0,0,0,0.5,war_N1_ge1_sens,war,1,1,sem_dipl,walk_forward
1997,prevalencia,0,0.330188679245283,0,0,0.5,war_N1_ge1_sens,war,1,1,sem_dipl,walk_forward
1997,persistencia,0,0.0,0,0,0.5,war_N1_ge1_sens,war,1,1,sem_dipl,walk_forward
1997,persistencia_purgada,0,0.0,0,0,0.5,war_N1_ge1_sens,war,1,1,sem_dipl,walk_forward
1998,prevalencia,1,0.32710280373831774,0,0,0.5,war_N1_ge1_sens,war,1,1,sem_dipl,walk_forward
1998,persistencia,1,0.0,0,0,0.5,war_N1_ge1_sens,war,1,1,sem_dipl,walk_forward
1998,persistencia_purgada,1,0.0,0,0,0.5,war_N1_ge1_sens,war,1,1,sem_dipl,walk_forward
1999,prevalencia,0,0.32407407407407407,0,0,0.5,war_N1_ge1_sens,war,1,1,sem_dipl,walk_forward
1999,persistencia,0,1.0,1,1,0.5,war_N1_ge1_sens,war,1,1,sem_dipl,walk_forward
1999,persistencia_purgada,0,0.0,0,0,0.5,war_N1_ge1_sens,war,1,1,sem_dipl,walk_forward
2000,prevalencia,1,0.3302752293577982,0,0,0.5,war_N1_ge1_sens,war,1,1,sem_dipl,walk_forward
2000,persistencia,1,0.0,0,0,0.5,war_N1_ge1_sens,war,1,1,sem_dipl,walk_forward
2000,persistencia_purgada,1,1.0,1,1,0.5,war_N1_ge1_sens,war,1,1,sem_dipl,walk_forward
2001,prevalencia,0,0.32727272727272727,0,0,0.5,war_N1_ge1_sens,war,1,1,sem_dipl,walk_forward
2001,persistencia,0,1.0,1,1,0.5,war_N1_ge1_sens,war,1,1,sem_dipl,walk_forward
2001,persistencia_purgada,0,0.0,0,0,0.5,war_N1_ge1_sens,war,1,1,sem_dipl,walk_forward
2002,prevalencia,1,0.3333333333333333,0,0,0.5,war_N1_ge1_sens,war,1,1,sem_dipl,walk_forward
2002,persistencia,1,0.0,0,0,0.5,war_N1_ge1_sens,war,1,1,sem_dipl,walk_forward
2002,persistencia_purgada,1,1.0,1,1,0.5,war_N1_ge1_sens,war,1,1,sem_dipl,walk_forward
2003,prevalencia,0,0.33035714285714285,0,0,0.5,war_N1_ge1_sens,war,1,1,sem_dipl,walk_forward
2003,persistencia,0,1.0,1,1,0.5,war_N1_ge1_sens,war,1,1,sem_dipl,walk_forward
2003,persistencia_purgada,0,0.0,0,0,0.5,war_N1_ge1_sens,war,1,1,sem_dipl,walk_forward
2004,prevalencia,0,0.336283185840708,0,0,0.5,war_N1_ge1_sens,war,1,1,sem_dipl,walk_forward
2004,persistencia,0,0.0,0,0,0.5,war_N1_ge1_sens,war,1,1,sem_dipl,walk_forward
2004,persistencia_purgada,0,1.0,1,1,0.5,war_N1_ge1_sens,war,1,1,sem_dipl,walk_forward
2005,prevalencia,0,0.3333333333333333,0,0,0.5,war_N1_ge1_sens,war,1,1,sem_dipl,walk_forward
2005,persistencia,0,0.0,0,0,0.5,war_N1_ge1_sens,war,1,1,sem_dipl,walk_forward
2005,persistencia_purgada,0,0.0,0,0,0.5,war_N1_ge1_sens,war,1,1,sem_dipl,walk_forward
2006,prevalencia,0,0.33043478260869563,0,0,0.5,war_N1_ge1_sens,war,1,1,sem_dipl,walk_forward
2006,persistencia,0,0.0,0,0,0.5,war_N1_ge1_sens,war,1,1,sem_dipl,walk_forward
2006,persistencia_purgada,0,0.0,0,0,0.5,war_N1_ge1_sens,war,1,1,sem_dipl,walk_forward
1946,logreg,1,1.060332781983986e-06,0,0,0.670270923324514,war_N1_ge1_sens,war,1,1,sem_dipl,era_split
1947,logreg,0,0.005981517242239909,0,0,0.670270923324514,war_N1_ge1_sens,war,1,1,sem_dipl,era_split
1948,logreg,0,0.13786415320358136,0,0,0.670270923324514,war_N1_ge1_sens,war,1,1,sem_dipl,era_split
1949,logreg,1,0.9042703860339502,1,1,0.670270923324514,war_N1_ge1_sens,war,1,1,sem_dipl,era_split
1950,logreg,0,0.4123479509902085,0,0,0.670270923324514,war_N1_ge1_sens,war,1,1,sem_dipl,era_split
1951,logreg,0,0.7226540754590068,1,1,0.670270923324514,war_N1_ge1_sens,war,1,1,sem_dipl,era_split
1952,logreg,0,0.8776362661249976,1,1,0.670270923324514,war_N1_ge1_sens,war,1,1,sem_dipl,era_split
1953,logreg,1,0.8957082138369269,1,1,0.670270923324514,war_N1_ge1_sens,war,1,1,sem_dipl,era_split
1954,logreg,0,0.7021316876724912,1,1,0.670270923324514,war_N1_ge1_sens,war,1,1,sem_dipl,era_split
1955,logreg,1,0.2584134956061452,0,0,0.670270923324514,war_N1_ge1_sens,war,1,1,sem_dipl,era_split
1956,logreg,1,0.9924440645804781,1,1,0.670270923324514,war_N1_ge1_sens,war,1,1,sem_dipl,era_split
1957,logreg,1,0.8637006371588136,1,1,0.670270923324514,war_N1_ge1_sens,war,1,1,sem_dipl,era_split
1958,logreg,0,0.9714182369758755,1,1,0.670270923324514,war_N1_ge1_sens,war,1,1,sem_dipl,era_split
1959,logreg,0,0.882668624986294,1,1,0.670270923324514,war_N1_ge1_sens,war,1,1,sem_dipl,era_split
1960,logreg,0,0.5485253722051603,1,0,0.670270923324514,war_N1_ge1_sens,war,1,1,sem_dipl,era_split
1961,logreg,1,0.89352784144995,1,1,0.670270923324514,war_N1_ge1_sens,war,1,1,sem_dipl,era_split
1962,logreg,0,0.5527810219690041,1,0,0.670270923324514,war_N1_ge1_sens,war,1,1,sem_dipl,era_split
1963,logreg,0,0.9841666310451361,1,1,0.670270923324514,war_N1_ge1_sens,war,1,1,sem_dipl,era_split
1964,logreg,1,0.8338578050852928,1,1,0.670270923324514,war_N1_ge1_sens,war,1,1,sem_dipl,era_split
1965,logreg,0,0.9975060603171002,1,1,0.670270923324514,war_N1_ge1_sens,war,1,1,sem_dipl,era_split
1966,logreg,0,0.6422431752889688,1,0,0.670270923324514,war_N1_ge1_sens,war,1,1,sem_dipl,era_split
1967,logreg,1,0.832494093631347,1,1,0.670270923324514,war_N1_ge1_sens,war,1,1,sem_dipl,era_split
1968,logreg,0,0.5472169490721231,1,0,0.670270923324514,war_N1_ge1_sens,war,1,1,sem_dipl,era_split
1969,logreg,1,0.7006760726714573,1,1,0.670270923324514,war_N1_ge1_sens,war,1,1,sem_dipl,era_split
1970,logreg,1,0.9127683289322247,1,1,0.670270923324514,war_N1_ge1_sens,war,1,1,sem_dipl,era_split
1971,logreg,0,0.3033083279143943,0,0,0.670270923324514,war_N1_ge1_sens,war,1,1,sem_dipl,era_split
1972,logreg,0,0.21827470941508959,0,0,0.670270923324514,war_N1_ge1_sens,war,1,1,sem_dipl,era_split
1973,logreg,0,0.6076213819021146,1,0,0.670270923324514,war_N1_ge1_sens,war,1,1,sem_dipl,era_split
1974,logreg,0,0.9510059092546994,1,1,0.670270923324514,war_N1_ge1_sens,war,1,1,sem_dipl,era_split
1975,logreg,0,0.9090805873536173,1,1,0.670270923324514,war_N1_ge1_sens,war,1,1,sem_dipl,era_split
1976,logreg,0,0.8121138360696338,1,1,0.670270923324514,war_N1_ge1_sens,war,1,1,sem_dipl,era_split
1977,logreg,0,0.9572555561967735,1,1,0.670270923324514,war_N1_ge1_sens,war,1,1,sem_dipl,era_split
1978,logreg,1,0.7445394026498168,1,1,0.670270923324514,war_N1_ge1_sens,war,1,1,sem_dipl,era_split
1979,logreg,0,0.768874232366808,1,1,0.670270923324514,war_N1_ge1_sens,war,1,1,sem_dipl,era_split
1980,logreg,0,0.95031318044468,1,1,0.670270923324514,war_N1_ge1_sens,war,1,1,sem_dipl,era_split
1981,logreg,1,0.6773814555219694,1,1,0.670270923324514,war_N1_ge1_sens,war,1,1,sem_dipl,era_split
1982,logreg,0,0.9864482876918977,1,1,0.670270923324514,war_N1_ge1_sens,war,1,1,sem_dipl,era_split
1983,logreg,0,0.5833012976993602,1,0,0.670270923324514,war_N1_ge1_sens,war,1,1,sem_dipl,era_split
1984,logreg,0,0.9833856103100107,1,1,0.670270923324514,war_N1_ge1_sens,war,1,1,sem_dipl,era_split
1985,logreg,0,0.5748303422484439,1,0,0.670270923324514,war_N1_ge1_sens,war,1,1,sem_dipl,era_split
1986,logreg,1,0.7008676312310244,1,1,0.670270923324514,war_N1_ge1_sens,war,1,1,sem_dipl,era_split
1987,logreg,0,0.9951703270479985,1,1,0.670270923324514,war_N1_ge1_sens,war,1,1,sem_dipl,era_split
1988,logreg,0,0.7258195790340211,1,1,0.670270923324514,war_N1_ge1_sens,war,1,1,sem_dipl,era_split
1989,logreg,1,0.9776681668818836,1,1,0.670270923324514,war_N1_ge1_sens,war,1,1,sem_dipl,era_split
1990,logreg,0,0.4788732683632503,0,0,0.670270923324514,war_N1_ge1_sens,war,1,1,sem_dipl,era_split
1991,logreg,0,0.9980939755668793,1,1,0.670270923324514,war_N1_ge1_sens,war,1,1,sem_dipl,era_split
1992,logreg,0,0.8015994420848086,1,1,0.670270923324514,war_N1_ge1_sens,war,1,1,sem_dipl,era_split
1993,logreg,0,0.9780728685292217,1,1,0.670270923324514,war_N1_ge1_sens,war,1,1,sem_dipl,era_split
1994,logreg,0,0.8528516445931872,1,1,0.670270923324514,war_N1_ge1_sens,war,1,1,sem_dipl,era_split
1995,logreg,0,0.9607185793285999,1,1,0.670270923324514,war_N1_ge1_sens,war,1,1,sem_dipl,era_split
1996,logreg,0,0.9696659943792779,1,1,0.670270923324514,war_N1_ge1_sens,war,1,1,sem_dipl,era_split
1997,logreg,0,0.9671726420591644,1,1,0.670270923324514,war_N1_ge1_sens,war,1,1,sem_dipl,era_split
1998,logreg,1,0.9291221321855767,1,1,0.670270923324514,war_N1_ge1_sens,war,1,1,sem_dipl,era_split
1999,logreg,0,0.9384544144195571,1,1,0.670270923324514,war_N1_ge1_sens,war,1,1,sem_dipl,era_split
2000,logreg,1,0.9675721317998691,1,1,0.670270923324514,war_N1_ge1_sens,war,1,1,sem_dipl,era_split
2001,logreg,0,0.9875981090831258,1,1,0.670270923324514,war_N1_ge1_sens,war,1,1,sem_dipl,era_split
2002,logreg,1,0.9286987428126586,1,1,0.670270923324514,war_N1_ge1_sens,war,1,1,sem_dipl,era_split
2003,logreg,0,0.8957084452716667,1,1,0.670270923324514,war_N1_ge1_sens,war,1,1,sem_dipl,era_split
2004,logreg,0,0.9917509148513847,1,1,0.670270923324514,war_N1_ge1_sens,war,1,1,sem_dipl,era_split
2005,logreg,0,0.9906016907862807,1,1,0.670270923324514,war_N1_ge1_sens,war,1,1,sem_dipl,era_split
2006,logreg,0,0.9923327094124527,1,1,0.670270923324514,war_N1_ge1_sens,war,1,1,sem_dipl,era_split
1946,rf,1,0.19645894386206336,0,0,0.5103151293666456,war_N1_ge1_sens,war,1,1,sem_dipl,era_split
1947,rf,0,0.3594609865991219,0,0,0.5103151293666456,war_N1_ge1_sens,war,1,1,sem_dipl,era_split
1948,rf,0,0.3785581262166538,0,0,0.5103151293666456,war_N1_ge1_sens,war,1,1,sem_dipl,era_split
1949,rf,1,0.42573925714181166,0,0,0.5103151293666456,war_N1_ge1_sens,war,1,1,sem_dipl,era_split
1950,rf,0,0.46753703642019984,0,0,0.5103151293666456,war_N1_ge1_sens,war,1,1,sem_dipl,era_split
1951,rf,0,0.4475341478329863,0,0,0.5103151293666456,war_N1_ge1_sens,war,1,1,sem_dipl,era_split
1952,rf,0,0.47511000565565714,0,0,0.5103151293666456,war_N1_ge1_sens,war,1,1,sem_dipl,era_split
1953,rf,1,0.5569547291185133,1,1,0.5103151293666456,war_N1_ge1_sens,war,1,1,sem_dipl,era_split
1954,rf,0,0.45875282637639353,0,0,0.5103151293666456,war_N1_ge1_sens,war,1,1,sem_dipl,era_split
1955,rf,1,0.32030813744324943,0,0,0.5103151293666456,war_N1_ge1_sens,war,1,1,sem_dipl,era_split
1956,rf,1,0.45189529952791563,0,0,0.5103151293666456,war_N1_ge1_sens,war,1,1,sem_dipl,era_split
1957,rf,1,0.3861848422408331,0,0,0.5103151293666456,war_N1_ge1_sens,war,1,1,sem_dipl,era_split
1958,rf,0,0.4935544207977446,0,0,0.5103151293666456,war_N1_ge1_sens,war,1,1,sem_dipl,era_split
1959,rf,0,0.4774941347756709,0,0,0.5103151293666456,war_N1_ge1_sens,war,1,1,sem_dipl,era_split
1960,rf,0,0.44052009184764096,0,0,0.5103151293666456,war_N1_ge1_sens,war,1,1,sem_dipl,era_split
1961,rf,1,0.4769186416253483,0,0,0.5103151293666456,war_N1_ge1_sens,war,1,1,sem_dipl,era_split
1962,rf,0,0.3266640155774964,0,0,0.5103151293666456,war_N1_ge1_sens,war,1,1,sem_dipl,era_split
1963,rf,0,0.4510067840333613,0,0,0.5103151293666456,war_N1_ge1_sens,war,1,1,sem_dipl,era_split
1964,rf,1,0.40115374982623764,0,0,0.5103151293666456,war_N1_ge1_sens,war,1,1,sem_dipl,era_split
1965,rf,0,0.488619259852617,0,0,0.5103151293666456,war_N1_ge1_sens,war,1,1,sem_dipl,era_split
1966,rf,0,0.3640214644513652,0,0,0.5103151293666456,war_N1_ge1_sens,war,1,1,sem_dipl,era_split
1967,rf,1,0.482663127364879,0,0,0.5103151293666456,war_N1_ge1_sens,war,1,1,sem_dipl,era_split
1968,rf,0,0.4406181733770354,0,0,0.5103151293666456,war_N1_ge1_sens,war,1,1,sem_dipl,era_split
1969,rf,1,0.40597187529183326,0,0,0.5103151293666456,war_N1_ge1_sens,war,1,1,sem_dipl,era_split
1970,rf,1,0.4686835691339004,0,0,0.5103151293666456,war_N1_ge1_sens,war,1,1,sem_dipl,era_split
1971,rf,0,0.431265648689642,0,0,0.5103151293666456,war_N1_ge1_sens,war,1,1,sem_dipl,era_split
1972,rf,0,0.36423521165674116,0,0,0.5103151293666456,war_N1_ge1_sens,war,1,1,sem_dipl,era_split
1973,rf,0,0.4196079788245455,0,0,0.5103151293666456,war_N1_ge1_sens,war,1,1,sem_dipl,era_split
1974,rf,0,0.522851494475472,1,1,0.5103151293666456,war_N1_ge1_sens,war,1,1,sem_dipl,era_split
1975,rf,0,0.47152561702823437,0,0,0.5103151293666456,war_N1_ge1_sens,war,1,1,sem_dipl,era_split
1976,rf,0,0.5508610900646367,1,1,0.5103151293666456,war_N1_ge1_sens,war,1,1,sem_dipl,era_split
1977,rf,0,0.4197237822242344,0,0,0.5103151293666456,war_N1_ge1_sens,war,1,1,sem_dipl,era_split
1978,rf,1,0.5960561856230785,1,1,0.5103151293666456,war_N1_ge1_sens,war,1,1,sem_dipl,era_split
1979,rf,0,0.5499728652781545,1,1,0.5103151293666456,war_N1_ge1_sens,war,1,1,sem_dipl,era_split
1980,rf,0,0.6162841178208132,1,1,0.5103151293666456,war_N1_ge1_sens,war,1,1,sem_dipl,era_split
1981,rf,1,0.3525987035321331,0,0,0.5103151293666456,war_N1_ge1_sens,war,1,1,sem_dipl,era_split
1982,rf,0,0.502266343091708,1,0,0.5103151293666456,war_N1_ge1_sens,war,1,1,sem_dipl,era_split
1983,rf,0,0.4107182987648371,0,0,0.5103151293666456,war_N1_ge1_sens,war,1,1,sem_dipl,era_split
1984,rf,0,0.603756028430045,1,1,0.5103151293666456,war_N1_ge1_sens,war,1,1,sem_dipl,era_split
1985,rf,0,0.514508135849419,1,1,0.5103151293666456,war_N1_ge1_sens,war,1,1,sem_dipl,era_split
1986,rf,1,0.45163145675829686,0,0,0.5103151293666456,war_N1_ge1_sens,war,1,1,sem_dipl,era_split
1987,rf,0,0.5906343880525018,1,1,0.5103151293666456,war_N1_ge1_sens,war,1,1,sem_dipl,era_split
1988,rf,0,0.6235677990772455,1,1,0.5103151293666456,war_N1_ge1_sens,war,1,1,sem_dipl,era_split
1989,rf,1,0.5414524014071115,1,1,0.5103151293666456,war_N1_ge1_sens,war,1,1,sem_dipl,era_split
1990,rf,0,0.3897027654669385,0,0,0.5103151293666456,war_N1_ge1_sens,war,1,1,sem_dipl,era_split
1991,rf,0,0.543326970839552,1,1,0.5103151293666456,war_N1_ge1_sens,war,1,1,sem_dipl,era_split
1992,rf,0,0.37190701772635426,0,0,0.5103151293666456,war_N1_ge1_sens,war,1,1,sem_dipl,era_split
1993,rf,0,0.5673788683075777,1,1,0.5103151293666456,war_N1_ge1_sens,war,1,1,sem_dipl,era_split
1994,rf,0,0.5567736804512103,1,1,0.5103151293666456,war_N1_ge1_sens,war,1,1,sem_dipl,era_split
1995,rf,0,0.5885938786015581,1,1,0.5103151293666456,war_N1_ge1_sens,war,1,1,sem_dipl,era_split
1996,rf,0,0.5359512120924246,1,1,0.5103151293666456,war_N1_ge1_sens,war,1,1,sem_dipl,era_split
1997,rf,0,0.5316663406581142,1,1,0.5103151293666456,war_N1_ge1_sens,war,1,1,sem_dipl,era_split
1998,rf,1,0.43901585122254183,0,0,0.5103151293666456,war_N1_ge1_sens,war,1,1,sem_dipl,era_split
1999,rf,0,0.5583223282108182,1,1,0.5103151293666456,war_N1_ge1_sens,war,1,1,sem_dipl,era_split
2000,rf,1,0.5598437202023715,1,1,0.5103151293666456,war_N1_ge1_sens,war,1,1,sem_dipl,era_split
2001,rf,0,0.5495930576094379,1,1,0.5103151293666456,war_N1_ge1_sens,war,1,1,sem_dipl,era_split
2002,rf,1,0.529395820580619,1,1,0.5103151293666456,war_N1_ge1_sens,war,1,1,sem_dipl,era_split
2003,rf,0,0.47955790888810756,0,0,0.5103151293666456,war_N1_ge1_sens,war,1,1,sem_dipl,era_split
2004,rf,0,0.5637189258386485,1,1,0.5103151293666456,war_N1_ge1_sens,war,1,1,sem_dipl,era_split
2005,rf,0,0.5296317704398507,1,1,0.5103151293666456,war_N1_ge1_sens,war,1,1,sem_dipl,era_split
2006,rf,0,0.5045665408035788,1,0,0.5103151293666456,war_N1_ge1_sens,war,1,1,sem_dipl,era_split
1946,xgb,1,0.02244940772652626,0,0,0.8785924911499023,war_N1_ge1_sens,war,1,1,sem_dipl,era_split
1947,xgb,0,0.28959575295448303,0,0,0.8785924911499023,war_N1_ge1_sens,war,1,1,sem_dipl,era_split
1948,xgb,0,0.14746473729610443,0,0,0.8785924911499023,war_N1_ge1_sens,war,1,1,sem_dipl,era_split
1949,xgb,1,0.3594528138637543,0,0,0.8785924911499023,war_N1_ge1_sens,war,1,1,sem_dipl,era_split
1950,xgb,0,0.1224379763007164,0,0,0.8785924911499023,war_N1_ge1_sens,war,1,1,sem_dipl,era_split
1951,xgb,0,0.20192034542560577,0,0,0.8785924911499023,war_N1_ge1_sens,war,1,1,sem_dipl,era_split
1952,xgb,0,0.3631536364555359,0,0,0.8785924911499023,war_N1_ge1_sens,war,1,1,sem_dipl,era_split
1953,xgb,1,0.6865047216415405,1,0,0.8785924911499023,war_N1_ge1_sens,war,1,1,sem_dipl,era_split
1954,xgb,0,0.03731320798397064,0,0,0.8785924911499023,war_N1_ge1_sens,war,1,1,sem_dipl,era_split
1955,xgb,1,0.08725769817829132,0,0,0.8785924911499023,war_N1_ge1_sens,war,1,1,sem_dipl,era_split
1956,xgb,1,0.7376309037208557,1,0,0.8785924911499023,war_N1_ge1_sens,war,1,1,sem_dipl,era_split
1957,xgb,1,0.32952216267585754,0,0,0.8785924911499023,war_N1_ge1_sens,war,1,1,sem_dipl,era_split
1958,xgb,0,0.780199408531189,1,0,0.8785924911499023,war_N1_ge1_sens,war,1,1,sem_dipl,era_split
1959,xgb,0,0.7521466016769409,1,0,0.8785924911499023,war_N1_ge1_sens,war,1,1,sem_dipl,era_split
1960,xgb,0,0.46410059928894043,0,0,0.8785924911499023,war_N1_ge1_sens,war,1,1,sem_dipl,era_split
1961,xgb,1,0.6825074553489685,1,0,0.8785924911499023,war_N1_ge1_sens,war,1,1,sem_dipl,era_split
1962,xgb,0,0.015285576693713665,0,0,0.8785924911499023,war_N1_ge1_sens,war,1,1,sem_dipl,era_split
1963,xgb,0,0.1349593997001648,0,0,0.8785924911499023,war_N1_ge1_sens,war,1,1,sem_dipl,era_split
1964,xgb,1,0.0388529971241951,0,0,0.8785924911499023,war_N1_ge1_sens,war,1,1,sem_dipl,era_split
1965,xgb,0,0.6771131753921509,1,0,0.8785924911499023,war_N1_ge1_sens,war,1,1,sem_dipl,era_split
1966,xgb,0,0.044780462980270386,0,0,0.8785924911499023,war_N1_ge1_sens,war,1,1,sem_dipl,era_split
1967,xgb,1,0.2141503542661667,0,0,0.8785924911499023,war_N1_ge1_sens,war,1,1,sem_dipl,era_split
1968,xgb,0,0.07583406567573547,0,0,0.8785924911499023,war_N1_ge1_sens,war,1,1,sem_dipl,era_split
1969,xgb,1,0.11061391234397888,0,0,0.8785924911499023,war_N1_ge1_sens,war,1,1,sem_dipl,era_split
1970,xgb,1,0.628554105758667,1,0,0.8785924911499023,war_N1_ge1_sens,war,1,1,sem_dipl,era_split
1971,xgb,0,0.10213085263967514,0,0,0.8785924911499023,war_N1_ge1_sens,war,1,1,sem_dipl,era_split
1972,xgb,0,0.02356603741645813,0,0,0.8785924911499023,war_N1_ge1_sens,war,1,1,sem_dipl,era_split
1973,xgb,0,0.11167854815721512,0,0,0.8785924911499023,war_N1_ge1_sens,war,1,1,sem_dipl,era_split
1974,xgb,0,0.6059237122535706,1,0,0.8785924911499023,war_N1_ge1_sens,war,1,1,sem_dipl,era_split
1975,xgb,0,0.5972874164581299,1,0,0.8785924911499023,war_N1_ge1_sens,war,1,1,sem_dipl,era_split
1976,xgb,0,0.664147675037384,1,0,0.8785924911499023,war_N1_ge1_sens,war,1,1,sem_dipl,era_split
1977,xgb,0,0.15546442568302155,0,0,0.8785924911499023,war_N1_ge1_sens,war,1,1,sem_dipl,era_split
1978,xgb,1,0.7695683836936951,1,0,0.8785924911499023,war_N1_ge1_sens,war,1,1,sem_dipl,era_split
1979,xgb,0,0.5668198466300964,1,0,0.8785924911499023,war_N1_ge1_sens,war,1,1,sem_dipl,era_split
1980,xgb,0,0.8422251343727112,1,0,0.8785924911499023,war_N1_ge1_sens,war,1,1,sem_dipl,era_split
1981,xgb,1,0.024309292435646057,0,0,0.8785924911499023,war_N1_ge1_sens,war,1,1,sem_dipl,era_split
1982,xgb,0,0.5137503147125244,1,0,0.8785924911499023,war_N1_ge1_sens,war,1,1,sem_dipl,era_split
1983,xgb,0,0.07366252690553665,0,0,0.8785924911499023,war_N1_ge1_sens,war,1,1,sem_dipl,era_split
1984,xgb,0,0.6966180801391602,1,0,0.8785924911499023,war_N1_ge1_sens,war,1,1,sem_dipl,era_split
1985,xgb,0,0.2145175188779831,0,0,0.8785924911499023,war_N1_ge1_sens,war,1,1,sem_dipl,era_split
1986,xgb,1,0.1326768696308136,0,0,0.8785924911499023,war_N1_ge1_sens,war,1,1,sem_dipl,era_split
1987,xgb,0,0.8202004432678223,1,0,0.8785924911499023,war_N1_ge1_sens,war,1,1,sem_dipl,era_split
1988,xgb,0,0.6046600937843323,1,0,0.8785924911499023,war_N1_ge1_sens,war,1,1,sem_dipl,era_split
1989,xgb,1,0.45864179730415344,0,0,0.8785924911499023,war_N1_ge1_sens,war,1,1,sem_dipl,era_split
1990,xgb,0,0.0834985002875328,0,0,0.8785924911499023,war_N1_ge1_sens,war,1,1,sem_dipl,era_split
1991,xgb,0,0.6308051943778992,1,0,0.8785924911499023,war_N1_ge1_sens,war,1,1,sem_dipl,era_split
1992,xgb,0,0.09164825826883316,0,0,0.8785924911499023,war_N1_ge1_sens,war,1,1,sem_dipl,era_split
1993,xgb,0,0.6085500121116638,1,0,0.8785924911499023,war_N1_ge1_sens,war,1,1,sem_dipl,era_split
1994,xgb,0,0.3342067301273346,0,0,0.8785924911499023,war_N1_ge1_sens,war,1,1,sem_dipl,era_split
1995,xgb,0,0.6950082778930664,1,0,0.8785924911499023,war_N1_ge1_sens,war,1,1,sem_dipl,era_split
1996,xgb,0,0.38724657893180847,0,0,0.8785924911499023,war_N1_ge1_sens,war,1,1,sem_dipl,era_split
1997,xgb,0,0.48933839797973633,0,0,0.8785924911499023,war_N1_ge1_sens,war,1,1,sem_dipl,era_split
1998,xgb,1,0.11548822373151779,0,0,0.8785924911499023,war_N1_ge1_sens,war,1,1,sem_dipl,era_split
1999,xgb,0,0.5920259952545166,1,0,0.8785924911499023,war_N1_ge1_sens,war,1,1,sem_dipl,era_split
2000,xgb,1,0.49925532937049866,0,0,0.8785924911499023,war_N1_ge1_sens,war,1,1,sem_dipl,era_split
2001,xgb,0,0.3194909393787384,0,0,0.8785924911499023,war_N1_ge1_sens,war,1,1,sem_dipl,era_split
2002,xgb,1,0.2852800190448761,0,0,0.8785924911499023,war_N1_ge1_sens,war,1,1,sem_dipl,era_split
2003,xgb,0,0.29630813002586365,0,0,0.8785924911499023,war_N1_ge1_sens,war,1,1,sem_dipl,era_split
2004,xgb,0,0.48233577609062195,0,0,0.8785924911499023,war_N1_ge1_sens,war,1,1,sem_dipl,era_split
2005,xgb,0,0.38223403692245483,0,0,0.8785924911499023,war_N1_ge1_sens,war,1,1,sem_dipl,era_split
2006,xgb,0,0.36632147431373596,0,0,0.8785924911499023,war_N1_ge1_sens,war,1,1,sem_dipl,era_split
1946,prevalencia,1,0.36363636363636365,0,0,0.5,war_N1_ge1_sens,war,1,1,sem_dipl,era_split
1947,prevalencia,0,0.36363636363636365,0,0,0.5,war_N1_ge1_sens,war,1,1,sem_dipl,era_split
1948,prevalencia,0,0.36363636363636365,0,0,0.5,war_N1_ge1_sens,war,1,1,sem_dipl,era_split
1949,prevalencia,1,0.36363636363636365,0,0,0.5,war_N1_ge1_sens,war,1,1,sem_dipl,era_split
1950,prevalencia,0,0.36363636363636365,0,0,0.5,war_N1_ge1_sens,war,1,1,sem_dipl,era_split
1951,prevalencia,0,0.36363636363636365,0,0,0.5,war_N1_ge1_sens,war,1,1,sem_dipl,era_split
1952,prevalencia,0,0.36363636363636365,0,0,0.5,war_N1_ge1_sens,war,1,1,sem_dipl,era_split
1953,prevalencia,1,0.36363636363636365,0,0,0.5,war_N1_ge1_sens,war,1,1,sem_dipl,era_split
1954,prevalencia,0,0.36363636363636365,0,0,0.5,war_N1_ge1_sens,war,1,1,sem_dipl,era_split
1955,prevalencia,1,0.36363636363636365,0,0,0.5,war_N1_ge1_sens,war,1,1,sem_dipl,era_split
1956,prevalencia,1,0.36363636363636365,0,0,0.5,war_N1_ge1_sens,war,1,1,sem_dipl,era_split
1957,prevalencia,1,0.36363636363636365,0,0,0.5,war_N1_ge1_sens,war,1,1,sem_dipl,era_split
1958,prevalencia,0,0.36363636363636365,0,0,0.5,war_N1_ge1_sens,war,1,1,sem_dipl,era_split
1959,prevalencia,0,0.36363636363636365,0,0,0.5,war_N1_ge1_sens,war,1,1,sem_dipl,era_split
1960,prevalencia,0,0.36363636363636365,0,0,0.5,war_N1_ge1_sens,war,1,1,sem_dipl,era_split
1961,prevalencia,1,0.36363636363636365,0,0,0.5,war_N1_ge1_sens,war,1,1,sem_dipl,era_split
1962,prevalencia,0,0.36363636363636365,0,0,0.5,war_N1_ge1_sens,war,1,1,sem_dipl,era_split
1963,prevalencia,0,0.36363636363636365,0,0,0.5,war_N1_ge1_sens,war,1,1,sem_dipl,era_split
1964,prevalencia,1,0.36363636363636365,0,0,0.5,war_N1_ge1_sens,war,1,1,sem_dipl,era_split
1965,prevalencia,0,0.36363636363636365,0,0,0.5,war_N1_ge1_sens,war,1,1,sem_dipl,era_split
1966,prevalencia,0,0.36363636363636365,0,0,0.5,war_N1_ge1_sens,war,1,1,sem_dipl,era_split
1967,prevalencia,1,0.36363636363636365,0,0,0.5,war_N1_ge1_sens,war,1,1,sem_dipl,era_split
1968,prevalencia,0,0.36363636363636365,0,0,0.5,war_N1_ge1_sens,war,1,1,sem_dipl,era_split
1969,prevalencia,1,0.36363636363636365,0,0,0.5,war_N1_ge1_sens,war,1,1,sem_dipl,era_split
1970,prevalencia,1,0.36363636363636365,0,0,0.5,war_N1_ge1_sens,war,1,1,sem_dipl,era_split
1971,prevalencia,0,0.36363636363636365,0,0,0.5,war_N1_ge1_sens,war,1,1,sem_dipl,era_split
1972,prevalencia,0,0.36363636363636365,0,0,0.5,war_N1_ge1_sens,war,1,1,sem_dipl,era_split
1973,prevalencia,0,0.36363636363636365,0,0,0.5,war_N1_ge1_sens,war,1,1,sem_dipl,era_split
1974,prevalencia,0,0.36363636363636365,0,0,0.5,war_N1_ge1_sens,war,1,1,sem_dipl,era_split
1975,prevalencia,0,0.36363636363636365,0,0,0.5,war_N1_ge1_sens,war,1,1,sem_dipl,era_split
1976,prevalencia,0,0.36363636363636365,0,0,0.5,war_N1_ge1_sens,war,1,1,sem_dipl,era_split
1977,prevalencia,0,0.36363636363636365,0,0,0.5,war_N1_ge1_sens,war,1,1,sem_dipl,era_split
1978,prevalencia,1,0.36363636363636365,0,0,0.5,war_N1_ge1_sens,war,1,1,sem_dipl,era_split
1979,prevalencia,0,0.36363636363636365,0,0,0.5,war_N1_ge1_sens,war,1,1,sem_dipl,era_split
1980,prevalencia,0,0.36363636363636365,0,0,0.5,war_N1_ge1_sens,war,1,1,sem_dipl,era_split
1981,prevalencia,1,0.36363636363636365,0,0,0.5,war_N1_ge1_sens,war,1,1,sem_dipl,era_split
1982,prevalencia,0,0.36363636363636365,0,0,0.5,war_N1_ge1_sens,war,1,1,sem_dipl,era_split
1983,prevalencia,0,0.36363636363636365,0,0,0.5,war_N1_ge1_sens,war,1,1,sem_dipl,era_split
1984,prevalencia,0,0.36363636363636365,0,0,0.5,war_N1_ge1_sens,war,1,1,sem_dipl,era_split
1985,prevalencia,0,0.36363636363636365,0,0,0.5,war_N1_ge1_sens,war,1,1,sem_dipl,era_split
1986,prevalencia,1,0.36363636363636365,0,0,0.5,war_N1_ge1_sens,war,1,1,sem_dipl,era_split
1987,prevalencia,0,0.36363636363636365,0,0,0.5,war_N1_ge1_sens,war,1,1,sem_dipl,era_split
1988,prevalencia,0,0.36363636363636365,0,0,0.5,war_N1_ge1_sens,war,1,1,sem_dipl,era_split
1989,prevalencia,1,0.36363636363636365,0,0,0.5,war_N1_ge1_sens,war,1,1,sem_dipl,era_split
1990,prevalencia,0,0.36363636363636365,0,0,0.5,war_N1_ge1_sens,war,1,1,sem_dipl,era_split
1991,prevalencia,0,0.36363636363636365,0,0,0.5,war_N1_ge1_sens,war,1,1,sem_dipl,era_split
1992,prevalencia,0,0.36363636363636365,0,0,0.5,war_N1_ge1_sens,war,1,1,sem_dipl,era_split
1993,prevalencia,0,0.36363636363636365,0,0,0.5,war_N1_ge1_sens,war,1,1,sem_dipl,era_split
1994,prevalencia,0,0.36363636363636365,0,0,0.5,war_N1_ge1_sens,war,1,1,sem_dipl,era_split
1995,prevalencia,0,0.36363636363636365,0,0,0.5,war_N1_ge1_sens,war,1,1,sem_dipl,era_split
1996,prevalencia,0,0.36363636363636365,0,0,0.5,war_N1_ge1_sens,war,1,1,sem_dipl,era_split
1997,prevalencia,0,0.36363636363636365,0,0,0.5,war_N1_ge1_sens,war,1,1,sem_dipl,era_split
1998,prevalencia,1,0.36363636363636365,0,0,0.5,war_N1_ge1_sens,war,1,1,sem_dipl,era_split
1999,prevalencia,0,0.36363636363636365,0,0,0.5,war_N1_ge1_sens,war,1,1,sem_dipl,era_split
2000,prevalencia,1,0.36363636363636365,0,0,0.5,war_N1_ge1_sens,war,1,1,sem_dipl,era_split
2001,prevalencia,0,0.36363636363636365,0,0,0.5,war_N1_ge1_sens,war,1,1,sem_dipl,era_split
2002,prevalencia,1,0.36363636363636365,0,0,0.5,war_N1_ge1_sens,war,1,1,sem_dipl,era_split
2003,prevalencia,0,0.36363636363636365,0,0,0.5,war_N1_ge1_sens,war,1,1,sem_dipl,era_split
2004,prevalencia,0,0.36363636363636365,0,0,0.5,war_N1_ge1_sens,war,1,1,sem_dipl,era_split
2005,prevalencia,0,0.36363636363636365,0,0,0.5,war_N1_ge1_sens,war,1,1,sem_dipl,era_split
2006,prevalencia,0,0.36363636363636365,0,0,0.5,war_N1_ge1_sens,war,1,1,sem_dipl,era_split
1931,logreg,0,0.417990902929531,0,0,0.646964201619687,war_N1_ge2,war,1,2,nivel_delta,walk_forward
1932,logreg,0,0.6723897831973614,1,0,0.679040333716775,war_N1_ge2,war,1,2,nivel_delta,walk_forward
1933,logreg,0,0.6156517982680192,1,0,0.6620752763733134,war_N1_ge2,war,1,2,nivel_delta,walk_forward
1934,logreg,0,0.36585747890041415,0,0,0.6454290972616793,war_N1_ge2,war,1,2,nivel_delta,walk_forward
1935,logreg,0,0.7994754948666258,1,1,0.6584732369014806,war_N1_ge2,war,1,2,nivel_delta,walk_forward
1936,logreg,1,0.05950998045895493,0,0,0.5860436592800032,war_N1_ge2,war,1,2,nivel_delta,walk_forward
1937,logreg,1,0.9695021195984087,1,1,0.5733601291482042,war_N1_ge2,war,1,2,nivel_delta,walk_forward
1938,logreg,1,0.8451416320669298,1,1,0.5802390350975561,war_N1_ge2,war,1,2,nivel_delta,walk_forward
1939,logreg,0,0.40943661652953023,0,0,0.5678467626149859,war_N1_ge2,war,1,2,nivel_delta,walk_forward
1940,logreg,0,0.9698016952112468,1,1,0.6626902211205004,war_N1_ge2,war,1,2,nivel_delta,walk_forward
1941,logreg,0,1.080588265100995e-05,0,0,0.6041581005455537,war_N1_ge2,war,1,2,nivel_delta,walk_forward
1942,logreg,0,1.3923716670951189e-06,0,0,0.6250083891655402,war_N1_ge2,war,1,2,nivel_delta,walk_forward
1943,logreg,0,5.691786946801213e-07,0,0,0.6260216380233249,war_N1_ge2,war,1,2,nivel_delta,walk_forward
1944,logreg,0,5.330989574632535e-07,0,0,0.6233111119828929,war_N1_ge2,war,1,2,nivel_delta,walk_forward
1945,logreg,0,9.914438691920672e-07,0,0,0.6230897853451033,war_N1_ge2,war,1,2,nivel_delta,walk_forward
1946,logreg,1,9.684010483294292e-07,0,0,0.6195347497510577,war_N1_ge2,war,1,2,nivel_delta,walk_forward
1947,logreg,0,2.6252642814097526e-05,0,0,0.6216318272084653,war_N1_ge2,war,1,2,nivel_delta,walk_forward
1948,logreg,0,0.07435261812202308,0,0,0.6427506736220076,war_N1_ge2,war,1,2,nivel_delta,walk_forward
1949,logreg,1,0.012851913700893246,0,0,0.650171868745113,war_N1_ge2,war,1,2,nivel_delta,walk_forward
1950,logreg,0,0.009686859052163717,0,0,0.6527707404921984,war_N1_ge2,war,1,2,nivel_delta,walk_forward
1951,logreg,0,0.34638859716351394,0,0,0.6168668777450663,war_N1_ge2,war,1,2,nivel_delta,walk_forward
1952,logreg,0,0.3056046236121258,0,0,0.6207823168210221,war_N1_ge2,war,1,2,nivel_delta,walk_forward
1953,logreg,0,0.1449600493538317,0,0,0.6477310976666447,war_N1_ge2,war,1,2,nivel_delta,walk_forward
1954,logreg,0,0.07926702974877622,0,0,0.6306460303233951,war_N1_ge2,war,1,2,nivel_delta,walk_forward
1955,logreg,1,0.004143334757388871,0,0,0.6348076355904103,war_N1_ge2,war,1,2,nivel_delta,walk_forward
1956,logreg,1,0.720015391769309,1,1,0.6396104608663689,war_N1_ge2,war,1,2,nivel_delta,walk_forward
1957,logreg,0,0.9118294834543454,1,1,0.6306188169340197,war_N1_ge2,war,1,2,nivel_delta,walk_forward
1958,logreg,0,0.9282331902780471,1,1,0.6222839854702529,war_N1_ge2,war,1,2,nivel_delta,walk_forward
1959,logreg,0,0.5175701002848813,1,0,0.597168052373623,war_N1_ge2,war,1,2,nivel_delta,walk_forward
1960,logreg,0,0.021882246182300346,0,0,0.5963566859540241,war_N1_ge2,war,1,2,nivel_delta,walk_forward
1961,logreg,1,0.4991555007750166,0,0,0.5910972185827224,war_N1_ge2,war,1,2,nivel_delta,walk_forward
1962,logreg,0,0.17181450577727847,0,0,0.5984044404428521,war_N1_ge2,war,1,2,nivel_delta,walk_forward
1963,logreg,0,0.880062412802905,1,1,0.630254667371157,war_N1_ge2,war,1,2,nivel_delta,walk_forward
1964,logreg,1,0.520396887272689,1,0,0.5906510134781964,war_N1_ge2,war,1,2,nivel_delta,walk_forward
1965,logreg,0,0.9683557351960803,1,1,0.5941159212570905,war_N1_ge2,war,1,2,nivel_delta,walk_forward
1966,logreg,0,0.7549847894039364,1,1,0.5801078117945758,war_N1_ge2,war,1,2,nivel_delta,walk_forward
1967,logreg,0,0.6742612734360653,1,1,0.5650416988997666,war_N1_ge2,war,1,2,nivel_delta,walk_forward
1968,logreg,0,0.48496269036468354,0,0,0.5626886717123071,war_N1_ge2,war,1,2,nivel_delta,walk_forward
1969,logreg,0,0.49300471833383325,0,0,0.5645339476582181,war_N1_ge2,war,1,2,nivel_delta,walk_forward
1970,logreg,0,0.49530843052271706,0,0,0.5616841782426143,war_N1_ge2,war,1,2,nivel_delta,walk_forward
1971,logreg,0,0.6986138435738743,1,1,0.5587957262099129,war_N1_ge2,war,1,2,nivel_delta,walk_forward
1972,logreg,0,0.3621607813909992,0,0,0.5537193585492128,war_N1_ge2,war,1,2,nivel_delta,walk_forward
1973,logreg,0,0.27441604733836367,0,0,0.5563226242507437,war_N1_ge2,war,1,2,nivel_delta,walk_forward
1974,logreg,0,0.6846904614044745,1,1,0.561092090325152,war_N1_ge2,war,1,2,nivel_delta,walk_forward
1975,logreg,0,0.5018155372572394,1,0,0.5623621320253861,war_N1_ge2,war,1,2,nivel_delta,walk_forward
1976,logreg,0,0.2039553252877534,0,0,0.560779081309039,war_N1_ge2,war,1,2,nivel_delta,walk_forward
1977,logreg,0,0.2187063989708494,0,0,0.5710959438535286,war_N1_ge2,war,1,2,nivel_delta,walk_forward
1978,logreg,0,0.25353267397845786,0,0,0.5769016174068536,war_N1_ge2,war,1,2,nivel_delta,walk_forward
1979,logreg,0,0.18728314788016948,0,0,0.5801542334865016,war_N1_ge2,war,1,2,nivel_delta,walk_forward
1980,logreg,0,0.10969389896131956,0,0,0.5855810828767515,war_N1_ge2,war,1,2,nivel_delta,walk_forward
1981,logreg,0,0.3076396120689104,0,0,0.5917597031781802,war_N1_ge2,war,1,2,nivel_delta,walk_forward
1982,logreg,0,0.581373726473697,1,0,0.5965902815832897,war_N1_ge2,war,1,2,nivel_delta,walk_forward
1983,logreg,0,0.4714610406034556,0,0,0.5986381833159278,war_N1_ge2,war,1,2,nivel_delta,walk_forward
1984,logreg,0,0.37346374271248056,0,0,0.5985515348848476,war_N1_ge2,war,1,2,nivel_delta,walk_forward
1985,logreg,0,0.2958093439110636,0,0,0.5953009294267119,war_N1_ge2,war,1,2,nivel_delta,walk_forward
1986,logreg,1,0.4438715527793307,0,0,0.597806698160809,war_N1_ge2,war,1,2,nivel_delta,walk_forward
1987,logreg,0,0.4379104280891234,0,0,0.5990710193283107,war_N1_ge2,war,1,2,nivel_delta,walk_forward
1988,logreg,0,0.22996675532295313,0,0,0.5968376149674733,war_N1_ge2,war,1,2,nivel_delta,walk_forward
1989,logreg,1,0.5361190573813674,1,0,0.5941406457169731,war_N1_ge2,war,1,2,nivel_delta,walk_forward
1990,logreg,0,0.037203438746262855,0,0,0.5930763004315125,war_N1_ge2,war,1,2,nivel_delta,walk_forward
1991,logreg,0,0.18681083799155296,0,0,0.5729079614774086,war_N1_ge2,war,1,2,nivel_delta,walk_forward
1992,logreg,0,0.23413124973993285,0,0,0.5766005713481747,war_N1_ge2,war,1,2,nivel_delta,walk_forward
1993,logreg,0,0.05636543386296738,0,0,0.5985086071169279,war_N1_ge2,war,1,2,nivel_delta,walk_forward
1994,logreg,0,0.057286238688651486,0,0,0.5819542677909475,war_N1_ge2,war,1,2,nivel_delta,walk_forward
1995,logreg,0,0.03277743332357306,0,0,0.5854445098442819,war_N1_ge2,war,1,2,nivel_delta,walk_forward
1996,logreg,0,0.034427831103371734,0,0,0.5887142567086943,war_N1_ge2,war,1,2,nivel_delta,walk_forward
1997,logreg,0,0.047690535714833185,0,0,0.5920184238326834,war_N1_ge2,war,1,2,nivel_delta,walk_forward
1998,logreg,1,0.025887164476455043,0,0,0.5948492538491527,war_N1_ge2,war,1,2,nivel_delta,walk_forward
1999,logreg,0,0.02799187046072472,0,0,0.5980627940506065,war_N1_ge2,war,1,2,nivel_delta,walk_forward
2000,logreg,1,0.3217366032907672,0,0,0.590550511849473,war_N1_ge2,war,1,2,nivel_delta,walk_forward
2001,logreg,0,0.3590499282399833,0,0,0.5848581411478565,war_N1_ge2,war,1,2,nivel_delta,walk_forward
2002,logreg,1,0.728377932160311,1,1,0.56878450105514,war_N1_ge2,war,1,2,nivel_delta,walk_forward
2003,logreg,0,0.21210358462726014,0,0,0.6104000118760579,war_N1_ge2,war,1,2,nivel_delta,walk_forward
2004,logreg,0,0.4515901475295774,0,0,0.5682210724206285,war_N1_ge2,war,1,2,nivel_delta,walk_forward
2005,logreg,0,0.7842341920088868,1,1,0.5641213163967087,war_N1_ge2,war,1,2,nivel_delta,walk_forward
